instance_id,question_family_id,domain,question_type,context_length_label,context_tokens_actual,rendered_input_tokens_actual,prompt_overhead_tokens,generation_tokens_reserved,model_context_limit,remaining_context_margin,near_model_maximum,prompt_version,prompt_hash
SEC_0001_4K,SEC_0001,SEC,DIRECT_RETRIEVAL,4K,4067,4313,246,128,131072,77487,False,llama_chat_v4,5d2869822989e19b
SEC_0001_8K,SEC_0001,SEC,DIRECT_RETRIEVAL,8K,8077,8323,246,128,131072,73477,False,llama_chat_v4,5d2869822989e19b
SEC_0001_16K,SEC_0001,SEC,DIRECT_RETRIEVAL,16K,16225,16471,246,128,131072,65329,False,llama_chat_v4,5d2869822989e19b
SEC_0001_32K,SEC_0001,SEC,DIRECT_RETRIEVAL,32K,32502,32748,246,128,131072,49052,False,llama_chat_v4,5d2869822989e19b
SEC_0001_64K,SEC_0001,SEC,DIRECT_RETRIEVAL,64K,65061,65307,246,128,131072,16493,False,llama_chat_v4,5d2869822989e19b
SEC_0001_82K,SEC_0001,SEC,DIRECT_RETRIEVAL,82K,81423,81669,246,128,131072,131,True,llama_chat_v4,5d2869822989e19b
SEC_0002_4K,SEC_0002,SEC,DIRECT_RETRIEVAL,4K,4048,4292,244,128,131072,77508,False,llama_chat_v4,5d2869822989e19b
SEC_0002_8K,SEC_0002,SEC,DIRECT_RETRIEVAL,8K,8061,8305,244,128,131072,73495,False,llama_chat_v4,5d2869822989e19b
SEC_0002_16K,SEC_0002,SEC,DIRECT_RETRIEVAL,16K,16206,16450,244,128,131072,65350,False,llama_chat_v4,5d2869822989e19b
SEC_0002_32K,SEC_0002,SEC,DIRECT_RETRIEVAL,32K,32476,32720,244,128,131072,49080,False,llama_chat_v4,5d2869822989e19b
SEC_0002_64K,SEC_0002,SEC,DIRECT_RETRIEVAL,64K,64992,65236,244,128,131072,16564,False,llama_chat_v4,5d2869822989e19b
SEC_0002_82K,SEC_0002,SEC,DIRECT_RETRIEVAL,82K,81454,81698,244,128,131072,102,True,llama_chat_v4,5d2869822989e19b
SEC_0003_4K,SEC_0003,SEC,DIRECT_RETRIEVAL,4K,4063,4323,260,128,131072,77477,False,llama_chat_v4,5d2869822989e19b
SEC_0003_8K,SEC_0003,SEC,DIRECT_RETRIEVAL,8K,8113,8373,260,128,131072,73427,False,llama_chat_v4,5d2869822989e19b
SEC_0003_16K,SEC_0003,SEC,DIRECT_RETRIEVAL,16K,16194,16454,260,128,131072,65346,False,llama_chat_v4,5d2869822989e19b
SEC_0003_32K,SEC_0003,SEC,DIRECT_RETRIEVAL,32K,32491,32751,260,128,131072,49049,False,llama_chat_v4,5d2869822989e19b
SEC_0003_64K,SEC_0003,SEC,DIRECT_RETRIEVAL,64K,65081,65341,260,128,131072,16459,False,llama_chat_v4,5d2869822989e19b
SEC_0003_82K,SEC_0003,SEC,DIRECT_RETRIEVAL,82K,81525,81785,260,128,131072,15,True,llama_chat_v4,5d2869822989e19b
SEC_0004_4K,SEC_0004,SEC,DIRECT_RETRIEVAL,4K,4024,4269,245,128,131072,77531,False,llama_chat_v4,5d2869822989e19b
SEC_0004_8K,SEC_0004,SEC,DIRECT_RETRIEVAL,8K,8083,8328,245,128,131072,73472,False,llama_chat_v4,5d2869822989e19b
SEC_0004_16K,SEC_0004,SEC,DIRECT_RETRIEVAL,16K,16235,16480,245,128,131072,65320,False,llama_chat_v4,5d2869822989e19b
SEC_0004_32K,SEC_0004,SEC,DIRECT_RETRIEVAL,32K,32525,32770,245,128,131072,49030,False,llama_chat_v4,5d2869822989e19b
SEC_0004_64K,SEC_0004,SEC,DIRECT_RETRIEVAL,64K,64962,65207,245,128,131072,16593,False,llama_chat_v4,5d2869822989e19b
SEC_0004_82K,SEC_0004,SEC,DIRECT_RETRIEVAL,82K,81418,81663,245,128,131072,137,True,llama_chat_v4,5d2869822989e19b
SEC_0005_4K,SEC_0005,SEC,DIRECT_RETRIEVAL,4K,3965,4216,251,128,131072,77584,False,llama_chat_v4,5d2869822989e19b
SEC_0005_8K,SEC_0005,SEC,DIRECT_RETRIEVAL,8K,8022,8273,251,128,131072,73527,False,llama_chat_v4,5d2869822989e19b
SEC_0005_16K,SEC_0005,SEC,DIRECT_RETRIEVAL,16K,16251,16502,251,128,131072,65298,False,llama_chat_v4,5d2869822989e19b
SEC_0005_32K,SEC_0005,SEC,DIRECT_RETRIEVAL,32K,32436,32687,251,128,131072,49113,False,llama_chat_v4,5d2869822989e19b
SEC_0005_64K,SEC_0005,SEC,DIRECT_RETRIEVAL,64K,65071,65322,251,128,131072,16478,False,llama_chat_v4,5d2869822989e19b
SEC_0005_82K,SEC_0005,SEC,DIRECT_RETRIEVAL,82K,81457,81708,251,128,131072,92,True,llama_chat_v4,5d2869822989e19b
SEC_0006_4K,SEC_0006,SEC,ENTITY_UNIT_BINDING,4K,4066,4311,245,128,131072,77489,False,llama_chat_v4,5d2869822989e19b
SEC_0006_8K,SEC_0006,SEC,ENTITY_UNIT_BINDING,8K,8113,8358,245,128,131072,73442,False,llama_chat_v4,5d2869822989e19b
SEC_0006_16K,SEC_0006,SEC,ENTITY_UNIT_BINDING,16K,16269,16514,245,128,131072,65286,False,llama_chat_v4,5d2869822989e19b
SEC_0006_32K,SEC_0006,SEC,ENTITY_UNIT_BINDING,32K,32533,32778,245,128,131072,49022,False,llama_chat_v4,5d2869822989e19b
SEC_0006_64K,SEC_0006,SEC,ENTITY_UNIT_BINDING,64K,65078,65323,245,128,131072,16477,False,llama_chat_v4,5d2869822989e19b
SEC_0006_82K,SEC_0006,SEC,ENTITY_UNIT_BINDING,82K,81463,81708,245,128,131072,92,True,llama_chat_v4,5d2869822989e19b
SEC_0007_4K,SEC_0007,SEC,ENTITY_UNIT_BINDING,4K,3971,4212,241,128,131072,77588,False,llama_chat_v4,5d2869822989e19b
SEC_0007_8K,SEC_0007,SEC,ENTITY_UNIT_BINDING,8K,8132,8373,241,128,131072,73427,False,llama_chat_v4,5d2869822989e19b
SEC_0007_16K,SEC_0007,SEC,ENTITY_UNIT_BINDING,16K,16184,16425,241,128,131072,65375,False,llama_chat_v4,5d2869822989e19b
SEC_0007_32K,SEC_0007,SEC,ENTITY_UNIT_BINDING,32K,32535,32776,241,128,131072,49024,False,llama_chat_v4,5d2869822989e19b
SEC_0007_64K,SEC_0007,SEC,ENTITY_UNIT_BINDING,64K,65073,65314,241,128,131072,16486,False,llama_chat_v4,5d2869822989e19b
SEC_0007_82K,SEC_0007,SEC,ENTITY_UNIT_BINDING,82K,81547,81788,241,128,131072,12,True,llama_chat_v4,5d2869822989e19b
SEC_0008_4K,SEC_0008,SEC,ENTITY_UNIT_BINDING,4K,4066,4311,245,128,131072,77489,False,llama_chat_v4,5d2869822989e19b
SEC_0008_8K,SEC_0008,SEC,ENTITY_UNIT_BINDING,8K,8084,8329,245,128,131072,73471,False,llama_chat_v4,5d2869822989e19b
SEC_0008_16K,SEC_0008,SEC,ENTITY_UNIT_BINDING,16K,16229,16474,245,128,131072,65326,False,llama_chat_v4,5d2869822989e19b
SEC_0008_32K,SEC_0008,SEC,ENTITY_UNIT_BINDING,32K,32541,32786,245,128,131072,49014,False,llama_chat_v4,5d2869822989e19b
SEC_0008_64K,SEC_0008,SEC,ENTITY_UNIT_BINDING,64K,64983,65228,245,128,131072,16572,False,llama_chat_v4,5d2869822989e19b
SEC_0008_82K,SEC_0008,SEC,ENTITY_UNIT_BINDING,82K,81444,81689,245,128,131072,111,True,llama_chat_v4,5d2869822989e19b
SEC_0009_4K,SEC_0009,SEC,RETRIEVAL_CALCULATION,4K,4044,4299,255,128,131072,77501,False,llama_chat_v4,5d2869822989e19b
SEC_0009_8K,SEC_0009,SEC,RETRIEVAL_CALCULATION,8K,8067,8322,255,128,131072,73478,False,llama_chat_v4,5d2869822989e19b
SEC_0009_16K,SEC_0009,SEC,RETRIEVAL_CALCULATION,16K,16186,16441,255,128,131072,65359,False,llama_chat_v4,5d2869822989e19b
SEC_0009_32K,SEC_0009,SEC,RETRIEVAL_CALCULATION,32K,32530,32785,255,128,131072,49015,False,llama_chat_v4,5d2869822989e19b
SEC_0009_64K,SEC_0009,SEC,RETRIEVAL_CALCULATION,64K,65053,65308,255,128,131072,16492,False,llama_chat_v4,5d2869822989e19b
SEC_0009_82K,SEC_0009,SEC,RETRIEVAL_CALCULATION,82K,81478,81733,255,128,131072,67,True,llama_chat_v4,5d2869822989e19b
SEC_0010_4K,SEC_0010,SEC,RETRIEVAL_CALCULATION,4K,4001,4254,253,128,131072,77546,False,llama_chat_v4,5d2869822989e19b
SEC_0010_8K,SEC_0010,SEC,RETRIEVAL_CALCULATION,8K,8134,8387,253,128,131072,73413,False,llama_chat_v4,5d2869822989e19b
SEC_0010_16K,SEC_0010,SEC,RETRIEVAL_CALCULATION,16K,16221,16474,253,128,131072,65326,False,llama_chat_v4,5d2869822989e19b
SEC_0010_32K,SEC_0010,SEC,RETRIEVAL_CALCULATION,32K,32436,32689,253,128,131072,49111,False,llama_chat_v4,5d2869822989e19b
SEC_0010_64K,SEC_0010,SEC,RETRIEVAL_CALCULATION,64K,65052,65305,253,128,131072,16495,False,llama_chat_v4,5d2869822989e19b
SEC_0010_82K,SEC_0010,SEC,RETRIEVAL_CALCULATION,82K,81501,81754,253,128,131072,46,True,llama_chat_v4,5d2869822989e19b
SEC_0011_4K,SEC_0011,SEC,RETRIEVAL_CALCULATION,4K,3964,4226,262,128,131072,77574,False,llama_chat_v4,5d2869822989e19b
SEC_0011_8K,SEC_0011,SEC,RETRIEVAL_CALCULATION,8K,8066,8328,262,128,131072,73472,False,llama_chat_v4,5d2869822989e19b
SEC_0011_16K,SEC_0011,SEC,RETRIEVAL_CALCULATION,16K,16208,16470,262,128,131072,65330,False,llama_chat_v4,5d2869822989e19b
SEC_0011_32K,SEC_0011,SEC,RETRIEVAL_CALCULATION,32K,32539,32801,262,128,131072,48999,False,llama_chat_v4,5d2869822989e19b
SEC_0011_64K,SEC_0011,SEC,RETRIEVAL_CALCULATION,64K,64996,65258,262,128,131072,16542,False,llama_chat_v4,5d2869822989e19b
SEC_0011_82K,SEC_0011,SEC,RETRIEVAL_CALCULATION,82K,81424,81686,262,128,131072,114,True,llama_chat_v4,5d2869822989e19b
SEC_0012_4K,SEC_0012,SEC,RETRIEVAL_CALCULATION,4K,3960,4215,255,128,131072,77585,False,llama_chat_v4,5d2869822989e19b
SEC_0012_8K,SEC_0012,SEC,RETRIEVAL_CALCULATION,8K,8134,8389,255,128,131072,73411,False,llama_chat_v4,5d2869822989e19b
SEC_0012_16K,SEC_0012,SEC,RETRIEVAL_CALCULATION,16K,16175,16430,255,128,131072,65370,False,llama_chat_v4,5d2869822989e19b
SEC_0012_32K,SEC_0012,SEC,RETRIEVAL_CALCULATION,32K,32488,32743,255,128,131072,49057,False,llama_chat_v4,5d2869822989e19b
SEC_0012_64K,SEC_0012,SEC,RETRIEVAL_CALCULATION,64K,65071,65326,255,128,131072,16474,False,llama_chat_v4,5d2869822989e19b
SEC_0012_82K,SEC_0012,SEC,RETRIEVAL_CALCULATION,82K,81461,81716,255,128,131072,84,True,llama_chat_v4,5d2869822989e19b
SEC_0013_4K,SEC_0013,SEC,RETRIEVAL_CALCULATION,4K,3964,4228,264,128,131072,77572,False,llama_chat_v4,5d2869822989e19b
SEC_0013_8K,SEC_0013,SEC,RETRIEVAL_CALCULATION,8K,8131,8395,264,128,131072,73405,False,llama_chat_v4,5d2869822989e19b
SEC_0013_16K,SEC_0013,SEC,RETRIEVAL_CALCULATION,16K,16260,16524,264,128,131072,65276,False,llama_chat_v4,5d2869822989e19b
SEC_0013_32K,SEC_0013,SEC,RETRIEVAL_CALCULATION,32K,32432,32696,264,128,131072,49104,False,llama_chat_v4,5d2869822989e19b
SEC_0013_64K,SEC_0013,SEC,RETRIEVAL_CALCULATION,64K,64979,65243,264,128,131072,16557,False,llama_chat_v4,5d2869822989e19b
SEC_0013_82K,SEC_0013,SEC,RETRIEVAL_CALCULATION,82K,81486,81750,264,128,131072,50,True,llama_chat_v4,5d2869822989e19b
SEC_0014_4K,SEC_0014,SEC,RETRIEVAL_CALCULATION,4K,4038,4303,265,128,131072,77497,False,llama_chat_v4,5d2869822989e19b
SEC_0014_8K,SEC_0014,SEC,RETRIEVAL_CALCULATION,8K,8056,8321,265,128,131072,73479,False,llama_chat_v4,5d2869822989e19b
SEC_0014_16K,SEC_0014,SEC,RETRIEVAL_CALCULATION,16K,16175,16440,265,128,131072,65360,False,llama_chat_v4,5d2869822989e19b
SEC_0014_32K,SEC_0014,SEC,RETRIEVAL_CALCULATION,32K,32482,32747,265,128,131072,49053,False,llama_chat_v4,5d2869822989e19b
SEC_0014_64K,SEC_0014,SEC,RETRIEVAL_CALCULATION,64K,65020,65285,265,128,131072,16515,False,llama_chat_v4,5d2869822989e19b
SEC_0014_82K,SEC_0014,SEC,RETRIEVAL_CALCULATION,82K,81461,81726,265,128,131072,74,True,llama_chat_v4,5d2869822989e19b
SEC_0015_4K,SEC_0015,SEC,RETRIEVAL_CALCULATION,4K,3992,4254,262,128,131072,77546,False,llama_chat_v4,5d2869822989e19b
SEC_0015_8K,SEC_0015,SEC,RETRIEVAL_CALCULATION,8K,8130,8392,262,128,131072,73408,False,llama_chat_v4,5d2869822989e19b
SEC_0015_16K,SEC_0015,SEC,RETRIEVAL_CALCULATION,16K,16202,16464,262,128,131072,65336,False,llama_chat_v4,5d2869822989e19b
SEC_0015_32K,SEC_0015,SEC,RETRIEVAL_CALCULATION,32K,32534,32796,262,128,131072,49004,False,llama_chat_v4,5d2869822989e19b
SEC_0015_64K,SEC_0015,SEC,RETRIEVAL_CALCULATION,64K,65065,65327,262,128,131072,16473,False,llama_chat_v4,5d2869822989e19b
SEC_0015_82K,SEC_0015,SEC,RETRIEVAL_CALCULATION,82K,81493,81755,262,128,131072,45,True,llama_chat_v4,5d2869822989e19b
SEC_0016_4K,SEC_0016,SEC,RETRIEVAL_CALCULATION,4K,4000,4267,267,128,131072,77533,False,llama_chat_v4,5d2869822989e19b
SEC_0016_8K,SEC_0016,SEC,RETRIEVAL_CALCULATION,8K,8032,8299,267,128,131072,73501,False,llama_chat_v4,5d2869822989e19b
SEC_0016_16K,SEC_0016,SEC,RETRIEVAL_CALCULATION,16K,16239,16506,267,128,131072,65294,False,llama_chat_v4,5d2869822989e19b
SEC_0016_32K,SEC_0016,SEC,RETRIEVAL_CALCULATION,32K,32475,32742,267,128,131072,49058,False,llama_chat_v4,5d2869822989e19b
SEC_0016_64K,SEC_0016,SEC,RETRIEVAL_CALCULATION,64K,65061,65328,267,128,131072,16472,False,llama_chat_v4,5d2869822989e19b
SEC_0016_82K,SEC_0016,SEC,RETRIEVAL_CALCULATION,82K,81414,81681,267,128,131072,119,True,llama_chat_v4,5d2869822989e19b
SEC_0017_4K,SEC_0017,SEC,TEMPORAL_VERSION,4K,3977,4222,245,128,131072,77578,False,llama_chat_v4,5d2869822989e19b
SEC_0017_8K,SEC_0017,SEC,TEMPORAL_VERSION,8K,8128,8373,245,128,131072,73427,False,llama_chat_v4,5d2869822989e19b
SEC_0017_16K,SEC_0017,SEC,TEMPORAL_VERSION,16K,16264,16509,245,128,131072,65291,False,llama_chat_v4,5d2869822989e19b
SEC_0017_32K,SEC_0017,SEC,TEMPORAL_VERSION,32K,32537,32782,245,128,131072,49018,False,llama_chat_v4,5d2869822989e19b
SEC_0017_64K,SEC_0017,SEC,TEMPORAL_VERSION,64K,65024,65269,245,128,131072,16531,False,llama_chat_v4,5d2869822989e19b
SEC_0017_82K,SEC_0017,SEC,TEMPORAL_VERSION,82K,81548,81793,245,128,131072,7,True,llama_chat_v4,5d2869822989e19b
SEC_0018_4K,SEC_0018,SEC,TEMPORAL_VERSION,4K,3967,4207,240,128,131072,77593,False,llama_chat_v4,5d2869822989e19b
SEC_0018_8K,SEC_0018,SEC,TEMPORAL_VERSION,8K,8037,8277,240,128,131072,73523,False,llama_chat_v4,5d2869822989e19b
SEC_0018_16K,SEC_0018,SEC,TEMPORAL_VERSION,16K,16161,16401,240,128,131072,65399,False,llama_chat_v4,5d2869822989e19b
SEC_0018_32K,SEC_0018,SEC,TEMPORAL_VERSION,32K,32534,32774,240,128,131072,49026,False,llama_chat_v4,5d2869822989e19b
SEC_0018_64K,SEC_0018,SEC,TEMPORAL_VERSION,64K,65062,65302,240,128,131072,16498,False,llama_chat_v4,5d2869822989e19b
SEC_0018_82K,SEC_0018,SEC,TEMPORAL_VERSION,82K,81478,81718,240,128,131072,82,True,llama_chat_v4,5d2869822989e19b
SEC_0019_4K,SEC_0019,SEC,TEMPORAL_VERSION,4K,4065,4348,283,128,131072,77452,False,llama_chat_v4,5d2869822989e19b
SEC_0019_8K,SEC_0019,SEC,TEMPORAL_VERSION,8K,8060,8343,283,128,131072,73457,False,llama_chat_v4,5d2869822989e19b
SEC_0019_16K,SEC_0019,SEC,TEMPORAL_VERSION,16K,16200,16483,283,128,131072,65317,False,llama_chat_v4,5d2869822989e19b
SEC_0019_32K,SEC_0019,SEC,TEMPORAL_VERSION,32K,32532,32815,283,128,131072,48985,False,llama_chat_v4,5d2869822989e19b
SEC_0019_64K,SEC_0019,SEC,TEMPORAL_VERSION,64K,65001,65284,283,128,131072,16516,False,llama_chat_v4,5d2869822989e19b
SEC_0019_82K,SEC_0019,SEC,TEMPORAL_VERSION,82K,81422,81705,283,128,131072,95,True,llama_chat_v4,5d2869822989e19b
SEC_0020_4K,SEC_0020,SEC,TEMPORAL_VERSION,4K,4067,4357,290,128,131072,77443,False,llama_chat_v4,5d2869822989e19b
SEC_0020_8K,SEC_0020,SEC,TEMPORAL_VERSION,8K,8136,8426,290,128,131072,73374,False,llama_chat_v4,5d2869822989e19b
SEC_0020_16K,SEC_0020,SEC,TEMPORAL_VERSION,16K,16206,16496,290,128,131072,65304,False,llama_chat_v4,5d2869822989e19b
SEC_0020_32K,SEC_0020,SEC,TEMPORAL_VERSION,32K,32546,32836,290,128,131072,48964,False,llama_chat_v4,5d2869822989e19b
SEC_0020_64K,SEC_0020,SEC,TEMPORAL_VERSION,64K,65055,65345,290,128,131072,16455,False,llama_chat_v4,5d2869822989e19b
SEC_0020_82K,SEC_0020,SEC,TEMPORAL_VERSION,82K,81442,81732,290,128,131072,68,True,llama_chat_v4,5d2869822989e19b
SEC_0021_4K,SEC_0021,SEC,UNANSWERABLE,4K,4041,4289,248,128,131072,77511,False,llama_chat_v4,5d2869822989e19b
SEC_0021_8K,SEC_0021,SEC,UNANSWERABLE,8K,8128,8376,248,128,131072,73424,False,llama_chat_v4,5d2869822989e19b
SEC_0021_16K,SEC_0021,SEC,UNANSWERABLE,16K,16169,16417,248,128,131072,65383,False,llama_chat_v4,5d2869822989e19b
SEC_0021_32K,SEC_0021,SEC,UNANSWERABLE,32K,32475,32723,248,128,131072,49077,False,llama_chat_v4,5d2869822989e19b
SEC_0021_64K,SEC_0021,SEC,UNANSWERABLE,64K,64980,65228,248,128,131072,16572,False,llama_chat_v4,5d2869822989e19b
SEC_0021_82K,SEC_0021,SEC,UNANSWERABLE,82K,81482,81730,248,128,131072,70,True,llama_chat_v4,5d2869822989e19b
SEC_0022_4K,SEC_0022,SEC,UNANSWERABLE,4K,3985,4234,249,128,131072,77566,False,llama_chat_v4,5d2869822989e19b
SEC_0022_8K,SEC_0022,SEC,UNANSWERABLE,8K,8035,8284,249,128,131072,73516,False,llama_chat_v4,5d2869822989e19b
SEC_0022_16K,SEC_0022,SEC,UNANSWERABLE,16K,16160,16409,249,128,131072,65391,False,llama_chat_v4,5d2869822989e19b
SEC_0022_32K,SEC_0022,SEC,UNANSWERABLE,32K,32510,32759,249,128,131072,49041,False,llama_chat_v4,5d2869822989e19b
SEC_0022_64K,SEC_0022,SEC,UNANSWERABLE,64K,65048,65297,249,128,131072,16503,False,llama_chat_v4,5d2869822989e19b
SEC_0022_82K,SEC_0022,SEC,UNANSWERABLE,82K,81506,81755,249,128,131072,45,True,llama_chat_v4,5d2869822989e19b
SEC_0023_4K,SEC_0023,SEC,UNANSWERABLE,4K,4018,4258,240,128,131072,77542,False,llama_chat_v4,5d2869822989e19b
SEC_0023_8K,SEC_0023,SEC,UNANSWERABLE,8K,8132,8372,240,128,131072,73428,False,llama_chat_v4,5d2869822989e19b
SEC_0023_16K,SEC_0023,SEC,UNANSWERABLE,16K,16260,16500,240,128,131072,65300,False,llama_chat_v4,5d2869822989e19b
SEC_0023_32K,SEC_0023,SEC,UNANSWERABLE,32K,32471,32711,240,128,131072,49089,False,llama_chat_v4,5d2869822989e19b
SEC_0023_64K,SEC_0023,SEC,UNANSWERABLE,64K,65078,65318,240,128,131072,16482,False,llama_chat_v4,5d2869822989e19b
SEC_0023_82K,SEC_0023,SEC,UNANSWERABLE,82K,81543,81783,240,128,131072,17,True,llama_chat_v4,5d2869822989e19b
SEC_0024_4K,SEC_0024,SEC,UNANSWERABLE,4K,4050,4284,234,128,131072,77516,False,llama_chat_v4,5d2869822989e19b
SEC_0024_8K,SEC_0024,SEC,UNANSWERABLE,8K,8051,8285,234,128,131072,73515,False,llama_chat_v4,5d2869822989e19b
SEC_0024_16K,SEC_0024,SEC,UNANSWERABLE,16K,16237,16471,234,128,131072,65329,False,llama_chat_v4,5d2869822989e19b
SEC_0024_32K,SEC_0024,SEC,UNANSWERABLE,32K,32460,32694,234,128,131072,49106,False,llama_chat_v4,5d2869822989e19b
SEC_0024_64K,SEC_0024,SEC,UNANSWERABLE,64K,65067,65301,234,128,131072,16499,False,llama_chat_v4,5d2869822989e19b
SEC_0024_82K,SEC_0024,SEC,UNANSWERABLE,82K,81545,81779,234,128,131072,21,True,llama_chat_v4,5d2869822989e19b
SEC_0025_4K,SEC_0025,SEC,UNANSWERABLE,4K,4054,4288,234,128,131072,77512,False,llama_chat_v4,5d2869822989e19b
SEC_0025_8K,SEC_0025,SEC,UNANSWERABLE,8K,8093,8327,234,128,131072,73473,False,llama_chat_v4,5d2869822989e19b
SEC_0025_16K,SEC_0025,SEC,UNANSWERABLE,16K,16170,16404,234,128,131072,65396,False,llama_chat_v4,5d2869822989e19b
SEC_0025_32K,SEC_0025,SEC,UNANSWERABLE,32K,32517,32751,234,128,131072,49049,False,llama_chat_v4,5d2869822989e19b
SEC_0025_64K,SEC_0025,SEC,UNANSWERABLE,64K,65065,65299,234,128,131072,16501,False,llama_chat_v4,5d2869822989e19b
SEC_0025_82K,SEC_0025,SEC,UNANSWERABLE,82K,81473,81707,234,128,131072,93,True,llama_chat_v4,5d2869822989e19b
SEC_0026_4K,SEC_0026,SEC,DIRECT_RETRIEVAL,4K,3982,4257,275,128,131072,77543,False,llama_chat_v4,5d2869822989e19b
SEC_0026_8K,SEC_0026,SEC,DIRECT_RETRIEVAL,8K,8105,8380,275,128,131072,73420,False,llama_chat_v4,5d2869822989e19b
SEC_0026_16K,SEC_0026,SEC,DIRECT_RETRIEVAL,16K,16181,16456,275,128,131072,65344,False,llama_chat_v4,5d2869822989e19b
SEC_0026_32K,SEC_0026,SEC,DIRECT_RETRIEVAL,32K,32498,32773,275,128,131072,49027,False,llama_chat_v4,5d2869822989e19b
SEC_0026_64K,SEC_0026,SEC,DIRECT_RETRIEVAL,64K,65092,65367,275,128,131072,16433,False,llama_chat_v4,5d2869822989e19b
SEC_0026_82K,SEC_0026,SEC,DIRECT_RETRIEVAL,82K,81467,81742,275,128,131072,58,True,llama_chat_v4,5d2869822989e19b
SEC_0027_4K,SEC_0027,SEC,DIRECT_RETRIEVAL,4K,3963,4212,249,128,131072,77588,False,llama_chat_v4,5d2869822989e19b
SEC_0027_8K,SEC_0027,SEC,DIRECT_RETRIEVAL,8K,8117,8366,249,128,131072,73434,False,llama_chat_v4,5d2869822989e19b
SEC_0027_16K,SEC_0027,SEC,DIRECT_RETRIEVAL,16K,16262,16511,249,128,131072,65289,False,llama_chat_v4,5d2869822989e19b
SEC_0027_32K,SEC_0027,SEC,DIRECT_RETRIEVAL,32K,32487,32736,249,128,131072,49064,False,llama_chat_v4,5d2869822989e19b
SEC_0027_64K,SEC_0027,SEC,DIRECT_RETRIEVAL,64K,64974,65223,249,128,131072,16577,False,llama_chat_v4,5d2869822989e19b
SEC_0027_82K,SEC_0027,SEC,DIRECT_RETRIEVAL,82K,81511,81760,249,128,131072,40,True,llama_chat_v4,5d2869822989e19b
SEC_0028_4K,SEC_0028,SEC,DIRECT_RETRIEVAL,4K,3995,4245,250,128,131072,77555,False,llama_chat_v4,5d2869822989e19b
SEC_0028_8K,SEC_0028,SEC,DIRECT_RETRIEVAL,8K,8028,8278,250,128,131072,73522,False,llama_chat_v4,5d2869822989e19b
SEC_0028_16K,SEC_0028,SEC,DIRECT_RETRIEVAL,16K,16184,16434,250,128,131072,65366,False,llama_chat_v4,5d2869822989e19b
SEC_0028_32K,SEC_0028,SEC,DIRECT_RETRIEVAL,32K,32536,32786,250,128,131072,49014,False,llama_chat_v4,5d2869822989e19b
SEC_0028_64K,SEC_0028,SEC,DIRECT_RETRIEVAL,64K,65035,65285,250,128,131072,16515,False,llama_chat_v4,5d2869822989e19b
SEC_0028_82K,SEC_0028,SEC,DIRECT_RETRIEVAL,82K,81421,81671,250,128,131072,129,True,llama_chat_v4,5d2869822989e19b
SEC_0029_4K,SEC_0029,SEC,DIRECT_RETRIEVAL,4K,4067,4319,252,128,131072,77481,False,llama_chat_v4,5d2869822989e19b
SEC_0029_8K,SEC_0029,SEC,DIRECT_RETRIEVAL,8K,8134,8386,252,128,131072,73414,False,llama_chat_v4,5d2869822989e19b
SEC_0029_16K,SEC_0029,SEC,DIRECT_RETRIEVAL,16K,16169,16421,252,128,131072,65379,False,llama_chat_v4,5d2869822989e19b
SEC_0029_32K,SEC_0029,SEC,DIRECT_RETRIEVAL,32K,32471,32723,252,128,131072,49077,False,llama_chat_v4,5d2869822989e19b
SEC_0029_64K,SEC_0029,SEC,DIRECT_RETRIEVAL,64K,65044,65296,252,128,131072,16504,False,llama_chat_v4,5d2869822989e19b
SEC_0029_82K,SEC_0029,SEC,DIRECT_RETRIEVAL,82K,81481,81733,252,128,131072,67,True,llama_chat_v4,5d2869822989e19b
SEC_0030_4K,SEC_0030,SEC,DIRECT_RETRIEVAL,4K,4029,4287,258,128,131072,77513,False,llama_chat_v4,5d2869822989e19b
SEC_0030_8K,SEC_0030,SEC,DIRECT_RETRIEVAL,8K,8121,8379,258,128,131072,73421,False,llama_chat_v4,5d2869822989e19b
SEC_0030_16K,SEC_0030,SEC,DIRECT_RETRIEVAL,16K,16220,16478,258,128,131072,65322,False,llama_chat_v4,5d2869822989e19b
SEC_0030_32K,SEC_0030,SEC,DIRECT_RETRIEVAL,32K,32470,32728,258,128,131072,49072,False,llama_chat_v4,5d2869822989e19b
SEC_0030_64K,SEC_0030,SEC,DIRECT_RETRIEVAL,64K,65083,65341,258,128,131072,16459,False,llama_chat_v4,5d2869822989e19b
SEC_0030_82K,SEC_0030,SEC,DIRECT_RETRIEVAL,82K,81413,81671,258,128,131072,129,True,llama_chat_v4,5d2869822989e19b
SEC_0031_4K,SEC_0031,SEC,DIRECT_RETRIEVAL,4K,3978,4232,254,128,131072,77568,False,llama_chat_v4,5d2869822989e19b
SEC_0031_8K,SEC_0031,SEC,DIRECT_RETRIEVAL,8K,8039,8293,254,128,131072,73507,False,llama_chat_v4,5d2869822989e19b
SEC_0031_16K,SEC_0031,SEC,DIRECT_RETRIEVAL,16K,16269,16523,254,128,131072,65277,False,llama_chat_v4,5d2869822989e19b
SEC_0031_32K,SEC_0031,SEC,DIRECT_RETRIEVAL,32K,32439,32693,254,128,131072,49107,False,llama_chat_v4,5d2869822989e19b
SEC_0031_64K,SEC_0031,SEC,DIRECT_RETRIEVAL,64K,65078,65332,254,128,131072,16468,False,llama_chat_v4,5d2869822989e19b
SEC_0031_82K,SEC_0031,SEC,DIRECT_RETRIEVAL,82K,81515,81769,254,128,131072,31,True,llama_chat_v4,5d2869822989e19b
SEC_0032_4K,SEC_0032,SEC,DIRECT_RETRIEVAL,4K,3973,4229,256,128,131072,77571,False,llama_chat_v4,5d2869822989e19b
SEC_0032_8K,SEC_0032,SEC,DIRECT_RETRIEVAL,8K,8062,8318,256,128,131072,73482,False,llama_chat_v4,5d2869822989e19b
SEC_0032_16K,SEC_0032,SEC,DIRECT_RETRIEVAL,16K,16256,16512,256,128,131072,65288,False,llama_chat_v4,5d2869822989e19b
SEC_0032_32K,SEC_0032,SEC,DIRECT_RETRIEVAL,32K,32539,32795,256,128,131072,49005,False,llama_chat_v4,5d2869822989e19b
SEC_0032_64K,SEC_0032,SEC,DIRECT_RETRIEVAL,64K,65071,65327,256,128,131072,16473,False,llama_chat_v4,5d2869822989e19b
SEC_0032_82K,SEC_0032,SEC,DIRECT_RETRIEVAL,82K,81497,81753,256,128,131072,47,True,llama_chat_v4,5d2869822989e19b
SEC_0033_4K,SEC_0033,SEC,DIRECT_RETRIEVAL,4K,4034,4286,252,128,131072,77514,False,llama_chat_v4,5d2869822989e19b
SEC_0033_8K,SEC_0033,SEC,DIRECT_RETRIEVAL,8K,8134,8386,252,128,131072,73414,False,llama_chat_v4,5d2869822989e19b
SEC_0033_16K,SEC_0033,SEC,DIRECT_RETRIEVAL,16K,16252,16504,252,128,131072,65296,False,llama_chat_v4,5d2869822989e19b
SEC_0033_32K,SEC_0033,SEC,DIRECT_RETRIEVAL,32K,32483,32735,252,128,131072,49065,False,llama_chat_v4,5d2869822989e19b
SEC_0033_64K,SEC_0033,SEC,DIRECT_RETRIEVAL,64K,65062,65314,252,128,131072,16486,False,llama_chat_v4,5d2869822989e19b
SEC_0033_82K,SEC_0033,SEC,DIRECT_RETRIEVAL,82K,81489,81741,252,128,131072,59,True,llama_chat_v4,5d2869822989e19b
SEC_0034_4K,SEC_0034,SEC,DIRECT_RETRIEVAL,4K,4008,4254,246,128,131072,77546,False,llama_chat_v4,5d2869822989e19b
SEC_0034_8K,SEC_0034,SEC,DIRECT_RETRIEVAL,8K,8076,8322,246,128,131072,73478,False,llama_chat_v4,5d2869822989e19b
SEC_0034_16K,SEC_0034,SEC,DIRECT_RETRIEVAL,16K,16181,16427,246,128,131072,65373,False,llama_chat_v4,5d2869822989e19b
SEC_0034_32K,SEC_0034,SEC,DIRECT_RETRIEVAL,32K,32528,32774,246,128,131072,49026,False,llama_chat_v4,5d2869822989e19b
SEC_0034_64K,SEC_0034,SEC,DIRECT_RETRIEVAL,64K,65013,65259,246,128,131072,16541,False,llama_chat_v4,5d2869822989e19b
SEC_0034_82K,SEC_0034,SEC,DIRECT_RETRIEVAL,82K,81436,81682,246,128,131072,118,True,llama_chat_v4,5d2869822989e19b
SEC_0035_4K,SEC_0035,SEC,DIRECT_RETRIEVAL,4K,3964,4216,252,128,131072,77584,False,llama_chat_v4,5d2869822989e19b
SEC_0035_8K,SEC_0035,SEC,DIRECT_RETRIEVAL,8K,8062,8314,252,128,131072,73486,False,llama_chat_v4,5d2869822989e19b
SEC_0035_16K,SEC_0035,SEC,DIRECT_RETRIEVAL,16K,16243,16495,252,128,131072,65305,False,llama_chat_v4,5d2869822989e19b
SEC_0035_32K,SEC_0035,SEC,DIRECT_RETRIEVAL,32K,32537,32789,252,128,131072,49011,False,llama_chat_v4,5d2869822989e19b
SEC_0035_64K,SEC_0035,SEC,DIRECT_RETRIEVAL,64K,65046,65298,252,128,131072,16502,False,llama_chat_v4,5d2869822989e19b
SEC_0035_82K,SEC_0035,SEC,DIRECT_RETRIEVAL,82K,81472,81724,252,128,131072,76,True,llama_chat_v4,5d2869822989e19b
SEC_0036_4K,SEC_0036,SEC,DIRECT_RETRIEVAL,4K,4065,4322,257,128,131072,77478,False,llama_chat_v4,5d2869822989e19b
SEC_0036_8K,SEC_0036,SEC,DIRECT_RETRIEVAL,8K,8096,8353,257,128,131072,73447,False,llama_chat_v4,5d2869822989e19b
SEC_0036_16K,SEC_0036,SEC,DIRECT_RETRIEVAL,16K,16192,16449,257,128,131072,65351,False,llama_chat_v4,5d2869822989e19b
SEC_0036_32K,SEC_0036,SEC,DIRECT_RETRIEVAL,32K,32493,32750,257,128,131072,49050,False,llama_chat_v4,5d2869822989e19b
SEC_0036_64K,SEC_0036,SEC,DIRECT_RETRIEVAL,64K,65059,65316,257,128,131072,16484,False,llama_chat_v4,5d2869822989e19b
SEC_0036_82K,SEC_0036,SEC,DIRECT_RETRIEVAL,82K,81448,81705,257,128,131072,95,True,llama_chat_v4,5d2869822989e19b
SEC_0037_4K,SEC_0037,SEC,DIRECT_RETRIEVAL,4K,3982,4226,244,128,131072,77574,False,llama_chat_v4,5d2869822989e19b
SEC_0037_8K,SEC_0037,SEC,DIRECT_RETRIEVAL,8K,8054,8298,244,128,131072,73502,False,llama_chat_v4,5d2869822989e19b
SEC_0037_16K,SEC_0037,SEC,DIRECT_RETRIEVAL,16K,16248,16492,244,128,131072,65308,False,llama_chat_v4,5d2869822989e19b
SEC_0037_32K,SEC_0037,SEC,DIRECT_RETRIEVAL,32K,32528,32772,244,128,131072,49028,False,llama_chat_v4,5d2869822989e19b
SEC_0037_64K,SEC_0037,SEC,DIRECT_RETRIEVAL,64K,65065,65309,244,128,131072,16491,False,llama_chat_v4,5d2869822989e19b
SEC_0037_82K,SEC_0037,SEC,DIRECT_RETRIEVAL,82K,81421,81665,244,128,131072,135,True,llama_chat_v4,5d2869822989e19b
SEC_0038_4K,SEC_0038,SEC,DIRECT_RETRIEVAL,4K,3982,4233,251,128,131072,77567,False,llama_chat_v4,5d2869822989e19b
SEC_0038_8K,SEC_0038,SEC,DIRECT_RETRIEVAL,8K,8110,8361,251,128,131072,73439,False,llama_chat_v4,5d2869822989e19b
SEC_0038_16K,SEC_0038,SEC,DIRECT_RETRIEVAL,16K,16267,16518,251,128,131072,65282,False,llama_chat_v4,5d2869822989e19b
SEC_0038_32K,SEC_0038,SEC,DIRECT_RETRIEVAL,32K,32525,32776,251,128,131072,49024,False,llama_chat_v4,5d2869822989e19b
SEC_0038_64K,SEC_0038,SEC,DIRECT_RETRIEVAL,64K,64976,65227,251,128,131072,16573,False,llama_chat_v4,5d2869822989e19b
SEC_0038_82K,SEC_0038,SEC,DIRECT_RETRIEVAL,82K,81445,81696,251,128,131072,104,True,llama_chat_v4,5d2869822989e19b
SEC_0039_4K,SEC_0039,SEC,DIRECT_RETRIEVAL,4K,3957,4217,260,128,131072,77583,False,llama_chat_v4,5d2869822989e19b
SEC_0039_8K,SEC_0039,SEC,DIRECT_RETRIEVAL,8K,8083,8343,260,128,131072,73457,False,llama_chat_v4,5d2869822989e19b
SEC_0039_16K,SEC_0039,SEC,DIRECT_RETRIEVAL,16K,16238,16498,260,128,131072,65302,False,llama_chat_v4,5d2869822989e19b
SEC_0039_32K,SEC_0039,SEC,DIRECT_RETRIEVAL,32K,32472,32732,260,128,131072,49068,False,llama_chat_v4,5d2869822989e19b
SEC_0039_64K,SEC_0039,SEC,DIRECT_RETRIEVAL,64K,65056,65316,260,128,131072,16484,False,llama_chat_v4,5d2869822989e19b
SEC_0039_82K,SEC_0039,SEC,DIRECT_RETRIEVAL,82K,81434,81694,260,128,131072,106,True,llama_chat_v4,5d2869822989e19b
SEC_0040_4K,SEC_0040,SEC,DIRECT_RETRIEVAL,4K,4056,4312,256,128,131072,77488,False,llama_chat_v4,5d2869822989e19b
SEC_0040_8K,SEC_0040,SEC,DIRECT_RETRIEVAL,8K,8028,8284,256,128,131072,73516,False,llama_chat_v4,5d2869822989e19b
SEC_0040_16K,SEC_0040,SEC,DIRECT_RETRIEVAL,16K,16270,16526,256,128,131072,65274,False,llama_chat_v4,5d2869822989e19b
SEC_0040_32K,SEC_0040,SEC,DIRECT_RETRIEVAL,32K,32460,32716,256,128,131072,49084,False,llama_chat_v4,5d2869822989e19b
SEC_0040_64K,SEC_0040,SEC,DIRECT_RETRIEVAL,64K,64978,65234,256,128,131072,16566,False,llama_chat_v4,5d2869822989e19b
SEC_0040_82K,SEC_0040,SEC,DIRECT_RETRIEVAL,82K,81442,81698,256,128,131072,102,True,llama_chat_v4,5d2869822989e19b
SEC_0041_4K,SEC_0041,SEC,DIRECT_RETRIEVAL,4K,4057,4311,254,128,131072,77489,False,llama_chat_v4,5d2869822989e19b
SEC_0041_8K,SEC_0041,SEC,DIRECT_RETRIEVAL,8K,8086,8340,254,128,131072,73460,False,llama_chat_v4,5d2869822989e19b
SEC_0041_16K,SEC_0041,SEC,DIRECT_RETRIEVAL,16K,16268,16522,254,128,131072,65278,False,llama_chat_v4,5d2869822989e19b
SEC_0041_32K,SEC_0041,SEC,DIRECT_RETRIEVAL,32K,32496,32750,254,128,131072,49050,False,llama_chat_v4,5d2869822989e19b
SEC_0041_64K,SEC_0041,SEC,DIRECT_RETRIEVAL,64K,64989,65243,254,128,131072,16557,False,llama_chat_v4,5d2869822989e19b
SEC_0041_82K,SEC_0041,SEC,DIRECT_RETRIEVAL,82K,81446,81700,254,128,131072,100,True,llama_chat_v4,5d2869822989e19b
SEC_0042_4K,SEC_0042,SEC,DIRECT_RETRIEVAL,4K,3956,4206,250,128,131072,77594,False,llama_chat_v4,5d2869822989e19b
SEC_0042_8K,SEC_0042,SEC,DIRECT_RETRIEVAL,8K,8059,8309,250,128,131072,73491,False,llama_chat_v4,5d2869822989e19b
SEC_0042_16K,SEC_0042,SEC,DIRECT_RETRIEVAL,16K,16263,16513,250,128,131072,65287,False,llama_chat_v4,5d2869822989e19b
SEC_0042_32K,SEC_0042,SEC,DIRECT_RETRIEVAL,32K,32439,32689,250,128,131072,49111,False,llama_chat_v4,5d2869822989e19b
SEC_0042_64K,SEC_0042,SEC,DIRECT_RETRIEVAL,64K,65000,65250,250,128,131072,16550,False,llama_chat_v4,5d2869822989e19b
SEC_0042_82K,SEC_0042,SEC,DIRECT_RETRIEVAL,82K,81473,81723,250,128,131072,77,True,llama_chat_v4,5d2869822989e19b
SEC_0043_4K,SEC_0043,SEC,DIRECT_RETRIEVAL,4K,4068,4327,259,128,131072,77473,False,llama_chat_v4,5d2869822989e19b
SEC_0043_8K,SEC_0043,SEC,DIRECT_RETRIEVAL,8K,8122,8381,259,128,131072,73419,False,llama_chat_v4,5d2869822989e19b
SEC_0043_16K,SEC_0043,SEC,DIRECT_RETRIEVAL,16K,16223,16482,259,128,131072,65318,False,llama_chat_v4,5d2869822989e19b
SEC_0043_32K,SEC_0043,SEC,DIRECT_RETRIEVAL,32K,32540,32799,259,128,131072,49001,False,llama_chat_v4,5d2869822989e19b
SEC_0043_64K,SEC_0043,SEC,DIRECT_RETRIEVAL,64K,64986,65245,259,128,131072,16555,False,llama_chat_v4,5d2869822989e19b
SEC_0043_82K,SEC_0043,SEC,DIRECT_RETRIEVAL,82K,81411,81670,259,128,131072,130,True,llama_chat_v4,5d2869822989e19b
SEC_0044_4K,SEC_0044,SEC,DIRECT_RETRIEVAL,4K,3969,4213,244,128,131072,77587,False,llama_chat_v4,5d2869822989e19b
SEC_0044_8K,SEC_0044,SEC,DIRECT_RETRIEVAL,8K,8087,8331,244,128,131072,73469,False,llama_chat_v4,5d2869822989e19b
SEC_0044_16K,SEC_0044,SEC,DIRECT_RETRIEVAL,16K,16162,16406,244,128,131072,65394,False,llama_chat_v4,5d2869822989e19b
SEC_0044_32K,SEC_0044,SEC,DIRECT_RETRIEVAL,32K,32521,32765,244,128,131072,49035,False,llama_chat_v4,5d2869822989e19b
SEC_0044_64K,SEC_0044,SEC,DIRECT_RETRIEVAL,64K,64986,65230,244,128,131072,16570,False,llama_chat_v4,5d2869822989e19b
SEC_0044_82K,SEC_0044,SEC,DIRECT_RETRIEVAL,82K,81445,81689,244,128,131072,111,True,llama_chat_v4,5d2869822989e19b
SEC_0045_4K,SEC_0045,SEC,DIRECT_RETRIEVAL,4K,4061,4319,258,128,131072,77481,False,llama_chat_v4,5d2869822989e19b
SEC_0045_8K,SEC_0045,SEC,DIRECT_RETRIEVAL,8K,8090,8348,258,128,131072,73452,False,llama_chat_v4,5d2869822989e19b
SEC_0045_16K,SEC_0045,SEC,DIRECT_RETRIEVAL,16K,16219,16477,258,128,131072,65323,False,llama_chat_v4,5d2869822989e19b
SEC_0045_32K,SEC_0045,SEC,DIRECT_RETRIEVAL,32K,32539,32797,258,128,131072,49003,False,llama_chat_v4,5d2869822989e19b
SEC_0045_64K,SEC_0045,SEC,DIRECT_RETRIEVAL,64K,65080,65338,258,128,131072,16462,False,llama_chat_v4,5d2869822989e19b
SEC_0045_82K,SEC_0045,SEC,DIRECT_RETRIEVAL,82K,81449,81707,258,128,131072,93,True,llama_chat_v4,5d2869822989e19b
SEC_0046_4K,SEC_0046,SEC,RETRIEVAL_CALCULATION,4K,4006,4260,254,128,131072,77540,False,llama_chat_v4,5d2869822989e19b
SEC_0046_8K,SEC_0046,SEC,RETRIEVAL_CALCULATION,8K,8133,8387,254,128,131072,73413,False,llama_chat_v4,5d2869822989e19b
SEC_0046_16K,SEC_0046,SEC,RETRIEVAL_CALCULATION,16K,16236,16490,254,128,131072,65310,False,llama_chat_v4,5d2869822989e19b
SEC_0046_32K,SEC_0046,SEC,RETRIEVAL_CALCULATION,32K,32424,32678,254,128,131072,49122,False,llama_chat_v4,5d2869822989e19b
SEC_0046_64K,SEC_0046,SEC,RETRIEVAL_CALCULATION,64K,65066,65320,254,128,131072,16480,False,llama_chat_v4,5d2869822989e19b
SEC_0046_82K,SEC_0046,SEC,RETRIEVAL_CALCULATION,82K,81521,81775,254,128,131072,25,True,llama_chat_v4,5d2869822989e19b
SEC_0047_4K,SEC_0047,SEC,RETRIEVAL_CALCULATION,4K,4062,4330,268,128,131072,77470,False,llama_chat_v4,5d2869822989e19b
SEC_0047_8K,SEC_0047,SEC,RETRIEVAL_CALCULATION,8K,8105,8373,268,128,131072,73427,False,llama_chat_v4,5d2869822989e19b
SEC_0047_16K,SEC_0047,SEC,RETRIEVAL_CALCULATION,16K,16175,16443,268,128,131072,65357,False,llama_chat_v4,5d2869822989e19b
SEC_0047_32K,SEC_0047,SEC,RETRIEVAL_CALCULATION,32K,32468,32736,268,128,131072,49064,False,llama_chat_v4,5d2869822989e19b
SEC_0047_64K,SEC_0047,SEC,RETRIEVAL_CALCULATION,64K,64992,65260,268,128,131072,16540,False,llama_chat_v4,5d2869822989e19b
SEC_0047_82K,SEC_0047,SEC,RETRIEVAL_CALCULATION,82K,81436,81704,268,128,131072,96,True,llama_chat_v4,5d2869822989e19b
SEC_0048_4K,SEC_0048,SEC,RETRIEVAL_CALCULATION,4K,4036,4300,264,128,131072,77500,False,llama_chat_v4,5d2869822989e19b
SEC_0048_8K,SEC_0048,SEC,RETRIEVAL_CALCULATION,8K,8079,8343,264,128,131072,73457,False,llama_chat_v4,5d2869822989e19b
SEC_0048_16K,SEC_0048,SEC,RETRIEVAL_CALCULATION,16K,16178,16442,264,128,131072,65358,False,llama_chat_v4,5d2869822989e19b
SEC_0048_32K,SEC_0048,SEC,RETRIEVAL_CALCULATION,32K,32491,32755,264,128,131072,49045,False,llama_chat_v4,5d2869822989e19b
SEC_0048_64K,SEC_0048,SEC,RETRIEVAL_CALCULATION,64K,65004,65268,264,128,131072,16532,False,llama_chat_v4,5d2869822989e19b
SEC_0048_82K,SEC_0048,SEC,RETRIEVAL_CALCULATION,82K,81423,81687,264,128,131072,113,True,llama_chat_v4,5d2869822989e19b
SEC_0049_4K,SEC_0049,SEC,RETRIEVAL_CALCULATION,4K,3998,4265,267,128,131072,77535,False,llama_chat_v4,5d2869822989e19b
SEC_0049_8K,SEC_0049,SEC,RETRIEVAL_CALCULATION,8K,8097,8364,267,128,131072,73436,False,llama_chat_v4,5d2869822989e19b
SEC_0049_16K,SEC_0049,SEC,RETRIEVAL_CALCULATION,16K,16164,16431,267,128,131072,65369,False,llama_chat_v4,5d2869822989e19b
SEC_0049_32K,SEC_0049,SEC,RETRIEVAL_CALCULATION,32K,32532,32799,267,128,131072,49001,False,llama_chat_v4,5d2869822989e19b
SEC_0049_64K,SEC_0049,SEC,RETRIEVAL_CALCULATION,64K,65062,65329,267,128,131072,16471,False,llama_chat_v4,5d2869822989e19b
SEC_0049_82K,SEC_0049,SEC,RETRIEVAL_CALCULATION,82K,81479,81746,267,128,131072,54,True,llama_chat_v4,5d2869822989e19b
SEC_0050_4K,SEC_0050,SEC,RETRIEVAL_CALCULATION,4K,4066,4335,269,128,131072,77465,False,llama_chat_v4,5d2869822989e19b
SEC_0050_8K,SEC_0050,SEC,RETRIEVAL_CALCULATION,8K,8060,8329,269,128,131072,73471,False,llama_chat_v4,5d2869822989e19b
SEC_0050_16K,SEC_0050,SEC,RETRIEVAL_CALCULATION,16K,16179,16448,269,128,131072,65352,False,llama_chat_v4,5d2869822989e19b
SEC_0050_32K,SEC_0050,SEC,RETRIEVAL_CALCULATION,32K,32524,32793,269,128,131072,49007,False,llama_chat_v4,5d2869822989e19b
SEC_0050_64K,SEC_0050,SEC,RETRIEVAL_CALCULATION,64K,65005,65274,269,128,131072,16526,False,llama_chat_v4,5d2869822989e19b
SEC_0050_82K,SEC_0050,SEC,RETRIEVAL_CALCULATION,82K,81388,81657,269,128,131072,143,True,llama_chat_v4,5d2869822989e19b
SEC_0051_4K,SEC_0051,SEC,RETRIEVAL_CALCULATION,4K,4063,4329,266,128,131072,77471,False,llama_chat_v4,5d2869822989e19b
SEC_0051_8K,SEC_0051,SEC,RETRIEVAL_CALCULATION,8K,8082,8348,266,128,131072,73452,False,llama_chat_v4,5d2869822989e19b
SEC_0051_16K,SEC_0051,SEC,RETRIEVAL_CALCULATION,16K,16205,16471,266,128,131072,65329,False,llama_chat_v4,5d2869822989e19b
SEC_0051_32K,SEC_0051,SEC,RETRIEVAL_CALCULATION,32K,32528,32794,266,128,131072,49006,False,llama_chat_v4,5d2869822989e19b
SEC_0051_64K,SEC_0051,SEC,RETRIEVAL_CALCULATION,64K,65036,65302,266,128,131072,16498,False,llama_chat_v4,5d2869822989e19b
SEC_0051_82K,SEC_0051,SEC,RETRIEVAL_CALCULATION,82K,81493,81759,266,128,131072,41,True,llama_chat_v4,5d2869822989e19b
SEC_0052_4K,SEC_0052,SEC,RETRIEVAL_CALCULATION,4K,4065,4333,268,128,131072,77467,False,llama_chat_v4,5d2869822989e19b
SEC_0052_8K,SEC_0052,SEC,RETRIEVAL_CALCULATION,8K,8136,8404,268,128,131072,73396,False,llama_chat_v4,5d2869822989e19b
SEC_0052_16K,SEC_0052,SEC,RETRIEVAL_CALCULATION,16K,16220,16488,268,128,131072,65312,False,llama_chat_v4,5d2869822989e19b
SEC_0052_32K,SEC_0052,SEC,RETRIEVAL_CALCULATION,32K,32511,32779,268,128,131072,49021,False,llama_chat_v4,5d2869822989e19b
SEC_0052_64K,SEC_0052,SEC,RETRIEVAL_CALCULATION,64K,65071,65339,268,128,131072,16461,False,llama_chat_v4,5d2869822989e19b
SEC_0052_82K,SEC_0052,SEC,RETRIEVAL_CALCULATION,82K,81506,81774,268,128,131072,26,True,llama_chat_v4,5d2869822989e19b
SEC_0053_4K,SEC_0053,SEC,RETRIEVAL_CALCULATION,4K,3979,4246,267,128,131072,77554,False,llama_chat_v4,5d2869822989e19b
SEC_0053_8K,SEC_0053,SEC,RETRIEVAL_CALCULATION,8K,8062,8329,267,128,131072,73471,False,llama_chat_v4,5d2869822989e19b
SEC_0053_16K,SEC_0053,SEC,RETRIEVAL_CALCULATION,16K,16268,16535,267,128,131072,65265,False,llama_chat_v4,5d2869822989e19b
SEC_0053_32K,SEC_0053,SEC,RETRIEVAL_CALCULATION,32K,32528,32795,267,128,131072,49005,False,llama_chat_v4,5d2869822989e19b
SEC_0053_64K,SEC_0053,SEC,RETRIEVAL_CALCULATION,64K,64990,65257,267,128,131072,16543,False,llama_chat_v4,5d2869822989e19b
SEC_0053_82K,SEC_0053,SEC,RETRIEVAL_CALCULATION,82K,81492,81759,267,128,131072,41,True,llama_chat_v4,5d2869822989e19b
SEC_0054_4K,SEC_0054,SEC,RETRIEVAL_CALCULATION,4K,4015,4285,270,128,131072,77515,False,llama_chat_v4,5d2869822989e19b
SEC_0054_8K,SEC_0054,SEC,RETRIEVAL_CALCULATION,8K,8136,8406,270,128,131072,73394,False,llama_chat_v4,5d2869822989e19b
SEC_0054_16K,SEC_0054,SEC,RETRIEVAL_CALCULATION,16K,16240,16510,270,128,131072,65290,False,llama_chat_v4,5d2869822989e19b
SEC_0054_32K,SEC_0054,SEC,RETRIEVAL_CALCULATION,32K,32510,32780,270,128,131072,49020,False,llama_chat_v4,5d2869822989e19b
SEC_0054_64K,SEC_0054,SEC,RETRIEVAL_CALCULATION,64K,65089,65359,270,128,131072,16441,False,llama_chat_v4,5d2869822989e19b
SEC_0054_82K,SEC_0054,SEC,RETRIEVAL_CALCULATION,82K,81504,81774,270,128,131072,26,True,llama_chat_v4,5d2869822989e19b
SEC_0055_4K,SEC_0055,SEC,RETRIEVAL_CALCULATION,4K,4067,4331,264,128,131072,77469,False,llama_chat_v4,5d2869822989e19b
SEC_0055_8K,SEC_0055,SEC,RETRIEVAL_CALCULATION,8K,8028,8292,264,128,131072,73508,False,llama_chat_v4,5d2869822989e19b
SEC_0055_16K,SEC_0055,SEC,RETRIEVAL_CALCULATION,16K,16166,16430,264,128,131072,65370,False,llama_chat_v4,5d2869822989e19b
SEC_0055_32K,SEC_0055,SEC,RETRIEVAL_CALCULATION,32K,32432,32696,264,128,131072,49104,False,llama_chat_v4,5d2869822989e19b
SEC_0055_64K,SEC_0055,SEC,RETRIEVAL_CALCULATION,64K,65074,65338,264,128,131072,16462,False,llama_chat_v4,5d2869822989e19b
SEC_0055_82K,SEC_0055,SEC,RETRIEVAL_CALCULATION,82K,81482,81746,264,128,131072,54,True,llama_chat_v4,5d2869822989e19b
SEC_0056_4K,SEC_0056,SEC,RETRIEVAL_CALCULATION,4K,3986,4252,266,128,131072,77548,False,llama_chat_v4,5d2869822989e19b
SEC_0056_8K,SEC_0056,SEC,RETRIEVAL_CALCULATION,8K,8089,8355,266,128,131072,73445,False,llama_chat_v4,5d2869822989e19b
SEC_0056_16K,SEC_0056,SEC,RETRIEVAL_CALCULATION,16K,16193,16459,266,128,131072,65341,False,llama_chat_v4,5d2869822989e19b
SEC_0056_32K,SEC_0056,SEC,RETRIEVAL_CALCULATION,32K,32508,32774,266,128,131072,49026,False,llama_chat_v4,5d2869822989e19b
SEC_0056_64K,SEC_0056,SEC,RETRIEVAL_CALCULATION,64K,64995,65261,266,128,131072,16539,False,llama_chat_v4,5d2869822989e19b
SEC_0056_82K,SEC_0056,SEC,RETRIEVAL_CALCULATION,82K,81430,81696,266,128,131072,104,True,llama_chat_v4,5d2869822989e19b
SEC_0057_4K,SEC_0057,SEC,RETRIEVAL_CALCULATION,4K,4066,4336,270,128,131072,77464,False,llama_chat_v4,5d2869822989e19b
SEC_0057_8K,SEC_0057,SEC,RETRIEVAL_CALCULATION,8K,8053,8323,270,128,131072,73477,False,llama_chat_v4,5d2869822989e19b
SEC_0057_16K,SEC_0057,SEC,RETRIEVAL_CALCULATION,16K,16164,16434,270,128,131072,65366,False,llama_chat_v4,5d2869822989e19b
SEC_0057_32K,SEC_0057,SEC,RETRIEVAL_CALCULATION,32K,32445,32715,270,128,131072,49085,False,llama_chat_v4,5d2869822989e19b
SEC_0057_64K,SEC_0057,SEC,RETRIEVAL_CALCULATION,64K,65024,65294,270,128,131072,16506,False,llama_chat_v4,5d2869822989e19b
SEC_0057_82K,SEC_0057,SEC,RETRIEVAL_CALCULATION,82K,81391,81661,270,128,131072,139,True,llama_chat_v4,5d2869822989e19b
SEC_0058_4K,SEC_0058,SEC,RETRIEVAL_CALCULATION,4K,4065,4333,268,128,131072,77467,False,llama_chat_v4,5d2869822989e19b
SEC_0058_8K,SEC_0058,SEC,RETRIEVAL_CALCULATION,8K,8027,8295,268,128,131072,73505,False,llama_chat_v4,5d2869822989e19b
SEC_0058_16K,SEC_0058,SEC,RETRIEVAL_CALCULATION,16K,16200,16468,268,128,131072,65332,False,llama_chat_v4,5d2869822989e19b
SEC_0058_32K,SEC_0058,SEC,RETRIEVAL_CALCULATION,32K,32486,32754,268,128,131072,49046,False,llama_chat_v4,5d2869822989e19b
SEC_0058_64K,SEC_0058,SEC,RETRIEVAL_CALCULATION,64K,65020,65288,268,128,131072,16512,False,llama_chat_v4,5d2869822989e19b
SEC_0058_82K,SEC_0058,SEC,RETRIEVAL_CALCULATION,82K,81497,81765,268,128,131072,35,True,llama_chat_v4,5d2869822989e19b
SEC_0059_4K,SEC_0059,SEC,RETRIEVAL_CALCULATION,4K,4065,4334,269,128,131072,77466,False,llama_chat_v4,5d2869822989e19b
SEC_0059_8K,SEC_0059,SEC,RETRIEVAL_CALCULATION,8K,8065,8334,269,128,131072,73466,False,llama_chat_v4,5d2869822989e19b
SEC_0059_16K,SEC_0059,SEC,RETRIEVAL_CALCULATION,16K,16200,16469,269,128,131072,65331,False,llama_chat_v4,5d2869822989e19b
SEC_0059_32K,SEC_0059,SEC,RETRIEVAL_CALCULATION,32K,32435,32704,269,128,131072,49096,False,llama_chat_v4,5d2869822989e19b
SEC_0059_64K,SEC_0059,SEC,RETRIEVAL_CALCULATION,64K,65071,65340,269,128,131072,16460,False,llama_chat_v4,5d2869822989e19b
SEC_0059_82K,SEC_0059,SEC,RETRIEVAL_CALCULATION,82K,81506,81775,269,128,131072,25,True,llama_chat_v4,5d2869822989e19b
SEC_0060_4K,SEC_0060,SEC,RETRIEVAL_CALCULATION,4K,4066,4331,265,128,131072,77469,False,llama_chat_v4,5d2869822989e19b
SEC_0060_8K,SEC_0060,SEC,RETRIEVAL_CALCULATION,8K,8125,8390,265,128,131072,73410,False,llama_chat_v4,5d2869822989e19b
SEC_0060_16K,SEC_0060,SEC,RETRIEVAL_CALCULATION,16K,16231,16496,265,128,131072,65304,False,llama_chat_v4,5d2869822989e19b
SEC_0060_32K,SEC_0060,SEC,RETRIEVAL_CALCULATION,32K,32534,32799,265,128,131072,49001,False,llama_chat_v4,5d2869822989e19b
SEC_0060_64K,SEC_0060,SEC,RETRIEVAL_CALCULATION,64K,65039,65304,265,128,131072,16496,False,llama_chat_v4,5d2869822989e19b
SEC_0060_82K,SEC_0060,SEC,RETRIEVAL_CALCULATION,82K,81490,81755,265,128,131072,45,True,llama_chat_v4,5d2869822989e19b
SEC_0061_4K,SEC_0061,SEC,RETRIEVAL_CALCULATION,4K,4067,4331,264,128,131072,77469,False,llama_chat_v4,5d2869822989e19b
SEC_0061_8K,SEC_0061,SEC,RETRIEVAL_CALCULATION,8K,8081,8345,264,128,131072,73455,False,llama_chat_v4,5d2869822989e19b
SEC_0061_16K,SEC_0061,SEC,RETRIEVAL_CALCULATION,16K,16188,16452,264,128,131072,65348,False,llama_chat_v4,5d2869822989e19b
SEC_0061_32K,SEC_0061,SEC,RETRIEVAL_CALCULATION,32K,32510,32774,264,128,131072,49026,False,llama_chat_v4,5d2869822989e19b
SEC_0061_64K,SEC_0061,SEC,RETRIEVAL_CALCULATION,64K,65038,65302,264,128,131072,16498,False,llama_chat_v4,5d2869822989e19b
SEC_0061_82K,SEC_0061,SEC,RETRIEVAL_CALCULATION,82K,81432,81696,264,128,131072,104,True,llama_chat_v4,5d2869822989e19b
SEC_0062_4K,SEC_0062,SEC,RETRIEVAL_CALCULATION,4K,3964,4230,266,128,131072,77570,False,llama_chat_v4,5d2869822989e19b
SEC_0062_8K,SEC_0062,SEC,RETRIEVAL_CALCULATION,8K,8056,8322,266,128,131072,73478,False,llama_chat_v4,5d2869822989e19b
SEC_0062_16K,SEC_0062,SEC,RETRIEVAL_CALCULATION,16K,16197,16463,266,128,131072,65337,False,llama_chat_v4,5d2869822989e19b
SEC_0062_32K,SEC_0062,SEC,RETRIEVAL_CALCULATION,32K,32532,32798,266,128,131072,49002,False,llama_chat_v4,5d2869822989e19b
SEC_0062_64K,SEC_0062,SEC,RETRIEVAL_CALCULATION,64K,65030,65296,266,128,131072,16504,False,llama_chat_v4,5d2869822989e19b
SEC_0062_82K,SEC_0062,SEC,RETRIEVAL_CALCULATION,82K,81505,81771,266,128,131072,29,True,llama_chat_v4,5d2869822989e19b
SEC_0063_4K,SEC_0063,SEC,RETRIEVAL_CALCULATION,4K,3960,4227,267,128,131072,77573,False,llama_chat_v4,5d2869822989e19b
SEC_0063_8K,SEC_0063,SEC,RETRIEVAL_CALCULATION,8K,8026,8293,267,128,131072,73507,False,llama_chat_v4,5d2869822989e19b
SEC_0063_16K,SEC_0063,SEC,RETRIEVAL_CALCULATION,16K,16262,16529,267,128,131072,65271,False,llama_chat_v4,5d2869822989e19b
SEC_0063_32K,SEC_0063,SEC,RETRIEVAL_CALCULATION,32K,32537,32804,267,128,131072,48996,False,llama_chat_v4,5d2869822989e19b
SEC_0063_64K,SEC_0063,SEC,RETRIEVAL_CALCULATION,64K,65051,65318,267,128,131072,16482,False,llama_chat_v4,5d2869822989e19b
SEC_0063_82K,SEC_0063,SEC,RETRIEVAL_CALCULATION,82K,81488,81755,267,128,131072,45,True,llama_chat_v4,5d2869822989e19b
SEC_0064_4K,SEC_0064,SEC,RETRIEVAL_CALCULATION,4K,4068,4337,269,128,131072,77463,False,llama_chat_v4,5d2869822989e19b
SEC_0064_8K,SEC_0064,SEC,RETRIEVAL_CALCULATION,8K,8097,8366,269,128,131072,73434,False,llama_chat_v4,5d2869822989e19b
SEC_0064_16K,SEC_0064,SEC,RETRIEVAL_CALCULATION,16K,16212,16481,269,128,131072,65319,False,llama_chat_v4,5d2869822989e19b
SEC_0064_32K,SEC_0064,SEC,RETRIEVAL_CALCULATION,32K,32458,32727,269,128,131072,49073,False,llama_chat_v4,5d2869822989e19b
SEC_0064_64K,SEC_0064,SEC,RETRIEVAL_CALCULATION,64K,65080,65349,269,128,131072,16451,False,llama_chat_v4,5d2869822989e19b
SEC_0064_82K,SEC_0064,SEC,RETRIEVAL_CALCULATION,82K,81510,81779,269,128,131072,21,True,llama_chat_v4,5d2869822989e19b
SEC_0065_4K,SEC_0065,SEC,RETRIEVAL_CALCULATION,4K,4066,4336,270,128,131072,77464,False,llama_chat_v4,5d2869822989e19b
SEC_0065_8K,SEC_0065,SEC,RETRIEVAL_CALCULATION,8K,8078,8348,270,128,131072,73452,False,llama_chat_v4,5d2869822989e19b
SEC_0065_16K,SEC_0065,SEC,RETRIEVAL_CALCULATION,16K,16265,16535,270,128,131072,65265,False,llama_chat_v4,5d2869822989e19b
SEC_0065_32K,SEC_0065,SEC,RETRIEVAL_CALCULATION,32K,32475,32745,270,128,131072,49055,False,llama_chat_v4,5d2869822989e19b
SEC_0065_64K,SEC_0065,SEC,RETRIEVAL_CALCULATION,64K,65056,65326,270,128,131072,16474,False,llama_chat_v4,5d2869822989e19b
SEC_0065_82K,SEC_0065,SEC,RETRIEVAL_CALCULATION,82K,81403,81673,270,128,131072,127,True,llama_chat_v4,5d2869822989e19b
SEC_0066_4K,SEC_0066,SEC,RETRIEVAL_CALCULATION,4K,4041,4309,268,128,131072,77491,False,llama_chat_v4,5d2869822989e19b
SEC_0066_8K,SEC_0066,SEC,RETRIEVAL_CALCULATION,8K,8060,8328,268,128,131072,73472,False,llama_chat_v4,5d2869822989e19b
SEC_0066_16K,SEC_0066,SEC,RETRIEVAL_CALCULATION,16K,16269,16537,268,128,131072,65263,False,llama_chat_v4,5d2869822989e19b
SEC_0066_32K,SEC_0066,SEC,RETRIEVAL_CALCULATION,32K,32484,32752,268,128,131072,49048,False,llama_chat_v4,5d2869822989e19b
SEC_0066_64K,SEC_0066,SEC,RETRIEVAL_CALCULATION,64K,65063,65331,268,128,131072,16469,False,llama_chat_v4,5d2869822989e19b
SEC_0066_82K,SEC_0066,SEC,RETRIEVAL_CALCULATION,82K,81429,81697,268,128,131072,103,True,llama_chat_v4,5d2869822989e19b
SEC_0067_4K,SEC_0067,SEC,RETRIEVAL_CALCULATION,4K,3988,4250,262,128,131072,77550,False,llama_chat_v4,5d2869822989e19b
SEC_0067_8K,SEC_0067,SEC,RETRIEVAL_CALCULATION,8K,8123,8385,262,128,131072,73415,False,llama_chat_v4,5d2869822989e19b
SEC_0067_16K,SEC_0067,SEC,RETRIEVAL_CALCULATION,16K,16182,16444,262,128,131072,65356,False,llama_chat_v4,5d2869822989e19b
SEC_0067_32K,SEC_0067,SEC,RETRIEVAL_CALCULATION,32K,32505,32767,262,128,131072,49033,False,llama_chat_v4,5d2869822989e19b
SEC_0067_64K,SEC_0067,SEC,RETRIEVAL_CALCULATION,64K,65048,65310,262,128,131072,16490,False,llama_chat_v4,5d2869822989e19b
SEC_0067_82K,SEC_0067,SEC,RETRIEVAL_CALCULATION,82K,81456,81718,262,128,131072,82,True,llama_chat_v4,5d2869822989e19b
SEC_0068_4K,SEC_0068,SEC,RETRIEVAL_CALCULATION,4K,4023,4290,267,128,131072,77510,False,llama_chat_v4,5d2869822989e19b
SEC_0068_8K,SEC_0068,SEC,RETRIEVAL_CALCULATION,8K,8135,8402,267,128,131072,73398,False,llama_chat_v4,5d2869822989e19b
SEC_0068_16K,SEC_0068,SEC,RETRIEVAL_CALCULATION,16K,16241,16508,267,128,131072,65292,False,llama_chat_v4,5d2869822989e19b
SEC_0068_32K,SEC_0068,SEC,RETRIEVAL_CALCULATION,32K,32516,32783,267,128,131072,49017,False,llama_chat_v4,5d2869822989e19b
SEC_0068_64K,SEC_0068,SEC,RETRIEVAL_CALCULATION,64K,65056,65323,267,128,131072,16477,False,llama_chat_v4,5d2869822989e19b
SEC_0068_82K,SEC_0068,SEC,RETRIEVAL_CALCULATION,82K,81470,81737,267,128,131072,63,True,llama_chat_v4,5d2869822989e19b
SEC_0069_4K,SEC_0069,SEC,RETRIEVAL_CALCULATION,4K,4032,4295,263,128,131072,77505,False,llama_chat_v4,5d2869822989e19b
SEC_0069_8K,SEC_0069,SEC,RETRIEVAL_CALCULATION,8K,8129,8392,263,128,131072,73408,False,llama_chat_v4,5d2869822989e19b
SEC_0069_16K,SEC_0069,SEC,RETRIEVAL_CALCULATION,16K,16249,16512,263,128,131072,65288,False,llama_chat_v4,5d2869822989e19b
SEC_0069_32K,SEC_0069,SEC,RETRIEVAL_CALCULATION,32K,32535,32798,263,128,131072,49002,False,llama_chat_v4,5d2869822989e19b
SEC_0069_64K,SEC_0069,SEC,RETRIEVAL_CALCULATION,64K,65055,65318,263,128,131072,16482,False,llama_chat_v4,5d2869822989e19b
SEC_0069_82K,SEC_0069,SEC,RETRIEVAL_CALCULATION,82K,81411,81674,263,128,131072,126,True,llama_chat_v4,5d2869822989e19b
SEC_0070_4K,SEC_0070,SEC,RETRIEVAL_CALCULATION,4K,4064,4331,267,128,131072,77469,False,llama_chat_v4,5d2869822989e19b
SEC_0070_8K,SEC_0070,SEC,RETRIEVAL_CALCULATION,8K,8132,8399,267,128,131072,73401,False,llama_chat_v4,5d2869822989e19b
SEC_0070_16K,SEC_0070,SEC,RETRIEVAL_CALCULATION,16K,16271,16538,267,128,131072,65262,False,llama_chat_v4,5d2869822989e19b
SEC_0070_32K,SEC_0070,SEC,RETRIEVAL_CALCULATION,32K,32538,32805,267,128,131072,48995,False,llama_chat_v4,5d2869822989e19b
SEC_0070_64K,SEC_0070,SEC,RETRIEVAL_CALCULATION,64K,65075,65342,267,128,131072,16458,False,llama_chat_v4,5d2869822989e19b
SEC_0070_82K,SEC_0070,SEC,RETRIEVAL_CALCULATION,82K,81503,81770,267,128,131072,30,True,llama_chat_v4,5d2869822989e19b
SEC_0071_4K,SEC_0071,SEC,RETRIEVAL_CALCULATION,4K,4044,4311,267,128,131072,77489,False,llama_chat_v4,5d2869822989e19b
SEC_0071_8K,SEC_0071,SEC,RETRIEVAL_CALCULATION,8K,8131,8398,267,128,131072,73402,False,llama_chat_v4,5d2869822989e19b
SEC_0071_16K,SEC_0071,SEC,RETRIEVAL_CALCULATION,16K,16189,16456,267,128,131072,65344,False,llama_chat_v4,5d2869822989e19b
SEC_0071_32K,SEC_0071,SEC,RETRIEVAL_CALCULATION,32K,32448,32715,267,128,131072,49085,False,llama_chat_v4,5d2869822989e19b
SEC_0071_64K,SEC_0071,SEC,RETRIEVAL_CALCULATION,64K,65079,65346,267,128,131072,16454,False,llama_chat_v4,5d2869822989e19b
SEC_0071_82K,SEC_0071,SEC,RETRIEVAL_CALCULATION,82K,81488,81755,267,128,131072,45,True,llama_chat_v4,5d2869822989e19b
SEC_0072_4K,SEC_0072,SEC,RETRIEVAL_CALCULATION,4K,3972,4245,273,128,131072,77555,False,llama_chat_v4,5d2869822989e19b
SEC_0072_8K,SEC_0072,SEC,RETRIEVAL_CALCULATION,8K,8086,8359,273,128,131072,73441,False,llama_chat_v4,5d2869822989e19b
SEC_0072_16K,SEC_0072,SEC,RETRIEVAL_CALCULATION,16K,16265,16538,273,128,131072,65262,False,llama_chat_v4,5d2869822989e19b
SEC_0072_32K,SEC_0072,SEC,RETRIEVAL_CALCULATION,32K,32515,32788,273,128,131072,49012,False,llama_chat_v4,5d2869822989e19b
SEC_0072_64K,SEC_0072,SEC,RETRIEVAL_CALCULATION,64K,65082,65355,273,128,131072,16445,False,llama_chat_v4,5d2869822989e19b
SEC_0072_82K,SEC_0072,SEC,RETRIEVAL_CALCULATION,82K,81464,81737,273,128,131072,63,True,llama_chat_v4,5d2869822989e19b
SEC_0073_4K,SEC_0073,SEC,RETRIEVAL_CALCULATION,4K,4064,4340,276,128,131072,77460,False,llama_chat_v4,5d2869822989e19b
SEC_0073_8K,SEC_0073,SEC,RETRIEVAL_CALCULATION,8K,8135,8411,276,128,131072,73389,False,llama_chat_v4,5d2869822989e19b
SEC_0073_16K,SEC_0073,SEC,RETRIEVAL_CALCULATION,16K,16267,16543,276,128,131072,65257,False,llama_chat_v4,5d2869822989e19b
SEC_0073_32K,SEC_0073,SEC,RETRIEVAL_CALCULATION,32K,32467,32743,276,128,131072,49057,False,llama_chat_v4,5d2869822989e19b
SEC_0073_64K,SEC_0073,SEC,RETRIEVAL_CALCULATION,64K,65027,65303,276,128,131072,16497,False,llama_chat_v4,5d2869822989e19b
SEC_0073_82K,SEC_0073,SEC,RETRIEVAL_CALCULATION,82K,81418,81694,276,128,131072,106,True,llama_chat_v4,5d2869822989e19b
SEC_0074_4K,SEC_0074,SEC,RETRIEVAL_CALCULATION,4K,4045,4323,278,128,131072,77477,False,llama_chat_v4,5d2869822989e19b
SEC_0074_8K,SEC_0074,SEC,RETRIEVAL_CALCULATION,8K,8136,8414,278,128,131072,73386,False,llama_chat_v4,5d2869822989e19b
SEC_0074_16K,SEC_0074,SEC,RETRIEVAL_CALCULATION,16K,16194,16472,278,128,131072,65328,False,llama_chat_v4,5d2869822989e19b
SEC_0074_32K,SEC_0074,SEC,RETRIEVAL_CALCULATION,32K,32485,32763,278,128,131072,49037,False,llama_chat_v4,5d2869822989e19b
SEC_0074_64K,SEC_0074,SEC,RETRIEVAL_CALCULATION,64K,65069,65347,278,128,131072,16453,False,llama_chat_v4,5d2869822989e19b
SEC_0074_82K,SEC_0074,SEC,RETRIEVAL_CALCULATION,82K,81429,81707,278,128,131072,93,True,llama_chat_v4,5d2869822989e19b
SEC_0075_4K,SEC_0075,SEC,RETRIEVAL_CALCULATION,4K,4023,4291,268,128,131072,77509,False,llama_chat_v4,5d2869822989e19b
SEC_0075_8K,SEC_0075,SEC,RETRIEVAL_CALCULATION,8K,8125,8393,268,128,131072,73407,False,llama_chat_v4,5d2869822989e19b
SEC_0075_16K,SEC_0075,SEC,RETRIEVAL_CALCULATION,16K,16178,16446,268,128,131072,65354,False,llama_chat_v4,5d2869822989e19b
SEC_0075_32K,SEC_0075,SEC,RETRIEVAL_CALCULATION,32K,32475,32743,268,128,131072,49057,False,llama_chat_v4,5d2869822989e19b
SEC_0075_64K,SEC_0075,SEC,RETRIEVAL_CALCULATION,64K,65008,65276,268,128,131072,16524,False,llama_chat_v4,5d2869822989e19b
SEC_0075_82K,SEC_0075,SEC,RETRIEVAL_CALCULATION,82K,81457,81725,268,128,131072,75,True,llama_chat_v4,5d2869822989e19b
SEC_0076_4K,SEC_0076,SEC,RETRIEVAL_CALCULATION,4K,4067,4331,264,128,131072,77469,False,llama_chat_v4,5d2869822989e19b
SEC_0076_8K,SEC_0076,SEC,RETRIEVAL_CALCULATION,8K,8134,8398,264,128,131072,73402,False,llama_chat_v4,5d2869822989e19b
SEC_0076_16K,SEC_0076,SEC,RETRIEVAL_CALCULATION,16K,16248,16512,264,128,131072,65288,False,llama_chat_v4,5d2869822989e19b
SEC_0076_32K,SEC_0076,SEC,RETRIEVAL_CALCULATION,32K,32510,32774,264,128,131072,49026,False,llama_chat_v4,5d2869822989e19b
SEC_0076_64K,SEC_0076,SEC,RETRIEVAL_CALCULATION,64K,65036,65300,264,128,131072,16500,False,llama_chat_v4,5d2869822989e19b
SEC_0076_82K,SEC_0076,SEC,RETRIEVAL_CALCULATION,82K,81529,81793,264,128,131072,7,True,llama_chat_v4,5d2869822989e19b
SEC_0077_4K,SEC_0077,SEC,RETRIEVAL_CALCULATION,4K,3974,4243,269,128,131072,77557,False,llama_chat_v4,5d2869822989e19b
SEC_0077_8K,SEC_0077,SEC,RETRIEVAL_CALCULATION,8K,8046,8315,269,128,131072,73485,False,llama_chat_v4,5d2869822989e19b
SEC_0077_16K,SEC_0077,SEC,RETRIEVAL_CALCULATION,16K,16242,16511,269,128,131072,65289,False,llama_chat_v4,5d2869822989e19b
SEC_0077_32K,SEC_0077,SEC,RETRIEVAL_CALCULATION,32K,32471,32740,269,128,131072,49060,False,llama_chat_v4,5d2869822989e19b
SEC_0077_64K,SEC_0077,SEC,RETRIEVAL_CALCULATION,64K,65076,65345,269,128,131072,16455,False,llama_chat_v4,5d2869822989e19b
SEC_0077_82K,SEC_0077,SEC,RETRIEVAL_CALCULATION,82K,81482,81751,269,128,131072,49,True,llama_chat_v4,5d2869822989e19b
SEC_0078_4K,SEC_0078,SEC,TEMPORAL_VERSION,4K,4014,4252,238,128,131072,77548,False,llama_chat_v4,5d2869822989e19b
SEC_0078_8K,SEC_0078,SEC,TEMPORAL_VERSION,8K,8093,8331,238,128,131072,73469,False,llama_chat_v4,5d2869822989e19b
SEC_0078_16K,SEC_0078,SEC,TEMPORAL_VERSION,16K,16253,16491,238,128,131072,65309,False,llama_chat_v4,5d2869822989e19b
SEC_0078_32K,SEC_0078,SEC,TEMPORAL_VERSION,32K,32505,32743,238,128,131072,49057,False,llama_chat_v4,5d2869822989e19b
SEC_0078_64K,SEC_0078,SEC,TEMPORAL_VERSION,64K,64974,65212,238,128,131072,16588,False,llama_chat_v4,5d2869822989e19b
SEC_0078_82K,SEC_0078,SEC,TEMPORAL_VERSION,82K,81461,81699,238,128,131072,101,True,llama_chat_v4,5d2869822989e19b
SEC_0079_4K,SEC_0079,SEC,TEMPORAL_VERSION,4K,4056,4300,244,128,131072,77500,False,llama_chat_v4,5d2869822989e19b
SEC_0079_8K,SEC_0079,SEC,TEMPORAL_VERSION,8K,8055,8299,244,128,131072,73501,False,llama_chat_v4,5d2869822989e19b
SEC_0079_16K,SEC_0079,SEC,TEMPORAL_VERSION,16K,16175,16419,244,128,131072,65381,False,llama_chat_v4,5d2869822989e19b
SEC_0079_32K,SEC_0079,SEC,TEMPORAL_VERSION,32K,32507,32751,244,128,131072,49049,False,llama_chat_v4,5d2869822989e19b
SEC_0079_64K,SEC_0079,SEC,TEMPORAL_VERSION,64K,65075,65319,244,128,131072,16481,False,llama_chat_v4,5d2869822989e19b
SEC_0079_82K,SEC_0079,SEC,TEMPORAL_VERSION,82K,81547,81791,244,128,131072,9,True,llama_chat_v4,5d2869822989e19b
SEC_0080_4K,SEC_0080,SEC,TEMPORAL_VERSION,4K,4064,4303,239,128,131072,77497,False,llama_chat_v4,5d2869822989e19b
SEC_0080_8K,SEC_0080,SEC,TEMPORAL_VERSION,8K,8087,8326,239,128,131072,73474,False,llama_chat_v4,5d2869822989e19b
SEC_0080_16K,SEC_0080,SEC,TEMPORAL_VERSION,16K,16268,16507,239,128,131072,65293,False,llama_chat_v4,5d2869822989e19b
SEC_0080_32K,SEC_0080,SEC,TEMPORAL_VERSION,32K,32537,32776,239,128,131072,49024,False,llama_chat_v4,5d2869822989e19b
SEC_0080_64K,SEC_0080,SEC,TEMPORAL_VERSION,64K,65074,65313,239,128,131072,16487,False,llama_chat_v4,5d2869822989e19b
SEC_0080_82K,SEC_0080,SEC,TEMPORAL_VERSION,82K,81424,81663,239,128,131072,137,True,llama_chat_v4,5d2869822989e19b
SEC_0081_4K,SEC_0081,SEC,TEMPORAL_VERSION,4K,4066,4310,244,128,131072,77490,False,llama_chat_v4,5d2869822989e19b
SEC_0081_8K,SEC_0081,SEC,TEMPORAL_VERSION,8K,8027,8271,244,128,131072,73529,False,llama_chat_v4,5d2869822989e19b
SEC_0081_16K,SEC_0081,SEC,TEMPORAL_VERSION,16K,16177,16421,244,128,131072,65379,False,llama_chat_v4,5d2869822989e19b
SEC_0081_32K,SEC_0081,SEC,TEMPORAL_VERSION,32K,32505,32749,244,128,131072,49051,False,llama_chat_v4,5d2869822989e19b
SEC_0081_64K,SEC_0081,SEC,TEMPORAL_VERSION,64K,65062,65306,244,128,131072,16494,False,llama_chat_v4,5d2869822989e19b
SEC_0081_82K,SEC_0081,SEC,TEMPORAL_VERSION,82K,81552,81796,244,128,131072,4,True,llama_chat_v4,5d2869822989e19b
SEC_0082_4K,SEC_0082,SEC,TEMPORAL_VERSION,4K,4063,4308,245,128,131072,77492,False,llama_chat_v4,5d2869822989e19b
SEC_0082_8K,SEC_0082,SEC,TEMPORAL_VERSION,8K,8055,8300,245,128,131072,73500,False,llama_chat_v4,5d2869822989e19b
SEC_0082_16K,SEC_0082,SEC,TEMPORAL_VERSION,16K,16266,16511,245,128,131072,65289,False,llama_chat_v4,5d2869822989e19b
SEC_0082_32K,SEC_0082,SEC,TEMPORAL_VERSION,32K,32430,32675,245,128,131072,49125,False,llama_chat_v4,5d2869822989e19b
SEC_0082_64K,SEC_0082,SEC,TEMPORAL_VERSION,64K,65015,65260,245,128,131072,16540,False,llama_chat_v4,5d2869822989e19b
SEC_0082_82K,SEC_0082,SEC,TEMPORAL_VERSION,82K,81438,81683,245,128,131072,117,True,llama_chat_v4,5d2869822989e19b
SEC_0083_4K,SEC_0083,SEC,TEMPORAL_VERSION,4K,4048,4300,252,128,131072,77500,False,llama_chat_v4,5d2869822989e19b
SEC_0083_8K,SEC_0083,SEC,TEMPORAL_VERSION,8K,8099,8351,252,128,131072,73449,False,llama_chat_v4,5d2869822989e19b
SEC_0083_16K,SEC_0083,SEC,TEMPORAL_VERSION,16K,16200,16452,252,128,131072,65348,False,llama_chat_v4,5d2869822989e19b
SEC_0083_32K,SEC_0083,SEC,TEMPORAL_VERSION,32K,32535,32787,252,128,131072,49013,False,llama_chat_v4,5d2869822989e19b
SEC_0083_64K,SEC_0083,SEC,TEMPORAL_VERSION,64K,65053,65305,252,128,131072,16495,False,llama_chat_v4,5d2869822989e19b
SEC_0083_82K,SEC_0083,SEC,TEMPORAL_VERSION,82K,81463,81715,252,128,131072,85,True,llama_chat_v4,5d2869822989e19b
SEC_0084_4K,SEC_0084,SEC,TEMPORAL_VERSION,4K,4004,4252,248,128,131072,77548,False,llama_chat_v4,5d2869822989e19b
SEC_0084_8K,SEC_0084,SEC,TEMPORAL_VERSION,8K,8130,8378,248,128,131072,73422,False,llama_chat_v4,5d2869822989e19b
SEC_0084_16K,SEC_0084,SEC,TEMPORAL_VERSION,16K,16215,16463,248,128,131072,65337,False,llama_chat_v4,5d2869822989e19b
SEC_0084_32K,SEC_0084,SEC,TEMPORAL_VERSION,32K,32473,32721,248,128,131072,49079,False,llama_chat_v4,5d2869822989e19b
SEC_0084_64K,SEC_0084,SEC,TEMPORAL_VERSION,64K,65044,65292,248,128,131072,16508,False,llama_chat_v4,5d2869822989e19b
SEC_0084_82K,SEC_0084,SEC,TEMPORAL_VERSION,82K,81431,81679,248,128,131072,121,True,llama_chat_v4,5d2869822989e19b
SEC_0085_4K,SEC_0085,SEC,TEMPORAL_VERSION,4K,4023,4268,245,128,131072,77532,False,llama_chat_v4,5d2869822989e19b
SEC_0085_8K,SEC_0085,SEC,TEMPORAL_VERSION,8K,8028,8273,245,128,131072,73527,False,llama_chat_v4,5d2869822989e19b
SEC_0085_16K,SEC_0085,SEC,TEMPORAL_VERSION,16K,16234,16479,245,128,131072,65321,False,llama_chat_v4,5d2869822989e19b
SEC_0085_32K,SEC_0085,SEC,TEMPORAL_VERSION,32K,32542,32787,245,128,131072,49013,False,llama_chat_v4,5d2869822989e19b
SEC_0085_64K,SEC_0085,SEC,TEMPORAL_VERSION,64K,64986,65231,245,128,131072,16569,False,llama_chat_v4,5d2869822989e19b
SEC_0085_82K,SEC_0085,SEC,TEMPORAL_VERSION,82K,81455,81700,245,128,131072,100,True,llama_chat_v4,5d2869822989e19b
SEC_0086_4K,SEC_0086,SEC,TEMPORAL_VERSION,4K,3956,4243,287,128,131072,77557,False,llama_chat_v4,5d2869822989e19b
SEC_0086_8K,SEC_0086,SEC,TEMPORAL_VERSION,8K,8091,8378,287,128,131072,73422,False,llama_chat_v4,5d2869822989e19b
SEC_0086_16K,SEC_0086,SEC,TEMPORAL_VERSION,16K,16186,16473,287,128,131072,65327,False,llama_chat_v4,5d2869822989e19b
SEC_0086_32K,SEC_0086,SEC,TEMPORAL_VERSION,32K,32529,32816,287,128,131072,48984,False,llama_chat_v4,5d2869822989e19b
SEC_0086_64K,SEC_0086,SEC,TEMPORAL_VERSION,64K,65067,65354,287,128,131072,16446,False,llama_chat_v4,5d2869822989e19b
SEC_0086_82K,SEC_0086,SEC,TEMPORAL_VERSION,82K,81371,81658,287,128,131072,142,True,llama_chat_v4,5d2869822989e19b
SEC_0087_4K,SEC_0087,SEC,TEMPORAL_VERSION,4K,4051,4330,279,128,131072,77470,False,llama_chat_v4,5d2869822989e19b
SEC_0087_8K,SEC_0087,SEC,TEMPORAL_VERSION,8K,8129,8408,279,128,131072,73392,False,llama_chat_v4,5d2869822989e19b
SEC_0087_16K,SEC_0087,SEC,TEMPORAL_VERSION,16K,16263,16542,279,128,131072,65258,False,llama_chat_v4,5d2869822989e19b
SEC_0087_32K,SEC_0087,SEC,TEMPORAL_VERSION,32K,32438,32717,279,128,131072,49083,False,llama_chat_v4,5d2869822989e19b
SEC_0087_64K,SEC_0087,SEC,TEMPORAL_VERSION,64K,65003,65282,279,128,131072,16518,False,llama_chat_v4,5d2869822989e19b
SEC_0087_82K,SEC_0087,SEC,TEMPORAL_VERSION,82K,81476,81755,279,128,131072,45,True,llama_chat_v4,5d2869822989e19b
SEC_0088_4K,SEC_0088,SEC,TEMPORAL_VERSION,4K,4058,4342,284,128,131072,77458,False,llama_chat_v4,5d2869822989e19b
SEC_0088_8K,SEC_0088,SEC,TEMPORAL_VERSION,8K,8136,8420,284,128,131072,73380,False,llama_chat_v4,5d2869822989e19b
SEC_0088_16K,SEC_0088,SEC,TEMPORAL_VERSION,16K,16265,16549,284,128,131072,65251,False,llama_chat_v4,5d2869822989e19b
SEC_0088_32K,SEC_0088,SEC,TEMPORAL_VERSION,32K,32523,32807,284,128,131072,48993,False,llama_chat_v4,5d2869822989e19b
SEC_0088_64K,SEC_0088,SEC,TEMPORAL_VERSION,64K,65073,65357,284,128,131072,16443,False,llama_chat_v4,5d2869822989e19b
SEC_0088_82K,SEC_0088,SEC,TEMPORAL_VERSION,82K,81454,81738,284,128,131072,62,True,llama_chat_v4,5d2869822989e19b
SEC_0089_4K,SEC_0089,SEC,TEMPORAL_VERSION,4K,3976,4255,279,128,131072,77545,False,llama_chat_v4,5d2869822989e19b
SEC_0089_8K,SEC_0089,SEC,TEMPORAL_VERSION,8K,8116,8395,279,128,131072,73405,False,llama_chat_v4,5d2869822989e19b
SEC_0089_16K,SEC_0089,SEC,TEMPORAL_VERSION,16K,16227,16506,279,128,131072,65294,False,llama_chat_v4,5d2869822989e19b
SEC_0089_32K,SEC_0089,SEC,TEMPORAL_VERSION,32K,32471,32750,279,128,131072,49050,False,llama_chat_v4,5d2869822989e19b
SEC_0089_64K,SEC_0089,SEC,TEMPORAL_VERSION,64K,65001,65280,279,128,131072,16520,False,llama_chat_v4,5d2869822989e19b
SEC_0089_82K,SEC_0089,SEC,TEMPORAL_VERSION,82K,81446,81725,279,128,131072,75,True,llama_chat_v4,5d2869822989e19b
SEC_0090_4K,SEC_0090,SEC,TEMPORAL_VERSION,4K,4067,4347,280,128,131072,77453,False,llama_chat_v4,5d2869822989e19b
SEC_0090_8K,SEC_0090,SEC,TEMPORAL_VERSION,8K,8127,8407,280,128,131072,73393,False,llama_chat_v4,5d2869822989e19b
SEC_0090_16K,SEC_0090,SEC,TEMPORAL_VERSION,16K,16252,16532,280,128,131072,65268,False,llama_chat_v4,5d2869822989e19b
SEC_0090_32K,SEC_0090,SEC,TEMPORAL_VERSION,32K,32453,32733,280,128,131072,49067,False,llama_chat_v4,5d2869822989e19b
SEC_0090_64K,SEC_0090,SEC,TEMPORAL_VERSION,64K,65026,65306,280,128,131072,16494,False,llama_chat_v4,5d2869822989e19b
SEC_0090_82K,SEC_0090,SEC,TEMPORAL_VERSION,82K,81387,81667,280,128,131072,133,True,llama_chat_v4,5d2869822989e19b
SEC_0091_4K,SEC_0091,SEC,TEMPORAL_VERSION,4K,3960,4241,281,128,131072,77559,False,llama_chat_v4,5d2869822989e19b
SEC_0091_8K,SEC_0091,SEC,TEMPORAL_VERSION,8K,8023,8304,281,128,131072,73496,False,llama_chat_v4,5d2869822989e19b
SEC_0091_16K,SEC_0091,SEC,TEMPORAL_VERSION,16K,16185,16466,281,128,131072,65334,False,llama_chat_v4,5d2869822989e19b
SEC_0091_32K,SEC_0091,SEC,TEMPORAL_VERSION,32K,32519,32800,281,128,131072,49000,False,llama_chat_v4,5d2869822989e19b
SEC_0091_64K,SEC_0091,SEC,TEMPORAL_VERSION,64K,65069,65350,281,128,131072,16450,False,llama_chat_v4,5d2869822989e19b
SEC_0091_82K,SEC_0091,SEC,TEMPORAL_VERSION,82K,81519,81800,281,128,131072,0,True,llama_chat_v4,5d2869822989e19b
SEC_0092_4K,SEC_0092,SEC,TEMPORAL_VERSION,4K,3986,4227,241,128,131072,77573,False,llama_chat_v4,5d2869822989e19b
SEC_0092_8K,SEC_0092,SEC,TEMPORAL_VERSION,8K,8104,8345,241,128,131072,73455,False,llama_chat_v4,5d2869822989e19b
SEC_0092_16K,SEC_0092,SEC,TEMPORAL_VERSION,16K,16156,16397,241,128,131072,65403,False,llama_chat_v4,5d2869822989e19b
SEC_0092_32K,SEC_0092,SEC,TEMPORAL_VERSION,32K,32474,32715,241,128,131072,49085,False,llama_chat_v4,5d2869822989e19b
SEC_0092_64K,SEC_0092,SEC,TEMPORAL_VERSION,64K,65077,65318,241,128,131072,16482,False,llama_chat_v4,5d2869822989e19b
SEC_0092_82K,SEC_0092,SEC,TEMPORAL_VERSION,82K,81458,81699,241,128,131072,101,True,llama_chat_v4,5d2869822989e19b
SEC_0093_4K,SEC_0093,SEC,TEMPORAL_VERSION,4K,4027,4281,254,128,131072,77519,False,llama_chat_v4,5d2869822989e19b
SEC_0093_8K,SEC_0093,SEC,TEMPORAL_VERSION,8K,8083,8337,254,128,131072,73463,False,llama_chat_v4,5d2869822989e19b
SEC_0093_16K,SEC_0093,SEC,TEMPORAL_VERSION,16K,16257,16511,254,128,131072,65289,False,llama_chat_v4,5d2869822989e19b
SEC_0093_32K,SEC_0093,SEC,TEMPORAL_VERSION,32K,32542,32796,254,128,131072,49004,False,llama_chat_v4,5d2869822989e19b
SEC_0093_64K,SEC_0093,SEC,TEMPORAL_VERSION,64K,65069,65323,254,128,131072,16477,False,llama_chat_v4,5d2869822989e19b
SEC_0093_82K,SEC_0093,SEC,TEMPORAL_VERSION,82K,81503,81757,254,128,131072,43,True,llama_chat_v4,5d2869822989e19b
SEC_0094_4K,SEC_0094,SEC,ENTITY_UNIT_BINDING,4K,3985,4230,245,128,131072,77570,False,llama_chat_v4,5d2869822989e19b
SEC_0094_8K,SEC_0094,SEC,ENTITY_UNIT_BINDING,8K,8110,8355,245,128,131072,73445,False,llama_chat_v4,5d2869822989e19b
SEC_0094_16K,SEC_0094,SEC,ENTITY_UNIT_BINDING,16K,16172,16417,245,128,131072,65383,False,llama_chat_v4,5d2869822989e19b
SEC_0094_32K,SEC_0094,SEC,ENTITY_UNIT_BINDING,32K,32511,32756,245,128,131072,49044,False,llama_chat_v4,5d2869822989e19b
SEC_0094_64K,SEC_0094,SEC,ENTITY_UNIT_BINDING,64K,65080,65325,245,128,131072,16475,False,llama_chat_v4,5d2869822989e19b
SEC_0094_82K,SEC_0094,SEC,ENTITY_UNIT_BINDING,82K,81501,81746,245,128,131072,54,True,llama_chat_v4,5d2869822989e19b
SEC_0095_4K,SEC_0095,SEC,ENTITY_UNIT_BINDING,4K,3986,4229,243,128,131072,77571,False,llama_chat_v4,5d2869822989e19b
SEC_0095_8K,SEC_0095,SEC,ENTITY_UNIT_BINDING,8K,8082,8325,243,128,131072,73475,False,llama_chat_v4,5d2869822989e19b
SEC_0095_16K,SEC_0095,SEC,ENTITY_UNIT_BINDING,16K,16177,16420,243,128,131072,65380,False,llama_chat_v4,5d2869822989e19b
SEC_0095_32K,SEC_0095,SEC,ENTITY_UNIT_BINDING,32K,32435,32678,243,128,131072,49122,False,llama_chat_v4,5d2869822989e19b
SEC_0095_64K,SEC_0095,SEC,ENTITY_UNIT_BINDING,64K,65077,65320,243,128,131072,16480,False,llama_chat_v4,5d2869822989e19b
SEC_0095_82K,SEC_0095,SEC,ENTITY_UNIT_BINDING,82K,81504,81747,243,128,131072,53,True,llama_chat_v4,5d2869822989e19b
SEC_0096_4K,SEC_0096,SEC,ENTITY_UNIT_BINDING,4K,4030,4283,253,128,131072,77517,False,llama_chat_v4,5d2869822989e19b
SEC_0096_8K,SEC_0096,SEC,ENTITY_UNIT_BINDING,8K,8129,8382,253,128,131072,73418,False,llama_chat_v4,5d2869822989e19b
SEC_0096_16K,SEC_0096,SEC,ENTITY_UNIT_BINDING,16K,16166,16419,253,128,131072,65381,False,llama_chat_v4,5d2869822989e19b
SEC_0096_32K,SEC_0096,SEC,ENTITY_UNIT_BINDING,32K,32542,32795,253,128,131072,49005,False,llama_chat_v4,5d2869822989e19b
SEC_0096_64K,SEC_0096,SEC,ENTITY_UNIT_BINDING,64K,65023,65276,253,128,131072,16524,False,llama_chat_v4,5d2869822989e19b
SEC_0096_82K,SEC_0096,SEC,ENTITY_UNIT_BINDING,82K,81518,81771,253,128,131072,29,True,llama_chat_v4,5d2869822989e19b
SEC_0097_4K,SEC_0097,SEC,ENTITY_UNIT_BINDING,4K,3984,4226,242,128,131072,77574,False,llama_chat_v4,5d2869822989e19b
SEC_0097_8K,SEC_0097,SEC,ENTITY_UNIT_BINDING,8K,8132,8374,242,128,131072,73426,False,llama_chat_v4,5d2869822989e19b
SEC_0097_16K,SEC_0097,SEC,ENTITY_UNIT_BINDING,16K,16228,16470,242,128,131072,65330,False,llama_chat_v4,5d2869822989e19b
SEC_0097_32K,SEC_0097,SEC,ENTITY_UNIT_BINDING,32K,32532,32774,242,128,131072,49026,False,llama_chat_v4,5d2869822989e19b
SEC_0097_64K,SEC_0097,SEC,ENTITY_UNIT_BINDING,64K,64981,65223,242,128,131072,16577,False,llama_chat_v4,5d2869822989e19b
SEC_0097_82K,SEC_0097,SEC,ENTITY_UNIT_BINDING,82K,81465,81707,242,128,131072,93,True,llama_chat_v4,5d2869822989e19b
SEC_0098_4K,SEC_0098,SEC,ENTITY_UNIT_BINDING,4K,3983,4227,244,128,131072,77573,False,llama_chat_v4,5d2869822989e19b
SEC_0098_8K,SEC_0098,SEC,ENTITY_UNIT_BINDING,8K,8028,8272,244,128,131072,73528,False,llama_chat_v4,5d2869822989e19b
SEC_0098_16K,SEC_0098,SEC,ENTITY_UNIT_BINDING,16K,16251,16495,244,128,131072,65305,False,llama_chat_v4,5d2869822989e19b
SEC_0098_32K,SEC_0098,SEC,ENTITY_UNIT_BINDING,32K,32534,32778,244,128,131072,49022,False,llama_chat_v4,5d2869822989e19b
SEC_0098_64K,SEC_0098,SEC,ENTITY_UNIT_BINDING,64K,65072,65316,244,128,131072,16484,False,llama_chat_v4,5d2869822989e19b
SEC_0098_82K,SEC_0098,SEC,ENTITY_UNIT_BINDING,82K,81500,81744,244,128,131072,56,True,llama_chat_v4,5d2869822989e19b
SEC_0099_4K,SEC_0099,SEC,ENTITY_UNIT_BINDING,4K,4041,4284,243,128,131072,77516,False,llama_chat_v4,5d2869822989e19b
SEC_0099_8K,SEC_0099,SEC,ENTITY_UNIT_BINDING,8K,8130,8373,243,128,131072,73427,False,llama_chat_v4,5d2869822989e19b
SEC_0099_16K,SEC_0099,SEC,ENTITY_UNIT_BINDING,16K,16264,16507,243,128,131072,65293,False,llama_chat_v4,5d2869822989e19b
SEC_0099_32K,SEC_0099,SEC,ENTITY_UNIT_BINDING,32K,32447,32690,243,128,131072,49110,False,llama_chat_v4,5d2869822989e19b
SEC_0099_64K,SEC_0099,SEC,ENTITY_UNIT_BINDING,64K,64993,65236,243,128,131072,16564,False,llama_chat_v4,5d2869822989e19b
SEC_0099_82K,SEC_0099,SEC,ENTITY_UNIT_BINDING,82K,81464,81707,243,128,131072,93,True,llama_chat_v4,5d2869822989e19b
SEC_0100_4K,SEC_0100,SEC,ENTITY_UNIT_BINDING,4K,4040,4287,247,128,131072,77513,False,llama_chat_v4,5d2869822989e19b
SEC_0100_8K,SEC_0100,SEC,ENTITY_UNIT_BINDING,8K,8075,8322,247,128,131072,73478,False,llama_chat_v4,5d2869822989e19b
SEC_0100_16K,SEC_0100,SEC,ENTITY_UNIT_BINDING,16K,16266,16513,247,128,131072,65287,False,llama_chat_v4,5d2869822989e19b
SEC_0100_32K,SEC_0100,SEC,ENTITY_UNIT_BINDING,32K,32489,32736,247,128,131072,49064,False,llama_chat_v4,5d2869822989e19b
SEC_0100_64K,SEC_0100,SEC,ENTITY_UNIT_BINDING,64K,65022,65269,247,128,131072,16531,False,llama_chat_v4,5d2869822989e19b
SEC_0100_82K,SEC_0100,SEC,ENTITY_UNIT_BINDING,82K,81553,81800,247,128,131072,0,True,llama_chat_v4,5d2869822989e19b
SEC_0101_4K,SEC_0101,SEC,ENTITY_UNIT_BINDING,4K,3966,4206,240,128,131072,77594,False,llama_chat_v4,5d2869822989e19b
SEC_0101_8K,SEC_0101,SEC,ENTITY_UNIT_BINDING,8K,8101,8341,240,128,131072,73459,False,llama_chat_v4,5d2869822989e19b
SEC_0101_16K,SEC_0101,SEC,ENTITY_UNIT_BINDING,16K,16206,16446,240,128,131072,65354,False,llama_chat_v4,5d2869822989e19b
SEC_0101_32K,SEC_0101,SEC,ENTITY_UNIT_BINDING,32K,32524,32764,240,128,131072,49036,False,llama_chat_v4,5d2869822989e19b
SEC_0101_64K,SEC_0101,SEC,ENTITY_UNIT_BINDING,64K,65004,65244,240,128,131072,16556,False,llama_chat_v4,5d2869822989e19b
SEC_0101_82K,SEC_0101,SEC,ENTITY_UNIT_BINDING,82K,81484,81724,240,128,131072,76,True,llama_chat_v4,5d2869822989e19b
SEC_0102_4K,SEC_0102,SEC,ENTITY_UNIT_BINDING,4K,4014,4253,239,128,131072,77547,False,llama_chat_v4,5d2869822989e19b
SEC_0102_8K,SEC_0102,SEC,ENTITY_UNIT_BINDING,8K,8030,8269,239,128,131072,73531,False,llama_chat_v4,5d2869822989e19b
SEC_0102_16K,SEC_0102,SEC,ENTITY_UNIT_BINDING,16K,16214,16453,239,128,131072,65347,False,llama_chat_v4,5d2869822989e19b
SEC_0102_32K,SEC_0102,SEC,ENTITY_UNIT_BINDING,32K,32471,32710,239,128,131072,49090,False,llama_chat_v4,5d2869822989e19b
SEC_0102_64K,SEC_0102,SEC,ENTITY_UNIT_BINDING,64K,64985,65224,239,128,131072,16576,False,llama_chat_v4,5d2869822989e19b
SEC_0102_82K,SEC_0102,SEC,ENTITY_UNIT_BINDING,82K,81436,81675,239,128,131072,125,True,llama_chat_v4,5d2869822989e19b
SEC_0103_4K,SEC_0103,SEC,ENTITY_UNIT_BINDING,4K,4061,4301,240,128,131072,77499,False,llama_chat_v4,5d2869822989e19b
SEC_0103_8K,SEC_0103,SEC,ENTITY_UNIT_BINDING,8K,8134,8374,240,128,131072,73426,False,llama_chat_v4,5d2869822989e19b
SEC_0103_16K,SEC_0103,SEC,ENTITY_UNIT_BINDING,16K,16267,16507,240,128,131072,65293,False,llama_chat_v4,5d2869822989e19b
SEC_0103_32K,SEC_0103,SEC,ENTITY_UNIT_BINDING,32K,32534,32774,240,128,131072,49026,False,llama_chat_v4,5d2869822989e19b
SEC_0103_64K,SEC_0103,SEC,ENTITY_UNIT_BINDING,64K,65036,65276,240,128,131072,16524,False,llama_chat_v4,5d2869822989e19b
SEC_0103_82K,SEC_0103,SEC,ENTITY_UNIT_BINDING,82K,81542,81782,240,128,131072,18,True,llama_chat_v4,5d2869822989e19b
SEC_0104_4K,SEC_0104,SEC,ENTITY_UNIT_BINDING,4K,4060,4305,245,128,131072,77495,False,llama_chat_v4,5d2869822989e19b
SEC_0104_8K,SEC_0104,SEC,ENTITY_UNIT_BINDING,8K,8039,8284,245,128,131072,73516,False,llama_chat_v4,5d2869822989e19b
SEC_0104_16K,SEC_0104,SEC,ENTITY_UNIT_BINDING,16K,16261,16506,245,128,131072,65294,False,llama_chat_v4,5d2869822989e19b
SEC_0104_32K,SEC_0104,SEC,ENTITY_UNIT_BINDING,32K,32489,32734,245,128,131072,49066,False,llama_chat_v4,5d2869822989e19b
SEC_0104_64K,SEC_0104,SEC,ENTITY_UNIT_BINDING,64K,64987,65232,245,128,131072,16568,False,llama_chat_v4,5d2869822989e19b
SEC_0104_82K,SEC_0104,SEC,ENTITY_UNIT_BINDING,82K,81536,81781,245,128,131072,19,True,llama_chat_v4,5d2869822989e19b
SEC_0105_4K,SEC_0105,SEC,ENTITY_UNIT_BINDING,4K,4009,4253,244,128,131072,77547,False,llama_chat_v4,5d2869822989e19b
SEC_0105_8K,SEC_0105,SEC,ENTITY_UNIT_BINDING,8K,8127,8371,244,128,131072,73429,False,llama_chat_v4,5d2869822989e19b
SEC_0105_16K,SEC_0105,SEC,ENTITY_UNIT_BINDING,16K,16268,16512,244,128,131072,65288,False,llama_chat_v4,5d2869822989e19b
SEC_0105_32K,SEC_0105,SEC,ENTITY_UNIT_BINDING,32K,32485,32729,244,128,131072,49071,False,llama_chat_v4,5d2869822989e19b
SEC_0105_64K,SEC_0105,SEC,ENTITY_UNIT_BINDING,64K,65031,65275,244,128,131072,16525,False,llama_chat_v4,5d2869822989e19b
SEC_0105_82K,SEC_0105,SEC,ENTITY_UNIT_BINDING,82K,81492,81736,244,128,131072,64,True,llama_chat_v4,5d2869822989e19b
SEC_0106_4K,SEC_0106,SEC,UNANSWERABLE,4K,4064,4307,243,128,131072,77493,False,llama_chat_v4,5d2869822989e19b
SEC_0106_8K,SEC_0106,SEC,UNANSWERABLE,8K,8070,8313,243,128,131072,73487,False,llama_chat_v4,5d2869822989e19b
SEC_0106_16K,SEC_0106,SEC,UNANSWERABLE,16K,16194,16437,243,128,131072,65363,False,llama_chat_v4,5d2869822989e19b
SEC_0106_32K,SEC_0106,SEC,UNANSWERABLE,32K,32428,32671,243,128,131072,49129,False,llama_chat_v4,5d2869822989e19b
SEC_0106_64K,SEC_0106,SEC,UNANSWERABLE,64K,65047,65290,243,128,131072,16510,False,llama_chat_v4,5d2869822989e19b
SEC_0106_82K,SEC_0106,SEC,UNANSWERABLE,82K,81523,81766,243,128,131072,34,True,llama_chat_v4,5d2869822989e19b
SEC_0107_4K,SEC_0107,SEC,UNANSWERABLE,4K,4017,4272,255,128,131072,77528,False,llama_chat_v4,5d2869822989e19b
SEC_0107_8K,SEC_0107,SEC,UNANSWERABLE,8K,8131,8386,255,128,131072,73414,False,llama_chat_v4,5d2869822989e19b
SEC_0107_16K,SEC_0107,SEC,UNANSWERABLE,16K,16265,16520,255,128,131072,65280,False,llama_chat_v4,5d2869822989e19b
SEC_0107_32K,SEC_0107,SEC,UNANSWERABLE,32K,32532,32787,255,128,131072,49013,False,llama_chat_v4,5d2869822989e19b
SEC_0107_64K,SEC_0107,SEC,UNANSWERABLE,64K,64986,65241,255,128,131072,16559,False,llama_chat_v4,5d2869822989e19b
SEC_0107_82K,SEC_0107,SEC,UNANSWERABLE,82K,81489,81744,255,128,131072,56,True,llama_chat_v4,5d2869822989e19b
SEC_0108_4K,SEC_0108,SEC,UNANSWERABLE,4K,3991,4232,241,128,131072,77568,False,llama_chat_v4,5d2869822989e19b
SEC_0108_8K,SEC_0108,SEC,UNANSWERABLE,8K,8069,8310,241,128,131072,73490,False,llama_chat_v4,5d2869822989e19b
SEC_0108_16K,SEC_0108,SEC,UNANSWERABLE,16K,16211,16452,241,128,131072,65348,False,llama_chat_v4,5d2869822989e19b
SEC_0108_32K,SEC_0108,SEC,UNANSWERABLE,32K,32524,32765,241,128,131072,49035,False,llama_chat_v4,5d2869822989e19b
SEC_0108_64K,SEC_0108,SEC,UNANSWERABLE,64K,65068,65309,241,128,131072,16491,False,llama_chat_v4,5d2869822989e19b
SEC_0108_82K,SEC_0108,SEC,UNANSWERABLE,82K,81489,81730,241,128,131072,70,True,llama_chat_v4,5d2869822989e19b
SEC_0109_4K,SEC_0109,SEC,UNANSWERABLE,4K,4003,4255,252,128,131072,77545,False,llama_chat_v4,5d2869822989e19b
SEC_0109_8K,SEC_0109,SEC,UNANSWERABLE,8K,8128,8380,252,128,131072,73420,False,llama_chat_v4,5d2869822989e19b
SEC_0109_16K,SEC_0109,SEC,UNANSWERABLE,16K,16265,16517,252,128,131072,65283,False,llama_chat_v4,5d2869822989e19b
SEC_0109_32K,SEC_0109,SEC,UNANSWERABLE,32K,32451,32703,252,128,131072,49097,False,llama_chat_v4,5d2869822989e19b
SEC_0109_64K,SEC_0109,SEC,UNANSWERABLE,64K,65000,65252,252,128,131072,16548,False,llama_chat_v4,5d2869822989e19b
SEC_0109_82K,SEC_0109,SEC,UNANSWERABLE,82K,81429,81681,252,128,131072,119,True,llama_chat_v4,5d2869822989e19b
SEC_0110_4K,SEC_0110,SEC,UNANSWERABLE,4K,3971,4206,235,128,131072,77594,False,llama_chat_v4,5d2869822989e19b
SEC_0110_8K,SEC_0110,SEC,UNANSWERABLE,8K,8129,8364,235,128,131072,73436,False,llama_chat_v4,5d2869822989e19b
SEC_0110_16K,SEC_0110,SEC,UNANSWERABLE,16K,16219,16454,235,128,131072,65346,False,llama_chat_v4,5d2869822989e19b
SEC_0110_32K,SEC_0110,SEC,UNANSWERABLE,32K,32529,32764,235,128,131072,49036,False,llama_chat_v4,5d2869822989e19b
SEC_0110_64K,SEC_0110,SEC,UNANSWERABLE,64K,65006,65241,235,128,131072,16559,False,llama_chat_v4,5d2869822989e19b
SEC_0110_82K,SEC_0110,SEC,UNANSWERABLE,82K,81540,81775,235,128,131072,25,True,llama_chat_v4,5d2869822989e19b
SEC_0111_4K,SEC_0111,SEC,UNANSWERABLE,4K,4049,4284,235,128,131072,77516,False,llama_chat_v4,5d2869822989e19b
SEC_0111_8K,SEC_0111,SEC,UNANSWERABLE,8K,8048,8283,235,128,131072,73517,False,llama_chat_v4,5d2869822989e19b
SEC_0111_16K,SEC_0111,SEC,UNANSWERABLE,16K,16261,16496,235,128,131072,65304,False,llama_chat_v4,5d2869822989e19b
SEC_0111_32K,SEC_0111,SEC,UNANSWERABLE,32K,32525,32760,235,128,131072,49040,False,llama_chat_v4,5d2869822989e19b
SEC_0111_64K,SEC_0111,SEC,UNANSWERABLE,64K,65064,65299,235,128,131072,16501,False,llama_chat_v4,5d2869822989e19b
SEC_0111_82K,SEC_0111,SEC,UNANSWERABLE,82K,81492,81727,235,128,131072,73,True,llama_chat_v4,5d2869822989e19b
SEC_0112_4K,SEC_0112,SEC,UNANSWERABLE,4K,4003,4243,240,128,131072,77557,False,llama_chat_v4,5d2869822989e19b
SEC_0112_8K,SEC_0112,SEC,UNANSWERABLE,8K,8119,8359,240,128,131072,73441,False,llama_chat_v4,5d2869822989e19b
SEC_0112_16K,SEC_0112,SEC,UNANSWERABLE,16K,16261,16501,240,128,131072,65299,False,llama_chat_v4,5d2869822989e19b
SEC_0112_32K,SEC_0112,SEC,UNANSWERABLE,32K,32454,32694,240,128,131072,49106,False,llama_chat_v4,5d2869822989e19b
SEC_0112_64K,SEC_0112,SEC,UNANSWERABLE,64K,64989,65229,240,128,131072,16571,False,llama_chat_v4,5d2869822989e19b
SEC_0112_82K,SEC_0112,SEC,UNANSWERABLE,82K,81559,81799,240,128,131072,1,True,llama_chat_v4,5d2869822989e19b
SEC_0113_4K,SEC_0113,SEC,UNANSWERABLE,4K,4027,4267,240,128,131072,77533,False,llama_chat_v4,5d2869822989e19b
SEC_0113_8K,SEC_0113,SEC,UNANSWERABLE,8K,8132,8372,240,128,131072,73428,False,llama_chat_v4,5d2869822989e19b
SEC_0113_16K,SEC_0113,SEC,UNANSWERABLE,16K,16161,16401,240,128,131072,65399,False,llama_chat_v4,5d2869822989e19b
SEC_0113_32K,SEC_0113,SEC,UNANSWERABLE,32K,32469,32709,240,128,131072,49091,False,llama_chat_v4,5d2869822989e19b
SEC_0113_64K,SEC_0113,SEC,UNANSWERABLE,64K,65016,65256,240,128,131072,16544,False,llama_chat_v4,5d2869822989e19b
SEC_0113_82K,SEC_0113,SEC,UNANSWERABLE,82K,81524,81764,240,128,131072,36,True,llama_chat_v4,5d2869822989e19b
SEC_0114_4K,SEC_0114,SEC,UNANSWERABLE,4K,4043,4283,240,128,131072,77517,False,llama_chat_v4,5d2869822989e19b
SEC_0114_8K,SEC_0114,SEC,UNANSWERABLE,8K,8038,8278,240,128,131072,73522,False,llama_chat_v4,5d2869822989e19b
SEC_0114_16K,SEC_0114,SEC,UNANSWERABLE,16K,16266,16506,240,128,131072,65294,False,llama_chat_v4,5d2869822989e19b
SEC_0114_32K,SEC_0114,SEC,UNANSWERABLE,32K,32436,32676,240,128,131072,49124,False,llama_chat_v4,5d2869822989e19b
SEC_0114_64K,SEC_0114,SEC,UNANSWERABLE,64K,65027,65267,240,128,131072,16533,False,llama_chat_v4,5d2869822989e19b
SEC_0114_82K,SEC_0114,SEC,UNANSWERABLE,82K,81516,81756,240,128,131072,44,True,llama_chat_v4,5d2869822989e19b
SEC_0115_4K,SEC_0115,SEC,UNANSWERABLE,4K,3990,4230,240,128,131072,77570,False,llama_chat_v4,5d2869822989e19b
SEC_0115_8K,SEC_0115,SEC,UNANSWERABLE,8K,8032,8272,240,128,131072,73528,False,llama_chat_v4,5d2869822989e19b
SEC_0115_16K,SEC_0115,SEC,UNANSWERABLE,16K,16208,16448,240,128,131072,65352,False,llama_chat_v4,5d2869822989e19b
SEC_0115_32K,SEC_0115,SEC,UNANSWERABLE,32K,32460,32700,240,128,131072,49100,False,llama_chat_v4,5d2869822989e19b
SEC_0115_64K,SEC_0115,SEC,UNANSWERABLE,64K,64985,65225,240,128,131072,16575,False,llama_chat_v4,5d2869822989e19b
SEC_0115_82K,SEC_0115,SEC,UNANSWERABLE,82K,81478,81718,240,128,131072,82,True,llama_chat_v4,5d2869822989e19b
SEC_0116_4K,SEC_0116,SEC,UNANSWERABLE,4K,4064,4308,244,128,131072,77492,False,llama_chat_v4,5d2869822989e19b
SEC_0116_8K,SEC_0116,SEC,UNANSWERABLE,8K,8098,8342,244,128,131072,73458,False,llama_chat_v4,5d2869822989e19b
SEC_0116_16K,SEC_0116,SEC,UNANSWERABLE,16K,16262,16506,244,128,131072,65294,False,llama_chat_v4,5d2869822989e19b
SEC_0116_32K,SEC_0116,SEC,UNANSWERABLE,32K,32435,32679,244,128,131072,49121,False,llama_chat_v4,5d2869822989e19b
SEC_0116_64K,SEC_0116,SEC,UNANSWERABLE,64K,65054,65298,244,128,131072,16502,False,llama_chat_v4,5d2869822989e19b
SEC_0116_82K,SEC_0116,SEC,UNANSWERABLE,82K,81506,81750,244,128,131072,50,True,llama_chat_v4,5d2869822989e19b
SEC_0117_4K,SEC_0117,SEC,UNANSWERABLE,4K,4058,4302,244,128,131072,77498,False,llama_chat_v4,5d2869822989e19b
SEC_0117_8K,SEC_0117,SEC,UNANSWERABLE,8K,8117,8361,244,128,131072,73439,False,llama_chat_v4,5d2869822989e19b
SEC_0117_16K,SEC_0117,SEC,UNANSWERABLE,16K,16227,16471,244,128,131072,65329,False,llama_chat_v4,5d2869822989e19b
SEC_0117_32K,SEC_0117,SEC,UNANSWERABLE,32K,32532,32776,244,128,131072,49024,False,llama_chat_v4,5d2869822989e19b
SEC_0117_64K,SEC_0117,SEC,UNANSWERABLE,64K,65068,65312,244,128,131072,16488,False,llama_chat_v4,5d2869822989e19b
SEC_0117_82K,SEC_0117,SEC,UNANSWERABLE,82K,81485,81729,244,128,131072,71,True,llama_chat_v4,5d2869822989e19b
SEC_0118_4K,SEC_0118,SEC,UNANSWERABLE,4K,4066,4301,235,128,131072,77499,False,llama_chat_v4,5d2869822989e19b
SEC_0118_8K,SEC_0118,SEC,UNANSWERABLE,8K,8096,8331,235,128,131072,73469,False,llama_chat_v4,5d2869822989e19b
SEC_0118_16K,SEC_0118,SEC,UNANSWERABLE,16K,16160,16395,235,128,131072,65405,False,llama_chat_v4,5d2869822989e19b
SEC_0118_32K,SEC_0118,SEC,UNANSWERABLE,32K,32509,32744,235,128,131072,49056,False,llama_chat_v4,5d2869822989e19b
SEC_0118_64K,SEC_0118,SEC,UNANSWERABLE,64K,64969,65204,235,128,131072,16596,False,llama_chat_v4,5d2869822989e19b
SEC_0118_82K,SEC_0118,SEC,UNANSWERABLE,82K,81547,81782,235,128,131072,18,True,llama_chat_v4,5d2869822989e19b
SEC_0119_4K,SEC_0119,SEC,UNANSWERABLE,4K,4047,4299,252,128,131072,77501,False,llama_chat_v4,5d2869822989e19b
SEC_0119_8K,SEC_0119,SEC,UNANSWERABLE,8K,8070,8322,252,128,131072,73478,False,llama_chat_v4,5d2869822989e19b
SEC_0119_16K,SEC_0119,SEC,UNANSWERABLE,16K,16155,16407,252,128,131072,65393,False,llama_chat_v4,5d2869822989e19b
SEC_0119_32K,SEC_0119,SEC,UNANSWERABLE,32K,32490,32742,252,128,131072,49058,False,llama_chat_v4,5d2869822989e19b
SEC_0119_64K,SEC_0119,SEC,UNANSWERABLE,64K,65039,65291,252,128,131072,16509,False,llama_chat_v4,5d2869822989e19b
SEC_0119_82K,SEC_0119,SEC,UNANSWERABLE,82K,81508,81760,252,128,131072,40,True,llama_chat_v4,5d2869822989e19b
SEC_0120_4K,SEC_0120,SEC,UNANSWERABLE,4K,4065,4300,235,128,131072,77500,False,llama_chat_v4,5d2869822989e19b
SEC_0120_8K,SEC_0120,SEC,UNANSWERABLE,8K,8041,8276,235,128,131072,73524,False,llama_chat_v4,5d2869822989e19b
SEC_0120_16K,SEC_0120,SEC,UNANSWERABLE,16K,16251,16486,235,128,131072,65314,False,llama_chat_v4,5d2869822989e19b
SEC_0120_32K,SEC_0120,SEC,UNANSWERABLE,32K,32447,32682,235,128,131072,49118,False,llama_chat_v4,5d2869822989e19b
SEC_0120_64K,SEC_0120,SEC,UNANSWERABLE,64K,64981,65216,235,128,131072,16584,False,llama_chat_v4,5d2869822989e19b
SEC_0120_82K,SEC_0120,SEC,UNANSWERABLE,82K,81532,81767,235,128,131072,33,True,llama_chat_v4,5d2869822989e19b
SEC_0121_4K,SEC_0121,SEC,UNANSWERABLE,4K,3982,4234,252,128,131072,77566,False,llama_chat_v4,5d2869822989e19b
SEC_0121_8K,SEC_0121,SEC,UNANSWERABLE,8K,8125,8377,252,128,131072,73423,False,llama_chat_v4,5d2869822989e19b
SEC_0121_16K,SEC_0121,SEC,UNANSWERABLE,16K,16186,16438,252,128,131072,65362,False,llama_chat_v4,5d2869822989e19b
SEC_0121_32K,SEC_0121,SEC,UNANSWERABLE,32K,32530,32782,252,128,131072,49018,False,llama_chat_v4,5d2869822989e19b
SEC_0121_64K,SEC_0121,SEC,UNANSWERABLE,64K,65024,65276,252,128,131072,16524,False,llama_chat_v4,5d2869822989e19b
SEC_0121_82K,SEC_0121,SEC,UNANSWERABLE,82K,81452,81704,252,128,131072,96,True,llama_chat_v4,5d2869822989e19b
SEC_0122_4K,SEC_0122,SEC,UNANSWERABLE,4K,4038,4279,241,128,131072,77521,False,llama_chat_v4,5d2869822989e19b
SEC_0122_8K,SEC_0122,SEC,UNANSWERABLE,8K,8041,8282,241,128,131072,73518,False,llama_chat_v4,5d2869822989e19b
SEC_0122_16K,SEC_0122,SEC,UNANSWERABLE,16K,16184,16425,241,128,131072,65375,False,llama_chat_v4,5d2869822989e19b
SEC_0122_32K,SEC_0122,SEC,UNANSWERABLE,32K,32507,32748,241,128,131072,49052,False,llama_chat_v4,5d2869822989e19b
SEC_0122_64K,SEC_0122,SEC,UNANSWERABLE,64K,65002,65243,241,128,131072,16557,False,llama_chat_v4,5d2869822989e19b
SEC_0122_82K,SEC_0122,SEC,UNANSWERABLE,82K,81532,81773,241,128,131072,27,True,llama_chat_v4,5d2869822989e19b
SEC_0123_4K,SEC_0123,SEC,UNANSWERABLE,4K,4028,4278,250,128,131072,77522,False,llama_chat_v4,5d2869822989e19b
SEC_0123_8K,SEC_0123,SEC,UNANSWERABLE,8K,8132,8382,250,128,131072,73418,False,llama_chat_v4,5d2869822989e19b
SEC_0123_16K,SEC_0123,SEC,UNANSWERABLE,16K,16168,16418,250,128,131072,65382,False,llama_chat_v4,5d2869822989e19b
SEC_0123_32K,SEC_0123,SEC,UNANSWERABLE,32K,32520,32770,250,128,131072,49030,False,llama_chat_v4,5d2869822989e19b
SEC_0123_64K,SEC_0123,SEC,UNANSWERABLE,64K,64962,65212,250,128,131072,16588,False,llama_chat_v4,5d2869822989e19b
SEC_0123_82K,SEC_0123,SEC,UNANSWERABLE,82K,81401,81651,250,128,131072,149,True,llama_chat_v4,5d2869822989e19b
SEC_0124_4K,SEC_0124,SEC,UNANSWERABLE,4K,4017,4260,243,128,131072,77540,False,llama_chat_v4,5d2869822989e19b
SEC_0124_8K,SEC_0124,SEC,UNANSWERABLE,8K,8115,8358,243,128,131072,73442,False,llama_chat_v4,5d2869822989e19b
SEC_0124_16K,SEC_0124,SEC,UNANSWERABLE,16K,16163,16406,243,128,131072,65394,False,llama_chat_v4,5d2869822989e19b
SEC_0124_32K,SEC_0124,SEC,UNANSWERABLE,32K,32490,32733,243,128,131072,49067,False,llama_chat_v4,5d2869822989e19b
SEC_0124_64K,SEC_0124,SEC,UNANSWERABLE,64K,65065,65308,243,128,131072,16492,False,llama_chat_v4,5d2869822989e19b
SEC_0124_82K,SEC_0124,SEC,UNANSWERABLE,82K,81429,81672,243,128,131072,128,True,llama_chat_v4,5d2869822989e19b
SEC_0125_4K,SEC_0125,SEC,UNANSWERABLE,4K,4066,4300,234,128,131072,77500,False,llama_chat_v4,5d2869822989e19b
SEC_0125_8K,SEC_0125,SEC,UNANSWERABLE,8K,8129,8363,234,128,131072,73437,False,llama_chat_v4,5d2869822989e19b
SEC_0125_16K,SEC_0125,SEC,UNANSWERABLE,16K,16211,16445,234,128,131072,65355,False,llama_chat_v4,5d2869822989e19b
SEC_0125_32K,SEC_0125,SEC,UNANSWERABLE,32K,32521,32755,234,128,131072,49045,False,llama_chat_v4,5d2869822989e19b
SEC_0125_64K,SEC_0125,SEC,UNANSWERABLE,64K,65056,65290,234,128,131072,16510,False,llama_chat_v4,5d2869822989e19b
SEC_0125_82K,SEC_0125,SEC,UNANSWERABLE,82K,81498,81732,234,128,131072,68,True,llama_chat_v4,5d2869822989e19b
FDA_0001_4K,FDA_0001,FDA,DIRECT_RETRIEVAL,4K,4051,4284,233,128,131072,77516,False,llama_chat_v4,5d2869822989e19b
FDA_0001_8K,FDA_0001,FDA,DIRECT_RETRIEVAL,8K,8103,8336,233,128,131072,73464,False,llama_chat_v4,5d2869822989e19b
FDA_0001_16K,FDA_0001,FDA,DIRECT_RETRIEVAL,16K,16188,16421,233,128,131072,65379,False,llama_chat_v4,5d2869822989e19b
FDA_0001_32K,FDA_0001,FDA,DIRECT_RETRIEVAL,32K,32390,32623,233,128,131072,49177,False,llama_chat_v4,5d2869822989e19b
FDA_0001_64K,FDA_0001,FDA,DIRECT_RETRIEVAL,64K,64844,65077,233,128,131072,16723,False,llama_chat_v4,5d2869822989e19b
FDA_0001_82K,FDA_0001,FDA,DIRECT_RETRIEVAL,82K,81504,81737,233,128,131072,63,True,llama_chat_v4,5d2869822989e19b
FDA_0002_4K,FDA_0002,FDA,DIRECT_RETRIEVAL,4K,4052,4286,234,128,131072,77514,False,llama_chat_v4,5d2869822989e19b
FDA_0002_8K,FDA_0002,FDA,DIRECT_RETRIEVAL,8K,8062,8296,234,128,131072,73504,False,llama_chat_v4,5d2869822989e19b
FDA_0002_16K,FDA_0002,FDA,DIRECT_RETRIEVAL,16K,16177,16411,234,128,131072,65389,False,llama_chat_v4,5d2869822989e19b
FDA_0002_32K,FDA_0002,FDA,DIRECT_RETRIEVAL,32K,32379,32613,234,128,131072,49187,False,llama_chat_v4,5d2869822989e19b
FDA_0002_64K,FDA_0002,FDA,DIRECT_RETRIEVAL,64K,64788,65022,234,128,131072,16778,False,llama_chat_v4,5d2869822989e19b
FDA_0002_82K,FDA_0002,FDA,DIRECT_RETRIEVAL,82K,81486,81720,234,128,131072,80,True,llama_chat_v4,5d2869822989e19b
FDA_0003_4K,FDA_0003,FDA,DIRECT_RETRIEVAL,4K,3996,4231,235,128,131072,77569,False,llama_chat_v4,5d2869822989e19b
FDA_0003_8K,FDA_0003,FDA,DIRECT_RETRIEVAL,8K,8094,8329,235,128,131072,73471,False,llama_chat_v4,5d2869822989e19b
FDA_0003_16K,FDA_0003,FDA,DIRECT_RETRIEVAL,16K,16209,16444,235,128,131072,65356,False,llama_chat_v4,5d2869822989e19b
FDA_0003_32K,FDA_0003,FDA,DIRECT_RETRIEVAL,32K,32405,32640,235,128,131072,49160,False,llama_chat_v4,5d2869822989e19b
FDA_0003_64K,FDA_0003,FDA,DIRECT_RETRIEVAL,64K,64817,65052,235,128,131072,16748,False,llama_chat_v4,5d2869822989e19b
FDA_0003_82K,FDA_0003,FDA,DIRECT_RETRIEVAL,82K,81487,81722,235,128,131072,78,True,llama_chat_v4,5d2869822989e19b
FDA_0004_4K,FDA_0004,FDA,DIRECT_RETRIEVAL,4K,4036,4278,242,128,131072,77522,False,llama_chat_v4,5d2869822989e19b
FDA_0004_8K,FDA_0004,FDA,DIRECT_RETRIEVAL,8K,8075,8317,242,128,131072,73483,False,llama_chat_v4,5d2869822989e19b
FDA_0004_16K,FDA_0004,FDA,DIRECT_RETRIEVAL,16K,16163,16405,242,128,131072,65395,False,llama_chat_v4,5d2869822989e19b
FDA_0004_32K,FDA_0004,FDA,DIRECT_RETRIEVAL,32K,32360,32602,242,128,131072,49198,False,llama_chat_v4,5d2869822989e19b
FDA_0004_64K,FDA_0004,FDA,DIRECT_RETRIEVAL,64K,64829,65071,242,128,131072,16729,False,llama_chat_v4,5d2869822989e19b
FDA_0004_82K,FDA_0004,FDA,DIRECT_RETRIEVAL,82K,81554,81796,242,128,131072,4,True,llama_chat_v4,5d2869822989e19b
FDA_0005_4K,FDA_0005,FDA,DIRECT_RETRIEVAL,4K,4034,4280,246,128,131072,77520,False,llama_chat_v4,5d2869822989e19b
FDA_0005_8K,FDA_0005,FDA,DIRECT_RETRIEVAL,8K,8048,8294,246,128,131072,73506,False,llama_chat_v4,5d2869822989e19b
FDA_0005_16K,FDA_0005,FDA,DIRECT_RETRIEVAL,16K,16195,16441,246,128,131072,65359,False,llama_chat_v4,5d2869822989e19b
FDA_0005_32K,FDA_0005,FDA,DIRECT_RETRIEVAL,32K,32388,32634,246,128,131072,49166,False,llama_chat_v4,5d2869822989e19b
FDA_0005_64K,FDA_0005,FDA,DIRECT_RETRIEVAL,64K,64793,65039,246,128,131072,16761,False,llama_chat_v4,5d2869822989e19b
FDA_0005_82K,FDA_0005,FDA,DIRECT_RETRIEVAL,82K,81529,81775,246,128,131072,25,True,llama_chat_v4,5d2869822989e19b
FDA_0006_4K,FDA_0006,FDA,ENTITY_UNIT_BINDING,4K,4035,4277,242,128,131072,77523,False,llama_chat_v4,5d2869822989e19b
FDA_0006_8K,FDA_0006,FDA,ENTITY_UNIT_BINDING,8K,8104,8346,242,128,131072,73454,False,llama_chat_v4,5d2869822989e19b
FDA_0006_16K,FDA_0006,FDA,ENTITY_UNIT_BINDING,16K,16220,16462,242,128,131072,65338,False,llama_chat_v4,5d2869822989e19b
FDA_0006_32K,FDA_0006,FDA,ENTITY_UNIT_BINDING,32K,32406,32648,242,128,131072,49152,False,llama_chat_v4,5d2869822989e19b
FDA_0006_64K,FDA_0006,FDA,ENTITY_UNIT_BINDING,64K,64824,65066,242,128,131072,16734,False,llama_chat_v4,5d2869822989e19b
FDA_0006_82K,FDA_0006,FDA,ENTITY_UNIT_BINDING,82K,81554,81796,242,128,131072,4,True,llama_chat_v4,5d2869822989e19b
FDA_0007_4K,FDA_0007,FDA,ENTITY_UNIT_BINDING,4K,4013,4249,236,128,131072,77551,False,llama_chat_v4,5d2869822989e19b
FDA_0007_8K,FDA_0007,FDA,ENTITY_UNIT_BINDING,8K,8044,8280,236,128,131072,73520,False,llama_chat_v4,5d2869822989e19b
FDA_0007_16K,FDA_0007,FDA,ENTITY_UNIT_BINDING,16K,16167,16403,236,128,131072,65397,False,llama_chat_v4,5d2869822989e19b
FDA_0007_32K,FDA_0007,FDA,ENTITY_UNIT_BINDING,32K,32392,32628,236,128,131072,49172,False,llama_chat_v4,5d2869822989e19b
FDA_0007_64K,FDA_0007,FDA,ENTITY_UNIT_BINDING,64K,64818,65054,236,128,131072,16746,False,llama_chat_v4,5d2869822989e19b
FDA_0007_82K,FDA_0007,FDA,ENTITY_UNIT_BINDING,82K,81493,81729,236,128,131072,71,True,llama_chat_v4,5d2869822989e19b
FDA_0008_4K,FDA_0008,FDA,ENTITY_UNIT_BINDING,4K,4028,4261,233,128,131072,77539,False,llama_chat_v4,5d2869822989e19b
FDA_0008_8K,FDA_0008,FDA,ENTITY_UNIT_BINDING,8K,8109,8342,233,128,131072,73458,False,llama_chat_v4,5d2869822989e19b
FDA_0008_16K,FDA_0008,FDA,ENTITY_UNIT_BINDING,16K,16195,16428,233,128,131072,65372,False,llama_chat_v4,5d2869822989e19b
FDA_0008_32K,FDA_0008,FDA,ENTITY_UNIT_BINDING,32K,32395,32628,233,128,131072,49172,False,llama_chat_v4,5d2869822989e19b
FDA_0008_64K,FDA_0008,FDA,ENTITY_UNIT_BINDING,64K,64850,65083,233,128,131072,16717,False,llama_chat_v4,5d2869822989e19b
FDA_0008_82K,FDA_0008,FDA,ENTITY_UNIT_BINDING,82K,81527,81760,233,128,131072,40,True,llama_chat_v4,5d2869822989e19b
FDA_0009_4K,FDA_0009,FDA,ENTITY_UNIT_BINDING,4K,3977,4213,236,128,131072,77587,False,llama_chat_v4,5d2869822989e19b
FDA_0009_8K,FDA_0009,FDA,ENTITY_UNIT_BINDING,8K,8054,8290,236,128,131072,73510,False,llama_chat_v4,5d2869822989e19b
FDA_0009_16K,FDA_0009,FDA,ENTITY_UNIT_BINDING,16K,16213,16449,236,128,131072,65351,False,llama_chat_v4,5d2869822989e19b
FDA_0009_32K,FDA_0009,FDA,ENTITY_UNIT_BINDING,32K,32399,32635,236,128,131072,49165,False,llama_chat_v4,5d2869822989e19b
FDA_0009_64K,FDA_0009,FDA,ENTITY_UNIT_BINDING,64K,64868,65104,236,128,131072,16696,False,llama_chat_v4,5d2869822989e19b
FDA_0009_82K,FDA_0009,FDA,ENTITY_UNIT_BINDING,82K,81564,81800,236,128,131072,0,True,llama_chat_v4,5d2869822989e19b
FDA_0010_4K,FDA_0010,FDA,RETRIEVAL_CALCULATION,4K,3982,4209,227,128,131072,77591,False,llama_chat_v4,5d2869822989e19b
FDA_0010_8K,FDA_0010,FDA,RETRIEVAL_CALCULATION,8K,8058,8285,227,128,131072,73515,False,llama_chat_v4,5d2869822989e19b
FDA_0010_16K,FDA_0010,FDA,RETRIEVAL_CALCULATION,16K,16210,16437,227,128,131072,65363,False,llama_chat_v4,5d2869822989e19b
FDA_0010_32K,FDA_0010,FDA,RETRIEVAL_CALCULATION,32K,32408,32635,227,128,131072,49165,False,llama_chat_v4,5d2869822989e19b
FDA_0010_64K,FDA_0010,FDA,RETRIEVAL_CALCULATION,64K,64784,65011,227,128,131072,16789,False,llama_chat_v4,5d2869822989e19b
FDA_0010_82K,FDA_0010,FDA,RETRIEVAL_CALCULATION,82K,81552,81779,227,128,131072,21,True,llama_chat_v4,5d2869822989e19b
FDA_0011_4K,FDA_0011,FDA,RETRIEVAL_CALCULATION,4K,4013,4240,227,128,131072,77560,False,llama_chat_v4,5d2869822989e19b
FDA_0011_8K,FDA_0011,FDA,RETRIEVAL_CALCULATION,8K,8058,8285,227,128,131072,73515,False,llama_chat_v4,5d2869822989e19b
FDA_0011_16K,FDA_0011,FDA,RETRIEVAL_CALCULATION,16K,16207,16434,227,128,131072,65366,False,llama_chat_v4,5d2869822989e19b
FDA_0011_32K,FDA_0011,FDA,RETRIEVAL_CALCULATION,32K,32347,32574,227,128,131072,49226,False,llama_chat_v4,5d2869822989e19b
FDA_0011_64K,FDA_0011,FDA,RETRIEVAL_CALCULATION,64K,64811,65038,227,128,131072,16762,False,llama_chat_v4,5d2869822989e19b
FDA_0011_82K,FDA_0011,FDA,RETRIEVAL_CALCULATION,82K,81534,81761,227,128,131072,39,True,llama_chat_v4,5d2869822989e19b
FDA_0012_4K,FDA_0012,FDA,RETRIEVAL_CALCULATION,4K,4038,4267,229,128,131072,77533,False,llama_chat_v4,5d2869822989e19b
FDA_0012_8K,FDA_0012,FDA,RETRIEVAL_CALCULATION,8K,8097,8326,229,128,131072,73474,False,llama_chat_v4,5d2869822989e19b
FDA_0012_16K,FDA_0012,FDA,RETRIEVAL_CALCULATION,16K,16174,16403,229,128,131072,65397,False,llama_chat_v4,5d2869822989e19b
FDA_0012_32K,FDA_0012,FDA,RETRIEVAL_CALCULATION,32K,32412,32641,229,128,131072,49159,False,llama_chat_v4,5d2869822989e19b
FDA_0012_64K,FDA_0012,FDA,RETRIEVAL_CALCULATION,64K,64836,65065,229,128,131072,16735,False,llama_chat_v4,5d2869822989e19b
FDA_0012_82K,FDA_0012,FDA,RETRIEVAL_CALCULATION,82K,81525,81754,229,128,131072,46,True,llama_chat_v4,5d2869822989e19b
FDA_0013_4K,FDA_0013,FDA,RETRIEVAL_CALCULATION,4K,4003,4231,228,128,131072,77569,False,llama_chat_v4,5d2869822989e19b
FDA_0013_8K,FDA_0013,FDA,RETRIEVAL_CALCULATION,8K,8059,8287,228,128,131072,73513,False,llama_chat_v4,5d2869822989e19b
FDA_0013_16K,FDA_0013,FDA,RETRIEVAL_CALCULATION,16K,16174,16402,228,128,131072,65398,False,llama_chat_v4,5d2869822989e19b
FDA_0013_32K,FDA_0013,FDA,RETRIEVAL_CALCULATION,32K,32352,32580,228,128,131072,49220,False,llama_chat_v4,5d2869822989e19b
FDA_0013_64K,FDA_0013,FDA,RETRIEVAL_CALCULATION,64K,64790,65018,228,128,131072,16782,False,llama_chat_v4,5d2869822989e19b
FDA_0013_82K,FDA_0013,FDA,RETRIEVAL_CALCULATION,82K,81491,81719,228,128,131072,81,True,llama_chat_v4,5d2869822989e19b
FDA_0014_4K,FDA_0014,FDA,RETRIEVAL_CALCULATION,4K,4038,4288,250,128,131072,77512,False,llama_chat_v4,5d2869822989e19b
FDA_0014_8K,FDA_0014,FDA,RETRIEVAL_CALCULATION,8K,8091,8341,250,128,131072,73459,False,llama_chat_v4,5d2869822989e19b
FDA_0014_16K,FDA_0014,FDA,RETRIEVAL_CALCULATION,16K,16168,16418,250,128,131072,65382,False,llama_chat_v4,5d2869822989e19b
FDA_0014_32K,FDA_0014,FDA,RETRIEVAL_CALCULATION,32K,32423,32673,250,128,131072,49127,False,llama_chat_v4,5d2869822989e19b
FDA_0014_64K,FDA_0014,FDA,RETRIEVAL_CALCULATION,64K,64826,65076,250,128,131072,16724,False,llama_chat_v4,5d2869822989e19b
FDA_0014_82K,FDA_0014,FDA,RETRIEVAL_CALCULATION,82K,81541,81791,250,128,131072,9,True,llama_chat_v4,5d2869822989e19b
FDA_0015_4K,FDA_0015,FDA,RETRIEVAL_CALCULATION,4K,4053,4295,242,128,131072,77505,False,llama_chat_v4,5d2869822989e19b
FDA_0015_8K,FDA_0015,FDA,RETRIEVAL_CALCULATION,8K,8052,8294,242,128,131072,73506,False,llama_chat_v4,5d2869822989e19b
FDA_0015_16K,FDA_0015,FDA,RETRIEVAL_CALCULATION,16K,16204,16446,242,128,131072,65354,False,llama_chat_v4,5d2869822989e19b
FDA_0015_32K,FDA_0015,FDA,RETRIEVAL_CALCULATION,32K,32385,32627,242,128,131072,49173,False,llama_chat_v4,5d2869822989e19b
FDA_0015_64K,FDA_0015,FDA,RETRIEVAL_CALCULATION,64K,64869,65111,242,128,131072,16689,False,llama_chat_v4,5d2869822989e19b
FDA_0015_82K,FDA_0015,FDA,RETRIEVAL_CALCULATION,82K,81548,81790,242,128,131072,10,True,llama_chat_v4,5d2869822989e19b
FDA_0016_4K,FDA_0016,FDA,RETRIEVAL_CALCULATION,4K,4055,4307,252,128,131072,77493,False,llama_chat_v4,5d2869822989e19b
FDA_0016_8K,FDA_0016,FDA,RETRIEVAL_CALCULATION,8K,8109,8361,252,128,131072,73439,False,llama_chat_v4,5d2869822989e19b
FDA_0016_16K,FDA_0016,FDA,RETRIEVAL_CALCULATION,16K,16202,16454,252,128,131072,65346,False,llama_chat_v4,5d2869822989e19b
FDA_0016_32K,FDA_0016,FDA,RETRIEVAL_CALCULATION,32K,32402,32654,252,128,131072,49146,False,llama_chat_v4,5d2869822989e19b
FDA_0016_64K,FDA_0016,FDA,RETRIEVAL_CALCULATION,64K,64868,65120,252,128,131072,16680,False,llama_chat_v4,5d2869822989e19b
FDA_0016_82K,FDA_0016,FDA,RETRIEVAL_CALCULATION,82K,81542,81794,252,128,131072,6,True,llama_chat_v4,5d2869822989e19b
FDA_0017_4K,FDA_0017,FDA,RETRIEVAL_CALCULATION,4K,4042,4294,252,128,131072,77506,False,llama_chat_v4,5d2869822989e19b
FDA_0017_8K,FDA_0017,FDA,RETRIEVAL_CALCULATION,8K,8089,8341,252,128,131072,73459,False,llama_chat_v4,5d2869822989e19b
FDA_0017_16K,FDA_0017,FDA,RETRIEVAL_CALCULATION,16K,16198,16450,252,128,131072,65350,False,llama_chat_v4,5d2869822989e19b
FDA_0017_32K,FDA_0017,FDA,RETRIEVAL_CALCULATION,32K,32427,32679,252,128,131072,49121,False,llama_chat_v4,5d2869822989e19b
FDA_0017_64K,FDA_0017,FDA,RETRIEVAL_CALCULATION,64K,64816,65068,252,128,131072,16732,False,llama_chat_v4,5d2869822989e19b
FDA_0017_82K,FDA_0017,FDA,RETRIEVAL_CALCULATION,82K,81470,81722,252,128,131072,78,True,llama_chat_v4,5d2869822989e19b
FDA_0018_4K,FDA_0018,FDA,TEMPORAL_VERSION,4K,3999,4225,226,128,131072,77575,False,llama_chat_v4,5d2869822989e19b
FDA_0018_8K,FDA_0018,FDA,TEMPORAL_VERSION,8K,8082,8308,226,128,131072,73492,False,llama_chat_v4,5d2869822989e19b
FDA_0018_16K,FDA_0018,FDA,TEMPORAL_VERSION,16K,16197,16423,226,128,131072,65377,False,llama_chat_v4,5d2869822989e19b
FDA_0018_32K,FDA_0018,FDA,TEMPORAL_VERSION,32K,32393,32619,226,128,131072,49181,False,llama_chat_v4,5d2869822989e19b
FDA_0018_64K,FDA_0018,FDA,TEMPORAL_VERSION,64K,64792,65018,226,128,131072,16782,False,llama_chat_v4,5d2869822989e19b
FDA_0018_82K,FDA_0018,FDA,TEMPORAL_VERSION,82K,81559,81785,226,128,131072,15,True,llama_chat_v4,5d2869822989e19b
FDA_0019_4K,FDA_0019,FDA,TEMPORAL_VERSION,4K,3981,4209,228,128,131072,77591,False,llama_chat_v4,5d2869822989e19b
FDA_0019_8K,FDA_0019,FDA,TEMPORAL_VERSION,8K,8104,8332,228,128,131072,73468,False,llama_chat_v4,5d2869822989e19b
FDA_0019_16K,FDA_0019,FDA,TEMPORAL_VERSION,16K,16210,16438,228,128,131072,65362,False,llama_chat_v4,5d2869822989e19b
FDA_0019_32K,FDA_0019,FDA,TEMPORAL_VERSION,32K,32361,32589,228,128,131072,49211,False,llama_chat_v4,5d2869822989e19b
FDA_0019_64K,FDA_0019,FDA,TEMPORAL_VERSION,64K,64783,65011,228,128,131072,16789,False,llama_chat_v4,5d2869822989e19b
FDA_0019_82K,FDA_0019,FDA,TEMPORAL_VERSION,82K,81503,81731,228,128,131072,69,True,llama_chat_v4,5d2869822989e19b
FDA_0020_4K,FDA_0020,FDA,TEMPORAL_VERSION,4K,4023,4249,226,128,131072,77551,False,llama_chat_v4,5d2869822989e19b
FDA_0020_8K,FDA_0020,FDA,TEMPORAL_VERSION,8K,8033,8259,226,128,131072,73541,False,llama_chat_v4,5d2869822989e19b
FDA_0020_16K,FDA_0020,FDA,TEMPORAL_VERSION,16K,16210,16436,226,128,131072,65364,False,llama_chat_v4,5d2869822989e19b
FDA_0020_32K,FDA_0020,FDA,TEMPORAL_VERSION,32K,32413,32639,226,128,131072,49161,False,llama_chat_v4,5d2869822989e19b
FDA_0020_64K,FDA_0020,FDA,TEMPORAL_VERSION,64K,64801,65027,226,128,131072,16773,False,llama_chat_v4,5d2869822989e19b
FDA_0020_82K,FDA_0020,FDA,TEMPORAL_VERSION,82K,81514,81740,226,128,131072,60,True,llama_chat_v4,5d2869822989e19b
FDA_0021_4K,FDA_0021,FDA,UNANSWERABLE,4K,4022,4253,231,128,131072,77547,False,llama_chat_v4,5d2869822989e19b
FDA_0021_8K,FDA_0021,FDA,UNANSWERABLE,8K,8031,8262,231,128,131072,73538,False,llama_chat_v4,5d2869822989e19b
FDA_0021_16K,FDA_0021,FDA,UNANSWERABLE,16K,16197,16428,231,128,131072,65372,False,llama_chat_v4,5d2869822989e19b
FDA_0021_32K,FDA_0021,FDA,UNANSWERABLE,32K,32373,32604,231,128,131072,49196,False,llama_chat_v4,5d2869822989e19b
FDA_0021_64K,FDA_0021,FDA,UNANSWERABLE,64K,64831,65062,231,128,131072,16738,False,llama_chat_v4,5d2869822989e19b
FDA_0021_82K,FDA_0021,FDA,UNANSWERABLE,82K,81548,81779,231,128,131072,21,True,llama_chat_v4,5d2869822989e19b
FDA_0022_4K,FDA_0022,FDA,UNANSWERABLE,4K,4034,4264,230,128,131072,77536,False,llama_chat_v4,5d2869822989e19b
FDA_0022_8K,FDA_0022,FDA,UNANSWERABLE,8K,8069,8299,230,128,131072,73501,False,llama_chat_v4,5d2869822989e19b
FDA_0022_16K,FDA_0022,FDA,UNANSWERABLE,16K,16212,16442,230,128,131072,65358,False,llama_chat_v4,5d2869822989e19b
FDA_0022_32K,FDA_0022,FDA,UNANSWERABLE,32K,32414,32644,230,128,131072,49156,False,llama_chat_v4,5d2869822989e19b
FDA_0022_64K,FDA_0022,FDA,UNANSWERABLE,64K,64779,65009,230,128,131072,16791,False,llama_chat_v4,5d2869822989e19b
FDA_0022_82K,FDA_0022,FDA,UNANSWERABLE,82K,81555,81785,230,128,131072,15,True,llama_chat_v4,5d2869822989e19b
FDA_0023_4K,FDA_0023,FDA,UNANSWERABLE,4K,4000,4230,230,128,131072,77570,False,llama_chat_v4,5d2869822989e19b
FDA_0023_8K,FDA_0023,FDA,UNANSWERABLE,8K,8088,8318,230,128,131072,73482,False,llama_chat_v4,5d2869822989e19b
FDA_0023_16K,FDA_0023,FDA,UNANSWERABLE,16K,16210,16440,230,128,131072,65360,False,llama_chat_v4,5d2869822989e19b
FDA_0023_32K,FDA_0023,FDA,UNANSWERABLE,32K,32396,32626,230,128,131072,49174,False,llama_chat_v4,5d2869822989e19b
FDA_0023_64K,FDA_0023,FDA,UNANSWERABLE,64K,64774,65004,230,128,131072,16796,False,llama_chat_v4,5d2869822989e19b
FDA_0023_82K,FDA_0023,FDA,UNANSWERABLE,82K,81545,81775,230,128,131072,25,True,llama_chat_v4,5d2869822989e19b
FDA_0024_4K,FDA_0024,FDA,UNANSWERABLE,4K,4051,4281,230,128,131072,77519,False,llama_chat_v4,5d2869822989e19b
FDA_0024_8K,FDA_0024,FDA,UNANSWERABLE,8K,8039,8269,230,128,131072,73531,False,llama_chat_v4,5d2869822989e19b
FDA_0024_16K,FDA_0024,FDA,UNANSWERABLE,16K,16176,16406,230,128,131072,65394,False,llama_chat_v4,5d2869822989e19b
FDA_0024_32K,FDA_0024,FDA,UNANSWERABLE,32K,32349,32579,230,128,131072,49221,False,llama_chat_v4,5d2869822989e19b
FDA_0024_64K,FDA_0024,FDA,UNANSWERABLE,64K,64845,65075,230,128,131072,16725,False,llama_chat_v4,5d2869822989e19b
FDA_0024_82K,FDA_0024,FDA,UNANSWERABLE,82K,81567,81797,230,128,131072,3,True,llama_chat_v4,5d2869822989e19b
FDA_0025_4K,FDA_0025,FDA,UNANSWERABLE,4K,4023,4253,230,128,131072,77547,False,llama_chat_v4,5d2869822989e19b
FDA_0025_8K,FDA_0025,FDA,UNANSWERABLE,8K,8100,8330,230,128,131072,73470,False,llama_chat_v4,5d2869822989e19b
FDA_0025_16K,FDA_0025,FDA,UNANSWERABLE,16K,16193,16423,230,128,131072,65377,False,llama_chat_v4,5d2869822989e19b
FDA_0025_32K,FDA_0025,FDA,UNANSWERABLE,32K,32370,32600,230,128,131072,49200,False,llama_chat_v4,5d2869822989e19b
FDA_0025_64K,FDA_0025,FDA,UNANSWERABLE,64K,64777,65007,230,128,131072,16793,False,llama_chat_v4,5d2869822989e19b
FDA_0025_82K,FDA_0025,FDA,UNANSWERABLE,82K,81500,81730,230,128,131072,70,True,llama_chat_v4,5d2869822989e19b
FDA_0026_4K,FDA_0026,FDA,DIRECT_RETRIEVAL,4K,4049,4292,243,128,131072,77508,False,llama_chat_v4,5d2869822989e19b
FDA_0026_8K,FDA_0026,FDA,DIRECT_RETRIEVAL,8K,8053,8296,243,128,131072,73504,False,llama_chat_v4,5d2869822989e19b
FDA_0026_16K,FDA_0026,FDA,DIRECT_RETRIEVAL,16K,16209,16452,243,128,131072,65348,False,llama_chat_v4,5d2869822989e19b
FDA_0026_32K,FDA_0026,FDA,DIRECT_RETRIEVAL,32K,32353,32596,243,128,131072,49204,False,llama_chat_v4,5d2869822989e19b
FDA_0026_64K,FDA_0026,FDA,DIRECT_RETRIEVAL,64K,64798,65041,243,128,131072,16759,False,llama_chat_v4,5d2869822989e19b
FDA_0026_82K,FDA_0026,FDA,DIRECT_RETRIEVAL,82K,81524,81767,243,128,131072,33,True,llama_chat_v4,5d2869822989e19b
FDA_0027_4K,FDA_0027,FDA,DIRECT_RETRIEVAL,4K,4015,4252,237,128,131072,77548,False,llama_chat_v4,5d2869822989e19b
FDA_0027_8K,FDA_0027,FDA,DIRECT_RETRIEVAL,8K,8059,8296,237,128,131072,73504,False,llama_chat_v4,5d2869822989e19b
FDA_0027_16K,FDA_0027,FDA,DIRECT_RETRIEVAL,16K,16202,16439,237,128,131072,65361,False,llama_chat_v4,5d2869822989e19b
FDA_0027_32K,FDA_0027,FDA,DIRECT_RETRIEVAL,32K,32393,32630,237,128,131072,49170,False,llama_chat_v4,5d2869822989e19b
FDA_0027_64K,FDA_0027,FDA,DIRECT_RETRIEVAL,64K,64794,65031,237,128,131072,16769,False,llama_chat_v4,5d2869822989e19b
FDA_0027_82K,FDA_0027,FDA,DIRECT_RETRIEVAL,82K,81490,81727,237,128,131072,73,True,llama_chat_v4,5d2869822989e19b
FDA_0028_4K,FDA_0028,FDA,DIRECT_RETRIEVAL,4K,4053,4294,241,128,131072,77506,False,llama_chat_v4,5d2869822989e19b
FDA_0028_8K,FDA_0028,FDA,DIRECT_RETRIEVAL,8K,8033,8274,241,128,131072,73526,False,llama_chat_v4,5d2869822989e19b
FDA_0028_16K,FDA_0028,FDA,DIRECT_RETRIEVAL,16K,16184,16425,241,128,131072,65375,False,llama_chat_v4,5d2869822989e19b
FDA_0028_32K,FDA_0028,FDA,DIRECT_RETRIEVAL,32K,32404,32645,241,128,131072,49155,False,llama_chat_v4,5d2869822989e19b
FDA_0028_64K,FDA_0028,FDA,DIRECT_RETRIEVAL,64K,64805,65046,241,128,131072,16754,False,llama_chat_v4,5d2869822989e19b
FDA_0028_82K,FDA_0028,FDA,DIRECT_RETRIEVAL,82K,81515,81756,241,128,131072,44,True,llama_chat_v4,5d2869822989e19b
FDA_0029_4K,FDA_0029,FDA,DIRECT_RETRIEVAL,4K,4031,4272,241,128,131072,77528,False,llama_chat_v4,5d2869822989e19b
FDA_0029_8K,FDA_0029,FDA,DIRECT_RETRIEVAL,8K,8074,8315,241,128,131072,73485,False,llama_chat_v4,5d2869822989e19b
FDA_0029_16K,FDA_0029,FDA,DIRECT_RETRIEVAL,16K,16209,16450,241,128,131072,65350,False,llama_chat_v4,5d2869822989e19b
FDA_0029_32K,FDA_0029,FDA,DIRECT_RETRIEVAL,32K,32412,32653,241,128,131072,49147,False,llama_chat_v4,5d2869822989e19b
FDA_0029_64K,FDA_0029,FDA,DIRECT_RETRIEVAL,64K,64830,65071,241,128,131072,16729,False,llama_chat_v4,5d2869822989e19b
FDA_0029_82K,FDA_0029,FDA,DIRECT_RETRIEVAL,82K,81535,81776,241,128,131072,24,True,llama_chat_v4,5d2869822989e19b
FDA_0030_4K,FDA_0030,FDA,DIRECT_RETRIEVAL,4K,4040,4274,234,128,131072,77526,False,llama_chat_v4,5d2869822989e19b
FDA_0030_8K,FDA_0030,FDA,DIRECT_RETRIEVAL,8K,8047,8281,234,128,131072,73519,False,llama_chat_v4,5d2869822989e19b
FDA_0030_16K,FDA_0030,FDA,DIRECT_RETRIEVAL,16K,16210,16444,234,128,131072,65356,False,llama_chat_v4,5d2869822989e19b
FDA_0030_32K,FDA_0030,FDA,DIRECT_RETRIEVAL,32K,32404,32638,234,128,131072,49162,False,llama_chat_v4,5d2869822989e19b
FDA_0030_64K,FDA_0030,FDA,DIRECT_RETRIEVAL,64K,64828,65062,234,128,131072,16738,False,llama_chat_v4,5d2869822989e19b
FDA_0030_82K,FDA_0030,FDA,DIRECT_RETRIEVAL,82K,81548,81782,234,128,131072,18,True,llama_chat_v4,5d2869822989e19b
FDA_0031_4K,FDA_0031,FDA,DIRECT_RETRIEVAL,4K,3997,4230,233,128,131072,77570,False,llama_chat_v4,5d2869822989e19b
FDA_0031_8K,FDA_0031,FDA,DIRECT_RETRIEVAL,8K,8083,8316,233,128,131072,73484,False,llama_chat_v4,5d2869822989e19b
FDA_0031_16K,FDA_0031,FDA,DIRECT_RETRIEVAL,16K,16159,16392,233,128,131072,65408,False,llama_chat_v4,5d2869822989e19b
FDA_0031_32K,FDA_0031,FDA,DIRECT_RETRIEVAL,32K,32419,32652,233,128,131072,49148,False,llama_chat_v4,5d2869822989e19b
FDA_0031_64K,FDA_0031,FDA,DIRECT_RETRIEVAL,64K,64797,65030,233,128,131072,16770,False,llama_chat_v4,5d2869822989e19b
FDA_0031_82K,FDA_0031,FDA,DIRECT_RETRIEVAL,82K,81465,81698,233,128,131072,102,True,llama_chat_v4,5d2869822989e19b
FDA_0032_4K,FDA_0032,FDA,DIRECT_RETRIEVAL,4K,4046,4284,238,128,131072,77516,False,llama_chat_v4,5d2869822989e19b
FDA_0032_8K,FDA_0032,FDA,DIRECT_RETRIEVAL,8K,8027,8265,238,128,131072,73535,False,llama_chat_v4,5d2869822989e19b
FDA_0032_16K,FDA_0032,FDA,DIRECT_RETRIEVAL,16K,16165,16403,238,128,131072,65397,False,llama_chat_v4,5d2869822989e19b
FDA_0032_32K,FDA_0032,FDA,DIRECT_RETRIEVAL,32K,32357,32595,238,128,131072,49205,False,llama_chat_v4,5d2869822989e19b
FDA_0032_64K,FDA_0032,FDA,DIRECT_RETRIEVAL,64K,64846,65084,238,128,131072,16716,False,llama_chat_v4,5d2869822989e19b
FDA_0032_82K,FDA_0032,FDA,DIRECT_RETRIEVAL,82K,81554,81792,238,128,131072,8,True,llama_chat_v4,5d2869822989e19b
FDA_0033_4K,FDA_0033,FDA,DIRECT_RETRIEVAL,4K,4053,4317,264,128,131072,77483,False,llama_chat_v4,5d2869822989e19b
FDA_0033_8K,FDA_0033,FDA,DIRECT_RETRIEVAL,8K,8065,8329,264,128,131072,73471,False,llama_chat_v4,5d2869822989e19b
FDA_0033_16K,FDA_0033,FDA,DIRECT_RETRIEVAL,16K,16211,16475,264,128,131072,65325,False,llama_chat_v4,5d2869822989e19b
FDA_0033_32K,FDA_0033,FDA,DIRECT_RETRIEVAL,32K,32376,32640,264,128,131072,49160,False,llama_chat_v4,5d2869822989e19b
FDA_0033_64K,FDA_0033,FDA,DIRECT_RETRIEVAL,64K,64846,65110,264,128,131072,16690,False,llama_chat_v4,5d2869822989e19b
FDA_0033_82K,FDA_0033,FDA,DIRECT_RETRIEVAL,82K,81525,81789,264,128,131072,11,True,llama_chat_v4,5d2869822989e19b
FDA_0034_4K,FDA_0034,FDA,DIRECT_RETRIEVAL,4K,4037,4271,234,128,131072,77529,False,llama_chat_v4,5d2869822989e19b
FDA_0034_8K,FDA_0034,FDA,DIRECT_RETRIEVAL,8K,8076,8310,234,128,131072,73490,False,llama_chat_v4,5d2869822989e19b
FDA_0034_16K,FDA_0034,FDA,DIRECT_RETRIEVAL,16K,16155,16389,234,128,131072,65411,False,llama_chat_v4,5d2869822989e19b
FDA_0034_32K,FDA_0034,FDA,DIRECT_RETRIEVAL,32K,32411,32645,234,128,131072,49155,False,llama_chat_v4,5d2869822989e19b
FDA_0034_64K,FDA_0034,FDA,DIRECT_RETRIEVAL,64K,64818,65052,234,128,131072,16748,False,llama_chat_v4,5d2869822989e19b
FDA_0034_82K,FDA_0034,FDA,DIRECT_RETRIEVAL,82K,81531,81765,234,128,131072,35,True,llama_chat_v4,5d2869822989e19b
FDA_0035_4K,FDA_0035,FDA,DIRECT_RETRIEVAL,4K,4026,4261,235,128,131072,77539,False,llama_chat_v4,5d2869822989e19b
FDA_0035_8K,FDA_0035,FDA,DIRECT_RETRIEVAL,8K,8037,8272,235,128,131072,73528,False,llama_chat_v4,5d2869822989e19b
FDA_0035_16K,FDA_0035,FDA,DIRECT_RETRIEVAL,16K,16210,16445,235,128,131072,65355,False,llama_chat_v4,5d2869822989e19b
FDA_0035_32K,FDA_0035,FDA,DIRECT_RETRIEVAL,32K,32422,32657,235,128,131072,49143,False,llama_chat_v4,5d2869822989e19b
FDA_0035_64K,FDA_0035,FDA,DIRECT_RETRIEVAL,64K,64833,65068,235,128,131072,16732,False,llama_chat_v4,5d2869822989e19b
FDA_0035_82K,FDA_0035,FDA,DIRECT_RETRIEVAL,82K,81549,81784,235,128,131072,16,True,llama_chat_v4,5d2869822989e19b
FDA_0036_4K,FDA_0036,FDA,DIRECT_RETRIEVAL,4K,4050,4284,234,128,131072,77516,False,llama_chat_v4,5d2869822989e19b
FDA_0036_8K,FDA_0036,FDA,DIRECT_RETRIEVAL,8K,8094,8328,234,128,131072,73472,False,llama_chat_v4,5d2869822989e19b
FDA_0036_16K,FDA_0036,FDA,DIRECT_RETRIEVAL,16K,16185,16419,234,128,131072,65381,False,llama_chat_v4,5d2869822989e19b
FDA_0036_32K,FDA_0036,FDA,DIRECT_RETRIEVAL,32K,32420,32654,234,128,131072,49146,False,llama_chat_v4,5d2869822989e19b
FDA_0036_64K,FDA_0036,FDA,DIRECT_RETRIEVAL,64K,64797,65031,234,128,131072,16769,False,llama_chat_v4,5d2869822989e19b
FDA_0036_82K,FDA_0036,FDA,DIRECT_RETRIEVAL,82K,81475,81709,234,128,131072,91,True,llama_chat_v4,5d2869822989e19b
FDA_0037_4K,FDA_0037,FDA,DIRECT_RETRIEVAL,4K,4024,4267,243,128,131072,77533,False,llama_chat_v4,5d2869822989e19b
FDA_0037_8K,FDA_0037,FDA,DIRECT_RETRIEVAL,8K,8030,8273,243,128,131072,73527,False,llama_chat_v4,5d2869822989e19b
FDA_0037_16K,FDA_0037,FDA,DIRECT_RETRIEVAL,16K,16186,16429,243,128,131072,65371,False,llama_chat_v4,5d2869822989e19b
FDA_0037_32K,FDA_0037,FDA,DIRECT_RETRIEVAL,32K,32404,32647,243,128,131072,49153,False,llama_chat_v4,5d2869822989e19b
FDA_0037_64K,FDA_0037,FDA,DIRECT_RETRIEVAL,64K,64844,65087,243,128,131072,16713,False,llama_chat_v4,5d2869822989e19b
FDA_0037_82K,FDA_0037,FDA,DIRECT_RETRIEVAL,82K,81538,81781,243,128,131072,19,True,llama_chat_v4,5d2869822989e19b
FDA_0038_4K,FDA_0038,FDA,DIRECT_RETRIEVAL,4K,4018,4276,258,128,131072,77524,False,llama_chat_v4,5d2869822989e19b
FDA_0038_8K,FDA_0038,FDA,DIRECT_RETRIEVAL,8K,8061,8319,258,128,131072,73481,False,llama_chat_v4,5d2869822989e19b
FDA_0038_16K,FDA_0038,FDA,DIRECT_RETRIEVAL,16K,16198,16456,258,128,131072,65344,False,llama_chat_v4,5d2869822989e19b
FDA_0038_32K,FDA_0038,FDA,DIRECT_RETRIEVAL,32K,32388,32646,258,128,131072,49154,False,llama_chat_v4,5d2869822989e19b
FDA_0038_64K,FDA_0038,FDA,DIRECT_RETRIEVAL,64K,64792,65050,258,128,131072,16750,False,llama_chat_v4,5d2869822989e19b
FDA_0038_82K,FDA_0038,FDA,DIRECT_RETRIEVAL,82K,81475,81733,258,128,131072,67,True,llama_chat_v4,5d2869822989e19b
FDA_0039_4K,FDA_0039,FDA,DIRECT_RETRIEVAL,4K,4031,4273,242,128,131072,77527,False,llama_chat_v4,5d2869822989e19b
FDA_0039_8K,FDA_0039,FDA,DIRECT_RETRIEVAL,8K,8078,8320,242,128,131072,73480,False,llama_chat_v4,5d2869822989e19b
FDA_0039_16K,FDA_0039,FDA,DIRECT_RETRIEVAL,16K,16203,16445,242,128,131072,65355,False,llama_chat_v4,5d2869822989e19b
FDA_0039_32K,FDA_0039,FDA,DIRECT_RETRIEVAL,32K,32387,32629,242,128,131072,49171,False,llama_chat_v4,5d2869822989e19b
FDA_0039_64K,FDA_0039,FDA,DIRECT_RETRIEVAL,64K,64847,65089,242,128,131072,16711,False,llama_chat_v4,5d2869822989e19b
FDA_0039_82K,FDA_0039,FDA,DIRECT_RETRIEVAL,82K,81534,81776,242,128,131072,24,True,llama_chat_v4,5d2869822989e19b
FDA_0040_4K,FDA_0040,FDA,DIRECT_RETRIEVAL,4K,4017,4279,262,128,131072,77521,False,llama_chat_v4,5d2869822989e19b
FDA_0040_8K,FDA_0040,FDA,DIRECT_RETRIEVAL,8K,8041,8303,262,128,131072,73497,False,llama_chat_v4,5d2869822989e19b
FDA_0040_16K,FDA_0040,FDA,DIRECT_RETRIEVAL,16K,16186,16448,262,128,131072,65352,False,llama_chat_v4,5d2869822989e19b
FDA_0040_32K,FDA_0040,FDA,DIRECT_RETRIEVAL,32K,32395,32657,262,128,131072,49143,False,llama_chat_v4,5d2869822989e19b
FDA_0040_64K,FDA_0040,FDA,DIRECT_RETRIEVAL,64K,64797,65059,262,128,131072,16741,False,llama_chat_v4,5d2869822989e19b
FDA_0040_82K,FDA_0040,FDA,DIRECT_RETRIEVAL,82K,81451,81713,262,128,131072,87,True,llama_chat_v4,5d2869822989e19b
FDA_0041_4K,FDA_0041,FDA,DIRECT_RETRIEVAL,4K,4049,4292,243,128,131072,77508,False,llama_chat_v4,5d2869822989e19b
FDA_0041_8K,FDA_0041,FDA,DIRECT_RETRIEVAL,8K,8101,8344,243,128,131072,73456,False,llama_chat_v4,5d2869822989e19b
FDA_0041_16K,FDA_0041,FDA,DIRECT_RETRIEVAL,16K,16199,16442,243,128,131072,65358,False,llama_chat_v4,5d2869822989e19b
FDA_0041_32K,FDA_0041,FDA,DIRECT_RETRIEVAL,32K,32411,32654,243,128,131072,49146,False,llama_chat_v4,5d2869822989e19b
FDA_0041_64K,FDA_0041,FDA,DIRECT_RETRIEVAL,64K,64773,65016,243,128,131072,16784,False,llama_chat_v4,5d2869822989e19b
FDA_0041_82K,FDA_0041,FDA,DIRECT_RETRIEVAL,82K,81515,81758,243,128,131072,42,True,llama_chat_v4,5d2869822989e19b
FDA_0042_4K,FDA_0042,FDA,DIRECT_RETRIEVAL,4K,3985,4225,240,128,131072,77575,False,llama_chat_v4,5d2869822989e19b
FDA_0042_8K,FDA_0042,FDA,DIRECT_RETRIEVAL,8K,8102,8342,240,128,131072,73458,False,llama_chat_v4,5d2869822989e19b
FDA_0042_16K,FDA_0042,FDA,DIRECT_RETRIEVAL,16K,16157,16397,240,128,131072,65403,False,llama_chat_v4,5d2869822989e19b
FDA_0042_32K,FDA_0042,FDA,DIRECT_RETRIEVAL,32K,32355,32595,240,128,131072,49205,False,llama_chat_v4,5d2869822989e19b
FDA_0042_64K,FDA_0042,FDA,DIRECT_RETRIEVAL,64K,64793,65033,240,128,131072,16767,False,llama_chat_v4,5d2869822989e19b
FDA_0042_82K,FDA_0042,FDA,DIRECT_RETRIEVAL,82K,81523,81763,240,128,131072,37,True,llama_chat_v4,5d2869822989e19b
FDA_0043_4K,FDA_0043,FDA,DIRECT_RETRIEVAL,4K,4049,4283,234,128,131072,77517,False,llama_chat_v4,5d2869822989e19b
FDA_0043_8K,FDA_0043,FDA,DIRECT_RETRIEVAL,8K,8069,8303,234,128,131072,73497,False,llama_chat_v4,5d2869822989e19b
FDA_0043_16K,FDA_0043,FDA,DIRECT_RETRIEVAL,16K,16159,16393,234,128,131072,65407,False,llama_chat_v4,5d2869822989e19b
FDA_0043_32K,FDA_0043,FDA,DIRECT_RETRIEVAL,32K,32421,32655,234,128,131072,49145,False,llama_chat_v4,5d2869822989e19b
FDA_0043_64K,FDA_0043,FDA,DIRECT_RETRIEVAL,64K,64822,65056,234,128,131072,16744,False,llama_chat_v4,5d2869822989e19b
FDA_0043_82K,FDA_0043,FDA,DIRECT_RETRIEVAL,82K,81513,81747,234,128,131072,53,True,llama_chat_v4,5d2869822989e19b
FDA_0044_4K,FDA_0044,FDA,DIRECT_RETRIEVAL,4K,3976,4218,242,128,131072,77582,False,llama_chat_v4,5d2869822989e19b
FDA_0044_8K,FDA_0044,FDA,DIRECT_RETRIEVAL,8K,8095,8337,242,128,131072,73463,False,llama_chat_v4,5d2869822989e19b
FDA_0044_16K,FDA_0044,FDA,DIRECT_RETRIEVAL,16K,16168,16410,242,128,131072,65390,False,llama_chat_v4,5d2869822989e19b
FDA_0044_32K,FDA_0044,FDA,DIRECT_RETRIEVAL,32K,32376,32618,242,128,131072,49182,False,llama_chat_v4,5d2869822989e19b
FDA_0044_64K,FDA_0044,FDA,DIRECT_RETRIEVAL,64K,64827,65069,242,128,131072,16731,False,llama_chat_v4,5d2869822989e19b
FDA_0044_82K,FDA_0044,FDA,DIRECT_RETRIEVAL,82K,81482,81724,242,128,131072,76,True,llama_chat_v4,5d2869822989e19b
FDA_0045_4K,FDA_0045,FDA,DIRECT_RETRIEVAL,4K,3977,4219,242,128,131072,77581,False,llama_chat_v4,5d2869822989e19b
FDA_0045_8K,FDA_0045,FDA,DIRECT_RETRIEVAL,8K,8086,8328,242,128,131072,73472,False,llama_chat_v4,5d2869822989e19b
FDA_0045_16K,FDA_0045,FDA,DIRECT_RETRIEVAL,16K,16144,16386,242,128,131072,65414,False,llama_chat_v4,5d2869822989e19b
FDA_0045_32K,FDA_0045,FDA,DIRECT_RETRIEVAL,32K,32393,32635,242,128,131072,49165,False,llama_chat_v4,5d2869822989e19b
FDA_0045_64K,FDA_0045,FDA,DIRECT_RETRIEVAL,64K,64842,65084,242,128,131072,16716,False,llama_chat_v4,5d2869822989e19b
FDA_0045_82K,FDA_0045,FDA,DIRECT_RETRIEVAL,82K,81491,81733,242,128,131072,67,True,llama_chat_v4,5d2869822989e19b
FDA_0046_4K,FDA_0046,FDA,RETRIEVAL_CALCULATION,4K,3987,4216,229,128,131072,77584,False,llama_chat_v4,5d2869822989e19b
FDA_0046_8K,FDA_0046,FDA,RETRIEVAL_CALCULATION,8K,8067,8296,229,128,131072,73504,False,llama_chat_v4,5d2869822989e19b
FDA_0046_16K,FDA_0046,FDA,RETRIEVAL_CALCULATION,16K,16157,16386,229,128,131072,65414,False,llama_chat_v4,5d2869822989e19b
FDA_0046_32K,FDA_0046,FDA,RETRIEVAL_CALCULATION,32K,32372,32601,229,128,131072,49199,False,llama_chat_v4,5d2869822989e19b
FDA_0046_64K,FDA_0046,FDA,RETRIEVAL_CALCULATION,64K,64826,65055,229,128,131072,16745,False,llama_chat_v4,5d2869822989e19b
FDA_0046_82K,FDA_0046,FDA,RETRIEVAL_CALCULATION,82K,81491,81720,229,128,131072,80,True,llama_chat_v4,5d2869822989e19b
FDA_0047_4K,FDA_0047,FDA,RETRIEVAL_CALCULATION,4K,4051,4280,229,128,131072,77520,False,llama_chat_v4,5d2869822989e19b
FDA_0047_8K,FDA_0047,FDA,RETRIEVAL_CALCULATION,8K,8038,8267,229,128,131072,73533,False,llama_chat_v4,5d2869822989e19b
FDA_0047_16K,FDA_0047,FDA,RETRIEVAL_CALCULATION,16K,16154,16383,229,128,131072,65417,False,llama_chat_v4,5d2869822989e19b
FDA_0047_32K,FDA_0047,FDA,RETRIEVAL_CALCULATION,32K,32352,32581,229,128,131072,49219,False,llama_chat_v4,5d2869822989e19b
FDA_0047_64K,FDA_0047,FDA,RETRIEVAL_CALCULATION,64K,64832,65061,229,128,131072,16739,False,llama_chat_v4,5d2869822989e19b
FDA_0047_82K,FDA_0047,FDA,RETRIEVAL_CALCULATION,82K,81556,81785,229,128,131072,15,True,llama_chat_v4,5d2869822989e19b
FDA_0048_4K,FDA_0048,FDA,RETRIEVAL_CALCULATION,4K,3998,4224,226,128,131072,77576,False,llama_chat_v4,5d2869822989e19b
FDA_0048_8K,FDA_0048,FDA,RETRIEVAL_CALCULATION,8K,8070,8296,226,128,131072,73504,False,llama_chat_v4,5d2869822989e19b
FDA_0048_16K,FDA_0048,FDA,RETRIEVAL_CALCULATION,16K,16209,16435,226,128,131072,65365,False,llama_chat_v4,5d2869822989e19b
FDA_0048_32K,FDA_0048,FDA,RETRIEVAL_CALCULATION,32K,32364,32590,226,128,131072,49210,False,llama_chat_v4,5d2869822989e19b
FDA_0048_64K,FDA_0048,FDA,RETRIEVAL_CALCULATION,64K,64798,65024,226,128,131072,16776,False,llama_chat_v4,5d2869822989e19b
FDA_0048_82K,FDA_0048,FDA,RETRIEVAL_CALCULATION,82K,81525,81751,226,128,131072,49,True,llama_chat_v4,5d2869822989e19b
FDA_0049_4K,FDA_0049,FDA,RETRIEVAL_CALCULATION,4K,4041,4272,231,128,131072,77528,False,llama_chat_v4,5d2869822989e19b
FDA_0049_8K,FDA_0049,FDA,RETRIEVAL_CALCULATION,8K,8038,8269,231,128,131072,73531,False,llama_chat_v4,5d2869822989e19b
FDA_0049_16K,FDA_0049,FDA,RETRIEVAL_CALCULATION,16K,16162,16393,231,128,131072,65407,False,llama_chat_v4,5d2869822989e19b
FDA_0049_32K,FDA_0049,FDA,RETRIEVAL_CALCULATION,32K,32419,32650,231,128,131072,49150,False,llama_chat_v4,5d2869822989e19b
FDA_0049_64K,FDA_0049,FDA,RETRIEVAL_CALCULATION,64K,64847,65078,231,128,131072,16722,False,llama_chat_v4,5d2869822989e19b
FDA_0049_82K,FDA_0049,FDA,RETRIEVAL_CALCULATION,82K,81558,81789,231,128,131072,11,True,llama_chat_v4,5d2869822989e19b
FDA_0050_4K,FDA_0050,FDA,RETRIEVAL_CALCULATION,4K,4030,4258,228,128,131072,77542,False,llama_chat_v4,5d2869822989e19b
FDA_0050_8K,FDA_0050,FDA,RETRIEVAL_CALCULATION,8K,8029,8257,228,128,131072,73543,False,llama_chat_v4,5d2869822989e19b
FDA_0050_16K,FDA_0050,FDA,RETRIEVAL_CALCULATION,16K,16198,16426,228,128,131072,65374,False,llama_chat_v4,5d2869822989e19b
FDA_0050_32K,FDA_0050,FDA,RETRIEVAL_CALCULATION,32K,32372,32600,228,128,131072,49200,False,llama_chat_v4,5d2869822989e19b
FDA_0050_64K,FDA_0050,FDA,RETRIEVAL_CALCULATION,64K,64799,65027,228,128,131072,16773,False,llama_chat_v4,5d2869822989e19b
FDA_0050_82K,FDA_0050,FDA,RETRIEVAL_CALCULATION,82K,81493,81721,228,128,131072,79,True,llama_chat_v4,5d2869822989e19b
FDA_0051_4K,FDA_0051,FDA,RETRIEVAL_CALCULATION,4K,4029,4257,228,128,131072,77543,False,llama_chat_v4,5d2869822989e19b
FDA_0051_8K,FDA_0051,FDA,RETRIEVAL_CALCULATION,8K,8097,8325,228,128,131072,73475,False,llama_chat_v4,5d2869822989e19b
FDA_0051_16K,FDA_0051,FDA,RETRIEVAL_CALCULATION,16K,16191,16419,228,128,131072,65381,False,llama_chat_v4,5d2869822989e19b
FDA_0051_32K,FDA_0051,FDA,RETRIEVAL_CALCULATION,32K,32386,32614,228,128,131072,49186,False,llama_chat_v4,5d2869822989e19b
FDA_0051_64K,FDA_0051,FDA,RETRIEVAL_CALCULATION,64K,64837,65065,228,128,131072,16735,False,llama_chat_v4,5d2869822989e19b
FDA_0051_82K,FDA_0051,FDA,RETRIEVAL_CALCULATION,82K,81495,81723,228,128,131072,77,True,llama_chat_v4,5d2869822989e19b
FDA_0052_4K,FDA_0052,FDA,RETRIEVAL_CALCULATION,4K,4045,4274,229,128,131072,77526,False,llama_chat_v4,5d2869822989e19b
FDA_0052_8K,FDA_0052,FDA,RETRIEVAL_CALCULATION,8K,8078,8307,229,128,131072,73493,False,llama_chat_v4,5d2869822989e19b
FDA_0052_16K,FDA_0052,FDA,RETRIEVAL_CALCULATION,16K,16136,16365,229,128,131072,65435,False,llama_chat_v4,5d2869822989e19b
FDA_0052_32K,FDA_0052,FDA,RETRIEVAL_CALCULATION,32K,32412,32641,229,128,131072,49159,False,llama_chat_v4,5d2869822989e19b
FDA_0052_64K,FDA_0052,FDA,RETRIEVAL_CALCULATION,64K,64846,65075,229,128,131072,16725,False,llama_chat_v4,5d2869822989e19b
FDA_0052_82K,FDA_0052,FDA,RETRIEVAL_CALCULATION,82K,81523,81752,229,128,131072,48,True,llama_chat_v4,5d2869822989e19b
FDA_0053_4K,FDA_0053,FDA,RETRIEVAL_CALCULATION,4K,4041,4269,228,128,131072,77531,False,llama_chat_v4,5d2869822989e19b
FDA_0053_8K,FDA_0053,FDA,RETRIEVAL_CALCULATION,8K,8068,8296,228,128,131072,73504,False,llama_chat_v4,5d2869822989e19b
FDA_0053_16K,FDA_0053,FDA,RETRIEVAL_CALCULATION,16K,16156,16384,228,128,131072,65416,False,llama_chat_v4,5d2869822989e19b
FDA_0053_32K,FDA_0053,FDA,RETRIEVAL_CALCULATION,32K,32356,32584,228,128,131072,49216,False,llama_chat_v4,5d2869822989e19b
FDA_0053_64K,FDA_0053,FDA,RETRIEVAL_CALCULATION,64K,64841,65069,228,128,131072,16731,False,llama_chat_v4,5d2869822989e19b
FDA_0053_82K,FDA_0053,FDA,RETRIEVAL_CALCULATION,82K,81548,81776,228,128,131072,24,True,llama_chat_v4,5d2869822989e19b
FDA_0054_4K,FDA_0054,FDA,RETRIEVAL_CALCULATION,4K,4009,4239,230,128,131072,77561,False,llama_chat_v4,5d2869822989e19b
FDA_0054_8K,FDA_0054,FDA,RETRIEVAL_CALCULATION,8K,8090,8320,230,128,131072,73480,False,llama_chat_v4,5d2869822989e19b
FDA_0054_16K,FDA_0054,FDA,RETRIEVAL_CALCULATION,16K,16213,16443,230,128,131072,65357,False,llama_chat_v4,5d2869822989e19b
FDA_0054_32K,FDA_0054,FDA,RETRIEVAL_CALCULATION,32K,32365,32595,230,128,131072,49205,False,llama_chat_v4,5d2869822989e19b
FDA_0054_64K,FDA_0054,FDA,RETRIEVAL_CALCULATION,64K,64845,65075,230,128,131072,16725,False,llama_chat_v4,5d2869822989e19b
FDA_0054_82K,FDA_0054,FDA,RETRIEVAL_CALCULATION,82K,81549,81779,230,128,131072,21,True,llama_chat_v4,5d2869822989e19b
FDA_0055_4K,FDA_0055,FDA,RETRIEVAL_CALCULATION,4K,4035,4261,226,128,131072,77539,False,llama_chat_v4,5d2869822989e19b
FDA_0055_8K,FDA_0055,FDA,RETRIEVAL_CALCULATION,8K,8113,8339,226,128,131072,73461,False,llama_chat_v4,5d2869822989e19b
FDA_0055_16K,FDA_0055,FDA,RETRIEVAL_CALCULATION,16K,16218,16444,226,128,131072,65356,False,llama_chat_v4,5d2869822989e19b
FDA_0055_32K,FDA_0055,FDA,RETRIEVAL_CALCULATION,32K,32359,32585,226,128,131072,49215,False,llama_chat_v4,5d2869822989e19b
FDA_0055_64K,FDA_0055,FDA,RETRIEVAL_CALCULATION,64K,64827,65053,226,128,131072,16747,False,llama_chat_v4,5d2869822989e19b
FDA_0055_82K,FDA_0055,FDA,RETRIEVAL_CALCULATION,82K,81491,81717,226,128,131072,83,True,llama_chat_v4,5d2869822989e19b
FDA_0056_4K,FDA_0056,FDA,RETRIEVAL_CALCULATION,4K,3976,4202,226,128,131072,77598,False,llama_chat_v4,5d2869822989e19b
FDA_0056_8K,FDA_0056,FDA,RETRIEVAL_CALCULATION,8K,8098,8324,226,128,131072,73476,False,llama_chat_v4,5d2869822989e19b
FDA_0056_16K,FDA_0056,FDA,RETRIEVAL_CALCULATION,16K,16156,16382,226,128,131072,65418,False,llama_chat_v4,5d2869822989e19b
FDA_0056_32K,FDA_0056,FDA,RETRIEVAL_CALCULATION,32K,32399,32625,226,128,131072,49175,False,llama_chat_v4,5d2869822989e19b
FDA_0056_64K,FDA_0056,FDA,RETRIEVAL_CALCULATION,64K,64770,64996,226,128,131072,16804,False,llama_chat_v4,5d2869822989e19b
FDA_0056_82K,FDA_0056,FDA,RETRIEVAL_CALCULATION,82K,81478,81704,226,128,131072,96,True,llama_chat_v4,5d2869822989e19b
FDA_0057_4K,FDA_0057,FDA,RETRIEVAL_CALCULATION,4K,4054,4280,226,128,131072,77520,False,llama_chat_v4,5d2869822989e19b
FDA_0057_8K,FDA_0057,FDA,RETRIEVAL_CALCULATION,8K,8061,8287,226,128,131072,73513,False,llama_chat_v4,5d2869822989e19b
FDA_0057_16K,FDA_0057,FDA,RETRIEVAL_CALCULATION,16K,16208,16434,226,128,131072,65366,False,llama_chat_v4,5d2869822989e19b
FDA_0057_32K,FDA_0057,FDA,RETRIEVAL_CALCULATION,32K,32415,32641,226,128,131072,49159,False,llama_chat_v4,5d2869822989e19b
FDA_0057_64K,FDA_0057,FDA,RETRIEVAL_CALCULATION,64K,64852,65078,226,128,131072,16722,False,llama_chat_v4,5d2869822989e19b
FDA_0057_82K,FDA_0057,FDA,RETRIEVAL_CALCULATION,82K,81506,81732,226,128,131072,68,True,llama_chat_v4,5d2869822989e19b
FDA_0058_4K,FDA_0058,FDA,RETRIEVAL_CALCULATION,4K,4018,4249,231,128,131072,77551,False,llama_chat_v4,5d2869822989e19b
FDA_0058_8K,FDA_0058,FDA,RETRIEVAL_CALCULATION,8K,8048,8279,231,128,131072,73521,False,llama_chat_v4,5d2869822989e19b
FDA_0058_16K,FDA_0058,FDA,RETRIEVAL_CALCULATION,16K,16213,16444,231,128,131072,65356,False,llama_chat_v4,5d2869822989e19b
FDA_0058_32K,FDA_0058,FDA,RETRIEVAL_CALCULATION,32K,32422,32653,231,128,131072,49147,False,llama_chat_v4,5d2869822989e19b
FDA_0058_64K,FDA_0058,FDA,RETRIEVAL_CALCULATION,64K,64849,65080,231,128,131072,16720,False,llama_chat_v4,5d2869822989e19b
FDA_0058_82K,FDA_0058,FDA,RETRIEVAL_CALCULATION,82K,81553,81784,231,128,131072,16,True,llama_chat_v4,5d2869822989e19b
FDA_0059_4K,FDA_0059,FDA,RETRIEVAL_CALCULATION,4K,4011,4239,228,128,131072,77561,False,llama_chat_v4,5d2869822989e19b
FDA_0059_8K,FDA_0059,FDA,RETRIEVAL_CALCULATION,8K,8086,8314,228,128,131072,73486,False,llama_chat_v4,5d2869822989e19b
FDA_0059_16K,FDA_0059,FDA,RETRIEVAL_CALCULATION,16K,16154,16382,228,128,131072,65418,False,llama_chat_v4,5d2869822989e19b
FDA_0059_32K,FDA_0059,FDA,RETRIEVAL_CALCULATION,32K,32416,32644,228,128,131072,49156,False,llama_chat_v4,5d2869822989e19b
FDA_0059_64K,FDA_0059,FDA,RETRIEVAL_CALCULATION,64K,64794,65022,228,128,131072,16778,False,llama_chat_v4,5d2869822989e19b
FDA_0059_82K,FDA_0059,FDA,RETRIEVAL_CALCULATION,82K,81514,81742,228,128,131072,58,True,llama_chat_v4,5d2869822989e19b
FDA_0060_4K,FDA_0060,FDA,RETRIEVAL_CALCULATION,4K,3985,4214,229,128,131072,77586,False,llama_chat_v4,5d2869822989e19b
FDA_0060_8K,FDA_0060,FDA,RETRIEVAL_CALCULATION,8K,8099,8328,229,128,131072,73472,False,llama_chat_v4,5d2869822989e19b
FDA_0060_16K,FDA_0060,FDA,RETRIEVAL_CALCULATION,16K,16216,16445,229,128,131072,65355,False,llama_chat_v4,5d2869822989e19b
FDA_0060_32K,FDA_0060,FDA,RETRIEVAL_CALCULATION,32K,32426,32655,229,128,131072,49145,False,llama_chat_v4,5d2869822989e19b
FDA_0060_64K,FDA_0060,FDA,RETRIEVAL_CALCULATION,64K,64835,65064,229,128,131072,16736,False,llama_chat_v4,5d2869822989e19b
FDA_0060_82K,FDA_0060,FDA,RETRIEVAL_CALCULATION,82K,81555,81784,229,128,131072,16,True,llama_chat_v4,5d2869822989e19b
FDA_0061_4K,FDA_0061,FDA,RETRIEVAL_CALCULATION,4K,4055,4283,228,128,131072,77517,False,llama_chat_v4,5d2869822989e19b
FDA_0061_8K,FDA_0061,FDA,RETRIEVAL_CALCULATION,8K,8099,8327,228,128,131072,73473,False,llama_chat_v4,5d2869822989e19b
FDA_0061_16K,FDA_0061,FDA,RETRIEVAL_CALCULATION,16K,16139,16367,228,128,131072,65433,False,llama_chat_v4,5d2869822989e19b
FDA_0061_32K,FDA_0061,FDA,RETRIEVAL_CALCULATION,32K,32425,32653,228,128,131072,49147,False,llama_chat_v4,5d2869822989e19b
FDA_0061_64K,FDA_0061,FDA,RETRIEVAL_CALCULATION,64K,64844,65072,228,128,131072,16728,False,llama_chat_v4,5d2869822989e19b
FDA_0061_82K,FDA_0061,FDA,RETRIEVAL_CALCULATION,82K,81512,81740,228,128,131072,60,True,llama_chat_v4,5d2869822989e19b
FDA_0062_4K,FDA_0062,FDA,RETRIEVAL_CALCULATION,4K,4046,4300,254,128,131072,77500,False,llama_chat_v4,5d2869822989e19b
FDA_0062_8K,FDA_0062,FDA,RETRIEVAL_CALCULATION,8K,8106,8360,254,128,131072,73440,False,llama_chat_v4,5d2869822989e19b
FDA_0062_16K,FDA_0062,FDA,RETRIEVAL_CALCULATION,16K,16188,16442,254,128,131072,65358,False,llama_chat_v4,5d2869822989e19b
FDA_0062_32K,FDA_0062,FDA,RETRIEVAL_CALCULATION,32K,32441,32695,254,128,131072,49105,False,llama_chat_v4,5d2869822989e19b
FDA_0062_64K,FDA_0062,FDA,RETRIEVAL_CALCULATION,64K,64880,65134,254,128,131072,16666,False,llama_chat_v4,5d2869822989e19b
FDA_0062_82K,FDA_0062,FDA,RETRIEVAL_CALCULATION,82K,81498,81752,254,128,131072,48,True,llama_chat_v4,5d2869822989e19b
FDA_0063_4K,FDA_0063,FDA,RETRIEVAL_CALCULATION,4K,4054,4296,242,128,131072,77504,False,llama_chat_v4,5d2869822989e19b
FDA_0063_8K,FDA_0063,FDA,RETRIEVAL_CALCULATION,8K,8032,8274,242,128,131072,73526,False,llama_chat_v4,5d2869822989e19b
FDA_0063_16K,FDA_0063,FDA,RETRIEVAL_CALCULATION,16K,16148,16390,242,128,131072,65410,False,llama_chat_v4,5d2869822989e19b
FDA_0063_32K,FDA_0063,FDA,RETRIEVAL_CALCULATION,32K,32443,32685,242,128,131072,49115,False,llama_chat_v4,5d2869822989e19b
FDA_0063_64K,FDA_0063,FDA,RETRIEVAL_CALCULATION,64K,64882,65124,242,128,131072,16676,False,llama_chat_v4,5d2869822989e19b
FDA_0063_82K,FDA_0063,FDA,RETRIEVAL_CALCULATION,82K,81434,81676,242,128,131072,124,True,llama_chat_v4,5d2869822989e19b
FDA_0064_4K,FDA_0064,FDA,RETRIEVAL_CALCULATION,4K,4052,4294,242,128,131072,77506,False,llama_chat_v4,5d2869822989e19b
FDA_0064_8K,FDA_0064,FDA,RETRIEVAL_CALCULATION,8K,8109,8351,242,128,131072,73449,False,llama_chat_v4,5d2869822989e19b
FDA_0064_16K,FDA_0064,FDA,RETRIEVAL_CALCULATION,16K,16183,16425,242,128,131072,65375,False,llama_chat_v4,5d2869822989e19b
FDA_0064_32K,FDA_0064,FDA,RETRIEVAL_CALCULATION,32K,32440,32682,242,128,131072,49118,False,llama_chat_v4,5d2869822989e19b
FDA_0064_64K,FDA_0064,FDA,RETRIEVAL_CALCULATION,64K,64884,65126,242,128,131072,16674,False,llama_chat_v4,5d2869822989e19b
FDA_0064_82K,FDA_0064,FDA,RETRIEVAL_CALCULATION,82K,81521,81763,242,128,131072,37,True,llama_chat_v4,5d2869822989e19b
FDA_0065_4K,FDA_0065,FDA,RETRIEVAL_CALCULATION,4K,4022,4290,268,128,131072,77510,False,llama_chat_v4,5d2869822989e19b
FDA_0065_8K,FDA_0065,FDA,RETRIEVAL_CALCULATION,8K,8112,8380,268,128,131072,73420,False,llama_chat_v4,5d2869822989e19b
FDA_0065_16K,FDA_0065,FDA,RETRIEVAL_CALCULATION,16K,16222,16490,268,128,131072,65310,False,llama_chat_v4,5d2869822989e19b
FDA_0065_32K,FDA_0065,FDA,RETRIEVAL_CALCULATION,32K,32385,32653,268,128,131072,49147,False,llama_chat_v4,5d2869822989e19b
FDA_0065_64K,FDA_0065,FDA,RETRIEVAL_CALCULATION,64K,64879,65147,268,128,131072,16653,False,llama_chat_v4,5d2869822989e19b
FDA_0065_82K,FDA_0065,FDA,RETRIEVAL_CALCULATION,82K,81454,81722,268,128,131072,78,True,llama_chat_v4,5d2869822989e19b
FDA_0066_4K,FDA_0066,FDA,RETRIEVAL_CALCULATION,4K,4026,4278,252,128,131072,77522,False,llama_chat_v4,5d2869822989e19b
FDA_0066_8K,FDA_0066,FDA,RETRIEVAL_CALCULATION,8K,8079,8331,252,128,131072,73469,False,llama_chat_v4,5d2869822989e19b
FDA_0066_16K,FDA_0066,FDA,RETRIEVAL_CALCULATION,16K,16214,16466,252,128,131072,65334,False,llama_chat_v4,5d2869822989e19b
FDA_0066_32K,FDA_0066,FDA,RETRIEVAL_CALCULATION,32K,32421,32673,252,128,131072,49127,False,llama_chat_v4,5d2869822989e19b
FDA_0066_64K,FDA_0066,FDA,RETRIEVAL_CALCULATION,64K,64856,65108,252,128,131072,16692,False,llama_chat_v4,5d2869822989e19b
FDA_0066_82K,FDA_0066,FDA,RETRIEVAL_CALCULATION,82K,81441,81693,252,128,131072,107,True,llama_chat_v4,5d2869822989e19b
FDA_0067_4K,FDA_0067,FDA,RETRIEVAL_CALCULATION,4K,4028,4283,255,128,131072,77517,False,llama_chat_v4,5d2869822989e19b
FDA_0067_8K,FDA_0067,FDA,RETRIEVAL_CALCULATION,8K,8102,8357,255,128,131072,73443,False,llama_chat_v4,5d2869822989e19b
FDA_0067_16K,FDA_0067,FDA,RETRIEVAL_CALCULATION,16K,16207,16462,255,128,131072,65338,False,llama_chat_v4,5d2869822989e19b
FDA_0067_32K,FDA_0067,FDA,RETRIEVAL_CALCULATION,32K,32439,32694,255,128,131072,49106,False,llama_chat_v4,5d2869822989e19b
FDA_0067_64K,FDA_0067,FDA,RETRIEVAL_CALCULATION,64K,64810,65065,255,128,131072,16735,False,llama_chat_v4,5d2869822989e19b
FDA_0067_82K,FDA_0067,FDA,RETRIEVAL_CALCULATION,82K,81488,81743,255,128,131072,57,True,llama_chat_v4,5d2869822989e19b
FDA_0068_4K,FDA_0068,FDA,RETRIEVAL_CALCULATION,4K,4034,4306,272,128,131072,77494,False,llama_chat_v4,5d2869822989e19b
FDA_0068_8K,FDA_0068,FDA,RETRIEVAL_CALCULATION,8K,8113,8385,272,128,131072,73415,False,llama_chat_v4,5d2869822989e19b
FDA_0068_16K,FDA_0068,FDA,RETRIEVAL_CALCULATION,16K,16219,16491,272,128,131072,65309,False,llama_chat_v4,5d2869822989e19b
FDA_0068_32K,FDA_0068,FDA,RETRIEVAL_CALCULATION,32K,32437,32709,272,128,131072,49091,False,llama_chat_v4,5d2869822989e19b
FDA_0068_64K,FDA_0068,FDA,RETRIEVAL_CALCULATION,64K,64817,65089,272,128,131072,16711,False,llama_chat_v4,5d2869822989e19b
FDA_0068_82K,FDA_0068,FDA,RETRIEVAL_CALCULATION,82K,81481,81753,272,128,131072,47,True,llama_chat_v4,5d2869822989e19b
FDA_0069_4K,FDA_0069,FDA,RETRIEVAL_CALCULATION,4K,3988,4232,244,128,131072,77568,False,llama_chat_v4,5d2869822989e19b
FDA_0069_8K,FDA_0069,FDA,RETRIEVAL_CALCULATION,8K,8080,8324,244,128,131072,73476,False,llama_chat_v4,5d2869822989e19b
FDA_0069_16K,FDA_0069,FDA,RETRIEVAL_CALCULATION,16K,16201,16445,244,128,131072,65355,False,llama_chat_v4,5d2869822989e19b
FDA_0069_32K,FDA_0069,FDA,RETRIEVAL_CALCULATION,32K,32442,32686,244,128,131072,49114,False,llama_chat_v4,5d2869822989e19b
FDA_0069_64K,FDA_0069,FDA,RETRIEVAL_CALCULATION,64K,64818,65062,244,128,131072,16738,False,llama_chat_v4,5d2869822989e19b
FDA_0069_82K,FDA_0069,FDA,RETRIEVAL_CALCULATION,82K,81484,81728,244,128,131072,72,True,llama_chat_v4,5d2869822989e19b
FDA_0070_4K,FDA_0070,FDA,RETRIEVAL_CALCULATION,4K,4024,4278,254,128,131072,77522,False,llama_chat_v4,5d2869822989e19b
FDA_0070_8K,FDA_0070,FDA,RETRIEVAL_CALCULATION,8K,8045,8299,254,128,131072,73501,False,llama_chat_v4,5d2869822989e19b
FDA_0070_16K,FDA_0070,FDA,RETRIEVAL_CALCULATION,16K,16220,16474,254,128,131072,65326,False,llama_chat_v4,5d2869822989e19b
FDA_0070_32K,FDA_0070,FDA,RETRIEVAL_CALCULATION,32K,32442,32696,254,128,131072,49104,False,llama_chat_v4,5d2869822989e19b
FDA_0070_64K,FDA_0070,FDA,RETRIEVAL_CALCULATION,64K,64841,65095,254,128,131072,16705,False,llama_chat_v4,5d2869822989e19b
FDA_0070_82K,FDA_0070,FDA,RETRIEVAL_CALCULATION,82K,81542,81796,254,128,131072,4,True,llama_chat_v4,5d2869822989e19b
FDA_0071_4K,FDA_0071,FDA,RETRIEVAL_CALCULATION,4K,4053,4297,244,128,131072,77503,False,llama_chat_v4,5d2869822989e19b
FDA_0071_8K,FDA_0071,FDA,RETRIEVAL_CALCULATION,8K,8108,8352,244,128,131072,73448,False,llama_chat_v4,5d2869822989e19b
FDA_0071_16K,FDA_0071,FDA,RETRIEVAL_CALCULATION,16K,16170,16414,244,128,131072,65386,False,llama_chat_v4,5d2869822989e19b
FDA_0071_32K,FDA_0071,FDA,RETRIEVAL_CALCULATION,32K,32391,32635,244,128,131072,49165,False,llama_chat_v4,5d2869822989e19b
FDA_0071_64K,FDA_0071,FDA,RETRIEVAL_CALCULATION,64K,64840,65084,244,128,131072,16716,False,llama_chat_v4,5d2869822989e19b
FDA_0071_82K,FDA_0071,FDA,RETRIEVAL_CALCULATION,82K,81509,81753,244,128,131072,47,True,llama_chat_v4,5d2869822989e19b
FDA_0072_4K,FDA_0072,FDA,RETRIEVAL_CALCULATION,4K,3985,4229,244,128,131072,77571,False,llama_chat_v4,5d2869822989e19b
FDA_0072_8K,FDA_0072,FDA,RETRIEVAL_CALCULATION,8K,8088,8332,244,128,131072,73468,False,llama_chat_v4,5d2869822989e19b
FDA_0072_16K,FDA_0072,FDA,RETRIEVAL_CALCULATION,16K,16149,16393,244,128,131072,65407,False,llama_chat_v4,5d2869822989e19b
FDA_0072_32K,FDA_0072,FDA,RETRIEVAL_CALCULATION,32K,32429,32673,244,128,131072,49127,False,llama_chat_v4,5d2869822989e19b
FDA_0072_64K,FDA_0072,FDA,RETRIEVAL_CALCULATION,64K,64869,65113,244,128,131072,16687,False,llama_chat_v4,5d2869822989e19b
FDA_0072_82K,FDA_0072,FDA,RETRIEVAL_CALCULATION,82K,81539,81783,244,128,131072,17,True,llama_chat_v4,5d2869822989e19b
FDA_0073_4K,FDA_0073,FDA,RETRIEVAL_CALCULATION,4K,3995,4259,264,128,131072,77541,False,llama_chat_v4,5d2869822989e19b
FDA_0073_8K,FDA_0073,FDA,RETRIEVAL_CALCULATION,8K,8051,8315,264,128,131072,73485,False,llama_chat_v4,5d2869822989e19b
FDA_0073_16K,FDA_0073,FDA,RETRIEVAL_CALCULATION,16K,16195,16459,264,128,131072,65341,False,llama_chat_v4,5d2869822989e19b
FDA_0073_32K,FDA_0073,FDA,RETRIEVAL_CALCULATION,32K,32419,32683,264,128,131072,49117,False,llama_chat_v4,5d2869822989e19b
FDA_0073_64K,FDA_0073,FDA,RETRIEVAL_CALCULATION,64K,64862,65126,264,128,131072,16674,False,llama_chat_v4,5d2869822989e19b
FDA_0073_82K,FDA_0073,FDA,RETRIEVAL_CALCULATION,82K,81515,81779,264,128,131072,21,True,llama_chat_v4,5d2869822989e19b
FDA_0074_4K,FDA_0074,FDA,RETRIEVAL_CALCULATION,4K,4008,4276,268,128,131072,77524,False,llama_chat_v4,5d2869822989e19b
FDA_0074_8K,FDA_0074,FDA,RETRIEVAL_CALCULATION,8K,8073,8341,268,128,131072,73459,False,llama_chat_v4,5d2869822989e19b
FDA_0074_16K,FDA_0074,FDA,RETRIEVAL_CALCULATION,16K,16209,16477,268,128,131072,65323,False,llama_chat_v4,5d2869822989e19b
FDA_0074_32K,FDA_0074,FDA,RETRIEVAL_CALCULATION,32K,32429,32697,268,128,131072,49103,False,llama_chat_v4,5d2869822989e19b
FDA_0074_64K,FDA_0074,FDA,RETRIEVAL_CALCULATION,64K,64880,65148,268,128,131072,16652,False,llama_chat_v4,5d2869822989e19b
FDA_0074_82K,FDA_0074,FDA,RETRIEVAL_CALCULATION,82K,81449,81717,268,128,131072,83,True,llama_chat_v4,5d2869822989e19b
FDA_0075_4K,FDA_0075,FDA,RETRIEVAL_CALCULATION,4K,4011,4297,286,128,131072,77503,False,llama_chat_v4,5d2869822989e19b
FDA_0075_8K,FDA_0075,FDA,RETRIEVAL_CALCULATION,8K,8059,8345,286,128,131072,73455,False,llama_chat_v4,5d2869822989e19b
FDA_0075_16K,FDA_0075,FDA,RETRIEVAL_CALCULATION,16K,16223,16509,286,128,131072,65291,False,llama_chat_v4,5d2869822989e19b
FDA_0075_32K,FDA_0075,FDA,RETRIEVAL_CALCULATION,32K,32383,32669,286,128,131072,49131,False,llama_chat_v4,5d2869822989e19b
FDA_0075_64K,FDA_0075,FDA,RETRIEVAL_CALCULATION,64K,64871,65157,286,128,131072,16643,False,llama_chat_v4,5d2869822989e19b
FDA_0075_82K,FDA_0075,FDA,RETRIEVAL_CALCULATION,82K,81494,81780,286,128,131072,20,True,llama_chat_v4,5d2869822989e19b
FDA_0076_4K,FDA_0076,FDA,RETRIEVAL_CALCULATION,4K,4002,4244,242,128,131072,77556,False,llama_chat_v4,5d2869822989e19b
FDA_0076_8K,FDA_0076,FDA,RETRIEVAL_CALCULATION,8K,8109,8351,242,128,131072,73449,False,llama_chat_v4,5d2869822989e19b
FDA_0076_16K,FDA_0076,FDA,RETRIEVAL_CALCULATION,16K,16166,16408,242,128,131072,65392,False,llama_chat_v4,5d2869822989e19b
FDA_0076_32K,FDA_0076,FDA,RETRIEVAL_CALCULATION,32K,32412,32654,242,128,131072,49146,False,llama_chat_v4,5d2869822989e19b
FDA_0076_64K,FDA_0076,FDA,RETRIEVAL_CALCULATION,64K,64822,65064,242,128,131072,16736,False,llama_chat_v4,5d2869822989e19b
FDA_0076_82K,FDA_0076,FDA,RETRIEVAL_CALCULATION,82K,81469,81711,242,128,131072,89,True,llama_chat_v4,5d2869822989e19b
FDA_0077_4K,FDA_0077,FDA,RETRIEVAL_CALCULATION,4K,4027,4281,254,128,131072,77519,False,llama_chat_v4,5d2869822989e19b
FDA_0077_8K,FDA_0077,FDA,RETRIEVAL_CALCULATION,8K,8098,8352,254,128,131072,73448,False,llama_chat_v4,5d2869822989e19b
FDA_0077_16K,FDA_0077,FDA,RETRIEVAL_CALCULATION,16K,16207,16461,254,128,131072,65339,False,llama_chat_v4,5d2869822989e19b
FDA_0077_32K,FDA_0077,FDA,RETRIEVAL_CALCULATION,32K,32443,32697,254,128,131072,49103,False,llama_chat_v4,5d2869822989e19b
FDA_0077_64K,FDA_0077,FDA,RETRIEVAL_CALCULATION,64K,64825,65079,254,128,131072,16721,False,llama_chat_v4,5d2869822989e19b
FDA_0077_82K,FDA_0077,FDA,RETRIEVAL_CALCULATION,82K,81508,81762,254,128,131072,38,True,llama_chat_v4,5d2869822989e19b
FDA_0078_4K,FDA_0078,FDA,TEMPORAL_VERSION,4K,4019,4245,226,128,131072,77555,False,llama_chat_v4,5d2869822989e19b
FDA_0078_8K,FDA_0078,FDA,TEMPORAL_VERSION,8K,8049,8275,226,128,131072,73525,False,llama_chat_v4,5d2869822989e19b
FDA_0078_16K,FDA_0078,FDA,TEMPORAL_VERSION,16K,16211,16437,226,128,131072,65363,False,llama_chat_v4,5d2869822989e19b
FDA_0078_32K,FDA_0078,FDA,TEMPORAL_VERSION,32K,32377,32603,226,128,131072,49197,False,llama_chat_v4,5d2869822989e19b
FDA_0078_64K,FDA_0078,FDA,TEMPORAL_VERSION,64K,64793,65019,226,128,131072,16781,False,llama_chat_v4,5d2869822989e19b
FDA_0078_82K,FDA_0078,FDA,TEMPORAL_VERSION,82K,81524,81750,226,128,131072,50,True,llama_chat_v4,5d2869822989e19b
FDA_0079_4K,FDA_0079,FDA,TEMPORAL_VERSION,4K,4052,4281,229,128,131072,77519,False,llama_chat_v4,5d2869822989e19b
FDA_0079_8K,FDA_0079,FDA,TEMPORAL_VERSION,8K,8105,8334,229,128,131072,73466,False,llama_chat_v4,5d2869822989e19b
FDA_0079_16K,FDA_0079,FDA,TEMPORAL_VERSION,16K,16152,16381,229,128,131072,65419,False,llama_chat_v4,5d2869822989e19b
FDA_0079_32K,FDA_0079,FDA,TEMPORAL_VERSION,32K,32354,32583,229,128,131072,49217,False,llama_chat_v4,5d2869822989e19b
FDA_0079_64K,FDA_0079,FDA,TEMPORAL_VERSION,64K,64774,65003,229,128,131072,16797,False,llama_chat_v4,5d2869822989e19b
FDA_0079_82K,FDA_0079,FDA,TEMPORAL_VERSION,82K,81538,81767,229,128,131072,33,True,llama_chat_v4,5d2869822989e19b
FDA_0080_4K,FDA_0080,FDA,TEMPORAL_VERSION,4K,4043,4268,225,128,131072,77532,False,llama_chat_v4,5d2869822989e19b
FDA_0080_8K,FDA_0080,FDA,TEMPORAL_VERSION,8K,8085,8310,225,128,131072,73490,False,llama_chat_v4,5d2869822989e19b
FDA_0080_16K,FDA_0080,FDA,TEMPORAL_VERSION,16K,16165,16390,225,128,131072,65410,False,llama_chat_v4,5d2869822989e19b
FDA_0080_32K,FDA_0080,FDA,TEMPORAL_VERSION,32K,32421,32646,225,128,131072,49154,False,llama_chat_v4,5d2869822989e19b
FDA_0080_64K,FDA_0080,FDA,TEMPORAL_VERSION,64K,64835,65060,225,128,131072,16740,False,llama_chat_v4,5d2869822989e19b
FDA_0080_82K,FDA_0080,FDA,TEMPORAL_VERSION,82K,81557,81782,225,128,131072,18,True,llama_chat_v4,5d2869822989e19b
FDA_0081_4K,FDA_0081,FDA,TEMPORAL_VERSION,4K,4053,4279,226,128,131072,77521,False,llama_chat_v4,5d2869822989e19b
FDA_0081_8K,FDA_0081,FDA,TEMPORAL_VERSION,8K,8104,8330,226,128,131072,73470,False,llama_chat_v4,5d2869822989e19b
FDA_0081_16K,FDA_0081,FDA,TEMPORAL_VERSION,16K,16182,16408,226,128,131072,65392,False,llama_chat_v4,5d2869822989e19b
FDA_0081_32K,FDA_0081,FDA,TEMPORAL_VERSION,32K,32414,32640,226,128,131072,49160,False,llama_chat_v4,5d2869822989e19b
FDA_0081_64K,FDA_0081,FDA,TEMPORAL_VERSION,64K,64838,65064,226,128,131072,16736,False,llama_chat_v4,5d2869822989e19b
FDA_0081_82K,FDA_0081,FDA,TEMPORAL_VERSION,82K,81519,81745,226,128,131072,55,True,llama_chat_v4,5d2869822989e19b
FDA_0082_4K,FDA_0082,FDA,TEMPORAL_VERSION,4K,4016,4245,229,128,131072,77555,False,llama_chat_v4,5d2869822989e19b
FDA_0082_8K,FDA_0082,FDA,TEMPORAL_VERSION,8K,8039,8268,229,128,131072,73532,False,llama_chat_v4,5d2869822989e19b
FDA_0082_16K,FDA_0082,FDA,TEMPORAL_VERSION,16K,16198,16427,229,128,131072,65373,False,llama_chat_v4,5d2869822989e19b
FDA_0082_32K,FDA_0082,FDA,TEMPORAL_VERSION,32K,32371,32600,229,128,131072,49200,False,llama_chat_v4,5d2869822989e19b
FDA_0082_64K,FDA_0082,FDA,TEMPORAL_VERSION,64K,64843,65072,229,128,131072,16728,False,llama_chat_v4,5d2869822989e19b
FDA_0082_82K,FDA_0082,FDA,TEMPORAL_VERSION,82K,81518,81747,229,128,131072,53,True,llama_chat_v4,5d2869822989e19b
FDA_0083_4K,FDA_0083,FDA,TEMPORAL_VERSION,4K,4011,4240,229,128,131072,77560,False,llama_chat_v4,5d2869822989e19b
FDA_0083_8K,FDA_0083,FDA,TEMPORAL_VERSION,8K,8082,8311,229,128,131072,73489,False,llama_chat_v4,5d2869822989e19b
FDA_0083_16K,FDA_0083,FDA,TEMPORAL_VERSION,16K,16136,16365,229,128,131072,65435,False,llama_chat_v4,5d2869822989e19b
FDA_0083_32K,FDA_0083,FDA,TEMPORAL_VERSION,32K,32370,32599,229,128,131072,49201,False,llama_chat_v4,5d2869822989e19b
FDA_0083_64K,FDA_0083,FDA,TEMPORAL_VERSION,64K,64802,65031,229,128,131072,16769,False,llama_chat_v4,5d2869822989e19b
FDA_0083_82K,FDA_0083,FDA,TEMPORAL_VERSION,82K,81509,81738,229,128,131072,62,True,llama_chat_v4,5d2869822989e19b
FDA_0084_4K,FDA_0084,FDA,TEMPORAL_VERSION,4K,4007,4232,225,128,131072,77568,False,llama_chat_v4,5d2869822989e19b
FDA_0084_8K,FDA_0084,FDA,TEMPORAL_VERSION,8K,8096,8321,225,128,131072,73479,False,llama_chat_v4,5d2869822989e19b
FDA_0084_16K,FDA_0084,FDA,TEMPORAL_VERSION,16K,16151,16376,225,128,131072,65424,False,llama_chat_v4,5d2869822989e19b
FDA_0084_32K,FDA_0084,FDA,TEMPORAL_VERSION,32K,32364,32589,225,128,131072,49211,False,llama_chat_v4,5d2869822989e19b
FDA_0084_64K,FDA_0084,FDA,TEMPORAL_VERSION,64K,64846,65071,225,128,131072,16729,False,llama_chat_v4,5d2869822989e19b
FDA_0084_82K,FDA_0084,FDA,TEMPORAL_VERSION,82K,81496,81721,225,128,131072,79,True,llama_chat_v4,5d2869822989e19b
FDA_0085_4K,FDA_0085,FDA,TEMPORAL_VERSION,4K,4026,4252,226,128,131072,77548,False,llama_chat_v4,5d2869822989e19b
FDA_0085_8K,FDA_0085,FDA,TEMPORAL_VERSION,8K,8033,8259,226,128,131072,73541,False,llama_chat_v4,5d2869822989e19b
FDA_0085_16K,FDA_0085,FDA,TEMPORAL_VERSION,16K,16157,16383,226,128,131072,65417,False,llama_chat_v4,5d2869822989e19b
FDA_0085_32K,FDA_0085,FDA,TEMPORAL_VERSION,32K,32418,32644,226,128,131072,49156,False,llama_chat_v4,5d2869822989e19b
FDA_0085_64K,FDA_0085,FDA,TEMPORAL_VERSION,64K,64821,65047,226,128,131072,16753,False,llama_chat_v4,5d2869822989e19b
FDA_0085_82K,FDA_0085,FDA,TEMPORAL_VERSION,82K,81499,81725,226,128,131072,75,True,llama_chat_v4,5d2869822989e19b
FDA_0086_4K,FDA_0086,FDA,TEMPORAL_VERSION,4K,4031,4257,226,128,131072,77543,False,llama_chat_v4,5d2869822989e19b
FDA_0086_8K,FDA_0086,FDA,TEMPORAL_VERSION,8K,8044,8270,226,128,131072,73530,False,llama_chat_v4,5d2869822989e19b
FDA_0086_16K,FDA_0086,FDA,TEMPORAL_VERSION,16K,16187,16413,226,128,131072,65387,False,llama_chat_v4,5d2869822989e19b
FDA_0086_32K,FDA_0086,FDA,TEMPORAL_VERSION,32K,32368,32594,226,128,131072,49206,False,llama_chat_v4,5d2869822989e19b
FDA_0086_64K,FDA_0086,FDA,TEMPORAL_VERSION,64K,64831,65057,226,128,131072,16743,False,llama_chat_v4,5d2869822989e19b
FDA_0086_82K,FDA_0086,FDA,TEMPORAL_VERSION,82K,81562,81788,226,128,131072,12,True,llama_chat_v4,5d2869822989e19b
FDA_0087_4K,FDA_0087,FDA,TEMPORAL_VERSION,4K,4042,4273,231,128,131072,77527,False,llama_chat_v4,5d2869822989e19b
FDA_0087_8K,FDA_0087,FDA,TEMPORAL_VERSION,8K,8084,8315,231,128,131072,73485,False,llama_chat_v4,5d2869822989e19b
FDA_0087_16K,FDA_0087,FDA,TEMPORAL_VERSION,16K,16211,16442,231,128,131072,65358,False,llama_chat_v4,5d2869822989e19b
FDA_0087_32K,FDA_0087,FDA,TEMPORAL_VERSION,32K,32425,32656,231,128,131072,49144,False,llama_chat_v4,5d2869822989e19b
FDA_0087_64K,FDA_0087,FDA,TEMPORAL_VERSION,64K,64782,65013,231,128,131072,16787,False,llama_chat_v4,5d2869822989e19b
FDA_0087_82K,FDA_0087,FDA,TEMPORAL_VERSION,82K,81519,81750,231,128,131072,50,True,llama_chat_v4,5d2869822989e19b
FDA_0088_4K,FDA_0088,FDA,TEMPORAL_VERSION,4K,3988,4218,230,128,131072,77582,False,llama_chat_v4,5d2869822989e19b
FDA_0088_8K,FDA_0088,FDA,TEMPORAL_VERSION,8K,8042,8272,230,128,131072,73528,False,llama_chat_v4,5d2869822989e19b
FDA_0088_16K,FDA_0088,FDA,TEMPORAL_VERSION,16K,16205,16435,230,128,131072,65365,False,llama_chat_v4,5d2869822989e19b
FDA_0088_32K,FDA_0088,FDA,TEMPORAL_VERSION,32K,32412,32642,230,128,131072,49158,False,llama_chat_v4,5d2869822989e19b
FDA_0088_64K,FDA_0088,FDA,TEMPORAL_VERSION,64K,64830,65060,230,128,131072,16740,False,llama_chat_v4,5d2869822989e19b
FDA_0088_82K,FDA_0088,FDA,TEMPORAL_VERSION,82K,81541,81771,230,128,131072,29,True,llama_chat_v4,5d2869822989e19b
FDA_0089_4K,FDA_0089,FDA,TEMPORAL_VERSION,4K,4052,4280,228,128,131072,77520,False,llama_chat_v4,5d2869822989e19b
FDA_0089_8K,FDA_0089,FDA,TEMPORAL_VERSION,8K,8090,8318,228,128,131072,73482,False,llama_chat_v4,5d2869822989e19b
FDA_0089_16K,FDA_0089,FDA,TEMPORAL_VERSION,16K,16168,16396,228,128,131072,65404,False,llama_chat_v4,5d2869822989e19b
FDA_0089_32K,FDA_0089,FDA,TEMPORAL_VERSION,32K,32370,32598,228,128,131072,49202,False,llama_chat_v4,5d2869822989e19b
FDA_0089_64K,FDA_0089,FDA,TEMPORAL_VERSION,64K,64851,65079,228,128,131072,16721,False,llama_chat_v4,5d2869822989e19b
FDA_0089_82K,FDA_0089,FDA,TEMPORAL_VERSION,82K,81496,81724,228,128,131072,76,True,llama_chat_v4,5d2869822989e19b
FDA_0090_4K,FDA_0090,FDA,ENTITY_UNIT_BINDING,4K,4054,4289,235,128,131072,77511,False,llama_chat_v4,5d2869822989e19b
FDA_0090_8K,FDA_0090,FDA,ENTITY_UNIT_BINDING,8K,8108,8343,235,128,131072,73457,False,llama_chat_v4,5d2869822989e19b
FDA_0090_16K,FDA_0090,FDA,ENTITY_UNIT_BINDING,16K,16215,16450,235,128,131072,65350,False,llama_chat_v4,5d2869822989e19b
FDA_0090_32K,FDA_0090,FDA,ENTITY_UNIT_BINDING,32K,32389,32624,235,128,131072,49176,False,llama_chat_v4,5d2869822989e19b
FDA_0090_64K,FDA_0090,FDA,ENTITY_UNIT_BINDING,64K,64883,65118,235,128,131072,16682,False,llama_chat_v4,5d2869822989e19b
FDA_0090_82K,FDA_0090,FDA,ENTITY_UNIT_BINDING,82K,81544,81779,235,128,131072,21,True,llama_chat_v4,5d2869822989e19b
FDA_0091_4K,FDA_0091,FDA,ENTITY_UNIT_BINDING,4K,3985,4219,234,128,131072,77581,False,llama_chat_v4,5d2869822989e19b
FDA_0091_8K,FDA_0091,FDA,ENTITY_UNIT_BINDING,8K,8079,8313,234,128,131072,73487,False,llama_chat_v4,5d2869822989e19b
FDA_0091_16K,FDA_0091,FDA,ENTITY_UNIT_BINDING,16K,16211,16445,234,128,131072,65355,False,llama_chat_v4,5d2869822989e19b
FDA_0091_32K,FDA_0091,FDA,ENTITY_UNIT_BINDING,32K,32435,32669,234,128,131072,49131,False,llama_chat_v4,5d2869822989e19b
FDA_0091_64K,FDA_0091,FDA,ENTITY_UNIT_BINDING,64K,64811,65045,234,128,131072,16755,False,llama_chat_v4,5d2869822989e19b
FDA_0091_82K,FDA_0091,FDA,ENTITY_UNIT_BINDING,82K,81530,81764,234,128,131072,36,True,llama_chat_v4,5d2869822989e19b
FDA_0092_4K,FDA_0092,FDA,ENTITY_UNIT_BINDING,4K,3985,4221,236,128,131072,77579,False,llama_chat_v4,5d2869822989e19b
FDA_0092_8K,FDA_0092,FDA,ENTITY_UNIT_BINDING,8K,8067,8303,236,128,131072,73497,False,llama_chat_v4,5d2869822989e19b
FDA_0092_16K,FDA_0092,FDA,ENTITY_UNIT_BINDING,16K,16212,16448,236,128,131072,65352,False,llama_chat_v4,5d2869822989e19b
FDA_0092_32K,FDA_0092,FDA,ENTITY_UNIT_BINDING,32K,32422,32658,236,128,131072,49142,False,llama_chat_v4,5d2869822989e19b
FDA_0092_64K,FDA_0092,FDA,ENTITY_UNIT_BINDING,64K,64816,65052,236,128,131072,16748,False,llama_chat_v4,5d2869822989e19b
FDA_0092_82K,FDA_0092,FDA,ENTITY_UNIT_BINDING,82K,81485,81721,236,128,131072,79,True,llama_chat_v4,5d2869822989e19b
FDA_0093_4K,FDA_0093,FDA,ENTITY_UNIT_BINDING,4K,4049,4284,235,128,131072,77516,False,llama_chat_v4,5d2869822989e19b
FDA_0093_8K,FDA_0093,FDA,ENTITY_UNIT_BINDING,8K,8050,8285,235,128,131072,73515,False,llama_chat_v4,5d2869822989e19b
FDA_0093_16K,FDA_0093,FDA,ENTITY_UNIT_BINDING,16K,16142,16377,235,128,131072,65423,False,llama_chat_v4,5d2869822989e19b
FDA_0093_32K,FDA_0093,FDA,ENTITY_UNIT_BINDING,32K,32372,32607,235,128,131072,49193,False,llama_chat_v4,5d2869822989e19b
FDA_0093_64K,FDA_0093,FDA,ENTITY_UNIT_BINDING,64K,64845,65080,235,128,131072,16720,False,llama_chat_v4,5d2869822989e19b
FDA_0093_82K,FDA_0093,FDA,ENTITY_UNIT_BINDING,82K,81551,81786,235,128,131072,14,True,llama_chat_v4,5d2869822989e19b
FDA_0094_4K,FDA_0094,FDA,ENTITY_UNIT_BINDING,4K,4055,4297,242,128,131072,77503,False,llama_chat_v4,5d2869822989e19b
FDA_0094_8K,FDA_0094,FDA,ENTITY_UNIT_BINDING,8K,8058,8300,242,128,131072,73500,False,llama_chat_v4,5d2869822989e19b
FDA_0094_16K,FDA_0094,FDA,ENTITY_UNIT_BINDING,16K,16217,16459,242,128,131072,65341,False,llama_chat_v4,5d2869822989e19b
FDA_0094_32K,FDA_0094,FDA,ENTITY_UNIT_BINDING,32K,32406,32648,242,128,131072,49152,False,llama_chat_v4,5d2869822989e19b
FDA_0094_64K,FDA_0094,FDA,ENTITY_UNIT_BINDING,64K,64853,65095,242,128,131072,16705,False,llama_chat_v4,5d2869822989e19b
FDA_0094_82K,FDA_0094,FDA,ENTITY_UNIT_BINDING,82K,81499,81741,242,128,131072,59,True,llama_chat_v4,5d2869822989e19b
FDA_0095_4K,FDA_0095,FDA,ENTITY_UNIT_BINDING,4K,4034,4267,233,128,131072,77533,False,llama_chat_v4,5d2869822989e19b
FDA_0095_8K,FDA_0095,FDA,ENTITY_UNIT_BINDING,8K,8097,8330,233,128,131072,73470,False,llama_chat_v4,5d2869822989e19b
FDA_0095_16K,FDA_0095,FDA,ENTITY_UNIT_BINDING,16K,16157,16390,233,128,131072,65410,False,llama_chat_v4,5d2869822989e19b
FDA_0095_32K,FDA_0095,FDA,ENTITY_UNIT_BINDING,32K,32439,32672,233,128,131072,49128,False,llama_chat_v4,5d2869822989e19b
FDA_0095_64K,FDA_0095,FDA,ENTITY_UNIT_BINDING,64K,64839,65072,233,128,131072,16728,False,llama_chat_v4,5d2869822989e19b
FDA_0095_82K,FDA_0095,FDA,ENTITY_UNIT_BINDING,82K,81566,81799,233,128,131072,1,True,llama_chat_v4,5d2869822989e19b
FDA_0096_4K,FDA_0096,FDA,ENTITY_UNIT_BINDING,4K,4000,4236,236,128,131072,77564,False,llama_chat_v4,5d2869822989e19b
FDA_0096_8K,FDA_0096,FDA,ENTITY_UNIT_BINDING,8K,8059,8295,236,128,131072,73505,False,llama_chat_v4,5d2869822989e19b
FDA_0096_16K,FDA_0096,FDA,ENTITY_UNIT_BINDING,16K,16192,16428,236,128,131072,65372,False,llama_chat_v4,5d2869822989e19b
FDA_0096_32K,FDA_0096,FDA,ENTITY_UNIT_BINDING,32K,32413,32649,236,128,131072,49151,False,llama_chat_v4,5d2869822989e19b
FDA_0096_64K,FDA_0096,FDA,ENTITY_UNIT_BINDING,64K,64805,65041,236,128,131072,16759,False,llama_chat_v4,5d2869822989e19b
FDA_0096_82K,FDA_0096,FDA,ENTITY_UNIT_BINDING,82K,81535,81771,236,128,131072,29,True,llama_chat_v4,5d2869822989e19b
FDA_0097_4K,FDA_0097,FDA,ENTITY_UNIT_BINDING,4K,4011,4247,236,128,131072,77553,False,llama_chat_v4,5d2869822989e19b
FDA_0097_8K,FDA_0097,FDA,ENTITY_UNIT_BINDING,8K,8045,8281,236,128,131072,73519,False,llama_chat_v4,5d2869822989e19b
FDA_0097_16K,FDA_0097,FDA,ENTITY_UNIT_BINDING,16K,16189,16425,236,128,131072,65375,False,llama_chat_v4,5d2869822989e19b
FDA_0097_32K,FDA_0097,FDA,ENTITY_UNIT_BINDING,32K,32427,32663,236,128,131072,49137,False,llama_chat_v4,5d2869822989e19b
FDA_0097_64K,FDA_0097,FDA,ENTITY_UNIT_BINDING,64K,64821,65057,236,128,131072,16743,False,llama_chat_v4,5d2869822989e19b
FDA_0097_82K,FDA_0097,FDA,ENTITY_UNIT_BINDING,82K,81548,81784,236,128,131072,16,True,llama_chat_v4,5d2869822989e19b
FDA_0098_4K,FDA_0098,FDA,ENTITY_UNIT_BINDING,4K,4040,4271,231,128,131072,77529,False,llama_chat_v4,5d2869822989e19b
FDA_0098_8K,FDA_0098,FDA,ENTITY_UNIT_BINDING,8K,8043,8274,231,128,131072,73526,False,llama_chat_v4,5d2869822989e19b
FDA_0098_16K,FDA_0098,FDA,ENTITY_UNIT_BINDING,16K,16213,16444,231,128,131072,65356,False,llama_chat_v4,5d2869822989e19b
FDA_0098_32K,FDA_0098,FDA,ENTITY_UNIT_BINDING,32K,32402,32633,231,128,131072,49167,False,llama_chat_v4,5d2869822989e19b
FDA_0098_64K,FDA_0098,FDA,ENTITY_UNIT_BINDING,64K,64857,65088,231,128,131072,16712,False,llama_chat_v4,5d2869822989e19b
FDA_0098_82K,FDA_0098,FDA,ENTITY_UNIT_BINDING,82K,81562,81793,231,128,131072,7,True,llama_chat_v4,5d2869822989e19b
FDA_0099_4K,FDA_0099,FDA,ENTITY_UNIT_BINDING,4K,3999,4234,235,128,131072,77566,False,llama_chat_v4,5d2869822989e19b
FDA_0099_8K,FDA_0099,FDA,ENTITY_UNIT_BINDING,8K,8109,8344,235,128,131072,73456,False,llama_chat_v4,5d2869822989e19b
FDA_0099_16K,FDA_0099,FDA,ENTITY_UNIT_BINDING,16K,16180,16415,235,128,131072,65385,False,llama_chat_v4,5d2869822989e19b
FDA_0099_32K,FDA_0099,FDA,ENTITY_UNIT_BINDING,32K,32375,32610,235,128,131072,49190,False,llama_chat_v4,5d2869822989e19b
FDA_0099_64K,FDA_0099,FDA,ENTITY_UNIT_BINDING,64K,64880,65115,235,128,131072,16685,False,llama_chat_v4,5d2869822989e19b
FDA_0099_82K,FDA_0099,FDA,ENTITY_UNIT_BINDING,82K,81542,81777,235,128,131072,23,True,llama_chat_v4,5d2869822989e19b
FDA_0100_4K,FDA_0100,FDA,ENTITY_UNIT_BINDING,4K,4056,4287,231,128,131072,77513,False,llama_chat_v4,5d2869822989e19b
FDA_0100_8K,FDA_0100,FDA,ENTITY_UNIT_BINDING,8K,8052,8283,231,128,131072,73517,False,llama_chat_v4,5d2869822989e19b
FDA_0100_16K,FDA_0100,FDA,ENTITY_UNIT_BINDING,16K,16150,16381,231,128,131072,65419,False,llama_chat_v4,5d2869822989e19b
FDA_0100_32K,FDA_0100,FDA,ENTITY_UNIT_BINDING,32K,32418,32649,231,128,131072,49151,False,llama_chat_v4,5d2869822989e19b
FDA_0100_64K,FDA_0100,FDA,ENTITY_UNIT_BINDING,64K,64885,65116,231,128,131072,16684,False,llama_chat_v4,5d2869822989e19b
FDA_0100_82K,FDA_0100,FDA,ENTITY_UNIT_BINDING,82K,81494,81725,231,128,131072,75,True,llama_chat_v4,5d2869822989e19b
FDA_0101_4K,FDA_0101,FDA,ENTITY_UNIT_BINDING,4K,4010,4252,242,128,131072,77548,False,llama_chat_v4,5d2869822989e19b
FDA_0101_8K,FDA_0101,FDA,ENTITY_UNIT_BINDING,8K,8045,8287,242,128,131072,73513,False,llama_chat_v4,5d2869822989e19b
FDA_0101_16K,FDA_0101,FDA,ENTITY_UNIT_BINDING,16K,16163,16405,242,128,131072,65395,False,llama_chat_v4,5d2869822989e19b
FDA_0101_32K,FDA_0101,FDA,ENTITY_UNIT_BINDING,32K,32396,32638,242,128,131072,49162,False,llama_chat_v4,5d2869822989e19b
FDA_0101_64K,FDA_0101,FDA,ENTITY_UNIT_BINDING,64K,64837,65079,242,128,131072,16721,False,llama_chat_v4,5d2869822989e19b
FDA_0101_82K,FDA_0101,FDA,ENTITY_UNIT_BINDING,82K,81513,81755,242,128,131072,45,True,llama_chat_v4,5d2869822989e19b
FDA_0102_4K,FDA_0102,FDA,ENTITY_UNIT_BINDING,4K,3984,4217,233,128,131072,77583,False,llama_chat_v4,5d2869822989e19b
FDA_0102_8K,FDA_0102,FDA,ENTITY_UNIT_BINDING,8K,8087,8320,233,128,131072,73480,False,llama_chat_v4,5d2869822989e19b
FDA_0102_16K,FDA_0102,FDA,ENTITY_UNIT_BINDING,16K,16215,16448,233,128,131072,65352,False,llama_chat_v4,5d2869822989e19b
FDA_0102_32K,FDA_0102,FDA,ENTITY_UNIT_BINDING,32K,32400,32633,233,128,131072,49167,False,llama_chat_v4,5d2869822989e19b
FDA_0102_64K,FDA_0102,FDA,ENTITY_UNIT_BINDING,64K,64872,65105,233,128,131072,16695,False,llama_chat_v4,5d2869822989e19b
FDA_0102_82K,FDA_0102,FDA,ENTITY_UNIT_BINDING,82K,81505,81738,233,128,131072,62,True,llama_chat_v4,5d2869822989e19b
FDA_0103_4K,FDA_0103,FDA,ENTITY_UNIT_BINDING,4K,4017,4255,238,128,131072,77545,False,llama_chat_v4,5d2869822989e19b
FDA_0103_8K,FDA_0103,FDA,ENTITY_UNIT_BINDING,8K,8104,8342,238,128,131072,73458,False,llama_chat_v4,5d2869822989e19b
FDA_0103_16K,FDA_0103,FDA,ENTITY_UNIT_BINDING,16K,16188,16426,238,128,131072,65374,False,llama_chat_v4,5d2869822989e19b
FDA_0103_32K,FDA_0103,FDA,ENTITY_UNIT_BINDING,32K,32436,32674,238,128,131072,49126,False,llama_chat_v4,5d2869822989e19b
FDA_0103_64K,FDA_0103,FDA,ENTITY_UNIT_BINDING,64K,64870,65108,238,128,131072,16692,False,llama_chat_v4,5d2869822989e19b
FDA_0103_82K,FDA_0103,FDA,ENTITY_UNIT_BINDING,82K,81480,81718,238,128,131072,82,True,llama_chat_v4,5d2869822989e19b
FDA_0104_4K,FDA_0104,FDA,ENTITY_UNIT_BINDING,4K,4043,4280,237,128,131072,77520,False,llama_chat_v4,5d2869822989e19b
FDA_0104_8K,FDA_0104,FDA,ENTITY_UNIT_BINDING,8K,8095,8332,237,128,131072,73468,False,llama_chat_v4,5d2869822989e19b
FDA_0104_16K,FDA_0104,FDA,ENTITY_UNIT_BINDING,16K,16212,16449,237,128,131072,65351,False,llama_chat_v4,5d2869822989e19b
FDA_0104_32K,FDA_0104,FDA,ENTITY_UNIT_BINDING,32K,32406,32643,237,128,131072,49157,False,llama_chat_v4,5d2869822989e19b
FDA_0104_64K,FDA_0104,FDA,ENTITY_UNIT_BINDING,64K,64877,65114,237,128,131072,16686,False,llama_chat_v4,5d2869822989e19b
FDA_0104_82K,FDA_0104,FDA,ENTITY_UNIT_BINDING,82K,81494,81731,237,128,131072,69,True,llama_chat_v4,5d2869822989e19b
FDA_0105_4K,FDA_0105,FDA,ENTITY_UNIT_BINDING,4K,4054,4289,235,128,131072,77511,False,llama_chat_v4,5d2869822989e19b
FDA_0105_8K,FDA_0105,FDA,ENTITY_UNIT_BINDING,8K,8105,8340,235,128,131072,73460,False,llama_chat_v4,5d2869822989e19b
FDA_0105_16K,FDA_0105,FDA,ENTITY_UNIT_BINDING,16K,16221,16456,235,128,131072,65344,False,llama_chat_v4,5d2869822989e19b
FDA_0105_32K,FDA_0105,FDA,ENTITY_UNIT_BINDING,32K,32439,32674,235,128,131072,49126,False,llama_chat_v4,5d2869822989e19b
FDA_0105_64K,FDA_0105,FDA,ENTITY_UNIT_BINDING,64K,64850,65085,235,128,131072,16715,False,llama_chat_v4,5d2869822989e19b
FDA_0105_82K,FDA_0105,FDA,ENTITY_UNIT_BINDING,82K,81470,81705,235,128,131072,95,True,llama_chat_v4,5d2869822989e19b
FDA_0106_4K,FDA_0106,FDA,UNANSWERABLE,4K,4007,4237,230,128,131072,77563,False,llama_chat_v4,5d2869822989e19b
FDA_0106_8K,FDA_0106,FDA,UNANSWERABLE,8K,8101,8331,230,128,131072,73469,False,llama_chat_v4,5d2869822989e19b
FDA_0106_16K,FDA_0106,FDA,UNANSWERABLE,16K,16184,16414,230,128,131072,65386,False,llama_chat_v4,5d2869822989e19b
FDA_0106_32K,FDA_0106,FDA,UNANSWERABLE,32K,32358,32588,230,128,131072,49212,False,llama_chat_v4,5d2869822989e19b
FDA_0106_64K,FDA_0106,FDA,UNANSWERABLE,64K,64796,65026,230,128,131072,16774,False,llama_chat_v4,5d2869822989e19b
FDA_0106_82K,FDA_0106,FDA,UNANSWERABLE,82K,81532,81762,230,128,131072,38,True,llama_chat_v4,5d2869822989e19b
FDA_0107_4K,FDA_0107,FDA,UNANSWERABLE,4K,4050,4280,230,128,131072,77520,False,llama_chat_v4,5d2869822989e19b
FDA_0107_8K,FDA_0107,FDA,UNANSWERABLE,8K,8094,8324,230,128,131072,73476,False,llama_chat_v4,5d2869822989e19b
FDA_0107_16K,FDA_0107,FDA,UNANSWERABLE,16K,16188,16418,230,128,131072,65382,False,llama_chat_v4,5d2869822989e19b
FDA_0107_32K,FDA_0107,FDA,UNANSWERABLE,32K,32395,32625,230,128,131072,49175,False,llama_chat_v4,5d2869822989e19b
FDA_0107_64K,FDA_0107,FDA,UNANSWERABLE,64K,64828,65058,230,128,131072,16742,False,llama_chat_v4,5d2869822989e19b
FDA_0107_82K,FDA_0107,FDA,UNANSWERABLE,82K,81481,81711,230,128,131072,89,True,llama_chat_v4,5d2869822989e19b
FDA_0108_4K,FDA_0108,FDA,UNANSWERABLE,4K,3993,4224,231,128,131072,77576,False,llama_chat_v4,5d2869822989e19b
FDA_0108_8K,FDA_0108,FDA,UNANSWERABLE,8K,8104,8335,231,128,131072,73465,False,llama_chat_v4,5d2869822989e19b
FDA_0108_16K,FDA_0108,FDA,UNANSWERABLE,16K,16168,16399,231,128,131072,65401,False,llama_chat_v4,5d2869822989e19b
FDA_0108_32K,FDA_0108,FDA,UNANSWERABLE,32K,32373,32604,231,128,131072,49196,False,llama_chat_v4,5d2869822989e19b
FDA_0108_64K,FDA_0108,FDA,UNANSWERABLE,64K,64777,65008,231,128,131072,16792,False,llama_chat_v4,5d2869822989e19b
FDA_0108_82K,FDA_0108,FDA,UNANSWERABLE,82K,81503,81734,231,128,131072,66,True,llama_chat_v4,5d2869822989e19b
FDA_0109_4K,FDA_0109,FDA,UNANSWERABLE,4K,4003,4233,230,128,131072,77567,False,llama_chat_v4,5d2869822989e19b
FDA_0109_8K,FDA_0109,FDA,UNANSWERABLE,8K,8081,8311,230,128,131072,73489,False,llama_chat_v4,5d2869822989e19b
FDA_0109_16K,FDA_0109,FDA,UNANSWERABLE,16K,16191,16421,230,128,131072,65379,False,llama_chat_v4,5d2869822989e19b
FDA_0109_32K,FDA_0109,FDA,UNANSWERABLE,32K,32369,32599,230,128,131072,49201,False,llama_chat_v4,5d2869822989e19b
FDA_0109_64K,FDA_0109,FDA,UNANSWERABLE,64K,64833,65063,230,128,131072,16737,False,llama_chat_v4,5d2869822989e19b
FDA_0109_82K,FDA_0109,FDA,UNANSWERABLE,82K,81524,81754,230,128,131072,46,True,llama_chat_v4,5d2869822989e19b
FDA_0110_4K,FDA_0110,FDA,UNANSWERABLE,4K,4030,4260,230,128,131072,77540,False,llama_chat_v4,5d2869822989e19b
FDA_0110_8K,FDA_0110,FDA,UNANSWERABLE,8K,8029,8259,230,128,131072,73541,False,llama_chat_v4,5d2869822989e19b
FDA_0110_16K,FDA_0110,FDA,UNANSWERABLE,16K,16183,16413,230,128,131072,65387,False,llama_chat_v4,5d2869822989e19b
FDA_0110_32K,FDA_0110,FDA,UNANSWERABLE,32K,32417,32647,230,128,131072,49153,False,llama_chat_v4,5d2869822989e19b
FDA_0110_64K,FDA_0110,FDA,UNANSWERABLE,64K,64845,65075,230,128,131072,16725,False,llama_chat_v4,5d2869822989e19b
FDA_0110_82K,FDA_0110,FDA,UNANSWERABLE,82K,81504,81734,230,128,131072,66,True,llama_chat_v4,5d2869822989e19b
FDA_0111_4K,FDA_0111,FDA,UNANSWERABLE,4K,4052,4283,231,128,131072,77517,False,llama_chat_v4,5d2869822989e19b
FDA_0111_8K,FDA_0111,FDA,UNANSWERABLE,8K,8041,8272,231,128,131072,73528,False,llama_chat_v4,5d2869822989e19b
FDA_0111_16K,FDA_0111,FDA,UNANSWERABLE,16K,16197,16428,231,128,131072,65372,False,llama_chat_v4,5d2869822989e19b
FDA_0111_32K,FDA_0111,FDA,UNANSWERABLE,32K,32414,32645,231,128,131072,49155,False,llama_chat_v4,5d2869822989e19b
FDA_0111_64K,FDA_0111,FDA,UNANSWERABLE,64K,64804,65035,231,128,131072,16765,False,llama_chat_v4,5d2869822989e19b
FDA_0111_82K,FDA_0111,FDA,UNANSWERABLE,82K,81504,81735,231,128,131072,65,True,llama_chat_v4,5d2869822989e19b
FDA_0112_4K,FDA_0112,FDA,UNANSWERABLE,4K,3992,4222,230,128,131072,77578,False,llama_chat_v4,5d2869822989e19b
FDA_0112_8K,FDA_0112,FDA,UNANSWERABLE,8K,8103,8333,230,128,131072,73467,False,llama_chat_v4,5d2869822989e19b
FDA_0112_16K,FDA_0112,FDA,UNANSWERABLE,16K,16141,16371,230,128,131072,65429,False,llama_chat_v4,5d2869822989e19b
FDA_0112_32K,FDA_0112,FDA,UNANSWERABLE,32K,32369,32599,230,128,131072,49201,False,llama_chat_v4,5d2869822989e19b
FDA_0112_64K,FDA_0112,FDA,UNANSWERABLE,64K,64834,65064,230,128,131072,16736,False,llama_chat_v4,5d2869822989e19b
FDA_0112_82K,FDA_0112,FDA,UNANSWERABLE,82K,81553,81783,230,128,131072,17,True,llama_chat_v4,5d2869822989e19b
FDA_0113_4K,FDA_0113,FDA,UNANSWERABLE,4K,3986,4218,232,128,131072,77582,False,llama_chat_v4,5d2869822989e19b
FDA_0113_8K,FDA_0113,FDA,UNANSWERABLE,8K,8102,8334,232,128,131072,73466,False,llama_chat_v4,5d2869822989e19b
FDA_0113_16K,FDA_0113,FDA,UNANSWERABLE,16K,16203,16435,232,128,131072,65365,False,llama_chat_v4,5d2869822989e19b
FDA_0113_32K,FDA_0113,FDA,UNANSWERABLE,32K,32355,32587,232,128,131072,49213,False,llama_chat_v4,5d2869822989e19b
FDA_0113_64K,FDA_0113,FDA,UNANSWERABLE,64K,64793,65025,232,128,131072,16775,False,llama_chat_v4,5d2869822989e19b
FDA_0113_82K,FDA_0113,FDA,UNANSWERABLE,82K,81535,81767,232,128,131072,33,True,llama_chat_v4,5d2869822989e19b
FDA_0114_4K,FDA_0114,FDA,UNANSWERABLE,4K,4049,4281,232,128,131072,77519,False,llama_chat_v4,5d2869822989e19b
FDA_0114_8K,FDA_0114,FDA,UNANSWERABLE,8K,8075,8307,232,128,131072,73493,False,llama_chat_v4,5d2869822989e19b
FDA_0114_16K,FDA_0114,FDA,UNANSWERABLE,16K,16140,16372,232,128,131072,65428,False,llama_chat_v4,5d2869822989e19b
FDA_0114_32K,FDA_0114,FDA,UNANSWERABLE,32K,32365,32597,232,128,131072,49203,False,llama_chat_v4,5d2869822989e19b
FDA_0114_64K,FDA_0114,FDA,UNANSWERABLE,64K,64827,65059,232,128,131072,16741,False,llama_chat_v4,5d2869822989e19b
FDA_0114_82K,FDA_0114,FDA,UNANSWERABLE,82K,81514,81746,232,128,131072,54,True,llama_chat_v4,5d2869822989e19b
FDA_0115_4K,FDA_0115,FDA,UNANSWERABLE,4K,4006,4237,231,128,131072,77563,False,llama_chat_v4,5d2869822989e19b
FDA_0115_8K,FDA_0115,FDA,UNANSWERABLE,8K,8101,8332,231,128,131072,73468,False,llama_chat_v4,5d2869822989e19b
FDA_0115_16K,FDA_0115,FDA,UNANSWERABLE,16K,16176,16407,231,128,131072,65393,False,llama_chat_v4,5d2869822989e19b
FDA_0115_32K,FDA_0115,FDA,UNANSWERABLE,32K,32417,32648,231,128,131072,49152,False,llama_chat_v4,5d2869822989e19b
FDA_0115_64K,FDA_0115,FDA,UNANSWERABLE,64K,64831,65062,231,128,131072,16738,False,llama_chat_v4,5d2869822989e19b
FDA_0115_82K,FDA_0115,FDA,UNANSWERABLE,82K,81516,81747,231,128,131072,53,True,llama_chat_v4,5d2869822989e19b
FDA_0116_4K,FDA_0116,FDA,UNANSWERABLE,4K,4044,4274,230,128,131072,77526,False,llama_chat_v4,5d2869822989e19b
FDA_0116_8K,FDA_0116,FDA,UNANSWERABLE,8K,8102,8332,230,128,131072,73468,False,llama_chat_v4,5d2869822989e19b
FDA_0116_16K,FDA_0116,FDA,UNANSWERABLE,16K,16141,16371,230,128,131072,65429,False,llama_chat_v4,5d2869822989e19b
FDA_0116_32K,FDA_0116,FDA,UNANSWERABLE,32K,32399,32629,230,128,131072,49171,False,llama_chat_v4,5d2869822989e19b
FDA_0116_64K,FDA_0116,FDA,UNANSWERABLE,64K,64788,65018,230,128,131072,16782,False,llama_chat_v4,5d2869822989e19b
FDA_0116_82K,FDA_0116,FDA,UNANSWERABLE,82K,81495,81725,230,128,131072,75,True,llama_chat_v4,5d2869822989e19b
FDA_0117_4K,FDA_0117,FDA,UNANSWERABLE,4K,4017,4248,231,128,131072,77552,False,llama_chat_v4,5d2869822989e19b
FDA_0117_8K,FDA_0117,FDA,UNANSWERABLE,8K,8067,8298,231,128,131072,73502,False,llama_chat_v4,5d2869822989e19b
FDA_0117_16K,FDA_0117,FDA,UNANSWERABLE,16K,16209,16440,231,128,131072,65360,False,llama_chat_v4,5d2869822989e19b
FDA_0117_32K,FDA_0117,FDA,UNANSWERABLE,32K,32411,32642,231,128,131072,49158,False,llama_chat_v4,5d2869822989e19b
FDA_0117_64K,FDA_0117,FDA,UNANSWERABLE,64K,64827,65058,231,128,131072,16742,False,llama_chat_v4,5d2869822989e19b
FDA_0117_82K,FDA_0117,FDA,UNANSWERABLE,82K,81547,81778,231,128,131072,22,True,llama_chat_v4,5d2869822989e19b
FDA_0118_4K,FDA_0118,FDA,UNANSWERABLE,4K,4052,4282,230,128,131072,77518,False,llama_chat_v4,5d2869822989e19b
FDA_0118_8K,FDA_0118,FDA,UNANSWERABLE,8K,8101,8331,230,128,131072,73469,False,llama_chat_v4,5d2869822989e19b
FDA_0118_16K,FDA_0118,FDA,UNANSWERABLE,16K,16158,16388,230,128,131072,65412,False,llama_chat_v4,5d2869822989e19b
FDA_0118_32K,FDA_0118,FDA,UNANSWERABLE,32K,32388,32618,230,128,131072,49182,False,llama_chat_v4,5d2869822989e19b
FDA_0118_64K,FDA_0118,FDA,UNANSWERABLE,64K,64845,65075,230,128,131072,16725,False,llama_chat_v4,5d2869822989e19b
FDA_0118_82K,FDA_0118,FDA,UNANSWERABLE,82K,81557,81787,230,128,131072,13,True,llama_chat_v4,5d2869822989e19b
FDA_0119_4K,FDA_0119,FDA,UNANSWERABLE,4K,4003,4233,230,128,131072,77567,False,llama_chat_v4,5d2869822989e19b
FDA_0119_8K,FDA_0119,FDA,UNANSWERABLE,8K,8104,8334,230,128,131072,73466,False,llama_chat_v4,5d2869822989e19b
FDA_0119_16K,FDA_0119,FDA,UNANSWERABLE,16K,16171,16401,230,128,131072,65399,False,llama_chat_v4,5d2869822989e19b
FDA_0119_32K,FDA_0119,FDA,UNANSWERABLE,32K,32346,32576,230,128,131072,49224,False,llama_chat_v4,5d2869822989e19b
FDA_0119_64K,FDA_0119,FDA,UNANSWERABLE,64K,64818,65048,230,128,131072,16752,False,llama_chat_v4,5d2869822989e19b
FDA_0119_82K,FDA_0119,FDA,UNANSWERABLE,82K,81507,81737,230,128,131072,63,True,llama_chat_v4,5d2869822989e19b
FDA_0120_4K,FDA_0120,FDA,UNANSWERABLE,4K,4012,4242,230,128,131072,77558,False,llama_chat_v4,5d2869822989e19b
FDA_0120_8K,FDA_0120,FDA,UNANSWERABLE,8K,8082,8312,230,128,131072,73488,False,llama_chat_v4,5d2869822989e19b
FDA_0120_16K,FDA_0120,FDA,UNANSWERABLE,16K,16147,16377,230,128,131072,65423,False,llama_chat_v4,5d2869822989e19b
FDA_0120_32K,FDA_0120,FDA,UNANSWERABLE,32K,32408,32638,230,128,131072,49162,False,llama_chat_v4,5d2869822989e19b
FDA_0120_64K,FDA_0120,FDA,UNANSWERABLE,64K,64774,65004,230,128,131072,16796,False,llama_chat_v4,5d2869822989e19b
FDA_0120_82K,FDA_0120,FDA,UNANSWERABLE,82K,81535,81765,230,128,131072,35,True,llama_chat_v4,5d2869822989e19b
FDA_0121_4K,FDA_0121,FDA,UNANSWERABLE,4K,4046,4268,222,128,131072,77532,False,llama_chat_v4,5d2869822989e19b
FDA_0121_8K,FDA_0121,FDA,UNANSWERABLE,8K,8054,8276,222,128,131072,73524,False,llama_chat_v4,5d2869822989e19b
FDA_0121_16K,FDA_0121,FDA,UNANSWERABLE,16K,16176,16398,222,128,131072,65402,False,llama_chat_v4,5d2869822989e19b
FDA_0121_32K,FDA_0121,FDA,UNANSWERABLE,32K,32405,32627,222,128,131072,49173,False,llama_chat_v4,5d2869822989e19b
FDA_0121_64K,FDA_0121,FDA,UNANSWERABLE,64K,64811,65033,222,128,131072,16767,False,llama_chat_v4,5d2869822989e19b
FDA_0121_82K,FDA_0121,FDA,UNANSWERABLE,82K,81548,81770,222,128,131072,30,True,llama_chat_v4,5d2869822989e19b
FDA_0122_4K,FDA_0122,FDA,UNANSWERABLE,4K,3997,4227,230,128,131072,77573,False,llama_chat_v4,5d2869822989e19b
FDA_0122_8K,FDA_0122,FDA,UNANSWERABLE,8K,8033,8263,230,128,131072,73537,False,llama_chat_v4,5d2869822989e19b
FDA_0122_16K,FDA_0122,FDA,UNANSWERABLE,16K,16166,16396,230,128,131072,65404,False,llama_chat_v4,5d2869822989e19b
FDA_0122_32K,FDA_0122,FDA,UNANSWERABLE,32K,32369,32599,230,128,131072,49201,False,llama_chat_v4,5d2869822989e19b
FDA_0122_64K,FDA_0122,FDA,UNANSWERABLE,64K,64797,65027,230,128,131072,16773,False,llama_chat_v4,5d2869822989e19b
FDA_0122_82K,FDA_0122,FDA,UNANSWERABLE,82K,81526,81756,230,128,131072,44,True,llama_chat_v4,5d2869822989e19b
FDA_0123_4K,FDA_0123,FDA,UNANSWERABLE,4K,3999,4229,230,128,131072,77571,False,llama_chat_v4,5d2869822989e19b
FDA_0123_8K,FDA_0123,FDA,UNANSWERABLE,8K,8098,8328,230,128,131072,73472,False,llama_chat_v4,5d2869822989e19b
FDA_0123_16K,FDA_0123,FDA,UNANSWERABLE,16K,16136,16366,230,128,131072,65434,False,llama_chat_v4,5d2869822989e19b
FDA_0123_32K,FDA_0123,FDA,UNANSWERABLE,32K,32377,32607,230,128,131072,49193,False,llama_chat_v4,5d2869822989e19b
FDA_0123_64K,FDA_0123,FDA,UNANSWERABLE,64K,64837,65067,230,128,131072,16733,False,llama_chat_v4,5d2869822989e19b
FDA_0123_82K,FDA_0123,FDA,UNANSWERABLE,82K,81539,81769,230,128,131072,31,True,llama_chat_v4,5d2869822989e19b
FDA_0124_4K,FDA_0124,FDA,UNANSWERABLE,4K,3984,4215,231,128,131072,77585,False,llama_chat_v4,5d2869822989e19b
FDA_0124_8K,FDA_0124,FDA,UNANSWERABLE,8K,8087,8318,231,128,131072,73482,False,llama_chat_v4,5d2869822989e19b
FDA_0124_16K,FDA_0124,FDA,UNANSWERABLE,16K,16150,16381,231,128,131072,65419,False,llama_chat_v4,5d2869822989e19b
FDA_0124_32K,FDA_0124,FDA,UNANSWERABLE,32K,32397,32628,231,128,131072,49172,False,llama_chat_v4,5d2869822989e19b
FDA_0124_64K,FDA_0124,FDA,UNANSWERABLE,64K,64801,65032,231,128,131072,16768,False,llama_chat_v4,5d2869822989e19b
FDA_0124_82K,FDA_0124,FDA,UNANSWERABLE,82K,81560,81791,231,128,131072,9,True,llama_chat_v4,5d2869822989e19b
FDA_0125_4K,FDA_0125,FDA,UNANSWERABLE,4K,4012,4242,230,128,131072,77558,False,llama_chat_v4,5d2869822989e19b
FDA_0125_8K,FDA_0125,FDA,UNANSWERABLE,8K,8088,8318,230,128,131072,73482,False,llama_chat_v4,5d2869822989e19b
FDA_0125_16K,FDA_0125,FDA,UNANSWERABLE,16K,16178,16408,230,128,131072,65392,False,llama_chat_v4,5d2869822989e19b
FDA_0125_32K,FDA_0125,FDA,UNANSWERABLE,32K,32420,32650,230,128,131072,49150,False,llama_chat_v4,5d2869822989e19b
FDA_0125_64K,FDA_0125,FDA,UNANSWERABLE,64K,64836,65066,230,128,131072,16734,False,llama_chat_v4,5d2869822989e19b
FDA_0125_82K,FDA_0125,FDA,UNANSWERABLE,82K,81554,81784,230,128,131072,16,True,llama_chat_v4,5d2869822989e19b
CT_0001_4K,CT_0001,CLINICAL_TRIALS,DIRECT_RETRIEVAL,4K,4035,4291,256,128,131072,77509,False,llama_chat_v4,5d2869822989e19b
CT_0001_8K,CT_0001,CLINICAL_TRIALS,DIRECT_RETRIEVAL,8K,8098,8354,256,128,131072,73446,False,llama_chat_v4,5d2869822989e19b
CT_0001_16K,CT_0001,CLINICAL_TRIALS,DIRECT_RETRIEVAL,16K,16217,16473,256,128,131072,65327,False,llama_chat_v4,5d2869822989e19b
CT_0001_32K,CT_0001,CLINICAL_TRIALS,DIRECT_RETRIEVAL,32K,32464,32720,256,128,131072,49080,False,llama_chat_v4,5d2869822989e19b
CT_0001_64K,CT_0001,CLINICAL_TRIALS,DIRECT_RETRIEVAL,64K,64935,65191,256,128,131072,16609,False,llama_chat_v4,5d2869822989e19b
CT_0001_82K,CT_0001,CLINICAL_TRIALS,DIRECT_RETRIEVAL,82K,81532,81788,256,128,131072,12,True,llama_chat_v4,5d2869822989e19b
CT_0002_4K,CT_0002,CLINICAL_TRIALS,DIRECT_RETRIEVAL,4K,4022,4250,228,128,131072,77550,False,llama_chat_v4,5d2869822989e19b
CT_0002_8K,CT_0002,CLINICAL_TRIALS,DIRECT_RETRIEVAL,8K,8113,8341,228,128,131072,73459,False,llama_chat_v4,5d2869822989e19b
CT_0002_16K,CT_0002,CLINICAL_TRIALS,DIRECT_RETRIEVAL,16K,16170,16398,228,128,131072,65402,False,llama_chat_v4,5d2869822989e19b
CT_0002_32K,CT_0002,CLINICAL_TRIALS,DIRECT_RETRIEVAL,32K,32443,32671,228,128,131072,49129,False,llama_chat_v4,5d2869822989e19b
CT_0002_64K,CT_0002,CLINICAL_TRIALS,DIRECT_RETRIEVAL,64K,64884,65112,228,128,131072,16688,False,llama_chat_v4,5d2869822989e19b
CT_0002_82K,CT_0002,CLINICAL_TRIALS,DIRECT_RETRIEVAL,82K,81507,81735,228,128,131072,65,True,llama_chat_v4,5d2869822989e19b
CT_0003_4K,CT_0003,CLINICAL_TRIALS,DIRECT_RETRIEVAL,4K,4054,4289,235,128,131072,77511,False,llama_chat_v4,5d2869822989e19b
CT_0003_8K,CT_0003,CLINICAL_TRIALS,DIRECT_RETRIEVAL,8K,8071,8306,235,128,131072,73494,False,llama_chat_v4,5d2869822989e19b
CT_0003_16K,CT_0003,CLINICAL_TRIALS,DIRECT_RETRIEVAL,16K,16170,16405,235,128,131072,65395,False,llama_chat_v4,5d2869822989e19b
CT_0003_32K,CT_0003,CLINICAL_TRIALS,DIRECT_RETRIEVAL,32K,32453,32688,235,128,131072,49112,False,llama_chat_v4,5d2869822989e19b
CT_0003_64K,CT_0003,CLINICAL_TRIALS,DIRECT_RETRIEVAL,64K,64934,65169,235,128,131072,16631,False,llama_chat_v4,5d2869822989e19b
CT_0003_82K,CT_0003,CLINICAL_TRIALS,DIRECT_RETRIEVAL,82K,81492,81727,235,128,131072,73,True,llama_chat_v4,5d2869822989e19b
CT_0004_4K,CT_0004,CLINICAL_TRIALS,DIRECT_RETRIEVAL,4K,4004,4253,249,128,131072,77547,False,llama_chat_v4,5d2869822989e19b
CT_0004_8K,CT_0004,CLINICAL_TRIALS,DIRECT_RETRIEVAL,8K,8053,8302,249,128,131072,73498,False,llama_chat_v4,5d2869822989e19b
CT_0004_16K,CT_0004,CLINICAL_TRIALS,DIRECT_RETRIEVAL,16K,16180,16429,249,128,131072,65371,False,llama_chat_v4,5d2869822989e19b
CT_0004_32K,CT_0004,CLINICAL_TRIALS,DIRECT_RETRIEVAL,32K,32443,32692,249,128,131072,49108,False,llama_chat_v4,5d2869822989e19b
CT_0004_64K,CT_0004,CLINICAL_TRIALS,DIRECT_RETRIEVAL,64K,64904,65153,249,128,131072,16647,False,llama_chat_v4,5d2869822989e19b
CT_0004_82K,CT_0004,CLINICAL_TRIALS,DIRECT_RETRIEVAL,82K,81453,81702,249,128,131072,98,True,llama_chat_v4,5d2869822989e19b
CT_0005_4K,CT_0005,CLINICAL_TRIALS,DIRECT_RETRIEVAL,4K,3987,4223,236,128,131072,77577,False,llama_chat_v4,5d2869822989e19b
CT_0005_8K,CT_0005,CLINICAL_TRIALS,DIRECT_RETRIEVAL,8K,8117,8353,236,128,131072,73447,False,llama_chat_v4,5d2869822989e19b
CT_0005_16K,CT_0005,CLINICAL_TRIALS,DIRECT_RETRIEVAL,16K,16232,16468,236,128,131072,65332,False,llama_chat_v4,5d2869822989e19b
CT_0005_32K,CT_0005,CLINICAL_TRIALS,DIRECT_RETRIEVAL,32K,32458,32694,236,128,131072,49106,False,llama_chat_v4,5d2869822989e19b
CT_0005_64K,CT_0005,CLINICAL_TRIALS,DIRECT_RETRIEVAL,64K,64925,65161,236,128,131072,16639,False,llama_chat_v4,5d2869822989e19b
CT_0005_82K,CT_0005,CLINICAL_TRIALS,DIRECT_RETRIEVAL,82K,81507,81743,236,128,131072,57,True,llama_chat_v4,5d2869822989e19b
CT_0006_4K,CT_0006,CLINICAL_TRIALS,ENTITY_UNIT_BINDING,4K,4033,4301,268,128,131072,77499,False,llama_chat_v4,5d2869822989e19b
CT_0006_8K,CT_0006,CLINICAL_TRIALS,ENTITY_UNIT_BINDING,8K,8051,8319,268,128,131072,73481,False,llama_chat_v4,5d2869822989e19b
CT_0006_16K,CT_0006,CLINICAL_TRIALS,ENTITY_UNIT_BINDING,16K,16205,16473,268,128,131072,65327,False,llama_chat_v4,5d2869822989e19b
CT_0006_32K,CT_0006,CLINICAL_TRIALS,ENTITY_UNIT_BINDING,32K,32421,32689,268,128,131072,49111,False,llama_chat_v4,5d2869822989e19b
CT_0006_64K,CT_0006,CLINICAL_TRIALS,ENTITY_UNIT_BINDING,64K,64943,65211,268,128,131072,16589,False,llama_chat_v4,5d2869822989e19b
CT_0006_82K,CT_0006,CLINICAL_TRIALS,ENTITY_UNIT_BINDING,82K,81512,81780,268,128,131072,20,True,llama_chat_v4,5d2869822989e19b
CT_0007_4K,CT_0007,CLINICAL_TRIALS,ENTITY_UNIT_BINDING,4K,3992,4268,276,128,131072,77532,False,llama_chat_v4,5d2869822989e19b
CT_0007_8K,CT_0007,CLINICAL_TRIALS,ENTITY_UNIT_BINDING,8K,8082,8358,276,128,131072,73442,False,llama_chat_v4,5d2869822989e19b
CT_0007_16K,CT_0007,CLINICAL_TRIALS,ENTITY_UNIT_BINDING,16K,16233,16509,276,128,131072,65291,False,llama_chat_v4,5d2869822989e19b
CT_0007_32K,CT_0007,CLINICAL_TRIALS,ENTITY_UNIT_BINDING,32K,32474,32750,276,128,131072,49050,False,llama_chat_v4,5d2869822989e19b
CT_0007_64K,CT_0007,CLINICAL_TRIALS,ENTITY_UNIT_BINDING,64K,64951,65227,276,128,131072,16573,False,llama_chat_v4,5d2869822989e19b
CT_0007_82K,CT_0007,CLINICAL_TRIALS,ENTITY_UNIT_BINDING,82K,81494,81770,276,128,131072,30,True,llama_chat_v4,5d2869822989e19b
CT_0008_4K,CT_0008,CLINICAL_TRIALS,ENTITY_UNIT_BINDING,4K,3989,4261,272,128,131072,77539,False,llama_chat_v4,5d2869822989e19b
CT_0008_8K,CT_0008,CLINICAL_TRIALS,ENTITY_UNIT_BINDING,8K,8078,8350,272,128,131072,73450,False,llama_chat_v4,5d2869822989e19b
CT_0008_16K,CT_0008,CLINICAL_TRIALS,ENTITY_UNIT_BINDING,16K,16204,16476,272,128,131072,65324,False,llama_chat_v4,5d2869822989e19b
CT_0008_32K,CT_0008,CLINICAL_TRIALS,ENTITY_UNIT_BINDING,32K,32458,32730,272,128,131072,49070,False,llama_chat_v4,5d2869822989e19b
CT_0008_64K,CT_0008,CLINICAL_TRIALS,ENTITY_UNIT_BINDING,64K,64948,65220,272,128,131072,16580,False,llama_chat_v4,5d2869822989e19b
CT_0008_82K,CT_0008,CLINICAL_TRIALS,ENTITY_UNIT_BINDING,82K,81425,81697,272,128,131072,103,True,llama_chat_v4,5d2869822989e19b
CT_0009_4K,CT_0009,CLINICAL_TRIALS,ENTITY_UNIT_BINDING,4K,4057,4335,278,128,131072,77465,False,llama_chat_v4,5d2869822989e19b
CT_0009_8K,CT_0009,CLINICAL_TRIALS,ENTITY_UNIT_BINDING,8K,8116,8394,278,128,131072,73406,False,llama_chat_v4,5d2869822989e19b
CT_0009_16K,CT_0009,CLINICAL_TRIALS,ENTITY_UNIT_BINDING,16K,16208,16486,278,128,131072,65314,False,llama_chat_v4,5d2869822989e19b
CT_0009_32K,CT_0009,CLINICAL_TRIALS,ENTITY_UNIT_BINDING,32K,32427,32705,278,128,131072,49095,False,llama_chat_v4,5d2869822989e19b
CT_0009_64K,CT_0009,CLINICAL_TRIALS,ENTITY_UNIT_BINDING,64K,64927,65205,278,128,131072,16595,False,llama_chat_v4,5d2869822989e19b
CT_0009_82K,CT_0009,CLINICAL_TRIALS,ENTITY_UNIT_BINDING,82K,81488,81766,278,128,131072,34,True,llama_chat_v4,5d2869822989e19b
CT_0010_4K,CT_0010,CLINICAL_TRIALS,RETRIEVAL_CALCULATION,4K,4050,4273,223,128,131072,77527,False,llama_chat_v4,5d2869822989e19b
CT_0010_8K,CT_0010,CLINICAL_TRIALS,RETRIEVAL_CALCULATION,8K,8050,8273,223,128,131072,73527,False,llama_chat_v4,5d2869822989e19b
CT_0010_16K,CT_0010,CLINICAL_TRIALS,RETRIEVAL_CALCULATION,16K,16222,16445,223,128,131072,65355,False,llama_chat_v4,5d2869822989e19b
CT_0010_32K,CT_0010,CLINICAL_TRIALS,RETRIEVAL_CALCULATION,32K,32391,32614,223,128,131072,49186,False,llama_chat_v4,5d2869822989e19b
CT_0010_64K,CT_0010,CLINICAL_TRIALS,RETRIEVAL_CALCULATION,64K,64912,65135,223,128,131072,16665,False,llama_chat_v4,5d2869822989e19b
CT_0010_82K,CT_0010,CLINICAL_TRIALS,RETRIEVAL_CALCULATION,82K,81520,81743,223,128,131072,57,True,llama_chat_v4,5d2869822989e19b
CT_0011_4K,CT_0011,CLINICAL_TRIALS,RETRIEVAL_CALCULATION,4K,4024,4247,223,128,131072,77553,False,llama_chat_v4,5d2869822989e19b
CT_0011_8K,CT_0011,CLINICAL_TRIALS,RETRIEVAL_CALCULATION,8K,8116,8339,223,128,131072,73461,False,llama_chat_v4,5d2869822989e19b
CT_0011_16K,CT_0011,CLINICAL_TRIALS,RETRIEVAL_CALCULATION,16K,16190,16413,223,128,131072,65387,False,llama_chat_v4,5d2869822989e19b
CT_0011_32K,CT_0011,CLINICAL_TRIALS,RETRIEVAL_CALCULATION,32K,32466,32689,223,128,131072,49111,False,llama_chat_v4,5d2869822989e19b
CT_0011_64K,CT_0011,CLINICAL_TRIALS,RETRIEVAL_CALCULATION,64K,64933,65156,223,128,131072,16644,False,llama_chat_v4,5d2869822989e19b
CT_0011_82K,CT_0011,CLINICAL_TRIALS,RETRIEVAL_CALCULATION,82K,81511,81734,223,128,131072,66,True,llama_chat_v4,5d2869822989e19b
CT_0012_4K,CT_0012,CLINICAL_TRIALS,RETRIEVAL_CALCULATION,4K,4057,4280,223,128,131072,77520,False,llama_chat_v4,5d2869822989e19b
CT_0012_8K,CT_0012,CLINICAL_TRIALS,RETRIEVAL_CALCULATION,8K,8095,8318,223,128,131072,73482,False,llama_chat_v4,5d2869822989e19b
CT_0012_16K,CT_0012,CLINICAL_TRIALS,RETRIEVAL_CALCULATION,16K,16227,16450,223,128,131072,65350,False,llama_chat_v4,5d2869822989e19b
CT_0012_32K,CT_0012,CLINICAL_TRIALS,RETRIEVAL_CALCULATION,32K,32465,32688,223,128,131072,49112,False,llama_chat_v4,5d2869822989e19b
CT_0012_64K,CT_0012,CLINICAL_TRIALS,RETRIEVAL_CALCULATION,64K,64934,65157,223,128,131072,16643,False,llama_chat_v4,5d2869822989e19b
CT_0012_82K,CT_0012,CLINICAL_TRIALS,RETRIEVAL_CALCULATION,82K,81496,81719,223,128,131072,81,True,llama_chat_v4,5d2869822989e19b
CT_0013_4K,CT_0013,CLINICAL_TRIALS,RETRIEVAL_CALCULATION,4K,4055,4329,274,128,131072,77471,False,llama_chat_v4,5d2869822989e19b
CT_0013_8K,CT_0013,CLINICAL_TRIALS,RETRIEVAL_CALCULATION,8K,8116,8390,274,128,131072,73410,False,llama_chat_v4,5d2869822989e19b
CT_0013_16K,CT_0013,CLINICAL_TRIALS,RETRIEVAL_CALCULATION,16K,16240,16514,274,128,131072,65286,False,llama_chat_v4,5d2869822989e19b
CT_0013_32K,CT_0013,CLINICAL_TRIALS,RETRIEVAL_CALCULATION,32K,32467,32741,274,128,131072,49059,False,llama_chat_v4,5d2869822989e19b
CT_0013_64K,CT_0013,CLINICAL_TRIALS,RETRIEVAL_CALCULATION,64K,64954,65228,274,128,131072,16572,False,llama_chat_v4,5d2869822989e19b
CT_0013_82K,CT_0013,CLINICAL_TRIALS,RETRIEVAL_CALCULATION,82K,81458,81732,274,128,131072,68,True,llama_chat_v4,5d2869822989e19b
CT_0014_4K,CT_0014,CLINICAL_TRIALS,RETRIEVAL_CALCULATION,4K,4002,4263,261,128,131072,77537,False,llama_chat_v4,5d2869822989e19b
CT_0014_8K,CT_0014,CLINICAL_TRIALS,RETRIEVAL_CALCULATION,8K,8106,8367,261,128,131072,73433,False,llama_chat_v4,5d2869822989e19b
CT_0014_16K,CT_0014,CLINICAL_TRIALS,RETRIEVAL_CALCULATION,16K,16190,16451,261,128,131072,65349,False,llama_chat_v4,5d2869822989e19b
CT_0014_32K,CT_0014,CLINICAL_TRIALS,RETRIEVAL_CALCULATION,32K,32461,32722,261,128,131072,49078,False,llama_chat_v4,5d2869822989e19b
CT_0014_64K,CT_0014,CLINICAL_TRIALS,RETRIEVAL_CALCULATION,64K,64897,65158,261,128,131072,16642,False,llama_chat_v4,5d2869822989e19b
CT_0014_82K,CT_0014,CLINICAL_TRIALS,RETRIEVAL_CALCULATION,82K,81444,81705,261,128,131072,95,True,llama_chat_v4,5d2869822989e19b
CT_0015_4K,CT_0015,CLINICAL_TRIALS,RETRIEVAL_CALCULATION,4K,3990,4251,261,128,131072,77549,False,llama_chat_v4,5d2869822989e19b
CT_0015_8K,CT_0015,CLINICAL_TRIALS,RETRIEVAL_CALCULATION,8K,8106,8367,261,128,131072,73433,False,llama_chat_v4,5d2869822989e19b
CT_0015_16K,CT_0015,CLINICAL_TRIALS,RETRIEVAL_CALCULATION,16K,16225,16486,261,128,131072,65314,False,llama_chat_v4,5d2869822989e19b
CT_0015_32K,CT_0015,CLINICAL_TRIALS,RETRIEVAL_CALCULATION,32K,32454,32715,261,128,131072,49085,False,llama_chat_v4,5d2869822989e19b
CT_0015_64K,CT_0015,CLINICAL_TRIALS,RETRIEVAL_CALCULATION,64K,64889,65150,261,128,131072,16650,False,llama_chat_v4,5d2869822989e19b
CT_0015_82K,CT_0015,CLINICAL_TRIALS,RETRIEVAL_CALCULATION,82K,81515,81776,261,128,131072,24,True,llama_chat_v4,5d2869822989e19b
CT_0016_4K,CT_0016,CLINICAL_TRIALS,RETRIEVAL_CALCULATION,4K,4046,4269,223,128,131072,77531,False,llama_chat_v4,5d2869822989e19b
CT_0016_8K,CT_0016,CLINICAL_TRIALS,RETRIEVAL_CALCULATION,8K,8109,8332,223,128,131072,73468,False,llama_chat_v4,5d2869822989e19b
CT_0016_16K,CT_0016,CLINICAL_TRIALS,RETRIEVAL_CALCULATION,16K,16195,16418,223,128,131072,65382,False,llama_chat_v4,5d2869822989e19b
CT_0016_32K,CT_0016,CLINICAL_TRIALS,RETRIEVAL_CALCULATION,32K,32447,32670,223,128,131072,49130,False,llama_chat_v4,5d2869822989e19b
CT_0016_64K,CT_0016,CLINICAL_TRIALS,RETRIEVAL_CALCULATION,64K,64886,65109,223,128,131072,16691,False,llama_chat_v4,5d2869822989e19b
CT_0016_82K,CT_0016,CLINICAL_TRIALS,RETRIEVAL_CALCULATION,82K,81540,81763,223,128,131072,37,True,llama_chat_v4,5d2869822989e19b
CT_0017_4K,CT_0017,CLINICAL_TRIALS,ENTITY_UNIT_BINDING,4K,3994,4226,232,128,131072,77574,False,llama_chat_v4,5d2869822989e19b
CT_0017_8K,CT_0017,CLINICAL_TRIALS,ENTITY_UNIT_BINDING,8K,8070,8302,232,128,131072,73498,False,llama_chat_v4,5d2869822989e19b
CT_0017_16K,CT_0017,CLINICAL_TRIALS,ENTITY_UNIT_BINDING,16K,16226,16458,232,128,131072,65342,False,llama_chat_v4,5d2869822989e19b
CT_0017_32K,CT_0017,CLINICAL_TRIALS,ENTITY_UNIT_BINDING,32K,32412,32644,232,128,131072,49156,False,llama_chat_v4,5d2869822989e19b
CT_0017_64K,CT_0017,CLINICAL_TRIALS,ENTITY_UNIT_BINDING,64K,64894,65126,232,128,131072,16674,False,llama_chat_v4,5d2869822989e19b
CT_0017_82K,CT_0017,CLINICAL_TRIALS,ENTITY_UNIT_BINDING,82K,81521,81753,232,128,131072,47,True,llama_chat_v4,5d2869822989e19b
CT_0018_4K,CT_0018,CLINICAL_TRIALS,ENTITY_UNIT_BINDING,4K,4059,4310,251,128,131072,77490,False,llama_chat_v4,5d2869822989e19b
CT_0018_8K,CT_0018,CLINICAL_TRIALS,ENTITY_UNIT_BINDING,8K,8093,8344,251,128,131072,73456,False,llama_chat_v4,5d2869822989e19b
CT_0018_16K,CT_0018,CLINICAL_TRIALS,ENTITY_UNIT_BINDING,16K,16206,16457,251,128,131072,65343,False,llama_chat_v4,5d2869822989e19b
CT_0018_32K,CT_0018,CLINICAL_TRIALS,ENTITY_UNIT_BINDING,32K,32456,32707,251,128,131072,49093,False,llama_chat_v4,5d2869822989e19b
CT_0018_64K,CT_0018,CLINICAL_TRIALS,ENTITY_UNIT_BINDING,64K,64950,65201,251,128,131072,16599,False,llama_chat_v4,5d2869822989e19b
CT_0018_82K,CT_0018,CLINICAL_TRIALS,ENTITY_UNIT_BINDING,82K,81468,81719,251,128,131072,81,True,llama_chat_v4,5d2869822989e19b
CT_0019_4K,CT_0019,CLINICAL_TRIALS,ENTITY_UNIT_BINDING,4K,4012,4260,248,128,131072,77540,False,llama_chat_v4,5d2869822989e19b
CT_0019_8K,CT_0019,CLINICAL_TRIALS,ENTITY_UNIT_BINDING,8K,8119,8367,248,128,131072,73433,False,llama_chat_v4,5d2869822989e19b
CT_0019_16K,CT_0019,CLINICAL_TRIALS,ENTITY_UNIT_BINDING,16K,16227,16475,248,128,131072,65325,False,llama_chat_v4,5d2869822989e19b
CT_0019_32K,CT_0019,CLINICAL_TRIALS,ENTITY_UNIT_BINDING,32K,32456,32704,248,128,131072,49096,False,llama_chat_v4,5d2869822989e19b
CT_0019_64K,CT_0019,CLINICAL_TRIALS,ENTITY_UNIT_BINDING,64K,64926,65174,248,128,131072,16626,False,llama_chat_v4,5d2869822989e19b
CT_0019_82K,CT_0019,CLINICAL_TRIALS,ENTITY_UNIT_BINDING,82K,81533,81781,248,128,131072,19,True,llama_chat_v4,5d2869822989e19b
CT_0020_4K,CT_0020,CLINICAL_TRIALS,ENTITY_UNIT_BINDING,4K,4050,4296,246,128,131072,77504,False,llama_chat_v4,5d2869822989e19b
CT_0020_8K,CT_0020,CLINICAL_TRIALS,ENTITY_UNIT_BINDING,8K,8107,8353,246,128,131072,73447,False,llama_chat_v4,5d2869822989e19b
CT_0020_16K,CT_0020,CLINICAL_TRIALS,ENTITY_UNIT_BINDING,16K,16182,16428,246,128,131072,65372,False,llama_chat_v4,5d2869822989e19b
CT_0020_32K,CT_0020,CLINICAL_TRIALS,ENTITY_UNIT_BINDING,32K,32471,32717,246,128,131072,49083,False,llama_chat_v4,5d2869822989e19b
CT_0020_64K,CT_0020,CLINICAL_TRIALS,ENTITY_UNIT_BINDING,64K,64942,65188,246,128,131072,16612,False,llama_chat_v4,5d2869822989e19b
CT_0020_82K,CT_0020,CLINICAL_TRIALS,ENTITY_UNIT_BINDING,82K,81474,81720,246,128,131072,80,True,llama_chat_v4,5d2869822989e19b
CT_0021_4K,CT_0021,CLINICAL_TRIALS,UNANSWERABLE,4K,3998,4225,227,128,131072,77575,False,llama_chat_v4,5d2869822989e19b
CT_0021_8K,CT_0021,CLINICAL_TRIALS,UNANSWERABLE,8K,8108,8335,227,128,131072,73465,False,llama_chat_v4,5d2869822989e19b
CT_0021_16K,CT_0021,CLINICAL_TRIALS,UNANSWERABLE,16K,16222,16449,227,128,131072,65351,False,llama_chat_v4,5d2869822989e19b
CT_0021_32K,CT_0021,CLINICAL_TRIALS,UNANSWERABLE,32K,32418,32645,227,128,131072,49155,False,llama_chat_v4,5d2869822989e19b
CT_0021_64K,CT_0021,CLINICAL_TRIALS,UNANSWERABLE,64K,64939,65166,227,128,131072,16634,False,llama_chat_v4,5d2869822989e19b
CT_0021_82K,CT_0021,CLINICAL_TRIALS,UNANSWERABLE,82K,81492,81719,227,128,131072,81,True,llama_chat_v4,5d2869822989e19b
CT_0022_4K,CT_0022,CLINICAL_TRIALS,UNANSWERABLE,4K,4011,4249,238,128,131072,77551,False,llama_chat_v4,5d2869822989e19b
CT_0022_8K,CT_0022,CLINICAL_TRIALS,UNANSWERABLE,8K,8091,8329,238,128,131072,73471,False,llama_chat_v4,5d2869822989e19b
CT_0022_16K,CT_0022,CLINICAL_TRIALS,UNANSWERABLE,16K,16225,16463,238,128,131072,65337,False,llama_chat_v4,5d2869822989e19b
CT_0022_32K,CT_0022,CLINICAL_TRIALS,UNANSWERABLE,32K,32410,32648,238,128,131072,49152,False,llama_chat_v4,5d2869822989e19b
CT_0022_64K,CT_0022,CLINICAL_TRIALS,UNANSWERABLE,64K,64910,65148,238,128,131072,16652,False,llama_chat_v4,5d2869822989e19b
CT_0022_82K,CT_0022,CLINICAL_TRIALS,UNANSWERABLE,82K,81503,81741,238,128,131072,59,True,llama_chat_v4,5d2869822989e19b
CT_0023_4K,CT_0023,CLINICAL_TRIALS,UNANSWERABLE,4K,4054,4280,226,128,131072,77520,False,llama_chat_v4,5d2869822989e19b
CT_0023_8K,CT_0023,CLINICAL_TRIALS,UNANSWERABLE,8K,8108,8334,226,128,131072,73466,False,llama_chat_v4,5d2869822989e19b
CT_0023_16K,CT_0023,CLINICAL_TRIALS,UNANSWERABLE,16K,16171,16397,226,128,131072,65403,False,llama_chat_v4,5d2869822989e19b
CT_0023_32K,CT_0023,CLINICAL_TRIALS,UNANSWERABLE,32K,32477,32703,226,128,131072,49097,False,llama_chat_v4,5d2869822989e19b
CT_0023_64K,CT_0023,CLINICAL_TRIALS,UNANSWERABLE,64K,64905,65131,226,128,131072,16669,False,llama_chat_v4,5d2869822989e19b
CT_0023_82K,CT_0023,CLINICAL_TRIALS,UNANSWERABLE,82K,81567,81793,226,128,131072,7,True,llama_chat_v4,5d2869822989e19b
CT_0024_4K,CT_0024,CLINICAL_TRIALS,UNANSWERABLE,4K,3991,4218,227,128,131072,77582,False,llama_chat_v4,5d2869822989e19b
CT_0024_8K,CT_0024,CLINICAL_TRIALS,UNANSWERABLE,8K,8081,8308,227,128,131072,73492,False,llama_chat_v4,5d2869822989e19b
CT_0024_16K,CT_0024,CLINICAL_TRIALS,UNANSWERABLE,16K,16168,16395,227,128,131072,65405,False,llama_chat_v4,5d2869822989e19b
CT_0024_32K,CT_0024,CLINICAL_TRIALS,UNANSWERABLE,32K,32431,32658,227,128,131072,49142,False,llama_chat_v4,5d2869822989e19b
CT_0024_64K,CT_0024,CLINICAL_TRIALS,UNANSWERABLE,64K,64886,65113,227,128,131072,16687,False,llama_chat_v4,5d2869822989e19b
CT_0024_82K,CT_0024,CLINICAL_TRIALS,UNANSWERABLE,82K,81503,81730,227,128,131072,70,True,llama_chat_v4,5d2869822989e19b
CT_0025_4K,CT_0025,CLINICAL_TRIALS,UNANSWERABLE,4K,3985,4221,236,128,131072,77579,False,llama_chat_v4,5d2869822989e19b
CT_0025_8K,CT_0025,CLINICAL_TRIALS,UNANSWERABLE,8K,8111,8347,236,128,131072,73453,False,llama_chat_v4,5d2869822989e19b
CT_0025_16K,CT_0025,CLINICAL_TRIALS,UNANSWERABLE,16K,16167,16403,236,128,131072,65397,False,llama_chat_v4,5d2869822989e19b
CT_0025_32K,CT_0025,CLINICAL_TRIALS,UNANSWERABLE,32K,32460,32696,236,128,131072,49104,False,llama_chat_v4,5d2869822989e19b
CT_0025_64K,CT_0025,CLINICAL_TRIALS,UNANSWERABLE,64K,64881,65117,236,128,131072,16683,False,llama_chat_v4,5d2869822989e19b
CT_0025_82K,CT_0025,CLINICAL_TRIALS,UNANSWERABLE,82K,81467,81703,236,128,131072,97,True,llama_chat_v4,5d2869822989e19b
CT_0026_4K,CT_0026,CLINICAL_TRIALS,DIRECT_RETRIEVAL,4K,4045,4297,252,128,131072,77503,False,llama_chat_v4,5d2869822989e19b
CT_0026_8K,CT_0026,CLINICAL_TRIALS,DIRECT_RETRIEVAL,8K,8059,8311,252,128,131072,73489,False,llama_chat_v4,5d2869822989e19b
CT_0026_16K,CT_0026,CLINICAL_TRIALS,DIRECT_RETRIEVAL,16K,16179,16431,252,128,131072,65369,False,llama_chat_v4,5d2869822989e19b
CT_0026_32K,CT_0026,CLINICAL_TRIALS,DIRECT_RETRIEVAL,32K,32433,32685,252,128,131072,49115,False,llama_chat_v4,5d2869822989e19b
CT_0026_64K,CT_0026,CLINICAL_TRIALS,DIRECT_RETRIEVAL,64K,64921,65173,252,128,131072,16627,False,llama_chat_v4,5d2869822989e19b
CT_0026_82K,CT_0026,CLINICAL_TRIALS,DIRECT_RETRIEVAL,82K,81522,81774,252,128,131072,26,True,llama_chat_v4,5d2869822989e19b
CT_0027_4K,CT_0027,CLINICAL_TRIALS,DIRECT_RETRIEVAL,4K,4057,4303,246,128,131072,77497,False,llama_chat_v4,5d2869822989e19b
CT_0027_8K,CT_0027,CLINICAL_TRIALS,DIRECT_RETRIEVAL,8K,8050,8296,246,128,131072,73504,False,llama_chat_v4,5d2869822989e19b
CT_0027_16K,CT_0027,CLINICAL_TRIALS,DIRECT_RETRIEVAL,16K,16170,16416,246,128,131072,65384,False,llama_chat_v4,5d2869822989e19b
CT_0027_32K,CT_0027,CLINICAL_TRIALS,DIRECT_RETRIEVAL,32K,32451,32697,246,128,131072,49103,False,llama_chat_v4,5d2869822989e19b
CT_0027_64K,CT_0027,CLINICAL_TRIALS,DIRECT_RETRIEVAL,64K,64909,65155,246,128,131072,16645,False,llama_chat_v4,5d2869822989e19b
CT_0027_82K,CT_0027,CLINICAL_TRIALS,DIRECT_RETRIEVAL,82K,81500,81746,246,128,131072,54,True,llama_chat_v4,5d2869822989e19b
CT_0028_4K,CT_0028,CLINICAL_TRIALS,DIRECT_RETRIEVAL,4K,3990,4265,275,128,131072,77535,False,llama_chat_v4,5d2869822989e19b
CT_0028_8K,CT_0028,CLINICAL_TRIALS,DIRECT_RETRIEVAL,8K,8119,8394,275,128,131072,73406,False,llama_chat_v4,5d2869822989e19b
CT_0028_16K,CT_0028,CLINICAL_TRIALS,DIRECT_RETRIEVAL,16K,16229,16504,275,128,131072,65296,False,llama_chat_v4,5d2869822989e19b
CT_0028_32K,CT_0028,CLINICAL_TRIALS,DIRECT_RETRIEVAL,32K,32478,32753,275,128,131072,49047,False,llama_chat_v4,5d2869822989e19b
CT_0028_64K,CT_0028,CLINICAL_TRIALS,DIRECT_RETRIEVAL,64K,64939,65214,275,128,131072,16586,False,llama_chat_v4,5d2869822989e19b
CT_0028_82K,CT_0028,CLINICAL_TRIALS,DIRECT_RETRIEVAL,82K,81433,81708,275,128,131072,92,True,llama_chat_v4,5d2869822989e19b
CT_0029_4K,CT_0029,CLINICAL_TRIALS,DIRECT_RETRIEVAL,4K,4019,4245,226,128,131072,77555,False,llama_chat_v4,5d2869822989e19b
CT_0029_8K,CT_0029,CLINICAL_TRIALS,DIRECT_RETRIEVAL,8K,8072,8298,226,128,131072,73502,False,llama_chat_v4,5d2869822989e19b
CT_0029_16K,CT_0029,CLINICAL_TRIALS,DIRECT_RETRIEVAL,16K,16228,16454,226,128,131072,65346,False,llama_chat_v4,5d2869822989e19b
CT_0029_32K,CT_0029,CLINICAL_TRIALS,DIRECT_RETRIEVAL,32K,32425,32651,226,128,131072,49149,False,llama_chat_v4,5d2869822989e19b
CT_0029_64K,CT_0029,CLINICAL_TRIALS,DIRECT_RETRIEVAL,64K,64904,65130,226,128,131072,16670,False,llama_chat_v4,5d2869822989e19b
CT_0029_82K,CT_0029,CLINICAL_TRIALS,DIRECT_RETRIEVAL,82K,81563,81789,226,128,131072,11,True,llama_chat_v4,5d2869822989e19b
CT_0030_4K,CT_0030,CLINICAL_TRIALS,DIRECT_RETRIEVAL,4K,4055,4298,243,128,131072,77502,False,llama_chat_v4,5d2869822989e19b
CT_0030_8K,CT_0030,CLINICAL_TRIALS,DIRECT_RETRIEVAL,8K,8080,8323,243,128,131072,73477,False,llama_chat_v4,5d2869822989e19b
CT_0030_16K,CT_0030,CLINICAL_TRIALS,DIRECT_RETRIEVAL,16K,16230,16473,243,128,131072,65327,False,llama_chat_v4,5d2869822989e19b
CT_0030_32K,CT_0030,CLINICAL_TRIALS,DIRECT_RETRIEVAL,32K,32416,32659,243,128,131072,49141,False,llama_chat_v4,5d2869822989e19b
CT_0030_64K,CT_0030,CLINICAL_TRIALS,DIRECT_RETRIEVAL,64K,64940,65183,243,128,131072,16617,False,llama_chat_v4,5d2869822989e19b
CT_0030_82K,CT_0030,CLINICAL_TRIALS,DIRECT_RETRIEVAL,82K,81552,81795,243,128,131072,5,True,llama_chat_v4,5d2869822989e19b
CT_0031_4K,CT_0031,CLINICAL_TRIALS,DIRECT_RETRIEVAL,4K,4036,4276,240,128,131072,77524,False,llama_chat_v4,5d2869822989e19b
CT_0031_8K,CT_0031,CLINICAL_TRIALS,DIRECT_RETRIEVAL,8K,8097,8337,240,128,131072,73463,False,llama_chat_v4,5d2869822989e19b
CT_0031_16K,CT_0031,CLINICAL_TRIALS,DIRECT_RETRIEVAL,16K,16194,16434,240,128,131072,65366,False,llama_chat_v4,5d2869822989e19b
CT_0031_32K,CT_0031,CLINICAL_TRIALS,DIRECT_RETRIEVAL,32K,32441,32681,240,128,131072,49119,False,llama_chat_v4,5d2869822989e19b
CT_0031_64K,CT_0031,CLINICAL_TRIALS,DIRECT_RETRIEVAL,64K,64882,65122,240,128,131072,16678,False,llama_chat_v4,5d2869822989e19b
CT_0031_82K,CT_0031,CLINICAL_TRIALS,DIRECT_RETRIEVAL,82K,81475,81715,240,128,131072,85,True,llama_chat_v4,5d2869822989e19b
CT_0032_4K,CT_0032,CLINICAL_TRIALS,DIRECT_RETRIEVAL,4K,4042,4264,222,128,131072,77536,False,llama_chat_v4,5d2869822989e19b
CT_0032_8K,CT_0032,CLINICAL_TRIALS,DIRECT_RETRIEVAL,8K,8105,8327,222,128,131072,73473,False,llama_chat_v4,5d2869822989e19b
CT_0032_16K,CT_0032,CLINICAL_TRIALS,DIRECT_RETRIEVAL,16K,16228,16450,222,128,131072,65350,False,llama_chat_v4,5d2869822989e19b
CT_0032_32K,CT_0032,CLINICAL_TRIALS,DIRECT_RETRIEVAL,32K,32433,32655,222,128,131072,49145,False,llama_chat_v4,5d2869822989e19b
CT_0032_64K,CT_0032,CLINICAL_TRIALS,DIRECT_RETRIEVAL,64K,64897,65119,222,128,131072,16681,False,llama_chat_v4,5d2869822989e19b
CT_0032_82K,CT_0032,CLINICAL_TRIALS,DIRECT_RETRIEVAL,82K,81523,81745,222,128,131072,55,True,llama_chat_v4,5d2869822989e19b
CT_0033_4K,CT_0033,CLINICAL_TRIALS,DIRECT_RETRIEVAL,4K,4054,4288,234,128,131072,77512,False,llama_chat_v4,5d2869822989e19b
CT_0033_8K,CT_0033,CLINICAL_TRIALS,DIRECT_RETRIEVAL,8K,8075,8309,234,128,131072,73491,False,llama_chat_v4,5d2869822989e19b
CT_0033_16K,CT_0033,CLINICAL_TRIALS,DIRECT_RETRIEVAL,16K,16169,16403,234,128,131072,65397,False,llama_chat_v4,5d2869822989e19b
CT_0033_32K,CT_0033,CLINICAL_TRIALS,DIRECT_RETRIEVAL,32K,32442,32676,234,128,131072,49124,False,llama_chat_v4,5d2869822989e19b
CT_0033_64K,CT_0033,CLINICAL_TRIALS,DIRECT_RETRIEVAL,64K,64929,65163,234,128,131072,16637,False,llama_chat_v4,5d2869822989e19b
CT_0033_82K,CT_0033,CLINICAL_TRIALS,DIRECT_RETRIEVAL,82K,81471,81705,234,128,131072,95,True,llama_chat_v4,5d2869822989e19b
CT_0034_4K,CT_0034,CLINICAL_TRIALS,DIRECT_RETRIEVAL,4K,4028,4259,231,128,131072,77541,False,llama_chat_v4,5d2869822989e19b
CT_0034_8K,CT_0034,CLINICAL_TRIALS,DIRECT_RETRIEVAL,8K,8058,8289,231,128,131072,73511,False,llama_chat_v4,5d2869822989e19b
CT_0034_16K,CT_0034,CLINICAL_TRIALS,DIRECT_RETRIEVAL,16K,16156,16387,231,128,131072,65413,False,llama_chat_v4,5d2869822989e19b
CT_0034_32K,CT_0034,CLINICAL_TRIALS,DIRECT_RETRIEVAL,32K,32449,32680,231,128,131072,49120,False,llama_chat_v4,5d2869822989e19b
CT_0034_64K,CT_0034,CLINICAL_TRIALS,DIRECT_RETRIEVAL,64K,64899,65130,231,128,131072,16670,False,llama_chat_v4,5d2869822989e19b
CT_0034_82K,CT_0034,CLINICAL_TRIALS,DIRECT_RETRIEVAL,82K,81485,81716,231,128,131072,84,True,llama_chat_v4,5d2869822989e19b
CT_0035_4K,CT_0035,CLINICAL_TRIALS,DIRECT_RETRIEVAL,4K,4026,4275,249,128,131072,77525,False,llama_chat_v4,5d2869822989e19b
CT_0035_8K,CT_0035,CLINICAL_TRIALS,DIRECT_RETRIEVAL,8K,8096,8345,249,128,131072,73455,False,llama_chat_v4,5d2869822989e19b
CT_0035_16K,CT_0035,CLINICAL_TRIALS,DIRECT_RETRIEVAL,16K,16233,16482,249,128,131072,65318,False,llama_chat_v4,5d2869822989e19b
CT_0035_32K,CT_0035,CLINICAL_TRIALS,DIRECT_RETRIEVAL,32K,32470,32719,249,128,131072,49081,False,llama_chat_v4,5d2869822989e19b
CT_0035_64K,CT_0035,CLINICAL_TRIALS,DIRECT_RETRIEVAL,64K,64927,65176,249,128,131072,16624,False,llama_chat_v4,5d2869822989e19b
CT_0035_82K,CT_0035,CLINICAL_TRIALS,DIRECT_RETRIEVAL,82K,81546,81795,249,128,131072,5,True,llama_chat_v4,5d2869822989e19b
CT_0036_4K,CT_0036,CLINICAL_TRIALS,DIRECT_RETRIEVAL,4K,4047,4307,260,128,131072,77493,False,llama_chat_v4,5d2869822989e19b
CT_0036_8K,CT_0036,CLINICAL_TRIALS,DIRECT_RETRIEVAL,8K,8116,8376,260,128,131072,73424,False,llama_chat_v4,5d2869822989e19b
CT_0036_16K,CT_0036,CLINICAL_TRIALS,DIRECT_RETRIEVAL,16K,16168,16428,260,128,131072,65372,False,llama_chat_v4,5d2869822989e19b
CT_0036_32K,CT_0036,CLINICAL_TRIALS,DIRECT_RETRIEVAL,32K,32469,32729,260,128,131072,49071,False,llama_chat_v4,5d2869822989e19b
CT_0036_64K,CT_0036,CLINICAL_TRIALS,DIRECT_RETRIEVAL,64K,64906,65166,260,128,131072,16634,False,llama_chat_v4,5d2869822989e19b
CT_0036_82K,CT_0036,CLINICAL_TRIALS,DIRECT_RETRIEVAL,82K,81519,81779,260,128,131072,21,True,llama_chat_v4,5d2869822989e19b
CT_0037_4K,CT_0037,CLINICAL_TRIALS,DIRECT_RETRIEVAL,4K,4010,4249,239,128,131072,77551,False,llama_chat_v4,5d2869822989e19b
CT_0037_8K,CT_0037,CLINICAL_TRIALS,DIRECT_RETRIEVAL,8K,8118,8357,239,128,131072,73443,False,llama_chat_v4,5d2869822989e19b
CT_0037_16K,CT_0037,CLINICAL_TRIALS,DIRECT_RETRIEVAL,16K,16206,16445,239,128,131072,65355,False,llama_chat_v4,5d2869822989e19b
CT_0037_32K,CT_0037,CLINICAL_TRIALS,DIRECT_RETRIEVAL,32K,32481,32720,239,128,131072,49080,False,llama_chat_v4,5d2869822989e19b
CT_0037_64K,CT_0037,CLINICAL_TRIALS,DIRECT_RETRIEVAL,64K,64889,65128,239,128,131072,16672,False,llama_chat_v4,5d2869822989e19b
CT_0037_82K,CT_0037,CLINICAL_TRIALS,DIRECT_RETRIEVAL,82K,81492,81731,239,128,131072,69,True,llama_chat_v4,5d2869822989e19b
CT_0038_4K,CT_0038,CLINICAL_TRIALS,DIRECT_RETRIEVAL,4K,4045,4281,236,128,131072,77519,False,llama_chat_v4,5d2869822989e19b
CT_0038_8K,CT_0038,CLINICAL_TRIALS,DIRECT_RETRIEVAL,8K,8113,8349,236,128,131072,73451,False,llama_chat_v4,5d2869822989e19b
CT_0038_16K,CT_0038,CLINICAL_TRIALS,DIRECT_RETRIEVAL,16K,16165,16401,236,128,131072,65399,False,llama_chat_v4,5d2869822989e19b
CT_0038_32K,CT_0038,CLINICAL_TRIALS,DIRECT_RETRIEVAL,32K,32444,32680,236,128,131072,49120,False,llama_chat_v4,5d2869822989e19b
CT_0038_64K,CT_0038,CLINICAL_TRIALS,DIRECT_RETRIEVAL,64K,64873,65109,236,128,131072,16691,False,llama_chat_v4,5d2869822989e19b
CT_0038_82K,CT_0038,CLINICAL_TRIALS,DIRECT_RETRIEVAL,82K,81452,81688,236,128,131072,112,True,llama_chat_v4,5d2869822989e19b
CT_0039_4K,CT_0039,CLINICAL_TRIALS,DIRECT_RETRIEVAL,4K,4001,4241,240,128,131072,77559,False,llama_chat_v4,5d2869822989e19b
CT_0039_8K,CT_0039,CLINICAL_TRIALS,DIRECT_RETRIEVAL,8K,8074,8314,240,128,131072,73486,False,llama_chat_v4,5d2869822989e19b
CT_0039_16K,CT_0039,CLINICAL_TRIALS,DIRECT_RETRIEVAL,16K,16177,16417,240,128,131072,65383,False,llama_chat_v4,5d2869822989e19b
CT_0039_32K,CT_0039,CLINICAL_TRIALS,DIRECT_RETRIEVAL,32K,32405,32645,240,128,131072,49155,False,llama_chat_v4,5d2869822989e19b
CT_0039_64K,CT_0039,CLINICAL_TRIALS,DIRECT_RETRIEVAL,64K,64902,65142,240,128,131072,16658,False,llama_chat_v4,5d2869822989e19b
CT_0039_82K,CT_0039,CLINICAL_TRIALS,DIRECT_RETRIEVAL,82K,81514,81754,240,128,131072,46,True,llama_chat_v4,5d2869822989e19b
CT_0040_4K,CT_0040,CLINICAL_TRIALS,DIRECT_RETRIEVAL,4K,4008,4257,249,128,131072,77543,False,llama_chat_v4,5d2869822989e19b
CT_0040_8K,CT_0040,CLINICAL_TRIALS,DIRECT_RETRIEVAL,8K,8109,8358,249,128,131072,73442,False,llama_chat_v4,5d2869822989e19b
CT_0040_16K,CT_0040,CLINICAL_TRIALS,DIRECT_RETRIEVAL,16K,16230,16479,249,128,131072,65321,False,llama_chat_v4,5d2869822989e19b
CT_0040_32K,CT_0040,CLINICAL_TRIALS,DIRECT_RETRIEVAL,32K,32448,32697,249,128,131072,49103,False,llama_chat_v4,5d2869822989e19b
CT_0040_64K,CT_0040,CLINICAL_TRIALS,DIRECT_RETRIEVAL,64K,64905,65154,249,128,131072,16646,False,llama_chat_v4,5d2869822989e19b
CT_0040_82K,CT_0040,CLINICAL_TRIALS,DIRECT_RETRIEVAL,82K,81483,81732,249,128,131072,68,True,llama_chat_v4,5d2869822989e19b
CT_0041_4K,CT_0041,CLINICAL_TRIALS,DIRECT_RETRIEVAL,4K,4054,4297,243,128,131072,77503,False,llama_chat_v4,5d2869822989e19b
CT_0041_8K,CT_0041,CLINICAL_TRIALS,DIRECT_RETRIEVAL,8K,8050,8293,243,128,131072,73507,False,llama_chat_v4,5d2869822989e19b
CT_0041_16K,CT_0041,CLINICAL_TRIALS,DIRECT_RETRIEVAL,16K,16209,16452,243,128,131072,65348,False,llama_chat_v4,5d2869822989e19b
CT_0041_32K,CT_0041,CLINICAL_TRIALS,DIRECT_RETRIEVAL,32K,32466,32709,243,128,131072,49091,False,llama_chat_v4,5d2869822989e19b
CT_0041_64K,CT_0041,CLINICAL_TRIALS,DIRECT_RETRIEVAL,64K,64926,65169,243,128,131072,16631,False,llama_chat_v4,5d2869822989e19b
CT_0041_82K,CT_0041,CLINICAL_TRIALS,DIRECT_RETRIEVAL,82K,81468,81711,243,128,131072,89,True,llama_chat_v4,5d2869822989e19b
CT_0042_4K,CT_0042,CLINICAL_TRIALS,DIRECT_RETRIEVAL,4K,4005,4229,224,128,131072,77571,False,llama_chat_v4,5d2869822989e19b
CT_0042_8K,CT_0042,CLINICAL_TRIALS,DIRECT_RETRIEVAL,8K,8087,8311,224,128,131072,73489,False,llama_chat_v4,5d2869822989e19b
CT_0042_16K,CT_0042,CLINICAL_TRIALS,DIRECT_RETRIEVAL,16K,16227,16451,224,128,131072,65349,False,llama_chat_v4,5d2869822989e19b
CT_0042_32K,CT_0042,CLINICAL_TRIALS,DIRECT_RETRIEVAL,32K,32456,32680,224,128,131072,49120,False,llama_chat_v4,5d2869822989e19b
CT_0042_64K,CT_0042,CLINICAL_TRIALS,DIRECT_RETRIEVAL,64K,64878,65102,224,128,131072,16698,False,llama_chat_v4,5d2869822989e19b
CT_0042_82K,CT_0042,CLINICAL_TRIALS,DIRECT_RETRIEVAL,82K,81451,81675,224,128,131072,125,True,llama_chat_v4,5d2869822989e19b
CT_0043_4K,CT_0043,CLINICAL_TRIALS,DIRECT_RETRIEVAL,4K,4054,4303,249,128,131072,77497,False,llama_chat_v4,5d2869822989e19b
CT_0043_8K,CT_0043,CLINICAL_TRIALS,DIRECT_RETRIEVAL,8K,8113,8362,249,128,131072,73438,False,llama_chat_v4,5d2869822989e19b
CT_0043_16K,CT_0043,CLINICAL_TRIALS,DIRECT_RETRIEVAL,16K,16194,16443,249,128,131072,65357,False,llama_chat_v4,5d2869822989e19b
CT_0043_32K,CT_0043,CLINICAL_TRIALS,DIRECT_RETRIEVAL,32K,32482,32731,249,128,131072,49069,False,llama_chat_v4,5d2869822989e19b
CT_0043_64K,CT_0043,CLINICAL_TRIALS,DIRECT_RETRIEVAL,64K,64926,65175,249,128,131072,16625,False,llama_chat_v4,5d2869822989e19b
CT_0043_82K,CT_0043,CLINICAL_TRIALS,DIRECT_RETRIEVAL,82K,81550,81799,249,128,131072,1,True,llama_chat_v4,5d2869822989e19b
CT_0044_4K,CT_0044,CLINICAL_TRIALS,DIRECT_RETRIEVAL,4K,3998,4231,233,128,131072,77569,False,llama_chat_v4,5d2869822989e19b
CT_0044_8K,CT_0044,CLINICAL_TRIALS,DIRECT_RETRIEVAL,8K,8108,8341,233,128,131072,73459,False,llama_chat_v4,5d2869822989e19b
CT_0044_16K,CT_0044,CLINICAL_TRIALS,DIRECT_RETRIEVAL,16K,16203,16436,233,128,131072,65364,False,llama_chat_v4,5d2869822989e19b
CT_0044_32K,CT_0044,CLINICAL_TRIALS,DIRECT_RETRIEVAL,32K,32468,32701,233,128,131072,49099,False,llama_chat_v4,5d2869822989e19b
CT_0044_64K,CT_0044,CLINICAL_TRIALS,DIRECT_RETRIEVAL,64K,64903,65136,233,128,131072,16664,False,llama_chat_v4,5d2869822989e19b
CT_0044_82K,CT_0044,CLINICAL_TRIALS,DIRECT_RETRIEVAL,82K,81527,81760,233,128,131072,40,True,llama_chat_v4,5d2869822989e19b
CT_0045_4K,CT_0045,CLINICAL_TRIALS,DIRECT_RETRIEVAL,4K,4052,4290,238,128,131072,77510,False,llama_chat_v4,5d2869822989e19b
CT_0045_8K,CT_0045,CLINICAL_TRIALS,DIRECT_RETRIEVAL,8K,8104,8342,238,128,131072,73458,False,llama_chat_v4,5d2869822989e19b
CT_0045_16K,CT_0045,CLINICAL_TRIALS,DIRECT_RETRIEVAL,16K,16169,16407,238,128,131072,65393,False,llama_chat_v4,5d2869822989e19b
CT_0045_32K,CT_0045,CLINICAL_TRIALS,DIRECT_RETRIEVAL,32K,32438,32676,238,128,131072,49124,False,llama_chat_v4,5d2869822989e19b
CT_0045_64K,CT_0045,CLINICAL_TRIALS,DIRECT_RETRIEVAL,64K,64917,65155,238,128,131072,16645,False,llama_chat_v4,5d2869822989e19b
CT_0045_82K,CT_0045,CLINICAL_TRIALS,DIRECT_RETRIEVAL,82K,81418,81656,238,128,131072,144,True,llama_chat_v4,5d2869822989e19b
CT_0046_4K,CT_0046,CLINICAL_TRIALS,RETRIEVAL_CALCULATION,4K,4038,4261,223,128,131072,77539,False,llama_chat_v4,5d2869822989e19b
CT_0046_8K,CT_0046,CLINICAL_TRIALS,RETRIEVAL_CALCULATION,8K,8095,8318,223,128,131072,73482,False,llama_chat_v4,5d2869822989e19b
CT_0046_16K,CT_0046,CLINICAL_TRIALS,RETRIEVAL_CALCULATION,16K,16225,16448,223,128,131072,65352,False,llama_chat_v4,5d2869822989e19b
CT_0046_32K,CT_0046,CLINICAL_TRIALS,RETRIEVAL_CALCULATION,32K,32447,32670,223,128,131072,49130,False,llama_chat_v4,5d2869822989e19b
CT_0046_64K,CT_0046,CLINICAL_TRIALS,RETRIEVAL_CALCULATION,64K,64918,65141,223,128,131072,16659,False,llama_chat_v4,5d2869822989e19b
CT_0046_82K,CT_0046,CLINICAL_TRIALS,RETRIEVAL_CALCULATION,82K,81476,81699,223,128,131072,101,True,llama_chat_v4,5d2869822989e19b
CT_0047_4K,CT_0047,CLINICAL_TRIALS,RETRIEVAL_CALCULATION,4K,4009,4232,223,128,131072,77568,False,llama_chat_v4,5d2869822989e19b
CT_0047_8K,CT_0047,CLINICAL_TRIALS,RETRIEVAL_CALCULATION,8K,8081,8304,223,128,131072,73496,False,llama_chat_v4,5d2869822989e19b
CT_0047_16K,CT_0047,CLINICAL_TRIALS,RETRIEVAL_CALCULATION,16K,16233,16456,223,128,131072,65344,False,llama_chat_v4,5d2869822989e19b
CT_0047_32K,CT_0047,CLINICAL_TRIALS,RETRIEVAL_CALCULATION,32K,32435,32658,223,128,131072,49142,False,llama_chat_v4,5d2869822989e19b
CT_0047_64K,CT_0047,CLINICAL_TRIALS,RETRIEVAL_CALCULATION,64K,64938,65161,223,128,131072,16639,False,llama_chat_v4,5d2869822989e19b
CT_0047_82K,CT_0047,CLINICAL_TRIALS,RETRIEVAL_CALCULATION,82K,81402,81625,223,128,131072,175,True,llama_chat_v4,5d2869822989e19b
CT_0048_4K,CT_0048,CLINICAL_TRIALS,RETRIEVAL_CALCULATION,4K,4056,4279,223,128,131072,77521,False,llama_chat_v4,5d2869822989e19b
CT_0048_8K,CT_0048,CLINICAL_TRIALS,RETRIEVAL_CALCULATION,8K,8070,8293,223,128,131072,73507,False,llama_chat_v4,5d2869822989e19b
CT_0048_16K,CT_0048,CLINICAL_TRIALS,RETRIEVAL_CALCULATION,16K,16183,16406,223,128,131072,65394,False,llama_chat_v4,5d2869822989e19b
CT_0048_32K,CT_0048,CLINICAL_TRIALS,RETRIEVAL_CALCULATION,32K,32388,32611,223,128,131072,49189,False,llama_chat_v4,5d2869822989e19b
CT_0048_64K,CT_0048,CLINICAL_TRIALS,RETRIEVAL_CALCULATION,64K,64862,65085,223,128,131072,16715,False,llama_chat_v4,5d2869822989e19b
CT_0048_82K,CT_0048,CLINICAL_TRIALS,RETRIEVAL_CALCULATION,82K,81512,81735,223,128,131072,65,True,llama_chat_v4,5d2869822989e19b
CT_0049_4K,CT_0049,CLINICAL_TRIALS,RETRIEVAL_CALCULATION,4K,3996,4219,223,128,131072,77581,False,llama_chat_v4,5d2869822989e19b
CT_0049_8K,CT_0049,CLINICAL_TRIALS,RETRIEVAL_CALCULATION,8K,8060,8283,223,128,131072,73517,False,llama_chat_v4,5d2869822989e19b
CT_0049_16K,CT_0049,CLINICAL_TRIALS,RETRIEVAL_CALCULATION,16K,16151,16374,223,128,131072,65426,False,llama_chat_v4,5d2869822989e19b
CT_0049_32K,CT_0049,CLINICAL_TRIALS,RETRIEVAL_CALCULATION,32K,32445,32668,223,128,131072,49132,False,llama_chat_v4,5d2869822989e19b
CT_0049_64K,CT_0049,CLINICAL_TRIALS,RETRIEVAL_CALCULATION,64K,64921,65144,223,128,131072,16656,False,llama_chat_v4,5d2869822989e19b
CT_0049_82K,CT_0049,CLINICAL_TRIALS,RETRIEVAL_CALCULATION,82K,81507,81730,223,128,131072,70,True,llama_chat_v4,5d2869822989e19b
CT_0050_4K,CT_0050,CLINICAL_TRIALS,RETRIEVAL_CALCULATION,4K,4020,4243,223,128,131072,77557,False,llama_chat_v4,5d2869822989e19b
CT_0050_8K,CT_0050,CLINICAL_TRIALS,RETRIEVAL_CALCULATION,8K,8047,8270,223,128,131072,73530,False,llama_chat_v4,5d2869822989e19b
CT_0050_16K,CT_0050,CLINICAL_TRIALS,RETRIEVAL_CALCULATION,16K,16178,16401,223,128,131072,65399,False,llama_chat_v4,5d2869822989e19b
CT_0050_32K,CT_0050,CLINICAL_TRIALS,RETRIEVAL_CALCULATION,32K,32466,32689,223,128,131072,49111,False,llama_chat_v4,5d2869822989e19b
CT_0050_64K,CT_0050,CLINICAL_TRIALS,RETRIEVAL_CALCULATION,64K,64933,65156,223,128,131072,16644,False,llama_chat_v4,5d2869822989e19b
CT_0050_82K,CT_0050,CLINICAL_TRIALS,RETRIEVAL_CALCULATION,82K,81521,81744,223,128,131072,56,True,llama_chat_v4,5d2869822989e19b
CT_0051_4K,CT_0051,CLINICAL_TRIALS,RETRIEVAL_CALCULATION,4K,4057,4280,223,128,131072,77520,False,llama_chat_v4,5d2869822989e19b
CT_0051_8K,CT_0051,CLINICAL_TRIALS,RETRIEVAL_CALCULATION,8K,8118,8341,223,128,131072,73459,False,llama_chat_v4,5d2869822989e19b
CT_0051_16K,CT_0051,CLINICAL_TRIALS,RETRIEVAL_CALCULATION,16K,16185,16408,223,128,131072,65392,False,llama_chat_v4,5d2869822989e19b
CT_0051_32K,CT_0051,CLINICAL_TRIALS,RETRIEVAL_CALCULATION,32K,32425,32648,223,128,131072,49152,False,llama_chat_v4,5d2869822989e19b
CT_0051_64K,CT_0051,CLINICAL_TRIALS,RETRIEVAL_CALCULATION,64K,64895,65118,223,128,131072,16682,False,llama_chat_v4,5d2869822989e19b
CT_0051_82K,CT_0051,CLINICAL_TRIALS,RETRIEVAL_CALCULATION,82K,81501,81724,223,128,131072,76,True,llama_chat_v4,5d2869822989e19b
CT_0052_4K,CT_0052,CLINICAL_TRIALS,RETRIEVAL_CALCULATION,4K,4000,4223,223,128,131072,77577,False,llama_chat_v4,5d2869822989e19b
CT_0052_8K,CT_0052,CLINICAL_TRIALS,RETRIEVAL_CALCULATION,8K,8084,8307,223,128,131072,73493,False,llama_chat_v4,5d2869822989e19b
CT_0052_16K,CT_0052,CLINICAL_TRIALS,RETRIEVAL_CALCULATION,16K,16180,16403,223,128,131072,65397,False,llama_chat_v4,5d2869822989e19b
CT_0052_32K,CT_0052,CLINICAL_TRIALS,RETRIEVAL_CALCULATION,32K,32412,32635,223,128,131072,49165,False,llama_chat_v4,5d2869822989e19b
CT_0052_64K,CT_0052,CLINICAL_TRIALS,RETRIEVAL_CALCULATION,64K,64935,65158,223,128,131072,16642,False,llama_chat_v4,5d2869822989e19b
CT_0052_82K,CT_0052,CLINICAL_TRIALS,RETRIEVAL_CALCULATION,82K,81515,81738,223,128,131072,62,True,llama_chat_v4,5d2869822989e19b
CT_0053_4K,CT_0053,CLINICAL_TRIALS,RETRIEVAL_CALCULATION,4K,4051,4274,223,128,131072,77526,False,llama_chat_v4,5d2869822989e19b
CT_0053_8K,CT_0053,CLINICAL_TRIALS,RETRIEVAL_CALCULATION,8K,8077,8300,223,128,131072,73500,False,llama_chat_v4,5d2869822989e19b
CT_0053_16K,CT_0053,CLINICAL_TRIALS,RETRIEVAL_CALCULATION,16K,16161,16384,223,128,131072,65416,False,llama_chat_v4,5d2869822989e19b
CT_0053_32K,CT_0053,CLINICAL_TRIALS,RETRIEVAL_CALCULATION,32K,32466,32689,223,128,131072,49111,False,llama_chat_v4,5d2869822989e19b
CT_0053_64K,CT_0053,CLINICAL_TRIALS,RETRIEVAL_CALCULATION,64K,64893,65116,223,128,131072,16684,False,llama_chat_v4,5d2869822989e19b
CT_0053_82K,CT_0053,CLINICAL_TRIALS,RETRIEVAL_CALCULATION,82K,81567,81790,223,128,131072,10,True,llama_chat_v4,5d2869822989e19b
CT_0054_4K,CT_0054,CLINICAL_TRIALS,RETRIEVAL_CALCULATION,4K,4039,4262,223,128,131072,77538,False,llama_chat_v4,5d2869822989e19b
CT_0054_8K,CT_0054,CLINICAL_TRIALS,RETRIEVAL_CALCULATION,8K,8119,8342,223,128,131072,73458,False,llama_chat_v4,5d2869822989e19b
CT_0054_16K,CT_0054,CLINICAL_TRIALS,RETRIEVAL_CALCULATION,16K,16206,16429,223,128,131072,65371,False,llama_chat_v4,5d2869822989e19b
CT_0054_32K,CT_0054,CLINICAL_TRIALS,RETRIEVAL_CALCULATION,32K,32420,32643,223,128,131072,49157,False,llama_chat_v4,5d2869822989e19b
CT_0054_64K,CT_0054,CLINICAL_TRIALS,RETRIEVAL_CALCULATION,64K,64953,65176,223,128,131072,16624,False,llama_chat_v4,5d2869822989e19b
CT_0054_82K,CT_0054,CLINICAL_TRIALS,RETRIEVAL_CALCULATION,82K,81567,81790,223,128,131072,10,True,llama_chat_v4,5d2869822989e19b
CT_0055_4K,CT_0055,CLINICAL_TRIALS,RETRIEVAL_CALCULATION,4K,4039,4262,223,128,131072,77538,False,llama_chat_v4,5d2869822989e19b
CT_0055_8K,CT_0055,CLINICAL_TRIALS,RETRIEVAL_CALCULATION,8K,8080,8303,223,128,131072,73497,False,llama_chat_v4,5d2869822989e19b
CT_0055_16K,CT_0055,CLINICAL_TRIALS,RETRIEVAL_CALCULATION,16K,16206,16429,223,128,131072,65371,False,llama_chat_v4,5d2869822989e19b
CT_0055_32K,CT_0055,CLINICAL_TRIALS,RETRIEVAL_CALCULATION,32K,32392,32615,223,128,131072,49185,False,llama_chat_v4,5d2869822989e19b
CT_0055_64K,CT_0055,CLINICAL_TRIALS,RETRIEVAL_CALCULATION,64K,64876,65099,223,128,131072,16701,False,llama_chat_v4,5d2869822989e19b
CT_0055_82K,CT_0055,CLINICAL_TRIALS,RETRIEVAL_CALCULATION,82K,81571,81794,223,128,131072,6,True,llama_chat_v4,5d2869822989e19b
CT_0056_4K,CT_0056,CLINICAL_TRIALS,RETRIEVAL_CALCULATION,4K,4036,4259,223,128,131072,77541,False,llama_chat_v4,5d2869822989e19b
CT_0056_8K,CT_0056,CLINICAL_TRIALS,RETRIEVAL_CALCULATION,8K,8090,8313,223,128,131072,73487,False,llama_chat_v4,5d2869822989e19b
CT_0056_16K,CT_0056,CLINICAL_TRIALS,RETRIEVAL_CALCULATION,16K,16229,16452,223,128,131072,65348,False,llama_chat_v4,5d2869822989e19b
CT_0056_32K,CT_0056,CLINICAL_TRIALS,RETRIEVAL_CALCULATION,32K,32409,32632,223,128,131072,49168,False,llama_chat_v4,5d2869822989e19b
CT_0056_64K,CT_0056,CLINICAL_TRIALS,RETRIEVAL_CALCULATION,64K,64917,65140,223,128,131072,16660,False,llama_chat_v4,5d2869822989e19b
CT_0056_82K,CT_0056,CLINICAL_TRIALS,RETRIEVAL_CALCULATION,82K,81497,81720,223,128,131072,80,True,llama_chat_v4,5d2869822989e19b
CT_0057_4K,CT_0057,CLINICAL_TRIALS,RETRIEVAL_CALCULATION,4K,4057,4280,223,128,131072,77520,False,llama_chat_v4,5d2869822989e19b
CT_0057_8K,CT_0057,CLINICAL_TRIALS,RETRIEVAL_CALCULATION,8K,8062,8285,223,128,131072,73515,False,llama_chat_v4,5d2869822989e19b
CT_0057_16K,CT_0057,CLINICAL_TRIALS,RETRIEVAL_CALCULATION,16K,16168,16391,223,128,131072,65409,False,llama_chat_v4,5d2869822989e19b
CT_0057_32K,CT_0057,CLINICAL_TRIALS,RETRIEVAL_CALCULATION,32K,32452,32675,223,128,131072,49125,False,llama_chat_v4,5d2869822989e19b
CT_0057_64K,CT_0057,CLINICAL_TRIALS,RETRIEVAL_CALCULATION,64K,64947,65170,223,128,131072,16630,False,llama_chat_v4,5d2869822989e19b
CT_0057_82K,CT_0057,CLINICAL_TRIALS,RETRIEVAL_CALCULATION,82K,81507,81730,223,128,131072,70,True,llama_chat_v4,5d2869822989e19b
CT_0058_4K,CT_0058,CLINICAL_TRIALS,RETRIEVAL_CALCULATION,4K,4017,4240,223,128,131072,77560,False,llama_chat_v4,5d2869822989e19b
CT_0058_8K,CT_0058,CLINICAL_TRIALS,RETRIEVAL_CALCULATION,8K,8084,8307,223,128,131072,73493,False,llama_chat_v4,5d2869822989e19b
CT_0058_16K,CT_0058,CLINICAL_TRIALS,RETRIEVAL_CALCULATION,16K,16232,16455,223,128,131072,65345,False,llama_chat_v4,5d2869822989e19b
CT_0058_32K,CT_0058,CLINICAL_TRIALS,RETRIEVAL_CALCULATION,32K,32457,32680,223,128,131072,49120,False,llama_chat_v4,5d2869822989e19b
CT_0058_64K,CT_0058,CLINICAL_TRIALS,RETRIEVAL_CALCULATION,64K,64879,65102,223,128,131072,16698,False,llama_chat_v4,5d2869822989e19b
CT_0058_82K,CT_0058,CLINICAL_TRIALS,RETRIEVAL_CALCULATION,82K,81509,81732,223,128,131072,68,True,llama_chat_v4,5d2869822989e19b
CT_0059_4K,CT_0059,CLINICAL_TRIALS,RETRIEVAL_CALCULATION,4K,3997,4278,281,128,131072,77522,False,llama_chat_v4,5d2869822989e19b
CT_0059_8K,CT_0059,CLINICAL_TRIALS,RETRIEVAL_CALCULATION,8K,8118,8399,281,128,131072,73401,False,llama_chat_v4,5d2869822989e19b
CT_0059_16K,CT_0059,CLINICAL_TRIALS,RETRIEVAL_CALCULATION,16K,16180,16461,281,128,131072,65339,False,llama_chat_v4,5d2869822989e19b
CT_0059_32K,CT_0059,CLINICAL_TRIALS,RETRIEVAL_CALCULATION,32K,32416,32697,281,128,131072,49103,False,llama_chat_v4,5d2869822989e19b
CT_0059_64K,CT_0059,CLINICAL_TRIALS,RETRIEVAL_CALCULATION,64K,64902,65183,281,128,131072,16617,False,llama_chat_v4,5d2869822989e19b
CT_0059_82K,CT_0059,CLINICAL_TRIALS,RETRIEVAL_CALCULATION,82K,81496,81777,281,128,131072,23,True,llama_chat_v4,5d2869822989e19b
CT_0060_4K,CT_0060,CLINICAL_TRIALS,RETRIEVAL_CALCULATION,4K,4052,4315,263,128,131072,77485,False,llama_chat_v4,5d2869822989e19b
CT_0060_8K,CT_0060,CLINICAL_TRIALS,RETRIEVAL_CALCULATION,8K,8098,8361,263,128,131072,73439,False,llama_chat_v4,5d2869822989e19b
CT_0060_16K,CT_0060,CLINICAL_TRIALS,RETRIEVAL_CALCULATION,16K,16232,16495,263,128,131072,65305,False,llama_chat_v4,5d2869822989e19b
CT_0060_32K,CT_0060,CLINICAL_TRIALS,RETRIEVAL_CALCULATION,32K,32457,32720,263,128,131072,49080,False,llama_chat_v4,5d2869822989e19b
CT_0060_64K,CT_0060,CLINICAL_TRIALS,RETRIEVAL_CALCULATION,64K,64940,65203,263,128,131072,16597,False,llama_chat_v4,5d2869822989e19b
CT_0060_82K,CT_0060,CLINICAL_TRIALS,RETRIEVAL_CALCULATION,82K,81469,81732,263,128,131072,68,True,llama_chat_v4,5d2869822989e19b
CT_0061_4K,CT_0061,CLINICAL_TRIALS,RETRIEVAL_CALCULATION,4K,3990,4262,272,128,131072,77538,False,llama_chat_v4,5d2869822989e19b
CT_0061_8K,CT_0061,CLINICAL_TRIALS,RETRIEVAL_CALCULATION,8K,8082,8354,272,128,131072,73446,False,llama_chat_v4,5d2869822989e19b
CT_0061_16K,CT_0061,CLINICAL_TRIALS,RETRIEVAL_CALCULATION,16K,16211,16483,272,128,131072,65317,False,llama_chat_v4,5d2869822989e19b
CT_0061_32K,CT_0061,CLINICAL_TRIALS,RETRIEVAL_CALCULATION,32K,32422,32694,272,128,131072,49106,False,llama_chat_v4,5d2869822989e19b
CT_0061_64K,CT_0061,CLINICAL_TRIALS,RETRIEVAL_CALCULATION,64K,64938,65210,272,128,131072,16590,False,llama_chat_v4,5d2869822989e19b
CT_0061_82K,CT_0061,CLINICAL_TRIALS,RETRIEVAL_CALCULATION,82K,81350,81622,272,128,131072,178,True,llama_chat_v4,5d2869822989e19b
CT_0062_4K,CT_0062,CLINICAL_TRIALS,RETRIEVAL_CALCULATION,4K,4030,4338,308,128,131072,77462,False,llama_chat_v4,5d2869822989e19b
CT_0062_8K,CT_0062,CLINICAL_TRIALS,RETRIEVAL_CALCULATION,8K,8120,8428,308,128,131072,73372,False,llama_chat_v4,5d2869822989e19b
CT_0062_16K,CT_0062,CLINICAL_TRIALS,RETRIEVAL_CALCULATION,16K,16246,16554,308,128,131072,65246,False,llama_chat_v4,5d2869822989e19b
CT_0062_32K,CT_0062,CLINICAL_TRIALS,RETRIEVAL_CALCULATION,32K,32489,32797,308,128,131072,49003,False,llama_chat_v4,5d2869822989e19b
CT_0062_64K,CT_0062,CLINICAL_TRIALS,RETRIEVAL_CALCULATION,64K,64970,65278,308,128,131072,16522,False,llama_chat_v4,5d2869822989e19b
CT_0062_82K,CT_0062,CLINICAL_TRIALS,RETRIEVAL_CALCULATION,82K,81426,81734,308,128,131072,66,True,llama_chat_v4,5d2869822989e19b
CT_0063_4K,CT_0063,CLINICAL_TRIALS,RETRIEVAL_CALCULATION,4K,4050,4323,273,128,131072,77477,False,llama_chat_v4,5d2869822989e19b
CT_0063_8K,CT_0063,CLINICAL_TRIALS,RETRIEVAL_CALCULATION,8K,8103,8376,273,128,131072,73424,False,llama_chat_v4,5d2869822989e19b
CT_0063_16K,CT_0063,CLINICAL_TRIALS,RETRIEVAL_CALCULATION,16K,16204,16477,273,128,131072,65323,False,llama_chat_v4,5d2869822989e19b
CT_0063_32K,CT_0063,CLINICAL_TRIALS,RETRIEVAL_CALCULATION,32K,32490,32763,273,128,131072,49037,False,llama_chat_v4,5d2869822989e19b
CT_0063_64K,CT_0063,CLINICAL_TRIALS,RETRIEVAL_CALCULATION,64K,65002,65275,273,128,131072,16525,False,llama_chat_v4,5d2869822989e19b
CT_0063_82K,CT_0063,CLINICAL_TRIALS,RETRIEVAL_CALCULATION,82K,81423,81696,273,128,131072,104,True,llama_chat_v4,5d2869822989e19b
CT_0064_4K,CT_0064,CLINICAL_TRIALS,RETRIEVAL_CALCULATION,4K,4059,4334,275,128,131072,77466,False,llama_chat_v4,5d2869822989e19b
CT_0064_8K,CT_0064,CLINICAL_TRIALS,RETRIEVAL_CALCULATION,8K,8117,8392,275,128,131072,73408,False,llama_chat_v4,5d2869822989e19b
CT_0064_16K,CT_0064,CLINICAL_TRIALS,RETRIEVAL_CALCULATION,16K,16213,16488,275,128,131072,65312,False,llama_chat_v4,5d2869822989e19b
CT_0064_32K,CT_0064,CLINICAL_TRIALS,RETRIEVAL_CALCULATION,32K,32441,32716,275,128,131072,49084,False,llama_chat_v4,5d2869822989e19b
CT_0064_64K,CT_0064,CLINICAL_TRIALS,RETRIEVAL_CALCULATION,64K,64929,65204,275,128,131072,16596,False,llama_chat_v4,5d2869822989e19b
CT_0064_82K,CT_0064,CLINICAL_TRIALS,RETRIEVAL_CALCULATION,82K,81465,81740,275,128,131072,60,True,llama_chat_v4,5d2869822989e19b
CT_0065_4K,CT_0065,CLINICAL_TRIALS,RETRIEVAL_CALCULATION,4K,4060,4327,267,128,131072,77473,False,llama_chat_v4,5d2869822989e19b
CT_0065_8K,CT_0065,CLINICAL_TRIALS,RETRIEVAL_CALCULATION,8K,8083,8350,267,128,131072,73450,False,llama_chat_v4,5d2869822989e19b
CT_0065_16K,CT_0065,CLINICAL_TRIALS,RETRIEVAL_CALCULATION,16K,16194,16461,267,128,131072,65339,False,llama_chat_v4,5d2869822989e19b
CT_0065_32K,CT_0065,CLINICAL_TRIALS,RETRIEVAL_CALCULATION,32K,32454,32721,267,128,131072,49079,False,llama_chat_v4,5d2869822989e19b
CT_0065_64K,CT_0065,CLINICAL_TRIALS,RETRIEVAL_CALCULATION,64K,64938,65205,267,128,131072,16595,False,llama_chat_v4,5d2869822989e19b
CT_0065_82K,CT_0065,CLINICAL_TRIALS,RETRIEVAL_CALCULATION,82K,81401,81668,267,128,131072,132,True,llama_chat_v4,5d2869822989e19b
CT_0066_4K,CT_0066,CLINICAL_TRIALS,RETRIEVAL_CALCULATION,4K,4008,4269,261,128,131072,77531,False,llama_chat_v4,5d2869822989e19b
CT_0066_8K,CT_0066,CLINICAL_TRIALS,RETRIEVAL_CALCULATION,8K,8055,8316,261,128,131072,73484,False,llama_chat_v4,5d2869822989e19b
CT_0066_16K,CT_0066,CLINICAL_TRIALS,RETRIEVAL_CALCULATION,16K,16215,16476,261,128,131072,65324,False,llama_chat_v4,5d2869822989e19b
CT_0066_32K,CT_0066,CLINICAL_TRIALS,RETRIEVAL_CALCULATION,32K,32406,32667,261,128,131072,49133,False,llama_chat_v4,5d2869822989e19b
CT_0066_64K,CT_0066,CLINICAL_TRIALS,RETRIEVAL_CALCULATION,64K,64920,65181,261,128,131072,16619,False,llama_chat_v4,5d2869822989e19b
CT_0066_82K,CT_0066,CLINICAL_TRIALS,RETRIEVAL_CALCULATION,82K,81505,81766,261,128,131072,34,True,llama_chat_v4,5d2869822989e19b
CT_0067_4K,CT_0067,CLINICAL_TRIALS,RETRIEVAL_CALCULATION,4K,4009,4283,274,128,131072,77517,False,llama_chat_v4,5d2869822989e19b
CT_0067_8K,CT_0067,CLINICAL_TRIALS,RETRIEVAL_CALCULATION,8K,8094,8368,274,128,131072,73432,False,llama_chat_v4,5d2869822989e19b
CT_0067_16K,CT_0067,CLINICAL_TRIALS,RETRIEVAL_CALCULATION,16K,16236,16510,274,128,131072,65290,False,llama_chat_v4,5d2869822989e19b
CT_0067_32K,CT_0067,CLINICAL_TRIALS,RETRIEVAL_CALCULATION,32K,32467,32741,274,128,131072,49059,False,llama_chat_v4,5d2869822989e19b
CT_0067_64K,CT_0067,CLINICAL_TRIALS,RETRIEVAL_CALCULATION,64K,64883,65157,274,128,131072,16643,False,llama_chat_v4,5d2869822989e19b
CT_0067_82K,CT_0067,CLINICAL_TRIALS,RETRIEVAL_CALCULATION,82K,81420,81694,274,128,131072,106,True,llama_chat_v4,5d2869822989e19b
CT_0068_4K,CT_0068,CLINICAL_TRIALS,RETRIEVAL_CALCULATION,4K,3991,4279,288,128,131072,77521,False,llama_chat_v4,5d2869822989e19b
CT_0068_8K,CT_0068,CLINICAL_TRIALS,RETRIEVAL_CALCULATION,8K,8093,8381,288,128,131072,73419,False,llama_chat_v4,5d2869822989e19b
CT_0068_16K,CT_0068,CLINICAL_TRIALS,RETRIEVAL_CALCULATION,16K,16175,16463,288,128,131072,65337,False,llama_chat_v4,5d2869822989e19b
CT_0068_32K,CT_0068,CLINICAL_TRIALS,RETRIEVAL_CALCULATION,32K,32436,32724,288,128,131072,49076,False,llama_chat_v4,5d2869822989e19b
CT_0068_64K,CT_0068,CLINICAL_TRIALS,RETRIEVAL_CALCULATION,64K,64906,65194,288,128,131072,16606,False,llama_chat_v4,5d2869822989e19b
CT_0068_82K,CT_0068,CLINICAL_TRIALS,RETRIEVAL_CALCULATION,82K,81435,81723,288,128,131072,77,True,llama_chat_v4,5d2869822989e19b
CT_0069_4K,CT_0069,CLINICAL_TRIALS,RETRIEVAL_CALCULATION,4K,3988,4242,254,128,131072,77558,False,llama_chat_v4,5d2869822989e19b
CT_0069_8K,CT_0069,CLINICAL_TRIALS,RETRIEVAL_CALCULATION,8K,8062,8316,254,128,131072,73484,False,llama_chat_v4,5d2869822989e19b
CT_0069_16K,CT_0069,CLINICAL_TRIALS,RETRIEVAL_CALCULATION,16K,16226,16480,254,128,131072,65320,False,llama_chat_v4,5d2869822989e19b
CT_0069_32K,CT_0069,CLINICAL_TRIALS,RETRIEVAL_CALCULATION,32K,32464,32718,254,128,131072,49082,False,llama_chat_v4,5d2869822989e19b
CT_0069_64K,CT_0069,CLINICAL_TRIALS,RETRIEVAL_CALCULATION,64K,64936,65190,254,128,131072,16610,False,llama_chat_v4,5d2869822989e19b
CT_0069_82K,CT_0069,CLINICAL_TRIALS,RETRIEVAL_CALCULATION,82K,81463,81717,254,128,131072,83,True,llama_chat_v4,5d2869822989e19b
CT_0070_4K,CT_0070,CLINICAL_TRIALS,RETRIEVAL_CALCULATION,4K,4047,4297,250,128,131072,77503,False,llama_chat_v4,5d2869822989e19b
CT_0070_8K,CT_0070,CLINICAL_TRIALS,RETRIEVAL_CALCULATION,8K,8101,8351,250,128,131072,73449,False,llama_chat_v4,5d2869822989e19b
CT_0070_16K,CT_0070,CLINICAL_TRIALS,RETRIEVAL_CALCULATION,16K,16229,16479,250,128,131072,65321,False,llama_chat_v4,5d2869822989e19b
CT_0070_32K,CT_0070,CLINICAL_TRIALS,RETRIEVAL_CALCULATION,32K,32430,32680,250,128,131072,49120,False,llama_chat_v4,5d2869822989e19b
CT_0070_64K,CT_0070,CLINICAL_TRIALS,RETRIEVAL_CALCULATION,64K,64942,65192,250,128,131072,16608,False,llama_chat_v4,5d2869822989e19b
CT_0070_82K,CT_0070,CLINICAL_TRIALS,RETRIEVAL_CALCULATION,82K,81435,81685,250,128,131072,115,True,llama_chat_v4,5d2869822989e19b
CT_0071_4K,CT_0071,CLINICAL_TRIALS,RETRIEVAL_CALCULATION,4K,4005,4301,296,128,131072,77499,False,llama_chat_v4,5d2869822989e19b
CT_0071_8K,CT_0071,CLINICAL_TRIALS,RETRIEVAL_CALCULATION,8K,8120,8416,296,128,131072,73384,False,llama_chat_v4,5d2869822989e19b
CT_0071_16K,CT_0071,CLINICAL_TRIALS,RETRIEVAL_CALCULATION,16K,16241,16537,296,128,131072,65263,False,llama_chat_v4,5d2869822989e19b
CT_0071_32K,CT_0071,CLINICAL_TRIALS,RETRIEVAL_CALCULATION,32K,32463,32759,296,128,131072,49041,False,llama_chat_v4,5d2869822989e19b
CT_0071_64K,CT_0071,CLINICAL_TRIALS,RETRIEVAL_CALCULATION,64K,64959,65255,296,128,131072,16545,False,llama_chat_v4,5d2869822989e19b
CT_0071_82K,CT_0071,CLINICAL_TRIALS,RETRIEVAL_CALCULATION,82K,81455,81751,296,128,131072,49,True,llama_chat_v4,5d2869822989e19b
CT_0072_4K,CT_0072,CLINICAL_TRIALS,RETRIEVAL_CALCULATION,4K,3987,4243,256,128,131072,77557,False,llama_chat_v4,5d2869822989e19b
CT_0072_8K,CT_0072,CLINICAL_TRIALS,RETRIEVAL_CALCULATION,8K,8072,8328,256,128,131072,73472,False,llama_chat_v4,5d2869822989e19b
CT_0072_16K,CT_0072,CLINICAL_TRIALS,RETRIEVAL_CALCULATION,16K,16227,16483,256,128,131072,65317,False,llama_chat_v4,5d2869822989e19b
CT_0072_32K,CT_0072,CLINICAL_TRIALS,RETRIEVAL_CALCULATION,32K,32471,32727,256,128,131072,49073,False,llama_chat_v4,5d2869822989e19b
CT_0072_64K,CT_0072,CLINICAL_TRIALS,RETRIEVAL_CALCULATION,64K,64891,65147,256,128,131072,16653,False,llama_chat_v4,5d2869822989e19b
CT_0072_82K,CT_0072,CLINICAL_TRIALS,RETRIEVAL_CALCULATION,82K,81479,81735,256,128,131072,65,True,llama_chat_v4,5d2869822989e19b
CT_0073_4K,CT_0073,CLINICAL_TRIALS,RETRIEVAL_CALCULATION,4K,3987,4210,223,128,131072,77590,False,llama_chat_v4,5d2869822989e19b
CT_0073_8K,CT_0073,CLINICAL_TRIALS,RETRIEVAL_CALCULATION,8K,8103,8326,223,128,131072,73474,False,llama_chat_v4,5d2869822989e19b
CT_0073_16K,CT_0073,CLINICAL_TRIALS,RETRIEVAL_CALCULATION,16K,16235,16458,223,128,131072,65342,False,llama_chat_v4,5d2869822989e19b
CT_0073_32K,CT_0073,CLINICAL_TRIALS,RETRIEVAL_CALCULATION,32K,32453,32676,223,128,131072,49124,False,llama_chat_v4,5d2869822989e19b
CT_0073_64K,CT_0073,CLINICAL_TRIALS,RETRIEVAL_CALCULATION,64K,64912,65135,223,128,131072,16665,False,llama_chat_v4,5d2869822989e19b
CT_0073_82K,CT_0073,CLINICAL_TRIALS,RETRIEVAL_CALCULATION,82K,81526,81749,223,128,131072,51,True,llama_chat_v4,5d2869822989e19b
CT_0074_4K,CT_0074,CLINICAL_TRIALS,ENTITY_UNIT_BINDING,4K,3985,4219,234,128,131072,77581,False,llama_chat_v4,5d2869822989e19b
CT_0074_8K,CT_0074,CLINICAL_TRIALS,ENTITY_UNIT_BINDING,8K,8104,8338,234,128,131072,73462,False,llama_chat_v4,5d2869822989e19b
CT_0074_16K,CT_0074,CLINICAL_TRIALS,ENTITY_UNIT_BINDING,16K,16231,16465,234,128,131072,65335,False,llama_chat_v4,5d2869822989e19b
CT_0074_32K,CT_0074,CLINICAL_TRIALS,ENTITY_UNIT_BINDING,32K,32435,32669,234,128,131072,49131,False,llama_chat_v4,5d2869822989e19b
CT_0074_64K,CT_0074,CLINICAL_TRIALS,ENTITY_UNIT_BINDING,64K,64950,65184,234,128,131072,16616,False,llama_chat_v4,5d2869822989e19b
CT_0074_82K,CT_0074,CLINICAL_TRIALS,ENTITY_UNIT_BINDING,82K,81541,81775,234,128,131072,25,True,llama_chat_v4,5d2869822989e19b
CT_0075_4K,CT_0075,CLINICAL_TRIALS,ENTITY_UNIT_BINDING,4K,4037,4276,239,128,131072,77524,False,llama_chat_v4,5d2869822989e19b
CT_0075_8K,CT_0075,CLINICAL_TRIALS,ENTITY_UNIT_BINDING,8K,8111,8350,239,128,131072,73450,False,llama_chat_v4,5d2869822989e19b
CT_0075_16K,CT_0075,CLINICAL_TRIALS,ENTITY_UNIT_BINDING,16K,16231,16470,239,128,131072,65330,False,llama_chat_v4,5d2869822989e19b
CT_0075_32K,CT_0075,CLINICAL_TRIALS,ENTITY_UNIT_BINDING,32K,32475,32714,239,128,131072,49086,False,llama_chat_v4,5d2869822989e19b
CT_0075_64K,CT_0075,CLINICAL_TRIALS,ENTITY_UNIT_BINDING,64K,64947,65186,239,128,131072,16614,False,llama_chat_v4,5d2869822989e19b
CT_0075_82K,CT_0075,CLINICAL_TRIALS,ENTITY_UNIT_BINDING,82K,81536,81775,239,128,131072,25,True,llama_chat_v4,5d2869822989e19b
CT_0076_4K,CT_0076,CLINICAL_TRIALS,ENTITY_UNIT_BINDING,4K,4023,4264,241,128,131072,77536,False,llama_chat_v4,5d2869822989e19b
CT_0076_8K,CT_0076,CLINICAL_TRIALS,ENTITY_UNIT_BINDING,8K,8095,8336,241,128,131072,73464,False,llama_chat_v4,5d2869822989e19b
CT_0076_16K,CT_0076,CLINICAL_TRIALS,ENTITY_UNIT_BINDING,16K,16212,16453,241,128,131072,65347,False,llama_chat_v4,5d2869822989e19b
CT_0076_32K,CT_0076,CLINICAL_TRIALS,ENTITY_UNIT_BINDING,32K,32473,32714,241,128,131072,49086,False,llama_chat_v4,5d2869822989e19b
CT_0076_64K,CT_0076,CLINICAL_TRIALS,ENTITY_UNIT_BINDING,64K,64938,65179,241,128,131072,16621,False,llama_chat_v4,5d2869822989e19b
CT_0076_82K,CT_0076,CLINICAL_TRIALS,ENTITY_UNIT_BINDING,82K,81471,81712,241,128,131072,88,True,llama_chat_v4,5d2869822989e19b
CT_0077_4K,CT_0077,CLINICAL_TRIALS,ENTITY_UNIT_BINDING,4K,4039,4280,241,128,131072,77520,False,llama_chat_v4,5d2869822989e19b
CT_0077_8K,CT_0077,CLINICAL_TRIALS,ENTITY_UNIT_BINDING,8K,8047,8288,241,128,131072,73512,False,llama_chat_v4,5d2869822989e19b
CT_0077_16K,CT_0077,CLINICAL_TRIALS,ENTITY_UNIT_BINDING,16K,16225,16466,241,128,131072,65334,False,llama_chat_v4,5d2869822989e19b
CT_0077_32K,CT_0077,CLINICAL_TRIALS,ENTITY_UNIT_BINDING,32K,32451,32692,241,128,131072,49108,False,llama_chat_v4,5d2869822989e19b
CT_0077_64K,CT_0077,CLINICAL_TRIALS,ENTITY_UNIT_BINDING,64K,64921,65162,241,128,131072,16638,False,llama_chat_v4,5d2869822989e19b
CT_0077_82K,CT_0077,CLINICAL_TRIALS,ENTITY_UNIT_BINDING,82K,81431,81672,241,128,131072,128,True,llama_chat_v4,5d2869822989e19b
CT_0078_4K,CT_0078,CLINICAL_TRIALS,ENTITY_UNIT_BINDING,4K,4055,4287,232,128,131072,77513,False,llama_chat_v4,5d2869822989e19b
CT_0078_8K,CT_0078,CLINICAL_TRIALS,ENTITY_UNIT_BINDING,8K,8117,8349,232,128,131072,73451,False,llama_chat_v4,5d2869822989e19b
CT_0078_16K,CT_0078,CLINICAL_TRIALS,ENTITY_UNIT_BINDING,16K,16228,16460,232,128,131072,65340,False,llama_chat_v4,5d2869822989e19b
CT_0078_32K,CT_0078,CLINICAL_TRIALS,ENTITY_UNIT_BINDING,32K,32433,32665,232,128,131072,49135,False,llama_chat_v4,5d2869822989e19b
CT_0078_64K,CT_0078,CLINICAL_TRIALS,ENTITY_UNIT_BINDING,64K,64933,65165,232,128,131072,16635,False,llama_chat_v4,5d2869822989e19b
CT_0078_82K,CT_0078,CLINICAL_TRIALS,ENTITY_UNIT_BINDING,82K,81475,81707,232,128,131072,93,True,llama_chat_v4,5d2869822989e19b
CT_0079_4K,CT_0079,CLINICAL_TRIALS,ENTITY_UNIT_BINDING,4K,4028,4269,241,128,131072,77531,False,llama_chat_v4,5d2869822989e19b
CT_0079_8K,CT_0079,CLINICAL_TRIALS,ENTITY_UNIT_BINDING,8K,8062,8303,241,128,131072,73497,False,llama_chat_v4,5d2869822989e19b
CT_0079_16K,CT_0079,CLINICAL_TRIALS,ENTITY_UNIT_BINDING,16K,16233,16474,241,128,131072,65326,False,llama_chat_v4,5d2869822989e19b
CT_0079_32K,CT_0079,CLINICAL_TRIALS,ENTITY_UNIT_BINDING,32K,32440,32681,241,128,131072,49119,False,llama_chat_v4,5d2869822989e19b
CT_0079_64K,CT_0079,CLINICAL_TRIALS,ENTITY_UNIT_BINDING,64K,64922,65163,241,128,131072,16637,False,llama_chat_v4,5d2869822989e19b
CT_0079_82K,CT_0079,CLINICAL_TRIALS,ENTITY_UNIT_BINDING,82K,81497,81738,241,128,131072,62,True,llama_chat_v4,5d2869822989e19b
CT_0080_4K,CT_0080,CLINICAL_TRIALS,ENTITY_UNIT_BINDING,4K,4026,4275,249,128,131072,77525,False,llama_chat_v4,5d2869822989e19b
CT_0080_8K,CT_0080,CLINICAL_TRIALS,ENTITY_UNIT_BINDING,8K,8116,8365,249,128,131072,73435,False,llama_chat_v4,5d2869822989e19b
CT_0080_16K,CT_0080,CLINICAL_TRIALS,ENTITY_UNIT_BINDING,16K,16163,16412,249,128,131072,65388,False,llama_chat_v4,5d2869822989e19b
CT_0080_32K,CT_0080,CLINICAL_TRIALS,ENTITY_UNIT_BINDING,32K,32433,32682,249,128,131072,49118,False,llama_chat_v4,5d2869822989e19b
CT_0080_64K,CT_0080,CLINICAL_TRIALS,ENTITY_UNIT_BINDING,64K,64957,65206,249,128,131072,16594,False,llama_chat_v4,5d2869822989e19b
CT_0080_82K,CT_0080,CLINICAL_TRIALS,ENTITY_UNIT_BINDING,82K,81457,81706,249,128,131072,94,True,llama_chat_v4,5d2869822989e19b
CT_0081_4K,CT_0081,CLINICAL_TRIALS,ENTITY_UNIT_BINDING,4K,3989,4247,258,128,131072,77553,False,llama_chat_v4,5d2869822989e19b
CT_0081_8K,CT_0081,CLINICAL_TRIALS,ENTITY_UNIT_BINDING,8K,8116,8374,258,128,131072,73426,False,llama_chat_v4,5d2869822989e19b
CT_0081_16K,CT_0081,CLINICAL_TRIALS,ENTITY_UNIT_BINDING,16K,16181,16439,258,128,131072,65361,False,llama_chat_v4,5d2869822989e19b
CT_0081_32K,CT_0081,CLINICAL_TRIALS,ENTITY_UNIT_BINDING,32K,32409,32667,258,128,131072,49133,False,llama_chat_v4,5d2869822989e19b
CT_0081_64K,CT_0081,CLINICAL_TRIALS,ENTITY_UNIT_BINDING,64K,64912,65170,258,128,131072,16630,False,llama_chat_v4,5d2869822989e19b
CT_0081_82K,CT_0081,CLINICAL_TRIALS,ENTITY_UNIT_BINDING,82K,81497,81755,258,128,131072,45,True,llama_chat_v4,5d2869822989e19b
CT_0082_4K,CT_0082,CLINICAL_TRIALS,ENTITY_UNIT_BINDING,4K,4057,4282,225,128,131072,77518,False,llama_chat_v4,5d2869822989e19b
CT_0082_8K,CT_0082,CLINICAL_TRIALS,ENTITY_UNIT_BINDING,8K,8059,8284,225,128,131072,73516,False,llama_chat_v4,5d2869822989e19b
CT_0082_16K,CT_0082,CLINICAL_TRIALS,ENTITY_UNIT_BINDING,16K,16163,16388,225,128,131072,65412,False,llama_chat_v4,5d2869822989e19b
CT_0082_32K,CT_0082,CLINICAL_TRIALS,ENTITY_UNIT_BINDING,32K,32408,32633,225,128,131072,49167,False,llama_chat_v4,5d2869822989e19b
CT_0082_64K,CT_0082,CLINICAL_TRIALS,ENTITY_UNIT_BINDING,64K,64929,65154,225,128,131072,16646,False,llama_chat_v4,5d2869822989e19b
CT_0082_82K,CT_0082,CLINICAL_TRIALS,ENTITY_UNIT_BINDING,82K,81477,81702,225,128,131072,98,True,llama_chat_v4,5d2869822989e19b
CT_0083_4K,CT_0083,CLINICAL_TRIALS,ENTITY_UNIT_BINDING,4K,4016,4269,253,128,131072,77531,False,llama_chat_v4,5d2869822989e19b
CT_0083_8K,CT_0083,CLINICAL_TRIALS,ENTITY_UNIT_BINDING,8K,8055,8308,253,128,131072,73492,False,llama_chat_v4,5d2869822989e19b
CT_0083_16K,CT_0083,CLINICAL_TRIALS,ENTITY_UNIT_BINDING,16K,16232,16485,253,128,131072,65315,False,llama_chat_v4,5d2869822989e19b
CT_0083_32K,CT_0083,CLINICAL_TRIALS,ENTITY_UNIT_BINDING,32K,32472,32725,253,128,131072,49075,False,llama_chat_v4,5d2869822989e19b
CT_0083_64K,CT_0083,CLINICAL_TRIALS,ENTITY_UNIT_BINDING,64K,64954,65207,253,128,131072,16593,False,llama_chat_v4,5d2869822989e19b
CT_0083_82K,CT_0083,CLINICAL_TRIALS,ENTITY_UNIT_BINDING,82K,81511,81764,253,128,131072,36,True,llama_chat_v4,5d2869822989e19b
CT_0084_4K,CT_0084,CLINICAL_TRIALS,ENTITY_UNIT_BINDING,4K,4057,4294,237,128,131072,77506,False,llama_chat_v4,5d2869822989e19b
CT_0084_8K,CT_0084,CLINICAL_TRIALS,ENTITY_UNIT_BINDING,8K,8061,8298,237,128,131072,73502,False,llama_chat_v4,5d2869822989e19b
CT_0084_16K,CT_0084,CLINICAL_TRIALS,ENTITY_UNIT_BINDING,16K,16224,16461,237,128,131072,65339,False,llama_chat_v4,5d2869822989e19b
CT_0084_32K,CT_0084,CLINICAL_TRIALS,ENTITY_UNIT_BINDING,32K,32408,32645,237,128,131072,49155,False,llama_chat_v4,5d2869822989e19b
CT_0084_64K,CT_0084,CLINICAL_TRIALS,ENTITY_UNIT_BINDING,64K,64941,65178,237,128,131072,16622,False,llama_chat_v4,5d2869822989e19b
CT_0084_82K,CT_0084,CLINICAL_TRIALS,ENTITY_UNIT_BINDING,82K,81504,81741,237,128,131072,59,True,llama_chat_v4,5d2869822989e19b
CT_0085_4K,CT_0085,CLINICAL_TRIALS,ENTITY_UNIT_BINDING,4K,4046,4290,244,128,131072,77510,False,llama_chat_v4,5d2869822989e19b
CT_0085_8K,CT_0085,CLINICAL_TRIALS,ENTITY_UNIT_BINDING,8K,8100,8344,244,128,131072,73456,False,llama_chat_v4,5d2869822989e19b
CT_0085_16K,CT_0085,CLINICAL_TRIALS,ENTITY_UNIT_BINDING,16K,16208,16452,244,128,131072,65348,False,llama_chat_v4,5d2869822989e19b
CT_0085_32K,CT_0085,CLINICAL_TRIALS,ENTITY_UNIT_BINDING,32K,32430,32674,244,128,131072,49126,False,llama_chat_v4,5d2869822989e19b
CT_0085_64K,CT_0085,CLINICAL_TRIALS,ENTITY_UNIT_BINDING,64K,64944,65188,244,128,131072,16612,False,llama_chat_v4,5d2869822989e19b
CT_0085_82K,CT_0085,CLINICAL_TRIALS,ENTITY_UNIT_BINDING,82K,81518,81762,244,128,131072,38,True,llama_chat_v4,5d2869822989e19b
CT_0086_4K,CT_0086,CLINICAL_TRIALS,ENTITY_UNIT_BINDING,4K,4054,4289,235,128,131072,77511,False,llama_chat_v4,5d2869822989e19b
CT_0086_8K,CT_0086,CLINICAL_TRIALS,ENTITY_UNIT_BINDING,8K,8091,8326,235,128,131072,73474,False,llama_chat_v4,5d2869822989e19b
CT_0086_16K,CT_0086,CLINICAL_TRIALS,ENTITY_UNIT_BINDING,16K,16218,16453,235,128,131072,65347,False,llama_chat_v4,5d2869822989e19b
CT_0086_32K,CT_0086,CLINICAL_TRIALS,ENTITY_UNIT_BINDING,32K,32448,32683,235,128,131072,49117,False,llama_chat_v4,5d2869822989e19b
CT_0086_64K,CT_0086,CLINICAL_TRIALS,ENTITY_UNIT_BINDING,64K,64932,65167,235,128,131072,16633,False,llama_chat_v4,5d2869822989e19b
CT_0086_82K,CT_0086,CLINICAL_TRIALS,ENTITY_UNIT_BINDING,82K,81455,81690,235,128,131072,110,True,llama_chat_v4,5d2869822989e19b
CT_0087_4K,CT_0087,CLINICAL_TRIALS,ENTITY_UNIT_BINDING,4K,4059,4308,249,128,131072,77492,False,llama_chat_v4,5d2869822989e19b
CT_0087_8K,CT_0087,CLINICAL_TRIALS,ENTITY_UNIT_BINDING,8K,8119,8368,249,128,131072,73432,False,llama_chat_v4,5d2869822989e19b
CT_0087_16K,CT_0087,CLINICAL_TRIALS,ENTITY_UNIT_BINDING,16K,16200,16449,249,128,131072,65351,False,llama_chat_v4,5d2869822989e19b
CT_0087_32K,CT_0087,CLINICAL_TRIALS,ENTITY_UNIT_BINDING,32K,32429,32678,249,128,131072,49122,False,llama_chat_v4,5d2869822989e19b
CT_0087_64K,CT_0087,CLINICAL_TRIALS,ENTITY_UNIT_BINDING,64K,64907,65156,249,128,131072,16644,False,llama_chat_v4,5d2869822989e19b
CT_0087_82K,CT_0087,CLINICAL_TRIALS,ENTITY_UNIT_BINDING,82K,81438,81687,249,128,131072,113,True,llama_chat_v4,5d2869822989e19b
CT_0088_4K,CT_0088,CLINICAL_TRIALS,ENTITY_UNIT_BINDING,4K,4019,4243,224,128,131072,77557,False,llama_chat_v4,5d2869822989e19b
CT_0088_8K,CT_0088,CLINICAL_TRIALS,ENTITY_UNIT_BINDING,8K,8110,8334,224,128,131072,73466,False,llama_chat_v4,5d2869822989e19b
CT_0088_16K,CT_0088,CLINICAL_TRIALS,ENTITY_UNIT_BINDING,16K,16159,16383,224,128,131072,65417,False,llama_chat_v4,5d2869822989e19b
CT_0088_32K,CT_0088,CLINICAL_TRIALS,ENTITY_UNIT_BINDING,32K,32466,32690,224,128,131072,49110,False,llama_chat_v4,5d2869822989e19b
CT_0088_64K,CT_0088,CLINICAL_TRIALS,ENTITY_UNIT_BINDING,64K,64938,65162,224,128,131072,16638,False,llama_chat_v4,5d2869822989e19b
CT_0088_82K,CT_0088,CLINICAL_TRIALS,ENTITY_UNIT_BINDING,82K,81528,81752,224,128,131072,48,True,llama_chat_v4,5d2869822989e19b
CT_0089_4K,CT_0089,CLINICAL_TRIALS,ENTITY_UNIT_BINDING,4K,4010,4234,224,128,131072,77566,False,llama_chat_v4,5d2869822989e19b
CT_0089_8K,CT_0089,CLINICAL_TRIALS,ENTITY_UNIT_BINDING,8K,8092,8316,224,128,131072,73484,False,llama_chat_v4,5d2869822989e19b
CT_0089_16K,CT_0089,CLINICAL_TRIALS,ENTITY_UNIT_BINDING,16K,16217,16441,224,128,131072,65359,False,llama_chat_v4,5d2869822989e19b
CT_0089_32K,CT_0089,CLINICAL_TRIALS,ENTITY_UNIT_BINDING,32K,32402,32626,224,128,131072,49174,False,llama_chat_v4,5d2869822989e19b
CT_0089_64K,CT_0089,CLINICAL_TRIALS,ENTITY_UNIT_BINDING,64K,64898,65122,224,128,131072,16678,False,llama_chat_v4,5d2869822989e19b
CT_0089_82K,CT_0089,CLINICAL_TRIALS,ENTITY_UNIT_BINDING,82K,81544,81768,224,128,131072,32,True,llama_chat_v4,5d2869822989e19b
CT_0090_4K,CT_0090,CLINICAL_TRIALS,ENTITY_UNIT_BINDING,4K,3988,4276,288,128,131072,77524,False,llama_chat_v4,5d2869822989e19b
CT_0090_8K,CT_0090,CLINICAL_TRIALS,ENTITY_UNIT_BINDING,8K,8119,8407,288,128,131072,73393,False,llama_chat_v4,5d2869822989e19b
CT_0090_16K,CT_0090,CLINICAL_TRIALS,ENTITY_UNIT_BINDING,16K,16190,16478,288,128,131072,65322,False,llama_chat_v4,5d2869822989e19b
CT_0090_32K,CT_0090,CLINICAL_TRIALS,ENTITY_UNIT_BINDING,32K,32468,32756,288,128,131072,49044,False,llama_chat_v4,5d2869822989e19b
CT_0090_64K,CT_0090,CLINICAL_TRIALS,ENTITY_UNIT_BINDING,64K,64901,65189,288,128,131072,16611,False,llama_chat_v4,5d2869822989e19b
CT_0090_82K,CT_0090,CLINICAL_TRIALS,ENTITY_UNIT_BINDING,82K,81429,81717,288,128,131072,83,True,llama_chat_v4,5d2869822989e19b
CT_0091_4K,CT_0091,CLINICAL_TRIALS,ENTITY_UNIT_BINDING,4K,4049,4359,310,128,131072,77441,False,llama_chat_v4,5d2869822989e19b
CT_0091_8K,CT_0091,CLINICAL_TRIALS,ENTITY_UNIT_BINDING,8K,8104,8414,310,128,131072,73386,False,llama_chat_v4,5d2869822989e19b
CT_0091_16K,CT_0091,CLINICAL_TRIALS,ENTITY_UNIT_BINDING,16K,16244,16554,310,128,131072,65246,False,llama_chat_v4,5d2869822989e19b
CT_0091_32K,CT_0091,CLINICAL_TRIALS,ENTITY_UNIT_BINDING,32K,32447,32757,310,128,131072,49043,False,llama_chat_v4,5d2869822989e19b
CT_0091_64K,CT_0091,CLINICAL_TRIALS,ENTITY_UNIT_BINDING,64K,64969,65279,310,128,131072,16521,False,llama_chat_v4,5d2869822989e19b
CT_0091_82K,CT_0091,CLINICAL_TRIALS,ENTITY_UNIT_BINDING,82K,81432,81742,310,128,131072,58,True,llama_chat_v4,5d2869822989e19b
CT_0092_4K,CT_0092,CLINICAL_TRIALS,ENTITY_UNIT_BINDING,4K,4054,4325,271,128,131072,77475,False,llama_chat_v4,5d2869822989e19b
CT_0092_8K,CT_0092,CLINICAL_TRIALS,ENTITY_UNIT_BINDING,8K,8088,8359,271,128,131072,73441,False,llama_chat_v4,5d2869822989e19b
CT_0092_16K,CT_0092,CLINICAL_TRIALS,ENTITY_UNIT_BINDING,16K,16230,16501,271,128,131072,65299,False,llama_chat_v4,5d2869822989e19b
CT_0092_32K,CT_0092,CLINICAL_TRIALS,ENTITY_UNIT_BINDING,32K,32454,32725,271,128,131072,49075,False,llama_chat_v4,5d2869822989e19b
CT_0092_64K,CT_0092,CLINICAL_TRIALS,ENTITY_UNIT_BINDING,64K,64930,65201,271,128,131072,16599,False,llama_chat_v4,5d2869822989e19b
CT_0092_82K,CT_0092,CLINICAL_TRIALS,ENTITY_UNIT_BINDING,82K,81478,81749,271,128,131072,51,True,llama_chat_v4,5d2869822989e19b
CT_0093_4K,CT_0093,CLINICAL_TRIALS,ENTITY_UNIT_BINDING,4K,4053,4321,268,128,131072,77479,False,llama_chat_v4,5d2869822989e19b
CT_0093_8K,CT_0093,CLINICAL_TRIALS,ENTITY_UNIT_BINDING,8K,8111,8379,268,128,131072,73421,False,llama_chat_v4,5d2869822989e19b
CT_0093_16K,CT_0093,CLINICAL_TRIALS,ENTITY_UNIT_BINDING,16K,16192,16460,268,128,131072,65340,False,llama_chat_v4,5d2869822989e19b
CT_0093_32K,CT_0093,CLINICAL_TRIALS,ENTITY_UNIT_BINDING,32K,32469,32737,268,128,131072,49063,False,llama_chat_v4,5d2869822989e19b
CT_0093_64K,CT_0093,CLINICAL_TRIALS,ENTITY_UNIT_BINDING,64K,64953,65221,268,128,131072,16579,False,llama_chat_v4,5d2869822989e19b
CT_0093_82K,CT_0093,CLINICAL_TRIALS,ENTITY_UNIT_BINDING,82K,81499,81767,268,128,131072,33,True,llama_chat_v4,5d2869822989e19b
CT_0094_4K,CT_0094,CLINICAL_TRIALS,ENTITY_UNIT_BINDING,4K,4055,4326,271,128,131072,77474,False,llama_chat_v4,5d2869822989e19b
CT_0094_8K,CT_0094,CLINICAL_TRIALS,ENTITY_UNIT_BINDING,8K,8111,8382,271,128,131072,73418,False,llama_chat_v4,5d2869822989e19b
CT_0094_16K,CT_0094,CLINICAL_TRIALS,ENTITY_UNIT_BINDING,16K,16227,16498,271,128,131072,65302,False,llama_chat_v4,5d2869822989e19b
CT_0094_32K,CT_0094,CLINICAL_TRIALS,ENTITY_UNIT_BINDING,32K,32429,32700,271,128,131072,49100,False,llama_chat_v4,5d2869822989e19b
CT_0094_64K,CT_0094,CLINICAL_TRIALS,ENTITY_UNIT_BINDING,64K,64943,65214,271,128,131072,16586,False,llama_chat_v4,5d2869822989e19b
CT_0094_82K,CT_0094,CLINICAL_TRIALS,ENTITY_UNIT_BINDING,82K,81406,81677,271,128,131072,123,True,llama_chat_v4,5d2869822989e19b
CT_0095_4K,CT_0095,CLINICAL_TRIALS,ENTITY_UNIT_BINDING,4K,4058,4344,286,128,131072,77456,False,llama_chat_v4,5d2869822989e19b
CT_0095_8K,CT_0095,CLINICAL_TRIALS,ENTITY_UNIT_BINDING,8K,8057,8343,286,128,131072,73457,False,llama_chat_v4,5d2869822989e19b
CT_0095_16K,CT_0095,CLINICAL_TRIALS,ENTITY_UNIT_BINDING,16K,16230,16516,286,128,131072,65284,False,llama_chat_v4,5d2869822989e19b
CT_0095_32K,CT_0095,CLINICAL_TRIALS,ENTITY_UNIT_BINDING,32K,32451,32737,286,128,131072,49063,False,llama_chat_v4,5d2869822989e19b
CT_0095_64K,CT_0095,CLINICAL_TRIALS,ENTITY_UNIT_BINDING,64K,64912,65198,286,128,131072,16602,False,llama_chat_v4,5d2869822989e19b
CT_0095_82K,CT_0095,CLINICAL_TRIALS,ENTITY_UNIT_BINDING,82K,81513,81799,286,128,131072,1,True,llama_chat_v4,5d2869822989e19b
CT_0096_4K,CT_0096,CLINICAL_TRIALS,ENTITY_UNIT_BINDING,4K,4023,4290,267,128,131072,77510,False,llama_chat_v4,5d2869822989e19b
CT_0096_8K,CT_0096,CLINICAL_TRIALS,ENTITY_UNIT_BINDING,8K,8098,8365,267,128,131072,73435,False,llama_chat_v4,5d2869822989e19b
CT_0096_16K,CT_0096,CLINICAL_TRIALS,ENTITY_UNIT_BINDING,16K,16190,16457,267,128,131072,65343,False,llama_chat_v4,5d2869822989e19b
CT_0096_32K,CT_0096,CLINICAL_TRIALS,ENTITY_UNIT_BINDING,32K,32440,32707,267,128,131072,49093,False,llama_chat_v4,5d2869822989e19b
CT_0096_64K,CT_0096,CLINICAL_TRIALS,ENTITY_UNIT_BINDING,64K,64971,65238,267,128,131072,16562,False,llama_chat_v4,5d2869822989e19b
CT_0096_82K,CT_0096,CLINICAL_TRIALS,ENTITY_UNIT_BINDING,82K,81435,81702,267,128,131072,98,True,llama_chat_v4,5d2869822989e19b
CT_0097_4K,CT_0097,CLINICAL_TRIALS,ENTITY_UNIT_BINDING,4K,4030,4355,325,128,131072,77445,False,llama_chat_v4,5d2869822989e19b
CT_0097_8K,CT_0097,CLINICAL_TRIALS,ENTITY_UNIT_BINDING,8K,8123,8448,325,128,131072,73352,False,llama_chat_v4,5d2869822989e19b
CT_0097_16K,CT_0097,CLINICAL_TRIALS,ENTITY_UNIT_BINDING,16K,16191,16516,325,128,131072,65284,False,llama_chat_v4,5d2869822989e19b
CT_0097_32K,CT_0097,CLINICAL_TRIALS,ENTITY_UNIT_BINDING,32K,32484,32809,325,128,131072,48991,False,llama_chat_v4,5d2869822989e19b
CT_0097_64K,CT_0097,CLINICAL_TRIALS,ENTITY_UNIT_BINDING,64K,64963,65288,325,128,131072,16512,False,llama_chat_v4,5d2869822989e19b
CT_0097_82K,CT_0097,CLINICAL_TRIALS,ENTITY_UNIT_BINDING,82K,81433,81758,325,128,131072,42,True,llama_chat_v4,5d2869822989e19b
CT_0098_4K,CT_0098,CLINICAL_TRIALS,ENTITY_UNIT_BINDING,4K,4007,4336,329,128,131072,77464,False,llama_chat_v4,5d2869822989e19b
CT_0098_8K,CT_0098,CLINICAL_TRIALS,ENTITY_UNIT_BINDING,8K,8130,8459,329,128,131072,73341,False,llama_chat_v4,5d2869822989e19b
CT_0098_16K,CT_0098,CLINICAL_TRIALS,ENTITY_UNIT_BINDING,16K,16229,16558,329,128,131072,65242,False,llama_chat_v4,5d2869822989e19b
CT_0098_32K,CT_0098,CLINICAL_TRIALS,ENTITY_UNIT_BINDING,32K,32458,32787,329,128,131072,49013,False,llama_chat_v4,5d2869822989e19b
CT_0098_64K,CT_0098,CLINICAL_TRIALS,ENTITY_UNIT_BINDING,64K,64926,65255,329,128,131072,16545,False,llama_chat_v4,5d2869822989e19b
CT_0098_82K,CT_0098,CLINICAL_TRIALS,ENTITY_UNIT_BINDING,82K,81426,81755,329,128,131072,45,True,llama_chat_v4,5d2869822989e19b
CT_0099_4K,CT_0099,CLINICAL_TRIALS,ENTITY_UNIT_BINDING,4K,4026,4325,299,128,131072,77475,False,llama_chat_v4,5d2869822989e19b
CT_0099_8K,CT_0099,CLINICAL_TRIALS,ENTITY_UNIT_BINDING,8K,8091,8390,299,128,131072,73410,False,llama_chat_v4,5d2869822989e19b
CT_0099_16K,CT_0099,CLINICAL_TRIALS,ENTITY_UNIT_BINDING,16K,16228,16527,299,128,131072,65273,False,llama_chat_v4,5d2869822989e19b
CT_0099_32K,CT_0099,CLINICAL_TRIALS,ENTITY_UNIT_BINDING,32K,32463,32762,299,128,131072,49038,False,llama_chat_v4,5d2869822989e19b
CT_0099_64K,CT_0099,CLINICAL_TRIALS,ENTITY_UNIT_BINDING,64K,64958,65257,299,128,131072,16543,False,llama_chat_v4,5d2869822989e19b
CT_0099_82K,CT_0099,CLINICAL_TRIALS,ENTITY_UNIT_BINDING,82K,81380,81679,299,128,131072,121,True,llama_chat_v4,5d2869822989e19b
CT_0100_4K,CT_0100,CLINICAL_TRIALS,ENTITY_UNIT_BINDING,4K,4049,4311,262,128,131072,77489,False,llama_chat_v4,5d2869822989e19b
CT_0100_8K,CT_0100,CLINICAL_TRIALS,ENTITY_UNIT_BINDING,8K,8093,8355,262,128,131072,73445,False,llama_chat_v4,5d2869822989e19b
CT_0100_16K,CT_0100,CLINICAL_TRIALS,ENTITY_UNIT_BINDING,16K,16233,16495,262,128,131072,65305,False,llama_chat_v4,5d2869822989e19b
CT_0100_32K,CT_0100,CLINICAL_TRIALS,ENTITY_UNIT_BINDING,32K,32473,32735,262,128,131072,49065,False,llama_chat_v4,5d2869822989e19b
CT_0100_64K,CT_0100,CLINICAL_TRIALS,ENTITY_UNIT_BINDING,64K,64924,65186,262,128,131072,16614,False,llama_chat_v4,5d2869822989e19b
CT_0100_82K,CT_0100,CLINICAL_TRIALS,ENTITY_UNIT_BINDING,82K,81442,81704,262,128,131072,96,True,llama_chat_v4,5d2869822989e19b
CT_0101_4K,CT_0101,CLINICAL_TRIALS,ENTITY_UNIT_BINDING,4K,4058,4340,282,128,131072,77460,False,llama_chat_v4,5d2869822989e19b
CT_0101_8K,CT_0101,CLINICAL_TRIALS,ENTITY_UNIT_BINDING,8K,8114,8396,282,128,131072,73404,False,llama_chat_v4,5d2869822989e19b
CT_0101_16K,CT_0101,CLINICAL_TRIALS,ENTITY_UNIT_BINDING,16K,16219,16501,282,128,131072,65299,False,llama_chat_v4,5d2869822989e19b
CT_0101_32K,CT_0101,CLINICAL_TRIALS,ENTITY_UNIT_BINDING,32K,32455,32737,282,128,131072,49063,False,llama_chat_v4,5d2869822989e19b
CT_0101_64K,CT_0101,CLINICAL_TRIALS,ENTITY_UNIT_BINDING,64K,64924,65206,282,128,131072,16594,False,llama_chat_v4,5d2869822989e19b
CT_0101_82K,CT_0101,CLINICAL_TRIALS,ENTITY_UNIT_BINDING,82K,81466,81748,282,128,131072,52,True,llama_chat_v4,5d2869822989e19b
CT_0102_4K,CT_0102,CLINICAL_TRIALS,ENTITY_UNIT_BINDING,4K,4050,4324,274,128,131072,77476,False,llama_chat_v4,5d2869822989e19b
CT_0102_8K,CT_0102,CLINICAL_TRIALS,ENTITY_UNIT_BINDING,8K,8114,8388,274,128,131072,73412,False,llama_chat_v4,5d2869822989e19b
CT_0102_16K,CT_0102,CLINICAL_TRIALS,ENTITY_UNIT_BINDING,16K,16232,16506,274,128,131072,65294,False,llama_chat_v4,5d2869822989e19b
CT_0102_32K,CT_0102,CLINICAL_TRIALS,ENTITY_UNIT_BINDING,32K,32454,32728,274,128,131072,49072,False,llama_chat_v4,5d2869822989e19b
CT_0102_64K,CT_0102,CLINICAL_TRIALS,ENTITY_UNIT_BINDING,64K,64952,65226,274,128,131072,16574,False,llama_chat_v4,5d2869822989e19b
CT_0102_82K,CT_0102,CLINICAL_TRIALS,ENTITY_UNIT_BINDING,82K,81483,81757,274,128,131072,43,True,llama_chat_v4,5d2869822989e19b
CT_0103_4K,CT_0103,CLINICAL_TRIALS,ENTITY_UNIT_BINDING,4K,4030,4308,278,128,131072,77492,False,llama_chat_v4,5d2869822989e19b
CT_0103_8K,CT_0103,CLINICAL_TRIALS,ENTITY_UNIT_BINDING,8K,8112,8390,278,128,131072,73410,False,llama_chat_v4,5d2869822989e19b
CT_0103_16K,CT_0103,CLINICAL_TRIALS,ENTITY_UNIT_BINDING,16K,16227,16505,278,128,131072,65295,False,llama_chat_v4,5d2869822989e19b
CT_0103_32K,CT_0103,CLINICAL_TRIALS,ENTITY_UNIT_BINDING,32K,32438,32716,278,128,131072,49084,False,llama_chat_v4,5d2869822989e19b
CT_0103_64K,CT_0103,CLINICAL_TRIALS,ENTITY_UNIT_BINDING,64K,64907,65185,278,128,131072,16615,False,llama_chat_v4,5d2869822989e19b
CT_0103_82K,CT_0103,CLINICAL_TRIALS,ENTITY_UNIT_BINDING,82K,81459,81737,278,128,131072,63,True,llama_chat_v4,5d2869822989e19b
CT_0104_4K,CT_0104,CLINICAL_TRIALS,ENTITY_UNIT_BINDING,4K,4053,4322,269,128,131072,77478,False,llama_chat_v4,5d2869822989e19b
CT_0104_8K,CT_0104,CLINICAL_TRIALS,ENTITY_UNIT_BINDING,8K,8082,8351,269,128,131072,73449,False,llama_chat_v4,5d2869822989e19b
CT_0104_16K,CT_0104,CLINICAL_TRIALS,ENTITY_UNIT_BINDING,16K,16226,16495,269,128,131072,65305,False,llama_chat_v4,5d2869822989e19b
CT_0104_32K,CT_0104,CLINICAL_TRIALS,ENTITY_UNIT_BINDING,32K,32444,32713,269,128,131072,49087,False,llama_chat_v4,5d2869822989e19b
CT_0104_64K,CT_0104,CLINICAL_TRIALS,ENTITY_UNIT_BINDING,64K,64957,65226,269,128,131072,16574,False,llama_chat_v4,5d2869822989e19b
CT_0104_82K,CT_0104,CLINICAL_TRIALS,ENTITY_UNIT_BINDING,82K,81436,81705,269,128,131072,95,True,llama_chat_v4,5d2869822989e19b
CT_0105_4K,CT_0105,CLINICAL_TRIALS,ENTITY_UNIT_BINDING,4K,4060,4351,291,128,131072,77449,False,llama_chat_v4,5d2869822989e19b
CT_0105_8K,CT_0105,CLINICAL_TRIALS,ENTITY_UNIT_BINDING,8K,8086,8377,291,128,131072,73423,False,llama_chat_v4,5d2869822989e19b
CT_0105_16K,CT_0105,CLINICAL_TRIALS,ENTITY_UNIT_BINDING,16K,16213,16504,291,128,131072,65296,False,llama_chat_v4,5d2869822989e19b
CT_0105_32K,CT_0105,CLINICAL_TRIALS,ENTITY_UNIT_BINDING,32K,32475,32766,291,128,131072,49034,False,llama_chat_v4,5d2869822989e19b
CT_0105_64K,CT_0105,CLINICAL_TRIALS,ENTITY_UNIT_BINDING,64K,64973,65264,291,128,131072,16536,False,llama_chat_v4,5d2869822989e19b
CT_0105_82K,CT_0105,CLINICAL_TRIALS,ENTITY_UNIT_BINDING,82K,81453,81744,291,128,131072,56,True,llama_chat_v4,5d2869822989e19b
CT_0106_4K,CT_0106,CLINICAL_TRIALS,UNANSWERABLE,4K,4055,4304,249,128,131072,77496,False,llama_chat_v4,5d2869822989e19b
CT_0106_8K,CT_0106,CLINICAL_TRIALS,UNANSWERABLE,8K,8115,8364,249,128,131072,73436,False,llama_chat_v4,5d2869822989e19b
CT_0106_16K,CT_0106,CLINICAL_TRIALS,UNANSWERABLE,16K,16236,16485,249,128,131072,65315,False,llama_chat_v4,5d2869822989e19b
CT_0106_32K,CT_0106,CLINICAL_TRIALS,UNANSWERABLE,32K,32475,32724,249,128,131072,49076,False,llama_chat_v4,5d2869822989e19b
CT_0106_64K,CT_0106,CLINICAL_TRIALS,UNANSWERABLE,64K,64919,65168,249,128,131072,16632,False,llama_chat_v4,5d2869822989e19b
CT_0106_82K,CT_0106,CLINICAL_TRIALS,UNANSWERABLE,82K,81407,81656,249,128,131072,144,True,llama_chat_v4,5d2869822989e19b
CT_0107_4K,CT_0107,CLINICAL_TRIALS,UNANSWERABLE,4K,4055,4291,236,128,131072,77509,False,llama_chat_v4,5d2869822989e19b
CT_0107_8K,CT_0107,CLINICAL_TRIALS,UNANSWERABLE,8K,8103,8339,236,128,131072,73461,False,llama_chat_v4,5d2869822989e19b
CT_0107_16K,CT_0107,CLINICAL_TRIALS,UNANSWERABLE,16K,16188,16424,236,128,131072,65376,False,llama_chat_v4,5d2869822989e19b
CT_0107_32K,CT_0107,CLINICAL_TRIALS,UNANSWERABLE,32K,32456,32692,236,128,131072,49108,False,llama_chat_v4,5d2869822989e19b
CT_0107_64K,CT_0107,CLINICAL_TRIALS,UNANSWERABLE,64K,64911,65147,236,128,131072,16653,False,llama_chat_v4,5d2869822989e19b
CT_0107_82K,CT_0107,CLINICAL_TRIALS,UNANSWERABLE,82K,81503,81739,236,128,131072,61,True,llama_chat_v4,5d2869822989e19b
CT_0108_4K,CT_0108,CLINICAL_TRIALS,UNANSWERABLE,4K,3996,4226,230,128,131072,77574,False,llama_chat_v4,5d2869822989e19b
CT_0108_8K,CT_0108,CLINICAL_TRIALS,UNANSWERABLE,8K,8116,8346,230,128,131072,73454,False,llama_chat_v4,5d2869822989e19b
CT_0108_16K,CT_0108,CLINICAL_TRIALS,UNANSWERABLE,16K,16179,16409,230,128,131072,65391,False,llama_chat_v4,5d2869822989e19b
CT_0108_32K,CT_0108,CLINICAL_TRIALS,UNANSWERABLE,32K,32472,32702,230,128,131072,49098,False,llama_chat_v4,5d2869822989e19b
CT_0108_64K,CT_0108,CLINICAL_TRIALS,UNANSWERABLE,64K,64932,65162,230,128,131072,16638,False,llama_chat_v4,5d2869822989e19b
CT_0108_82K,CT_0108,CLINICAL_TRIALS,UNANSWERABLE,82K,81565,81795,230,128,131072,5,True,llama_chat_v4,5d2869822989e19b
CT_0109_4K,CT_0109,CLINICAL_TRIALS,UNANSWERABLE,4K,4017,4238,221,128,131072,77562,False,llama_chat_v4,5d2869822989e19b
CT_0109_8K,CT_0109,CLINICAL_TRIALS,UNANSWERABLE,8K,8049,8270,221,128,131072,73530,False,llama_chat_v4,5d2869822989e19b
CT_0109_16K,CT_0109,CLINICAL_TRIALS,UNANSWERABLE,16K,16222,16443,221,128,131072,65357,False,llama_chat_v4,5d2869822989e19b
CT_0109_32K,CT_0109,CLINICAL_TRIALS,UNANSWERABLE,32K,32463,32684,221,128,131072,49116,False,llama_chat_v4,5d2869822989e19b
CT_0109_64K,CT_0109,CLINICAL_TRIALS,UNANSWERABLE,64K,64908,65129,221,128,131072,16671,False,llama_chat_v4,5d2869822989e19b
CT_0109_82K,CT_0109,CLINICAL_TRIALS,UNANSWERABLE,82K,81524,81745,221,128,131072,55,True,llama_chat_v4,5d2869822989e19b
CT_0110_4K,CT_0110,CLINICAL_TRIALS,UNANSWERABLE,4K,4052,4287,235,128,131072,77513,False,llama_chat_v4,5d2869822989e19b
CT_0110_8K,CT_0110,CLINICAL_TRIALS,UNANSWERABLE,8K,8079,8314,235,128,131072,73486,False,llama_chat_v4,5d2869822989e19b
CT_0110_16K,CT_0110,CLINICAL_TRIALS,UNANSWERABLE,16K,16184,16419,235,128,131072,65381,False,llama_chat_v4,5d2869822989e19b
CT_0110_32K,CT_0110,CLINICAL_TRIALS,UNANSWERABLE,32K,32444,32679,235,128,131072,49121,False,llama_chat_v4,5d2869822989e19b
CT_0110_64K,CT_0110,CLINICAL_TRIALS,UNANSWERABLE,64K,64921,65156,235,128,131072,16644,False,llama_chat_v4,5d2869822989e19b
CT_0110_82K,CT_0110,CLINICAL_TRIALS,UNANSWERABLE,82K,81547,81782,235,128,131072,18,True,llama_chat_v4,5d2869822989e19b
CT_0111_4K,CT_0111,CLINICAL_TRIALS,UNANSWERABLE,4K,4025,4260,235,128,131072,77540,False,llama_chat_v4,5d2869822989e19b
CT_0111_8K,CT_0111,CLINICAL_TRIALS,UNANSWERABLE,8K,8113,8348,235,128,131072,73452,False,llama_chat_v4,5d2869822989e19b
CT_0111_16K,CT_0111,CLINICAL_TRIALS,UNANSWERABLE,16K,16234,16469,235,128,131072,65331,False,llama_chat_v4,5d2869822989e19b
CT_0111_32K,CT_0111,CLINICAL_TRIALS,UNANSWERABLE,32K,32451,32686,235,128,131072,49114,False,llama_chat_v4,5d2869822989e19b
CT_0111_64K,CT_0111,CLINICAL_TRIALS,UNANSWERABLE,64K,64928,65163,235,128,131072,16637,False,llama_chat_v4,5d2869822989e19b
CT_0111_82K,CT_0111,CLINICAL_TRIALS,UNANSWERABLE,82K,81516,81751,235,128,131072,49,True,llama_chat_v4,5d2869822989e19b
CT_0112_4K,CT_0112,CLINICAL_TRIALS,UNANSWERABLE,4K,4023,4244,221,128,131072,77556,False,llama_chat_v4,5d2869822989e19b
CT_0112_8K,CT_0112,CLINICAL_TRIALS,UNANSWERABLE,8K,8056,8277,221,128,131072,73523,False,llama_chat_v4,5d2869822989e19b
CT_0112_16K,CT_0112,CLINICAL_TRIALS,UNANSWERABLE,16K,16209,16430,221,128,131072,65370,False,llama_chat_v4,5d2869822989e19b
CT_0112_32K,CT_0112,CLINICAL_TRIALS,UNANSWERABLE,32K,32459,32680,221,128,131072,49120,False,llama_chat_v4,5d2869822989e19b
CT_0112_64K,CT_0112,CLINICAL_TRIALS,UNANSWERABLE,64K,64876,65097,221,128,131072,16703,False,llama_chat_v4,5d2869822989e19b
CT_0112_82K,CT_0112,CLINICAL_TRIALS,UNANSWERABLE,82K,81569,81790,221,128,131072,10,True,llama_chat_v4,5d2869822989e19b
CT_0113_4K,CT_0113,CLINICAL_TRIALS,UNANSWERABLE,4K,4044,4282,238,128,131072,77518,False,llama_chat_v4,5d2869822989e19b
CT_0113_8K,CT_0113,CLINICAL_TRIALS,UNANSWERABLE,8K,8113,8351,238,128,131072,73449,False,llama_chat_v4,5d2869822989e19b
CT_0113_16K,CT_0113,CLINICAL_TRIALS,UNANSWERABLE,16K,16230,16468,238,128,131072,65332,False,llama_chat_v4,5d2869822989e19b
CT_0113_32K,CT_0113,CLINICAL_TRIALS,UNANSWERABLE,32K,32450,32688,238,128,131072,49112,False,llama_chat_v4,5d2869822989e19b
CT_0113_64K,CT_0113,CLINICAL_TRIALS,UNANSWERABLE,64K,64920,65158,238,128,131072,16642,False,llama_chat_v4,5d2869822989e19b
CT_0113_82K,CT_0113,CLINICAL_TRIALS,UNANSWERABLE,82K,81561,81799,238,128,131072,1,True,llama_chat_v4,5d2869822989e19b
CT_0114_4K,CT_0114,CLINICAL_TRIALS,UNANSWERABLE,4K,4033,4281,248,128,131072,77519,False,llama_chat_v4,5d2869822989e19b
CT_0114_8K,CT_0114,CLINICAL_TRIALS,UNANSWERABLE,8K,8108,8356,248,128,131072,73444,False,llama_chat_v4,5d2869822989e19b
CT_0114_16K,CT_0114,CLINICAL_TRIALS,UNANSWERABLE,16K,16220,16468,248,128,131072,65332,False,llama_chat_v4,5d2869822989e19b
CT_0114_32K,CT_0114,CLINICAL_TRIALS,UNANSWERABLE,32K,32415,32663,248,128,131072,49137,False,llama_chat_v4,5d2869822989e19b
CT_0114_64K,CT_0114,CLINICAL_TRIALS,UNANSWERABLE,64K,64909,65157,248,128,131072,16643,False,llama_chat_v4,5d2869822989e19b
CT_0114_82K,CT_0114,CLINICAL_TRIALS,UNANSWERABLE,82K,81500,81748,248,128,131072,52,True,llama_chat_v4,5d2869822989e19b
CT_0115_4K,CT_0115,CLINICAL_TRIALS,UNANSWERABLE,4K,3986,4238,252,128,131072,77562,False,llama_chat_v4,5d2869822989e19b
CT_0115_8K,CT_0115,CLINICAL_TRIALS,UNANSWERABLE,8K,8112,8364,252,128,131072,73436,False,llama_chat_v4,5d2869822989e19b
CT_0115_16K,CT_0115,CLINICAL_TRIALS,UNANSWERABLE,16K,16164,16416,252,128,131072,65384,False,llama_chat_v4,5d2869822989e19b
CT_0115_32K,CT_0115,CLINICAL_TRIALS,UNANSWERABLE,32K,32395,32647,252,128,131072,49153,False,llama_chat_v4,5d2869822989e19b
CT_0115_64K,CT_0115,CLINICAL_TRIALS,UNANSWERABLE,64K,64940,65192,252,128,131072,16608,False,llama_chat_v4,5d2869822989e19b
CT_0115_82K,CT_0115,CLINICAL_TRIALS,UNANSWERABLE,82K,81475,81727,252,128,131072,73,True,llama_chat_v4,5d2869822989e19b
CT_0116_4K,CT_0116,CLINICAL_TRIALS,UNANSWERABLE,4K,4040,4262,222,128,131072,77538,False,llama_chat_v4,5d2869822989e19b
CT_0116_8K,CT_0116,CLINICAL_TRIALS,UNANSWERABLE,8K,8084,8306,222,128,131072,73494,False,llama_chat_v4,5d2869822989e19b
CT_0116_16K,CT_0116,CLINICAL_TRIALS,UNANSWERABLE,16K,16226,16448,222,128,131072,65352,False,llama_chat_v4,5d2869822989e19b
CT_0116_32K,CT_0116,CLINICAL_TRIALS,UNANSWERABLE,32K,32455,32677,222,128,131072,49123,False,llama_chat_v4,5d2869822989e19b
CT_0116_64K,CT_0116,CLINICAL_TRIALS,UNANSWERABLE,64K,64945,65167,222,128,131072,16633,False,llama_chat_v4,5d2869822989e19b
CT_0116_82K,CT_0116,CLINICAL_TRIALS,UNANSWERABLE,82K,81504,81726,222,128,131072,74,True,llama_chat_v4,5d2869822989e19b
CT_0117_4K,CT_0117,CLINICAL_TRIALS,UNANSWERABLE,4K,4041,4288,247,128,131072,77512,False,llama_chat_v4,5d2869822989e19b
CT_0117_8K,CT_0117,CLINICAL_TRIALS,UNANSWERABLE,8K,8094,8341,247,128,131072,73459,False,llama_chat_v4,5d2869822989e19b
CT_0117_16K,CT_0117,CLINICAL_TRIALS,UNANSWERABLE,16K,16205,16452,247,128,131072,65348,False,llama_chat_v4,5d2869822989e19b
CT_0117_32K,CT_0117,CLINICAL_TRIALS,UNANSWERABLE,32K,32452,32699,247,128,131072,49101,False,llama_chat_v4,5d2869822989e19b
CT_0117_64K,CT_0117,CLINICAL_TRIALS,UNANSWERABLE,64K,64951,65198,247,128,131072,16602,False,llama_chat_v4,5d2869822989e19b
CT_0117_82K,CT_0117,CLINICAL_TRIALS,UNANSWERABLE,82K,81463,81710,247,128,131072,90,True,llama_chat_v4,5d2869822989e19b
CT_0118_4K,CT_0118,CLINICAL_TRIALS,UNANSWERABLE,4K,4046,4284,238,128,131072,77516,False,llama_chat_v4,5d2869822989e19b
CT_0118_8K,CT_0118,CLINICAL_TRIALS,UNANSWERABLE,8K,8052,8290,238,128,131072,73510,False,llama_chat_v4,5d2869822989e19b
CT_0118_16K,CT_0118,CLINICAL_TRIALS,UNANSWERABLE,16K,16226,16464,238,128,131072,65336,False,llama_chat_v4,5d2869822989e19b
CT_0118_32K,CT_0118,CLINICAL_TRIALS,UNANSWERABLE,32K,32430,32668,238,128,131072,49132,False,llama_chat_v4,5d2869822989e19b
CT_0118_64K,CT_0118,CLINICAL_TRIALS,UNANSWERABLE,64K,64892,65130,238,128,131072,16670,False,llama_chat_v4,5d2869822989e19b
CT_0118_82K,CT_0118,CLINICAL_TRIALS,UNANSWERABLE,82K,81480,81718,238,128,131072,82,True,llama_chat_v4,5d2869822989e19b
CT_0119_4K,CT_0119,CLINICAL_TRIALS,UNANSWERABLE,4K,4000,4235,235,128,131072,77565,False,llama_chat_v4,5d2869822989e19b
CT_0119_8K,CT_0119,CLINICAL_TRIALS,UNANSWERABLE,8K,8113,8348,235,128,131072,73452,False,llama_chat_v4,5d2869822989e19b
CT_0119_16K,CT_0119,CLINICAL_TRIALS,UNANSWERABLE,16K,16171,16406,235,128,131072,65394,False,llama_chat_v4,5d2869822989e19b
CT_0119_32K,CT_0119,CLINICAL_TRIALS,UNANSWERABLE,32K,32461,32696,235,128,131072,49104,False,llama_chat_v4,5d2869822989e19b
CT_0119_64K,CT_0119,CLINICAL_TRIALS,UNANSWERABLE,64K,64909,65144,235,128,131072,16656,False,llama_chat_v4,5d2869822989e19b
CT_0119_82K,CT_0119,CLINICAL_TRIALS,UNANSWERABLE,82K,81493,81728,235,128,131072,72,True,llama_chat_v4,5d2869822989e19b
CT_0120_4K,CT_0120,CLINICAL_TRIALS,UNANSWERABLE,4K,4015,4238,223,128,131072,77562,False,llama_chat_v4,5d2869822989e19b
CT_0120_8K,CT_0120,CLINICAL_TRIALS,UNANSWERABLE,8K,8111,8334,223,128,131072,73466,False,llama_chat_v4,5d2869822989e19b
CT_0120_16K,CT_0120,CLINICAL_TRIALS,UNANSWERABLE,16K,16207,16430,223,128,131072,65370,False,llama_chat_v4,5d2869822989e19b
CT_0120_32K,CT_0120,CLINICAL_TRIALS,UNANSWERABLE,32K,32431,32654,223,128,131072,49146,False,llama_chat_v4,5d2869822989e19b
CT_0120_64K,CT_0120,CLINICAL_TRIALS,UNANSWERABLE,64K,64876,65099,223,128,131072,16701,False,llama_chat_v4,5d2869822989e19b
CT_0120_82K,CT_0120,CLINICAL_TRIALS,UNANSWERABLE,82K,81531,81754,223,128,131072,46,True,llama_chat_v4,5d2869822989e19b
CT_0121_4K,CT_0121,CLINICAL_TRIALS,UNANSWERABLE,4K,4046,4268,222,128,131072,77532,False,llama_chat_v4,5d2869822989e19b
CT_0121_8K,CT_0121,CLINICAL_TRIALS,UNANSWERABLE,8K,8114,8336,222,128,131072,73464,False,llama_chat_v4,5d2869822989e19b
CT_0121_16K,CT_0121,CLINICAL_TRIALS,UNANSWERABLE,16K,16194,16416,222,128,131072,65384,False,llama_chat_v4,5d2869822989e19b
CT_0121_32K,CT_0121,CLINICAL_TRIALS,UNANSWERABLE,32K,32419,32641,222,128,131072,49159,False,llama_chat_v4,5d2869822989e19b
CT_0121_64K,CT_0121,CLINICAL_TRIALS,UNANSWERABLE,64K,64928,65150,222,128,131072,16650,False,llama_chat_v4,5d2869822989e19b
CT_0121_82K,CT_0121,CLINICAL_TRIALS,UNANSWERABLE,82K,81506,81728,222,128,131072,72,True,llama_chat_v4,5d2869822989e19b
CT_0122_4K,CT_0122,CLINICAL_TRIALS,UNANSWERABLE,4K,4056,4291,235,128,131072,77509,False,llama_chat_v4,5d2869822989e19b
CT_0122_8K,CT_0122,CLINICAL_TRIALS,UNANSWERABLE,8K,8115,8350,235,128,131072,73450,False,llama_chat_v4,5d2869822989e19b
CT_0122_16K,CT_0122,CLINICAL_TRIALS,UNANSWERABLE,16K,16213,16448,235,128,131072,65352,False,llama_chat_v4,5d2869822989e19b
CT_0122_32K,CT_0122,CLINICAL_TRIALS,UNANSWERABLE,32K,32478,32713,235,128,131072,49087,False,llama_chat_v4,5d2869822989e19b
CT_0122_64K,CT_0122,CLINICAL_TRIALS,UNANSWERABLE,64K,64944,65179,235,128,131072,16621,False,llama_chat_v4,5d2869822989e19b
CT_0122_82K,CT_0122,CLINICAL_TRIALS,UNANSWERABLE,82K,81463,81698,235,128,131072,102,True,llama_chat_v4,5d2869822989e19b
CT_0123_4K,CT_0123,CLINICAL_TRIALS,UNANSWERABLE,4K,4056,4278,222,128,131072,77522,False,llama_chat_v4,5d2869822989e19b
CT_0123_8K,CT_0123,CLINICAL_TRIALS,UNANSWERABLE,8K,8064,8286,222,128,131072,73514,False,llama_chat_v4,5d2869822989e19b
CT_0123_16K,CT_0123,CLINICAL_TRIALS,UNANSWERABLE,16K,16226,16448,222,128,131072,65352,False,llama_chat_v4,5d2869822989e19b
CT_0123_32K,CT_0123,CLINICAL_TRIALS,UNANSWERABLE,32K,32469,32691,222,128,131072,49109,False,llama_chat_v4,5d2869822989e19b
CT_0123_64K,CT_0123,CLINICAL_TRIALS,UNANSWERABLE,64K,64904,65126,222,128,131072,16674,False,llama_chat_v4,5d2869822989e19b
CT_0123_82K,CT_0123,CLINICAL_TRIALS,UNANSWERABLE,82K,81568,81790,222,128,131072,10,True,llama_chat_v4,5d2869822989e19b
CT_0124_4K,CT_0124,CLINICAL_TRIALS,UNANSWERABLE,4K,4007,4245,238,128,131072,77555,False,llama_chat_v4,5d2869822989e19b
CT_0124_8K,CT_0124,CLINICAL_TRIALS,UNANSWERABLE,8K,8077,8315,238,128,131072,73485,False,llama_chat_v4,5d2869822989e19b
CT_0124_16K,CT_0124,CLINICAL_TRIALS,UNANSWERABLE,16K,16220,16458,238,128,131072,65342,False,llama_chat_v4,5d2869822989e19b
CT_0124_32K,CT_0124,CLINICAL_TRIALS,UNANSWERABLE,32K,32408,32646,238,128,131072,49154,False,llama_chat_v4,5d2869822989e19b
CT_0124_64K,CT_0124,CLINICAL_TRIALS,UNANSWERABLE,64K,64917,65155,238,128,131072,16645,False,llama_chat_v4,5d2869822989e19b
CT_0124_82K,CT_0124,CLINICAL_TRIALS,UNANSWERABLE,82K,81511,81749,238,128,131072,51,True,llama_chat_v4,5d2869822989e19b
CT_0125_4K,CT_0125,CLINICAL_TRIALS,UNANSWERABLE,4K,4054,4327,273,128,131072,77473,False,llama_chat_v4,5d2869822989e19b
CT_0125_8K,CT_0125,CLINICAL_TRIALS,UNANSWERABLE,8K,8054,8327,273,128,131072,73473,False,llama_chat_v4,5d2869822989e19b
CT_0125_16K,CT_0125,CLINICAL_TRIALS,UNANSWERABLE,16K,16200,16473,273,128,131072,65327,False,llama_chat_v4,5d2869822989e19b
CT_0125_32K,CT_0125,CLINICAL_TRIALS,UNANSWERABLE,32K,32486,32759,273,128,131072,49041,False,llama_chat_v4,5d2869822989e19b
CT_0125_64K,CT_0125,CLINICAL_TRIALS,UNANSWERABLE,64K,64969,65242,273,128,131072,16558,False,llama_chat_v4,5d2869822989e19b
CT_0125_82K,CT_0125,CLINICAL_TRIALS,UNANSWERABLE,82K,81492,81765,273,128,131072,35,True,llama_chat_v4,5d2869822989e19b
FRED_0001_4K,FRED_0001,FRED,DIRECT_RETRIEVAL,4K,4007,4260,253,128,131072,77540,False,llama_chat_v4,5d2869822989e19b
FRED_0001_8K,FRED_0001,FRED,DIRECT_RETRIEVAL,8K,8022,8275,253,128,131072,73525,False,llama_chat_v4,5d2869822989e19b
FRED_0001_16K,FRED_0001,FRED,DIRECT_RETRIEVAL,16K,16172,16425,253,128,131072,65375,False,llama_chat_v4,5d2869822989e19b
FRED_0001_32K,FRED_0001,FRED,DIRECT_RETRIEVAL,32K,32331,32584,253,128,131072,49216,False,llama_chat_v4,5d2869822989e19b
FRED_0001_64K,FRED_0001,FRED,DIRECT_RETRIEVAL,64K,64712,64965,253,128,131072,16835,False,llama_chat_v4,5d2869822989e19b
FRED_0001_82K,FRED_0001,FRED,DIRECT_RETRIEVAL,82K,81495,81748,253,128,131072,52,True,llama_chat_v4,5d2869822989e19b
FRED_0002_4K,FRED_0002,FRED,DIRECT_RETRIEVAL,4K,3980,4233,253,128,131072,77567,False,llama_chat_v4,5d2869822989e19b
FRED_0002_8K,FRED_0002,FRED,DIRECT_RETRIEVAL,8K,8089,8342,253,128,131072,73458,False,llama_chat_v4,5d2869822989e19b
FRED_0002_16K,FRED_0002,FRED,DIRECT_RETRIEVAL,16K,16155,16408,253,128,131072,65392,False,llama_chat_v4,5d2869822989e19b
FRED_0002_32K,FRED_0002,FRED,DIRECT_RETRIEVAL,32K,32298,32551,253,128,131072,49249,False,llama_chat_v4,5d2869822989e19b
FRED_0002_64K,FRED_0002,FRED,DIRECT_RETRIEVAL,64K,64717,64970,253,128,131072,16830,False,llama_chat_v4,5d2869822989e19b
FRED_0002_82K,FRED_0002,FRED,DIRECT_RETRIEVAL,82K,81545,81798,253,128,131072,2,True,llama_chat_v4,5d2869822989e19b
FRED_0003_4K,FRED_0003,FRED,DIRECT_RETRIEVAL,4K,4036,4307,271,128,131072,77493,False,llama_chat_v4,5d2869822989e19b
FRED_0003_8K,FRED_0003,FRED,DIRECT_RETRIEVAL,8K,8035,8306,271,128,131072,73494,False,llama_chat_v4,5d2869822989e19b
FRED_0003_16K,FRED_0003,FRED,DIRECT_RETRIEVAL,16K,16140,16411,271,128,131072,65389,False,llama_chat_v4,5d2869822989e19b
FRED_0003_32K,FRED_0003,FRED,DIRECT_RETRIEVAL,32K,32325,32596,271,128,131072,49204,False,llama_chat_v4,5d2869822989e19b
FRED_0003_64K,FRED_0003,FRED,DIRECT_RETRIEVAL,64K,64726,64997,271,128,131072,16803,False,llama_chat_v4,5d2869822989e19b
FRED_0003_82K,FRED_0003,FRED,DIRECT_RETRIEVAL,82K,81506,81777,271,128,131072,23,True,llama_chat_v4,5d2869822989e19b
FRED_0004_4K,FRED_0004,FRED,DIRECT_RETRIEVAL,4K,4000,4260,260,128,131072,77540,False,llama_chat_v4,5d2869822989e19b
FRED_0004_8K,FRED_0004,FRED,DIRECT_RETRIEVAL,8K,8090,8350,260,128,131072,73450,False,llama_chat_v4,5d2869822989e19b
FRED_0004_16K,FRED_0004,FRED,DIRECT_RETRIEVAL,16K,16126,16386,260,128,131072,65414,False,llama_chat_v4,5d2869822989e19b
FRED_0004_32K,FRED_0004,FRED,DIRECT_RETRIEVAL,32K,32303,32563,260,128,131072,49237,False,llama_chat_v4,5d2869822989e19b
FRED_0004_64K,FRED_0004,FRED,DIRECT_RETRIEVAL,64K,64677,64937,260,128,131072,16863,False,llama_chat_v4,5d2869822989e19b
FRED_0004_82K,FRED_0004,FRED,DIRECT_RETRIEVAL,82K,81510,81770,260,128,131072,30,True,llama_chat_v4,5d2869822989e19b
FRED_0005_4K,FRED_0005,FRED,DIRECT_RETRIEVAL,4K,4008,4256,248,128,131072,77544,False,llama_chat_v4,5d2869822989e19b
FRED_0005_8K,FRED_0005,FRED,DIRECT_RETRIEVAL,8K,8055,8303,248,128,131072,73497,False,llama_chat_v4,5d2869822989e19b
FRED_0005_16K,FRED_0005,FRED,DIRECT_RETRIEVAL,16K,16175,16423,248,128,131072,65377,False,llama_chat_v4,5d2869822989e19b
FRED_0005_32K,FRED_0005,FRED,DIRECT_RETRIEVAL,32K,32308,32556,248,128,131072,49244,False,llama_chat_v4,5d2869822989e19b
FRED_0005_64K,FRED_0005,FRED,DIRECT_RETRIEVAL,64K,64704,64952,248,128,131072,16848,False,llama_chat_v4,5d2869822989e19b
FRED_0005_82K,FRED_0005,FRED,DIRECT_RETRIEVAL,82K,81479,81727,248,128,131072,73,True,llama_chat_v4,5d2869822989e19b
FRED_0006_4K,FRED_0006,FRED,ENTITY_UNIT_BINDING,4K,4046,4290,244,128,131072,77510,False,llama_chat_v4,5d2869822989e19b
FRED_0006_8K,FRED_0006,FRED,ENTITY_UNIT_BINDING,8K,8085,8329,244,128,131072,73471,False,llama_chat_v4,5d2869822989e19b
FRED_0006_16K,FRED_0006,FRED,ENTITY_UNIT_BINDING,16K,16146,16390,244,128,131072,65410,False,llama_chat_v4,5d2869822989e19b
FRED_0006_32K,FRED_0006,FRED,ENTITY_UNIT_BINDING,32K,32361,32605,244,128,131072,49195,False,llama_chat_v4,5d2869822989e19b
FRED_0006_64K,FRED_0006,FRED,ENTITY_UNIT_BINDING,64K,64716,64960,244,128,131072,16840,False,llama_chat_v4,5d2869822989e19b
FRED_0006_82K,FRED_0006,FRED,ENTITY_UNIT_BINDING,82K,81510,81754,244,128,131072,46,True,llama_chat_v4,5d2869822989e19b
FRED_0007_4K,FRED_0007,FRED,ENTITY_UNIT_BINDING,4K,3989,4240,251,128,131072,77560,False,llama_chat_v4,5d2869822989e19b
FRED_0007_8K,FRED_0007,FRED,ENTITY_UNIT_BINDING,8K,8066,8317,251,128,131072,73483,False,llama_chat_v4,5d2869822989e19b
FRED_0007_16K,FRED_0007,FRED,ENTITY_UNIT_BINDING,16K,16120,16371,251,128,131072,65429,False,llama_chat_v4,5d2869822989e19b
FRED_0007_32K,FRED_0007,FRED,ENTITY_UNIT_BINDING,32K,32328,32579,251,128,131072,49221,False,llama_chat_v4,5d2869822989e19b
FRED_0007_64K,FRED_0007,FRED,ENTITY_UNIT_BINDING,64K,64729,64980,251,128,131072,16820,False,llama_chat_v4,5d2869822989e19b
FRED_0007_82K,FRED_0007,FRED,ENTITY_UNIT_BINDING,82K,81514,81765,251,128,131072,35,True,llama_chat_v4,5d2869822989e19b
FRED_0008_4K,FRED_0008,FRED,ENTITY_UNIT_BINDING,4K,4026,4281,255,128,131072,77519,False,llama_chat_v4,5d2869822989e19b
FRED_0008_8K,FRED_0008,FRED,ENTITY_UNIT_BINDING,8K,8060,8315,255,128,131072,73485,False,llama_chat_v4,5d2869822989e19b
FRED_0008_16K,FRED_0008,FRED,ENTITY_UNIT_BINDING,16K,16151,16406,255,128,131072,65394,False,llama_chat_v4,5d2869822989e19b
FRED_0008_32K,FRED_0008,FRED,ENTITY_UNIT_BINDING,32K,32331,32586,255,128,131072,49214,False,llama_chat_v4,5d2869822989e19b
FRED_0008_64K,FRED_0008,FRED,ENTITY_UNIT_BINDING,64K,64707,64962,255,128,131072,16838,False,llama_chat_v4,5d2869822989e19b
FRED_0008_82K,FRED_0008,FRED,ENTITY_UNIT_BINDING,82K,81524,81779,255,128,131072,21,True,llama_chat_v4,5d2869822989e19b
FRED_0009_4K,FRED_0009,FRED,ENTITY_UNIT_BINDING,4K,4022,4271,249,128,131072,77529,False,llama_chat_v4,5d2869822989e19b
FRED_0009_8K,FRED_0009,FRED,ENTITY_UNIT_BINDING,8K,8048,8297,249,128,131072,73503,False,llama_chat_v4,5d2869822989e19b
FRED_0009_16K,FRED_0009,FRED,ENTITY_UNIT_BINDING,16K,16118,16367,249,128,131072,65433,False,llama_chat_v4,5d2869822989e19b
FRED_0009_32K,FRED_0009,FRED,ENTITY_UNIT_BINDING,32K,32363,32612,249,128,131072,49188,False,llama_chat_v4,5d2869822989e19b
FRED_0009_64K,FRED_0009,FRED,ENTITY_UNIT_BINDING,64K,64672,64921,249,128,131072,16879,False,llama_chat_v4,5d2869822989e19b
FRED_0009_82K,FRED_0009,FRED,ENTITY_UNIT_BINDING,82K,81545,81794,249,128,131072,6,True,llama_chat_v4,5d2869822989e19b
FRED_0010_4K,FRED_0010,FRED,RETRIEVAL_CALCULATION,4K,4018,4320,302,128,131072,77480,False,llama_chat_v4,5d2869822989e19b
FRED_0010_8K,FRED_0010,FRED,RETRIEVAL_CALCULATION,8K,8076,8378,302,128,131072,73422,False,llama_chat_v4,5d2869822989e19b
FRED_0010_16K,FRED_0010,FRED,RETRIEVAL_CALCULATION,16K,16156,16458,302,128,131072,65342,False,llama_chat_v4,5d2869822989e19b
FRED_0010_32K,FRED_0010,FRED,RETRIEVAL_CALCULATION,32K,32349,32651,302,128,131072,49149,False,llama_chat_v4,5d2869822989e19b
FRED_0010_64K,FRED_0010,FRED,RETRIEVAL_CALCULATION,64K,64679,64981,302,128,131072,16819,False,llama_chat_v4,5d2869822989e19b
FRED_0010_82K,FRED_0010,FRED,RETRIEVAL_CALCULATION,82K,81448,81750,302,128,131072,50,True,llama_chat_v4,5d2869822989e19b
FRED_0011_4K,FRED_0011,FRED,RETRIEVAL_CALCULATION,4K,4025,4334,309,128,131072,77466,False,llama_chat_v4,5d2869822989e19b
FRED_0011_8K,FRED_0011,FRED,RETRIEVAL_CALCULATION,8K,8029,8338,309,128,131072,73462,False,llama_chat_v4,5d2869822989e19b
FRED_0011_16K,FRED_0011,FRED,RETRIEVAL_CALCULATION,16K,16195,16504,309,128,131072,65296,False,llama_chat_v4,5d2869822989e19b
FRED_0011_32K,FRED_0011,FRED,RETRIEVAL_CALCULATION,32K,32388,32697,309,128,131072,49103,False,llama_chat_v4,5d2869822989e19b
FRED_0011_64K,FRED_0011,FRED,RETRIEVAL_CALCULATION,64K,64766,65075,309,128,131072,16725,False,llama_chat_v4,5d2869822989e19b
FRED_0011_82K,FRED_0011,FRED,RETRIEVAL_CALCULATION,82K,81462,81771,309,128,131072,29,True,llama_chat_v4,5d2869822989e19b
FRED_0012_4K,FRED_0012,FRED,RETRIEVAL_CALCULATION,4K,4021,4307,286,128,131072,77493,False,llama_chat_v4,5d2869822989e19b
FRED_0012_8K,FRED_0012,FRED,RETRIEVAL_CALCULATION,8K,8033,8319,286,128,131072,73481,False,llama_chat_v4,5d2869822989e19b
FRED_0012_16K,FRED_0012,FRED,RETRIEVAL_CALCULATION,16K,16148,16434,286,128,131072,65366,False,llama_chat_v4,5d2869822989e19b
FRED_0012_32K,FRED_0012,FRED,RETRIEVAL_CALCULATION,32K,32297,32583,286,128,131072,49217,False,llama_chat_v4,5d2869822989e19b
FRED_0012_64K,FRED_0012,FRED,RETRIEVAL_CALCULATION,64K,64688,64974,286,128,131072,16826,False,llama_chat_v4,5d2869822989e19b
FRED_0012_82K,FRED_0012,FRED,RETRIEVAL_CALCULATION,82K,81470,81756,286,128,131072,44,True,llama_chat_v4,5d2869822989e19b
FRED_0013_4K,FRED_0013,FRED,RETRIEVAL_CALCULATION,4K,4008,4296,288,128,131072,77504,False,llama_chat_v4,5d2869822989e19b
FRED_0013_8K,FRED_0013,FRED,RETRIEVAL_CALCULATION,8K,8024,8312,288,128,131072,73488,False,llama_chat_v4,5d2869822989e19b
FRED_0013_16K,FRED_0013,FRED,RETRIEVAL_CALCULATION,16K,16174,16462,288,128,131072,65338,False,llama_chat_v4,5d2869822989e19b
FRED_0013_32K,FRED_0013,FRED,RETRIEVAL_CALCULATION,32K,32368,32656,288,128,131072,49144,False,llama_chat_v4,5d2869822989e19b
FRED_0013_64K,FRED_0013,FRED,RETRIEVAL_CALCULATION,64K,64733,65021,288,128,131072,16779,False,llama_chat_v4,5d2869822989e19b
FRED_0013_82K,FRED_0013,FRED,RETRIEVAL_CALCULATION,82K,81464,81752,288,128,131072,48,True,llama_chat_v4,5d2869822989e19b
FRED_0014_4K,FRED_0014,FRED,RETRIEVAL_CALCULATION,4K,3997,4284,287,128,131072,77516,False,llama_chat_v4,5d2869822989e19b
FRED_0014_8K,FRED_0014,FRED,RETRIEVAL_CALCULATION,8K,8045,8332,287,128,131072,73468,False,llama_chat_v4,5d2869822989e19b
FRED_0014_16K,FRED_0014,FRED,RETRIEVAL_CALCULATION,16K,16156,16443,287,128,131072,65357,False,llama_chat_v4,5d2869822989e19b
FRED_0014_32K,FRED_0014,FRED,RETRIEVAL_CALCULATION,32K,32347,32634,287,128,131072,49166,False,llama_chat_v4,5d2869822989e19b
FRED_0014_64K,FRED_0014,FRED,RETRIEVAL_CALCULATION,64K,64675,64962,287,128,131072,16838,False,llama_chat_v4,5d2869822989e19b
FRED_0014_82K,FRED_0014,FRED,RETRIEVAL_CALCULATION,82K,81481,81768,287,128,131072,32,True,llama_chat_v4,5d2869822989e19b
FRED_0015_4K,FRED_0015,FRED,RETRIEVAL_CALCULATION,4K,4024,4298,274,128,131072,77502,False,llama_chat_v4,5d2869822989e19b
FRED_0015_8K,FRED_0015,FRED,RETRIEVAL_CALCULATION,8K,8059,8333,274,128,131072,73467,False,llama_chat_v4,5d2869822989e19b
FRED_0015_16K,FRED_0015,FRED,RETRIEVAL_CALCULATION,16K,16165,16439,274,128,131072,65361,False,llama_chat_v4,5d2869822989e19b
FRED_0015_32K,FRED_0015,FRED,RETRIEVAL_CALCULATION,32K,32347,32621,274,128,131072,49179,False,llama_chat_v4,5d2869822989e19b
FRED_0015_64K,FRED_0015,FRED,RETRIEVAL_CALCULATION,64K,64695,64969,274,128,131072,16831,False,llama_chat_v4,5d2869822989e19b
FRED_0015_82K,FRED_0015,FRED,RETRIEVAL_CALCULATION,82K,81446,81720,274,128,131072,80,True,llama_chat_v4,5d2869822989e19b
FRED_0016_4K,FRED_0016,FRED,RETRIEVAL_CALCULATION,4K,3980,4270,290,128,131072,77530,False,llama_chat_v4,5d2869822989e19b
FRED_0016_8K,FRED_0016,FRED,RETRIEVAL_CALCULATION,8K,8062,8352,290,128,131072,73448,False,llama_chat_v4,5d2869822989e19b
FRED_0016_16K,FRED_0016,FRED,RETRIEVAL_CALCULATION,16K,16150,16440,290,128,131072,65360,False,llama_chat_v4,5d2869822989e19b
FRED_0016_32K,FRED_0016,FRED,RETRIEVAL_CALCULATION,32K,32334,32624,290,128,131072,49176,False,llama_chat_v4,5d2869822989e19b
FRED_0016_64K,FRED_0016,FRED,RETRIEVAL_CALCULATION,64K,64703,64993,290,128,131072,16807,False,llama_chat_v4,5d2869822989e19b
FRED_0016_82K,FRED_0016,FRED,RETRIEVAL_CALCULATION,82K,81496,81786,290,128,131072,14,True,llama_chat_v4,5d2869822989e19b
FRED_0017_4K,FRED_0017,FRED,TEMPORAL_VERSION,4K,4030,4285,255,128,131072,77515,False,llama_chat_v4,5d2869822989e19b
FRED_0017_8K,FRED_0017,FRED,TEMPORAL_VERSION,8K,8026,8281,255,128,131072,73519,False,llama_chat_v4,5d2869822989e19b
FRED_0017_16K,FRED_0017,FRED,TEMPORAL_VERSION,16K,16127,16382,255,128,131072,65418,False,llama_chat_v4,5d2869822989e19b
FRED_0017_32K,FRED_0017,FRED,TEMPORAL_VERSION,32K,32325,32580,255,128,131072,49220,False,llama_chat_v4,5d2869822989e19b
FRED_0017_64K,FRED_0017,FRED,TEMPORAL_VERSION,64K,64721,64976,255,128,131072,16824,False,llama_chat_v4,5d2869822989e19b
FRED_0017_82K,FRED_0017,FRED,TEMPORAL_VERSION,82K,81513,81768,255,128,131072,32,True,llama_chat_v4,5d2869822989e19b
FRED_0018_4K,FRED_0018,FRED,TEMPORAL_VERSION,4K,4038,4311,273,128,131072,77489,False,llama_chat_v4,5d2869822989e19b
FRED_0018_8K,FRED_0018,FRED,TEMPORAL_VERSION,8K,8059,8332,273,128,131072,73468,False,llama_chat_v4,5d2869822989e19b
FRED_0018_16K,FRED_0018,FRED,TEMPORAL_VERSION,16K,16163,16436,273,128,131072,65364,False,llama_chat_v4,5d2869822989e19b
FRED_0018_32K,FRED_0018,FRED,TEMPORAL_VERSION,32K,32331,32604,273,128,131072,49196,False,llama_chat_v4,5d2869822989e19b
FRED_0018_64K,FRED_0018,FRED,TEMPORAL_VERSION,64K,64731,65004,273,128,131072,16796,False,llama_chat_v4,5d2869822989e19b
FRED_0018_82K,FRED_0018,FRED,TEMPORAL_VERSION,82K,81511,81784,273,128,131072,16,True,llama_chat_v4,5d2869822989e19b
FRED_0019_4K,FRED_0019,FRED,TEMPORAL_VERSION,4K,4013,4263,250,128,131072,77537,False,llama_chat_v4,5d2869822989e19b
FRED_0019_8K,FRED_0019,FRED,TEMPORAL_VERSION,8K,8033,8283,250,128,131072,73517,False,llama_chat_v4,5d2869822989e19b
FRED_0019_16K,FRED_0019,FRED,TEMPORAL_VERSION,16K,16160,16410,250,128,131072,65390,False,llama_chat_v4,5d2869822989e19b
FRED_0019_32K,FRED_0019,FRED,TEMPORAL_VERSION,32K,32323,32573,250,128,131072,49227,False,llama_chat_v4,5d2869822989e19b
FRED_0019_64K,FRED_0019,FRED,TEMPORAL_VERSION,64K,64652,64902,250,128,131072,16898,False,llama_chat_v4,5d2869822989e19b
FRED_0019_82K,FRED_0019,FRED,TEMPORAL_VERSION,82K,81541,81791,250,128,131072,9,True,llama_chat_v4,5d2869822989e19b
FRED_0020_4K,FRED_0020,FRED,TEMPORAL_VERSION,4K,4035,4297,262,128,131072,77503,False,llama_chat_v4,5d2869822989e19b
FRED_0020_8K,FRED_0020,FRED,TEMPORAL_VERSION,8K,8065,8327,262,128,131072,73473,False,llama_chat_v4,5d2869822989e19b
FRED_0020_16K,FRED_0020,FRED,TEMPORAL_VERSION,16K,16179,16441,262,128,131072,65359,False,llama_chat_v4,5d2869822989e19b
FRED_0020_32K,FRED_0020,FRED,TEMPORAL_VERSION,32K,32330,32592,262,128,131072,49208,False,llama_chat_v4,5d2869822989e19b
FRED_0020_64K,FRED_0020,FRED,TEMPORAL_VERSION,64K,64738,65000,262,128,131072,16800,False,llama_chat_v4,5d2869822989e19b
FRED_0020_82K,FRED_0020,FRED,TEMPORAL_VERSION,82K,81493,81755,262,128,131072,45,True,llama_chat_v4,5d2869822989e19b
FRED_0021_4K,FRED_0021,FRED,UNANSWERABLE,4K,4016,4258,242,128,131072,77542,False,llama_chat_v4,5d2869822989e19b
FRED_0021_8K,FRED_0021,FRED,UNANSWERABLE,8K,8090,8332,242,128,131072,73468,False,llama_chat_v4,5d2869822989e19b
FRED_0021_16K,FRED_0021,FRED,UNANSWERABLE,16K,16145,16387,242,128,131072,65413,False,llama_chat_v4,5d2869822989e19b
FRED_0021_32K,FRED_0021,FRED,UNANSWERABLE,32K,32326,32568,242,128,131072,49232,False,llama_chat_v4,5d2869822989e19b
FRED_0021_64K,FRED_0021,FRED,UNANSWERABLE,64K,64767,65009,242,128,131072,16791,False,llama_chat_v4,5d2869822989e19b
FRED_0021_82K,FRED_0021,FRED,UNANSWERABLE,82K,81557,81799,242,128,131072,1,True,llama_chat_v4,5d2869822989e19b
FRED_0022_4K,FRED_0022,FRED,UNANSWERABLE,4K,4030,4258,228,128,131072,77542,False,llama_chat_v4,5d2869822989e19b
FRED_0022_8K,FRED_0022,FRED,UNANSWERABLE,8K,8058,8286,228,128,131072,73514,False,llama_chat_v4,5d2869822989e19b
FRED_0022_16K,FRED_0022,FRED,UNANSWERABLE,16K,16155,16383,228,128,131072,65417,False,llama_chat_v4,5d2869822989e19b
FRED_0022_32K,FRED_0022,FRED,UNANSWERABLE,32K,32336,32564,228,128,131072,49236,False,llama_chat_v4,5d2869822989e19b
FRED_0022_64K,FRED_0022,FRED,UNANSWERABLE,64K,64708,64936,228,128,131072,16864,False,llama_chat_v4,5d2869822989e19b
FRED_0022_82K,FRED_0022,FRED,UNANSWERABLE,82K,81538,81766,228,128,131072,34,True,llama_chat_v4,5d2869822989e19b
FRED_0023_4K,FRED_0023,FRED,UNANSWERABLE,4K,4025,4276,251,128,131072,77524,False,llama_chat_v4,5d2869822989e19b
FRED_0023_8K,FRED_0023,FRED,UNANSWERABLE,8K,8056,8307,251,128,131072,73493,False,llama_chat_v4,5d2869822989e19b
FRED_0023_16K,FRED_0023,FRED,UNANSWERABLE,16K,16161,16412,251,128,131072,65388,False,llama_chat_v4,5d2869822989e19b
FRED_0023_32K,FRED_0023,FRED,UNANSWERABLE,32K,32362,32613,251,128,131072,49187,False,llama_chat_v4,5d2869822989e19b
FRED_0023_64K,FRED_0023,FRED,UNANSWERABLE,64K,64735,64986,251,128,131072,16814,False,llama_chat_v4,5d2869822989e19b
FRED_0023_82K,FRED_0023,FRED,UNANSWERABLE,82K,81544,81795,251,128,131072,5,True,llama_chat_v4,5d2869822989e19b
FRED_0024_4K,FRED_0024,FRED,UNANSWERABLE,4K,4047,4279,232,128,131072,77521,False,llama_chat_v4,5d2869822989e19b
FRED_0024_8K,FRED_0024,FRED,UNANSWERABLE,8K,8046,8278,232,128,131072,73522,False,llama_chat_v4,5d2869822989e19b
FRED_0024_16K,FRED_0024,FRED,UNANSWERABLE,16K,16157,16389,232,128,131072,65411,False,llama_chat_v4,5d2869822989e19b
FRED_0024_32K,FRED_0024,FRED,UNANSWERABLE,32K,32332,32564,232,128,131072,49236,False,llama_chat_v4,5d2869822989e19b
FRED_0024_64K,FRED_0024,FRED,UNANSWERABLE,64K,64764,64996,232,128,131072,16804,False,llama_chat_v4,5d2869822989e19b
FRED_0024_82K,FRED_0024,FRED,UNANSWERABLE,82K,81543,81775,232,128,131072,25,True,llama_chat_v4,5d2869822989e19b
FRED_0025_4K,FRED_0025,FRED,UNANSWERABLE,4K,4012,4240,228,128,131072,77560,False,llama_chat_v4,5d2869822989e19b
FRED_0025_8K,FRED_0025,FRED,UNANSWERABLE,8K,8071,8299,228,128,131072,73501,False,llama_chat_v4,5d2869822989e19b
FRED_0025_16K,FRED_0025,FRED,UNANSWERABLE,16K,16165,16393,228,128,131072,65407,False,llama_chat_v4,5d2869822989e19b
FRED_0025_32K,FRED_0025,FRED,UNANSWERABLE,32K,32314,32542,228,128,131072,49258,False,llama_chat_v4,5d2869822989e19b
FRED_0025_64K,FRED_0025,FRED,UNANSWERABLE,64K,64689,64917,228,128,131072,16883,False,llama_chat_v4,5d2869822989e19b
FRED_0025_82K,FRED_0025,FRED,UNANSWERABLE,82K,81565,81793,228,128,131072,7,True,llama_chat_v4,5d2869822989e19b
FRED_0026_4K,FRED_0026,FRED,DIRECT_RETRIEVAL,4K,4017,4288,271,128,131072,77512,False,llama_chat_v4,5d2869822989e19b
FRED_0026_8K,FRED_0026,FRED,DIRECT_RETRIEVAL,8K,8079,8350,271,128,131072,73450,False,llama_chat_v4,5d2869822989e19b
FRED_0026_16K,FRED_0026,FRED,DIRECT_RETRIEVAL,16K,16126,16397,271,128,131072,65403,False,llama_chat_v4,5d2869822989e19b
FRED_0026_32K,FRED_0026,FRED,DIRECT_RETRIEVAL,32K,32366,32637,271,128,131072,49163,False,llama_chat_v4,5d2869822989e19b
FRED_0026_64K,FRED_0026,FRED,DIRECT_RETRIEVAL,64K,64774,65045,271,128,131072,16755,False,llama_chat_v4,5d2869822989e19b
FRED_0026_82K,FRED_0026,FRED,DIRECT_RETRIEVAL,82K,81486,81757,271,128,131072,43,True,llama_chat_v4,5d2869822989e19b
FRED_0027_4K,FRED_0027,FRED,DIRECT_RETRIEVAL,4K,4039,4292,253,128,131072,77508,False,llama_chat_v4,5d2869822989e19b
FRED_0027_8K,FRED_0027,FRED,DIRECT_RETRIEVAL,8K,8069,8322,253,128,131072,73478,False,llama_chat_v4,5d2869822989e19b
FRED_0027_16K,FRED_0027,FRED,DIRECT_RETRIEVAL,16K,16134,16387,253,128,131072,65413,False,llama_chat_v4,5d2869822989e19b
FRED_0027_32K,FRED_0027,FRED,DIRECT_RETRIEVAL,32K,32353,32606,253,128,131072,49194,False,llama_chat_v4,5d2869822989e19b
FRED_0027_64K,FRED_0027,FRED,DIRECT_RETRIEVAL,64K,64705,64958,253,128,131072,16842,False,llama_chat_v4,5d2869822989e19b
FRED_0027_82K,FRED_0027,FRED,DIRECT_RETRIEVAL,82K,81529,81782,253,128,131072,18,True,llama_chat_v4,5d2869822989e19b
FRED_0028_4K,FRED_0028,FRED,DIRECT_RETRIEVAL,4K,4026,4297,271,128,131072,77503,False,llama_chat_v4,5d2869822989e19b
FRED_0028_8K,FRED_0028,FRED,DIRECT_RETRIEVAL,8K,8098,8369,271,128,131072,73431,False,llama_chat_v4,5d2869822989e19b
FRED_0028_16K,FRED_0028,FRED,DIRECT_RETRIEVAL,16K,16186,16457,271,128,131072,65343,False,llama_chat_v4,5d2869822989e19b
FRED_0028_32K,FRED_0028,FRED,DIRECT_RETRIEVAL,32K,32385,32656,271,128,131072,49144,False,llama_chat_v4,5d2869822989e19b
FRED_0028_64K,FRED_0028,FRED,DIRECT_RETRIEVAL,64K,64723,64994,271,128,131072,16806,False,llama_chat_v4,5d2869822989e19b
FRED_0028_82K,FRED_0028,FRED,DIRECT_RETRIEVAL,82K,81512,81783,271,128,131072,17,True,llama_chat_v4,5d2869822989e19b
FRED_0029_4K,FRED_0029,FRED,DIRECT_RETRIEVAL,4K,4046,4299,253,128,131072,77501,False,llama_chat_v4,5d2869822989e19b
FRED_0029_8K,FRED_0029,FRED,DIRECT_RETRIEVAL,8K,8036,8289,253,128,131072,73511,False,llama_chat_v4,5d2869822989e19b
FRED_0029_16K,FRED_0029,FRED,DIRECT_RETRIEVAL,16K,16129,16382,253,128,131072,65418,False,llama_chat_v4,5d2869822989e19b
FRED_0029_32K,FRED_0029,FRED,DIRECT_RETRIEVAL,32K,32296,32549,253,128,131072,49251,False,llama_chat_v4,5d2869822989e19b
FRED_0029_64K,FRED_0029,FRED,DIRECT_RETRIEVAL,64K,64664,64917,253,128,131072,16883,False,llama_chat_v4,5d2869822989e19b
FRED_0029_82K,FRED_0029,FRED,DIRECT_RETRIEVAL,82K,81517,81770,253,128,131072,30,True,llama_chat_v4,5d2869822989e19b
FRED_0030_4K,FRED_0030,FRED,DIRECT_RETRIEVAL,4K,3998,4258,260,128,131072,77542,False,llama_chat_v4,5d2869822989e19b
FRED_0030_8K,FRED_0030,FRED,DIRECT_RETRIEVAL,8K,8028,8288,260,128,131072,73512,False,llama_chat_v4,5d2869822989e19b
FRED_0030_16K,FRED_0030,FRED,DIRECT_RETRIEVAL,16K,16139,16399,260,128,131072,65401,False,llama_chat_v4,5d2869822989e19b
FRED_0030_32K,FRED_0030,FRED,DIRECT_RETRIEVAL,32K,32339,32599,260,128,131072,49201,False,llama_chat_v4,5d2869822989e19b
FRED_0030_64K,FRED_0030,FRED,DIRECT_RETRIEVAL,64K,64725,64985,260,128,131072,16815,False,llama_chat_v4,5d2869822989e19b
FRED_0030_82K,FRED_0030,FRED,DIRECT_RETRIEVAL,82K,81540,81800,260,128,131072,0,True,llama_chat_v4,5d2869822989e19b
FRED_0031_4K,FRED_0031,FRED,DIRECT_RETRIEVAL,4K,3991,4244,253,128,131072,77556,False,llama_chat_v4,5d2869822989e19b
FRED_0031_8K,FRED_0031,FRED,DIRECT_RETRIEVAL,8K,8074,8327,253,128,131072,73473,False,llama_chat_v4,5d2869822989e19b
FRED_0031_16K,FRED_0031,FRED,DIRECT_RETRIEVAL,16K,16143,16396,253,128,131072,65404,False,llama_chat_v4,5d2869822989e19b
FRED_0031_32K,FRED_0031,FRED,DIRECT_RETRIEVAL,32K,32363,32616,253,128,131072,49184,False,llama_chat_v4,5d2869822989e19b
FRED_0031_64K,FRED_0031,FRED,DIRECT_RETRIEVAL,64K,64717,64970,253,128,131072,16830,False,llama_chat_v4,5d2869822989e19b
FRED_0031_82K,FRED_0031,FRED,DIRECT_RETRIEVAL,82K,81488,81741,253,128,131072,59,True,llama_chat_v4,5d2869822989e19b
FRED_0032_4K,FRED_0032,FRED,DIRECT_RETRIEVAL,4K,4039,4292,253,128,131072,77508,False,llama_chat_v4,5d2869822989e19b
FRED_0032_8K,FRED_0032,FRED,DIRECT_RETRIEVAL,8K,8032,8285,253,128,131072,73515,False,llama_chat_v4,5d2869822989e19b
FRED_0032_16K,FRED_0032,FRED,DIRECT_RETRIEVAL,16K,16139,16392,253,128,131072,65408,False,llama_chat_v4,5d2869822989e19b
FRED_0032_32K,FRED_0032,FRED,DIRECT_RETRIEVAL,32K,32317,32570,253,128,131072,49230,False,llama_chat_v4,5d2869822989e19b
FRED_0032_64K,FRED_0032,FRED,DIRECT_RETRIEVAL,64K,64685,64938,253,128,131072,16862,False,llama_chat_v4,5d2869822989e19b
FRED_0032_82K,FRED_0032,FRED,DIRECT_RETRIEVAL,82K,81540,81793,253,128,131072,7,True,llama_chat_v4,5d2869822989e19b
FRED_0033_4K,FRED_0033,FRED,DIRECT_RETRIEVAL,4K,4020,4291,271,128,131072,77509,False,llama_chat_v4,5d2869822989e19b
FRED_0033_8K,FRED_0033,FRED,DIRECT_RETRIEVAL,8K,8085,8356,271,128,131072,73444,False,llama_chat_v4,5d2869822989e19b
FRED_0033_16K,FRED_0033,FRED,DIRECT_RETRIEVAL,16K,16165,16436,271,128,131072,65364,False,llama_chat_v4,5d2869822989e19b
FRED_0033_32K,FRED_0033,FRED,DIRECT_RETRIEVAL,32K,32318,32589,271,128,131072,49211,False,llama_chat_v4,5d2869822989e19b
FRED_0033_64K,FRED_0033,FRED,DIRECT_RETRIEVAL,64K,64757,65028,271,128,131072,16772,False,llama_chat_v4,5d2869822989e19b
FRED_0033_82K,FRED_0033,FRED,DIRECT_RETRIEVAL,82K,81468,81739,271,128,131072,61,True,llama_chat_v4,5d2869822989e19b
FRED_0034_4K,FRED_0034,FRED,DIRECT_RETRIEVAL,4K,4019,4267,248,128,131072,77533,False,llama_chat_v4,5d2869822989e19b
FRED_0034_8K,FRED_0034,FRED,DIRECT_RETRIEVAL,8K,8082,8330,248,128,131072,73470,False,llama_chat_v4,5d2869822989e19b
FRED_0034_16K,FRED_0034,FRED,DIRECT_RETRIEVAL,16K,16113,16361,248,128,131072,65439,False,llama_chat_v4,5d2869822989e19b
FRED_0034_32K,FRED_0034,FRED,DIRECT_RETRIEVAL,32K,32332,32580,248,128,131072,49220,False,llama_chat_v4,5d2869822989e19b
FRED_0034_64K,FRED_0034,FRED,DIRECT_RETRIEVAL,64K,64654,64902,248,128,131072,16898,False,llama_chat_v4,5d2869822989e19b
FRED_0034_82K,FRED_0034,FRED,DIRECT_RETRIEVAL,82K,81530,81778,248,128,131072,22,True,llama_chat_v4,5d2869822989e19b
FRED_0035_4K,FRED_0035,FRED,DIRECT_RETRIEVAL,4K,4020,4280,260,128,131072,77520,False,llama_chat_v4,5d2869822989e19b
FRED_0035_8K,FRED_0035,FRED,DIRECT_RETRIEVAL,8K,8068,8328,260,128,131072,73472,False,llama_chat_v4,5d2869822989e19b
FRED_0035_16K,FRED_0035,FRED,DIRECT_RETRIEVAL,16K,16177,16437,260,128,131072,65363,False,llama_chat_v4,5d2869822989e19b
FRED_0035_32K,FRED_0035,FRED,DIRECT_RETRIEVAL,32K,32342,32602,260,128,131072,49198,False,llama_chat_v4,5d2869822989e19b
FRED_0035_64K,FRED_0035,FRED,DIRECT_RETRIEVAL,64K,64726,64986,260,128,131072,16814,False,llama_chat_v4,5d2869822989e19b
FRED_0035_82K,FRED_0035,FRED,DIRECT_RETRIEVAL,82K,81471,81731,260,128,131072,69,True,llama_chat_v4,5d2869822989e19b
FRED_0036_4K,FRED_0036,FRED,DIRECT_RETRIEVAL,4K,3988,4241,253,128,131072,77559,False,llama_chat_v4,5d2869822989e19b
FRED_0036_8K,FRED_0036,FRED,DIRECT_RETRIEVAL,8K,8046,8299,253,128,131072,73501,False,llama_chat_v4,5d2869822989e19b
FRED_0036_16K,FRED_0036,FRED,DIRECT_RETRIEVAL,16K,16177,16430,253,128,131072,65370,False,llama_chat_v4,5d2869822989e19b
FRED_0036_32K,FRED_0036,FRED,DIRECT_RETRIEVAL,32K,32352,32605,253,128,131072,49195,False,llama_chat_v4,5d2869822989e19b
FRED_0036_64K,FRED_0036,FRED,DIRECT_RETRIEVAL,64K,64685,64938,253,128,131072,16862,False,llama_chat_v4,5d2869822989e19b
FRED_0036_82K,FRED_0036,FRED,DIRECT_RETRIEVAL,82K,81511,81764,253,128,131072,36,True,llama_chat_v4,5d2869822989e19b
FRED_0037_4K,FRED_0037,FRED,DIRECT_RETRIEVAL,4K,4042,4313,271,128,131072,77487,False,llama_chat_v4,5d2869822989e19b
FRED_0037_8K,FRED_0037,FRED,DIRECT_RETRIEVAL,8K,8070,8341,271,128,131072,73459,False,llama_chat_v4,5d2869822989e19b
FRED_0037_16K,FRED_0037,FRED,DIRECT_RETRIEVAL,16K,16194,16465,271,128,131072,65335,False,llama_chat_v4,5d2869822989e19b
FRED_0037_32K,FRED_0037,FRED,DIRECT_RETRIEVAL,32K,32375,32646,271,128,131072,49154,False,llama_chat_v4,5d2869822989e19b
FRED_0037_64K,FRED_0037,FRED,DIRECT_RETRIEVAL,64K,64752,65023,271,128,131072,16777,False,llama_chat_v4,5d2869822989e19b
FRED_0037_82K,FRED_0037,FRED,DIRECT_RETRIEVAL,82K,81505,81776,271,128,131072,24,True,llama_chat_v4,5d2869822989e19b
FRED_0038_4K,FRED_0038,FRED,DIRECT_RETRIEVAL,4K,4022,4270,248,128,131072,77530,False,llama_chat_v4,5d2869822989e19b
FRED_0038_8K,FRED_0038,FRED,DIRECT_RETRIEVAL,8K,8058,8306,248,128,131072,73494,False,llama_chat_v4,5d2869822989e19b
FRED_0038_16K,FRED_0038,FRED,DIRECT_RETRIEVAL,16K,16139,16387,248,128,131072,65413,False,llama_chat_v4,5d2869822989e19b
FRED_0038_32K,FRED_0038,FRED,DIRECT_RETRIEVAL,32K,32336,32584,248,128,131072,49216,False,llama_chat_v4,5d2869822989e19b
FRED_0038_64K,FRED_0038,FRED,DIRECT_RETRIEVAL,64K,64649,64897,248,128,131072,16903,False,llama_chat_v4,5d2869822989e19b
FRED_0038_82K,FRED_0038,FRED,DIRECT_RETRIEVAL,82K,81541,81789,248,128,131072,11,True,llama_chat_v4,5d2869822989e19b
FRED_0039_4K,FRED_0039,FRED,DIRECT_RETRIEVAL,4K,4042,4313,271,128,131072,77487,False,llama_chat_v4,5d2869822989e19b
FRED_0039_8K,FRED_0039,FRED,DIRECT_RETRIEVAL,8K,8078,8349,271,128,131072,73451,False,llama_chat_v4,5d2869822989e19b
FRED_0039_16K,FRED_0039,FRED,DIRECT_RETRIEVAL,16K,16190,16461,271,128,131072,65339,False,llama_chat_v4,5d2869822989e19b
FRED_0039_32K,FRED_0039,FRED,DIRECT_RETRIEVAL,32K,32380,32651,271,128,131072,49149,False,llama_chat_v4,5d2869822989e19b
FRED_0039_64K,FRED_0039,FRED,DIRECT_RETRIEVAL,64K,64774,65045,271,128,131072,16755,False,llama_chat_v4,5d2869822989e19b
FRED_0039_82K,FRED_0039,FRED,DIRECT_RETRIEVAL,82K,81482,81753,271,128,131072,47,True,llama_chat_v4,5d2869822989e19b
FRED_0040_4K,FRED_0040,FRED,DIRECT_RETRIEVAL,4K,4021,4269,248,128,131072,77531,False,llama_chat_v4,5d2869822989e19b
FRED_0040_8K,FRED_0040,FRED,DIRECT_RETRIEVAL,8K,8079,8327,248,128,131072,73473,False,llama_chat_v4,5d2869822989e19b
FRED_0040_16K,FRED_0040,FRED,DIRECT_RETRIEVAL,16K,16110,16358,248,128,131072,65442,False,llama_chat_v4,5d2869822989e19b
FRED_0040_32K,FRED_0040,FRED,DIRECT_RETRIEVAL,32K,32330,32578,248,128,131072,49222,False,llama_chat_v4,5d2869822989e19b
FRED_0040_64K,FRED_0040,FRED,DIRECT_RETRIEVAL,64K,64681,64929,248,128,131072,16871,False,llama_chat_v4,5d2869822989e19b
FRED_0040_82K,FRED_0040,FRED,DIRECT_RETRIEVAL,82K,81527,81775,248,128,131072,25,True,llama_chat_v4,5d2869822989e19b
FRED_0041_4K,FRED_0041,FRED,DIRECT_RETRIEVAL,4K,4020,4291,271,128,131072,77509,False,llama_chat_v4,5d2869822989e19b
FRED_0041_8K,FRED_0041,FRED,DIRECT_RETRIEVAL,8K,8029,8300,271,128,131072,73500,False,llama_chat_v4,5d2869822989e19b
FRED_0041_16K,FRED_0041,FRED,DIRECT_RETRIEVAL,16K,16186,16457,271,128,131072,65343,False,llama_chat_v4,5d2869822989e19b
FRED_0041_32K,FRED_0041,FRED,DIRECT_RETRIEVAL,32K,32385,32656,271,128,131072,49144,False,llama_chat_v4,5d2869822989e19b
FRED_0041_64K,FRED_0041,FRED,DIRECT_RETRIEVAL,64K,64731,65002,271,128,131072,16798,False,llama_chat_v4,5d2869822989e19b
FRED_0041_82K,FRED_0041,FRED,DIRECT_RETRIEVAL,82K,81496,81767,271,128,131072,33,True,llama_chat_v4,5d2869822989e19b
FRED_0042_4K,FRED_0042,FRED,DIRECT_RETRIEVAL,4K,4047,4300,253,128,131072,77500,False,llama_chat_v4,5d2869822989e19b
FRED_0042_8K,FRED_0042,FRED,DIRECT_RETRIEVAL,8K,8083,8336,253,128,131072,73464,False,llama_chat_v4,5d2869822989e19b
FRED_0042_16K,FRED_0042,FRED,DIRECT_RETRIEVAL,16K,16164,16417,253,128,131072,65383,False,llama_chat_v4,5d2869822989e19b
FRED_0042_32K,FRED_0042,FRED,DIRECT_RETRIEVAL,32K,32352,32605,253,128,131072,49195,False,llama_chat_v4,5d2869822989e19b
FRED_0042_64K,FRED_0042,FRED,DIRECT_RETRIEVAL,64K,64727,64980,253,128,131072,16820,False,llama_chat_v4,5d2869822989e19b
FRED_0042_82K,FRED_0042,FRED,DIRECT_RETRIEVAL,82K,81483,81736,253,128,131072,64,True,llama_chat_v4,5d2869822989e19b
FRED_0043_4K,FRED_0043,FRED,DIRECT_RETRIEVAL,4K,4009,4262,253,128,131072,77538,False,llama_chat_v4,5d2869822989e19b
FRED_0043_8K,FRED_0043,FRED,DIRECT_RETRIEVAL,8K,8092,8345,253,128,131072,73455,False,llama_chat_v4,5d2869822989e19b
FRED_0043_16K,FRED_0043,FRED,DIRECT_RETRIEVAL,16K,16175,16428,253,128,131072,65372,False,llama_chat_v4,5d2869822989e19b
FRED_0043_32K,FRED_0043,FRED,DIRECT_RETRIEVAL,32K,32369,32622,253,128,131072,49178,False,llama_chat_v4,5d2869822989e19b
FRED_0043_64K,FRED_0043,FRED,DIRECT_RETRIEVAL,64K,64695,64948,253,128,131072,16852,False,llama_chat_v4,5d2869822989e19b
FRED_0043_82K,FRED_0043,FRED,DIRECT_RETRIEVAL,82K,81471,81724,253,128,131072,76,True,llama_chat_v4,5d2869822989e19b
FRED_0044_4K,FRED_0044,FRED,DIRECT_RETRIEVAL,4K,4014,4274,260,128,131072,77526,False,llama_chat_v4,5d2869822989e19b
FRED_0044_8K,FRED_0044,FRED,DIRECT_RETRIEVAL,8K,8089,8349,260,128,131072,73451,False,llama_chat_v4,5d2869822989e19b
FRED_0044_16K,FRED_0044,FRED,DIRECT_RETRIEVAL,16K,16169,16429,260,128,131072,65371,False,llama_chat_v4,5d2869822989e19b
FRED_0044_32K,FRED_0044,FRED,DIRECT_RETRIEVAL,32K,32360,32620,260,128,131072,49180,False,llama_chat_v4,5d2869822989e19b
FRED_0044_64K,FRED_0044,FRED,DIRECT_RETRIEVAL,64K,64728,64988,260,128,131072,16812,False,llama_chat_v4,5d2869822989e19b
FRED_0044_82K,FRED_0044,FRED,DIRECT_RETRIEVAL,82K,81532,81792,260,128,131072,8,True,llama_chat_v4,5d2869822989e19b
FRED_0045_4K,FRED_0045,FRED,DIRECT_RETRIEVAL,4K,3987,4235,248,128,131072,77565,False,llama_chat_v4,5d2869822989e19b
FRED_0045_8K,FRED_0045,FRED,DIRECT_RETRIEVAL,8K,8048,8296,248,128,131072,73504,False,llama_chat_v4,5d2869822989e19b
FRED_0045_16K,FRED_0045,FRED,DIRECT_RETRIEVAL,16K,16136,16384,248,128,131072,65416,False,llama_chat_v4,5d2869822989e19b
FRED_0045_32K,FRED_0045,FRED,DIRECT_RETRIEVAL,32K,32286,32534,248,128,131072,49266,False,llama_chat_v4,5d2869822989e19b
FRED_0045_64K,FRED_0045,FRED,DIRECT_RETRIEVAL,64K,64675,64923,248,128,131072,16877,False,llama_chat_v4,5d2869822989e19b
FRED_0045_82K,FRED_0045,FRED,DIRECT_RETRIEVAL,82K,81479,81727,248,128,131072,73,True,llama_chat_v4,5d2869822989e19b
FRED_0046_4K,FRED_0046,FRED,RETRIEVAL_CALCULATION,4K,4025,4318,293,128,131072,77482,False,llama_chat_v4,5d2869822989e19b
FRED_0046_8K,FRED_0046,FRED,RETRIEVAL_CALCULATION,8K,8080,8373,293,128,131072,73427,False,llama_chat_v4,5d2869822989e19b
FRED_0046_16K,FRED_0046,FRED,RETRIEVAL_CALCULATION,16K,16121,16414,293,128,131072,65386,False,llama_chat_v4,5d2869822989e19b
FRED_0046_32K,FRED_0046,FRED,RETRIEVAL_CALCULATION,32K,32316,32609,293,128,131072,49191,False,llama_chat_v4,5d2869822989e19b
FRED_0046_64K,FRED_0046,FRED,RETRIEVAL_CALCULATION,64K,64696,64989,293,128,131072,16811,False,llama_chat_v4,5d2869822989e19b
FRED_0046_82K,FRED_0046,FRED,RETRIEVAL_CALCULATION,82K,81423,81716,293,128,131072,84,True,llama_chat_v4,5d2869822989e19b
FRED_0047_4K,FRED_0047,FRED,RETRIEVAL_CALCULATION,4K,4020,4317,297,128,131072,77483,False,llama_chat_v4,5d2869822989e19b
FRED_0047_8K,FRED_0047,FRED,RETRIEVAL_CALCULATION,8K,8064,8361,297,128,131072,73439,False,llama_chat_v4,5d2869822989e19b
FRED_0047_16K,FRED_0047,FRED,RETRIEVAL_CALCULATION,16K,16137,16434,297,128,131072,65366,False,llama_chat_v4,5d2869822989e19b
FRED_0047_32K,FRED_0047,FRED,RETRIEVAL_CALCULATION,32K,32365,32662,297,128,131072,49138,False,llama_chat_v4,5d2869822989e19b
FRED_0047_64K,FRED_0047,FRED,RETRIEVAL_CALCULATION,64K,64702,64999,297,128,131072,16801,False,llama_chat_v4,5d2869822989e19b
FRED_0047_82K,FRED_0047,FRED,RETRIEVAL_CALCULATION,82K,81500,81797,297,128,131072,3,True,llama_chat_v4,5d2869822989e19b
FRED_0048_4K,FRED_0048,FRED,RETRIEVAL_CALCULATION,4K,3994,4294,300,128,131072,77506,False,llama_chat_v4,5d2869822989e19b
FRED_0048_8K,FRED_0048,FRED,RETRIEVAL_CALCULATION,8K,8081,8381,300,128,131072,73419,False,llama_chat_v4,5d2869822989e19b
FRED_0048_16K,FRED_0048,FRED,RETRIEVAL_CALCULATION,16K,16181,16481,300,128,131072,65319,False,llama_chat_v4,5d2869822989e19b
FRED_0048_32K,FRED_0048,FRED,RETRIEVAL_CALCULATION,32K,32324,32624,300,128,131072,49176,False,llama_chat_v4,5d2869822989e19b
FRED_0048_64K,FRED_0048,FRED,RETRIEVAL_CALCULATION,64K,64719,65019,300,128,131072,16781,False,llama_chat_v4,5d2869822989e19b
FRED_0048_82K,FRED_0048,FRED,RETRIEVAL_CALCULATION,82K,81424,81724,300,128,131072,76,True,llama_chat_v4,5d2869822989e19b
FRED_0049_4K,FRED_0049,FRED,RETRIEVAL_CALCULATION,4K,4001,4291,290,128,131072,77509,False,llama_chat_v4,5d2869822989e19b
FRED_0049_8K,FRED_0049,FRED,RETRIEVAL_CALCULATION,8K,8083,8373,290,128,131072,73427,False,llama_chat_v4,5d2869822989e19b
FRED_0049_16K,FRED_0049,FRED,RETRIEVAL_CALCULATION,16K,16166,16456,290,128,131072,65344,False,llama_chat_v4,5d2869822989e19b
FRED_0049_32K,FRED_0049,FRED,RETRIEVAL_CALCULATION,32K,32326,32616,290,128,131072,49184,False,llama_chat_v4,5d2869822989e19b
FRED_0049_64K,FRED_0049,FRED,RETRIEVAL_CALCULATION,64K,64648,64938,290,128,131072,16862,False,llama_chat_v4,5d2869822989e19b
FRED_0049_82K,FRED_0049,FRED,RETRIEVAL_CALCULATION,82K,81500,81790,290,128,131072,10,True,llama_chat_v4,5d2869822989e19b
FRED_0050_4K,FRED_0050,FRED,RETRIEVAL_CALCULATION,4K,4021,4307,286,128,131072,77493,False,llama_chat_v4,5d2869822989e19b
FRED_0050_8K,FRED_0050,FRED,RETRIEVAL_CALCULATION,8K,8084,8370,286,128,131072,73430,False,llama_chat_v4,5d2869822989e19b
FRED_0050_16K,FRED_0050,FRED,RETRIEVAL_CALCULATION,16K,16116,16402,286,128,131072,65398,False,llama_chat_v4,5d2869822989e19b
FRED_0050_32K,FRED_0050,FRED,RETRIEVAL_CALCULATION,32K,32333,32619,286,128,131072,49181,False,llama_chat_v4,5d2869822989e19b
FRED_0050_64K,FRED_0050,FRED,RETRIEVAL_CALCULATION,64K,64732,65018,286,128,131072,16782,False,llama_chat_v4,5d2869822989e19b
FRED_0050_82K,FRED_0050,FRED,RETRIEVAL_CALCULATION,82K,81469,81755,286,128,131072,45,True,llama_chat_v4,5d2869822989e19b
FRED_0051_4K,FRED_0051,FRED,RETRIEVAL_CALCULATION,4K,3998,4298,300,128,131072,77502,False,llama_chat_v4,5d2869822989e19b
FRED_0051_8K,FRED_0051,FRED,RETRIEVAL_CALCULATION,8K,8030,8330,300,128,131072,73470,False,llama_chat_v4,5d2869822989e19b
FRED_0051_16K,FRED_0051,FRED,RETRIEVAL_CALCULATION,16K,16134,16434,300,128,131072,65366,False,llama_chat_v4,5d2869822989e19b
FRED_0051_32K,FRED_0051,FRED,RETRIEVAL_CALCULATION,32K,32342,32642,300,128,131072,49158,False,llama_chat_v4,5d2869822989e19b
FRED_0051_64K,FRED_0051,FRED,RETRIEVAL_CALCULATION,64K,64718,65018,300,128,131072,16782,False,llama_chat_v4,5d2869822989e19b
FRED_0051_82K,FRED_0051,FRED,RETRIEVAL_CALCULATION,82K,81449,81749,300,128,131072,51,True,llama_chat_v4,5d2869822989e19b
FRED_0052_4K,FRED_0052,FRED,RETRIEVAL_CALCULATION,4K,4012,4302,290,128,131072,77498,False,llama_chat_v4,5d2869822989e19b
FRED_0052_8K,FRED_0052,FRED,RETRIEVAL_CALCULATION,8K,8081,8371,290,128,131072,73429,False,llama_chat_v4,5d2869822989e19b
FRED_0052_16K,FRED_0052,FRED,RETRIEVAL_CALCULATION,16K,16125,16415,290,128,131072,65385,False,llama_chat_v4,5d2869822989e19b
FRED_0052_32K,FRED_0052,FRED,RETRIEVAL_CALCULATION,32K,32290,32580,290,128,131072,49220,False,llama_chat_v4,5d2869822989e19b
FRED_0052_64K,FRED_0052,FRED,RETRIEVAL_CALCULATION,64K,64688,64978,290,128,131072,16822,False,llama_chat_v4,5d2869822989e19b
FRED_0052_82K,FRED_0052,FRED,RETRIEVAL_CALCULATION,82K,81486,81776,290,128,131072,24,True,llama_chat_v4,5d2869822989e19b
FRED_0053_4K,FRED_0053,FRED,RETRIEVAL_CALCULATION,4K,4025,4311,286,128,131072,77489,False,llama_chat_v4,5d2869822989e19b
FRED_0053_8K,FRED_0053,FRED,RETRIEVAL_CALCULATION,8K,8064,8350,286,128,131072,73450,False,llama_chat_v4,5d2869822989e19b
FRED_0053_16K,FRED_0053,FRED,RETRIEVAL_CALCULATION,16K,16176,16462,286,128,131072,65338,False,llama_chat_v4,5d2869822989e19b
FRED_0053_32K,FRED_0053,FRED,RETRIEVAL_CALCULATION,32K,32366,32652,286,128,131072,49148,False,llama_chat_v4,5d2869822989e19b
FRED_0053_64K,FRED_0053,FRED,RETRIEVAL_CALCULATION,64K,64720,65006,286,128,131072,16794,False,llama_chat_v4,5d2869822989e19b
FRED_0053_82K,FRED_0053,FRED,RETRIEVAL_CALCULATION,82K,81486,81772,286,128,131072,28,True,llama_chat_v4,5d2869822989e19b
FRED_0054_4K,FRED_0054,FRED,RETRIEVAL_CALCULATION,4K,3995,4293,298,128,131072,77507,False,llama_chat_v4,5d2869822989e19b
FRED_0054_8K,FRED_0054,FRED,RETRIEVAL_CALCULATION,8K,8030,8328,298,128,131072,73472,False,llama_chat_v4,5d2869822989e19b
FRED_0054_16K,FRED_0054,FRED,RETRIEVAL_CALCULATION,16K,16182,16480,298,128,131072,65320,False,llama_chat_v4,5d2869822989e19b
FRED_0054_32K,FRED_0054,FRED,RETRIEVAL_CALCULATION,32K,32369,32667,298,128,131072,49133,False,llama_chat_v4,5d2869822989e19b
FRED_0054_64K,FRED_0054,FRED,RETRIEVAL_CALCULATION,64K,64724,65022,298,128,131072,16778,False,llama_chat_v4,5d2869822989e19b
FRED_0054_82K,FRED_0054,FRED,RETRIEVAL_CALCULATION,82K,81490,81788,298,128,131072,12,True,llama_chat_v4,5d2869822989e19b
FRED_0055_4K,FRED_0055,FRED,RETRIEVAL_CALCULATION,4K,3984,4275,291,128,131072,77525,False,llama_chat_v4,5d2869822989e19b
FRED_0055_8K,FRED_0055,FRED,RETRIEVAL_CALCULATION,8K,8082,8373,291,128,131072,73427,False,llama_chat_v4,5d2869822989e19b
FRED_0055_16K,FRED_0055,FRED,RETRIEVAL_CALCULATION,16K,16185,16476,291,128,131072,65324,False,llama_chat_v4,5d2869822989e19b
FRED_0055_32K,FRED_0055,FRED,RETRIEVAL_CALCULATION,32K,32329,32620,291,128,131072,49180,False,llama_chat_v4,5d2869822989e19b
FRED_0055_64K,FRED_0055,FRED,RETRIEVAL_CALCULATION,64K,64682,64973,291,128,131072,16827,False,llama_chat_v4,5d2869822989e19b
FRED_0055_82K,FRED_0055,FRED,RETRIEVAL_CALCULATION,82K,81500,81791,291,128,131072,9,True,llama_chat_v4,5d2869822989e19b
FRED_0056_4K,FRED_0056,FRED,RETRIEVAL_CALCULATION,4K,4019,4319,300,128,131072,77481,False,llama_chat_v4,5d2869822989e19b
FRED_0056_8K,FRED_0056,FRED,RETRIEVAL_CALCULATION,8K,8047,8347,300,128,131072,73453,False,llama_chat_v4,5d2869822989e19b
FRED_0056_16K,FRED_0056,FRED,RETRIEVAL_CALCULATION,16K,16164,16464,300,128,131072,65336,False,llama_chat_v4,5d2869822989e19b
FRED_0056_32K,FRED_0056,FRED,RETRIEVAL_CALCULATION,32K,32358,32658,300,128,131072,49142,False,llama_chat_v4,5d2869822989e19b
FRED_0056_64K,FRED_0056,FRED,RETRIEVAL_CALCULATION,64K,64696,64996,300,128,131072,16804,False,llama_chat_v4,5d2869822989e19b
FRED_0056_82K,FRED_0056,FRED,RETRIEVAL_CALCULATION,82K,81489,81789,300,128,131072,11,True,llama_chat_v4,5d2869822989e19b
FRED_0057_4K,FRED_0057,FRED,RETRIEVAL_CALCULATION,4K,4031,4331,300,128,131072,77469,False,llama_chat_v4,5d2869822989e19b
FRED_0057_8K,FRED_0057,FRED,RETRIEVAL_CALCULATION,8K,8078,8378,300,128,131072,73422,False,llama_chat_v4,5d2869822989e19b
FRED_0057_16K,FRED_0057,FRED,RETRIEVAL_CALCULATION,16K,16184,16484,300,128,131072,65316,False,llama_chat_v4,5d2869822989e19b
FRED_0057_32K,FRED_0057,FRED,RETRIEVAL_CALCULATION,32K,32349,32649,300,128,131072,49151,False,llama_chat_v4,5d2869822989e19b
FRED_0057_64K,FRED_0057,FRED,RETRIEVAL_CALCULATION,64K,64669,64969,300,128,131072,16831,False,llama_chat_v4,5d2869822989e19b
FRED_0057_82K,FRED_0057,FRED,RETRIEVAL_CALCULATION,82K,81470,81770,300,128,131072,30,True,llama_chat_v4,5d2869822989e19b
FRED_0058_4K,FRED_0058,FRED,RETRIEVAL_CALCULATION,4K,3989,4282,293,128,131072,77518,False,llama_chat_v4,5d2869822989e19b
FRED_0058_8K,FRED_0058,FRED,RETRIEVAL_CALCULATION,8K,8083,8376,293,128,131072,73424,False,llama_chat_v4,5d2869822989e19b
FRED_0058_16K,FRED_0058,FRED,RETRIEVAL_CALCULATION,16K,16124,16417,293,128,131072,65383,False,llama_chat_v4,5d2869822989e19b
FRED_0058_32K,FRED_0058,FRED,RETRIEVAL_CALCULATION,32K,32360,32653,293,128,131072,49147,False,llama_chat_v4,5d2869822989e19b
FRED_0058_64K,FRED_0058,FRED,RETRIEVAL_CALCULATION,64K,64672,64965,293,128,131072,16835,False,llama_chat_v4,5d2869822989e19b
FRED_0058_82K,FRED_0058,FRED,RETRIEVAL_CALCULATION,82K,81469,81762,293,128,131072,38,True,llama_chat_v4,5d2869822989e19b
FRED_0059_4K,FRED_0059,FRED,RETRIEVAL_CALCULATION,4K,4038,4336,298,128,131072,77464,False,llama_chat_v4,5d2869822989e19b
FRED_0059_8K,FRED_0059,FRED,RETRIEVAL_CALCULATION,8K,8052,8350,298,128,131072,73450,False,llama_chat_v4,5d2869822989e19b
FRED_0059_16K,FRED_0059,FRED,RETRIEVAL_CALCULATION,16K,16131,16429,298,128,131072,65371,False,llama_chat_v4,5d2869822989e19b
FRED_0059_32K,FRED_0059,FRED,RETRIEVAL_CALCULATION,32K,32367,32665,298,128,131072,49135,False,llama_chat_v4,5d2869822989e19b
FRED_0059_64K,FRED_0059,FRED,RETRIEVAL_CALCULATION,64K,64735,65033,298,128,131072,16767,False,llama_chat_v4,5d2869822989e19b
FRED_0059_82K,FRED_0059,FRED,RETRIEVAL_CALCULATION,82K,81470,81768,298,128,131072,32,True,llama_chat_v4,5d2869822989e19b
FRED_0060_4K,FRED_0060,FRED,RETRIEVAL_CALCULATION,4K,4027,4327,300,128,131072,77473,False,llama_chat_v4,5d2869822989e19b
FRED_0060_8K,FRED_0060,FRED,RETRIEVAL_CALCULATION,8K,8066,8366,300,128,131072,73434,False,llama_chat_v4,5d2869822989e19b
FRED_0060_16K,FRED_0060,FRED,RETRIEVAL_CALCULATION,16K,16171,16471,300,128,131072,65329,False,llama_chat_v4,5d2869822989e19b
FRED_0060_32K,FRED_0060,FRED,RETRIEVAL_CALCULATION,32K,32309,32609,300,128,131072,49191,False,llama_chat_v4,5d2869822989e19b
FRED_0060_64K,FRED_0060,FRED,RETRIEVAL_CALCULATION,64K,64729,65029,300,128,131072,16771,False,llama_chat_v4,5d2869822989e19b
FRED_0060_82K,FRED_0060,FRED,RETRIEVAL_CALCULATION,82K,81413,81713,300,128,131072,87,True,llama_chat_v4,5d2869822989e19b
FRED_0061_4K,FRED_0061,FRED,RETRIEVAL_CALCULATION,4K,4046,4346,300,128,131072,77454,False,llama_chat_v4,5d2869822989e19b
FRED_0061_8K,FRED_0061,FRED,RETRIEVAL_CALCULATION,8K,8028,8328,300,128,131072,73472,False,llama_chat_v4,5d2869822989e19b
FRED_0061_16K,FRED_0061,FRED,RETRIEVAL_CALCULATION,16K,16183,16483,300,128,131072,65317,False,llama_chat_v4,5d2869822989e19b
FRED_0061_32K,FRED_0061,FRED,RETRIEVAL_CALCULATION,32K,32370,32670,300,128,131072,49130,False,llama_chat_v4,5d2869822989e19b
FRED_0061_64K,FRED_0061,FRED,RETRIEVAL_CALCULATION,64K,64733,65033,300,128,131072,16767,False,llama_chat_v4,5d2869822989e19b
FRED_0061_82K,FRED_0061,FRED,RETRIEVAL_CALCULATION,82K,81475,81775,300,128,131072,25,True,llama_chat_v4,5d2869822989e19b
FRED_0062_4K,FRED_0062,FRED,RETRIEVAL_CALCULATION,4K,3982,4282,300,128,131072,77518,False,llama_chat_v4,5d2869822989e19b
FRED_0062_8K,FRED_0062,FRED,RETRIEVAL_CALCULATION,8K,8094,8394,300,128,131072,73406,False,llama_chat_v4,5d2869822989e19b
FRED_0062_16K,FRED_0062,FRED,RETRIEVAL_CALCULATION,16K,16184,16484,300,128,131072,65316,False,llama_chat_v4,5d2869822989e19b
FRED_0062_32K,FRED_0062,FRED,RETRIEVAL_CALCULATION,32K,32332,32632,300,128,131072,49168,False,llama_chat_v4,5d2869822989e19b
FRED_0062_64K,FRED_0062,FRED,RETRIEVAL_CALCULATION,64K,64707,65007,300,128,131072,16793,False,llama_chat_v4,5d2869822989e19b
FRED_0062_82K,FRED_0062,FRED,RETRIEVAL_CALCULATION,82K,81487,81787,300,128,131072,13,True,llama_chat_v4,5d2869822989e19b
FRED_0063_4K,FRED_0063,FRED,RETRIEVAL_CALCULATION,4K,4018,4288,270,128,131072,77512,False,llama_chat_v4,5d2869822989e19b
FRED_0063_8K,FRED_0063,FRED,RETRIEVAL_CALCULATION,8K,8047,8317,270,128,131072,73483,False,llama_chat_v4,5d2869822989e19b
FRED_0063_16K,FRED_0063,FRED,RETRIEVAL_CALCULATION,16K,16144,16414,270,128,131072,65386,False,llama_chat_v4,5d2869822989e19b
FRED_0063_32K,FRED_0063,FRED,RETRIEVAL_CALCULATION,32K,32341,32611,270,128,131072,49189,False,llama_chat_v4,5d2869822989e19b
FRED_0063_64K,FRED_0063,FRED,RETRIEVAL_CALCULATION,64K,64739,65009,270,128,131072,16791,False,llama_chat_v4,5d2869822989e19b
FRED_0063_82K,FRED_0063,FRED,RETRIEVAL_CALCULATION,82K,81462,81732,270,128,131072,68,True,llama_chat_v4,5d2869822989e19b
FRED_0064_4K,FRED_0064,FRED,RETRIEVAL_CALCULATION,4K,3982,4256,274,128,131072,77544,False,llama_chat_v4,5d2869822989e19b
FRED_0064_8K,FRED_0064,FRED,RETRIEVAL_CALCULATION,8K,8024,8298,274,128,131072,73502,False,llama_chat_v4,5d2869822989e19b
FRED_0064_16K,FRED_0064,FRED,RETRIEVAL_CALCULATION,16K,16149,16423,274,128,131072,65377,False,llama_chat_v4,5d2869822989e19b
FRED_0064_32K,FRED_0064,FRED,RETRIEVAL_CALCULATION,32K,32300,32574,274,128,131072,49226,False,llama_chat_v4,5d2869822989e19b
FRED_0064_64K,FRED_0064,FRED,RETRIEVAL_CALCULATION,64K,64686,64960,274,128,131072,16840,False,llama_chat_v4,5d2869822989e19b
FRED_0064_82K,FRED_0064,FRED,RETRIEVAL_CALCULATION,82K,81461,81735,274,128,131072,65,True,llama_chat_v4,5d2869822989e19b
FRED_0065_4K,FRED_0065,FRED,RETRIEVAL_CALCULATION,4K,3992,4279,287,128,131072,77521,False,llama_chat_v4,5d2869822989e19b
FRED_0065_8K,FRED_0065,FRED,RETRIEVAL_CALCULATION,8K,8043,8330,287,128,131072,73470,False,llama_chat_v4,5d2869822989e19b
FRED_0065_16K,FRED_0065,FRED,RETRIEVAL_CALCULATION,16K,16148,16435,287,128,131072,65365,False,llama_chat_v4,5d2869822989e19b
FRED_0065_32K,FRED_0065,FRED,RETRIEVAL_CALCULATION,32K,32370,32657,287,128,131072,49143,False,llama_chat_v4,5d2869822989e19b
FRED_0065_64K,FRED_0065,FRED,RETRIEVAL_CALCULATION,64K,64694,64981,287,128,131072,16819,False,llama_chat_v4,5d2869822989e19b
FRED_0065_82K,FRED_0065,FRED,RETRIEVAL_CALCULATION,82K,81500,81787,287,128,131072,13,True,llama_chat_v4,5d2869822989e19b
FRED_0066_4K,FRED_0066,FRED,RETRIEVAL_CALCULATION,4K,4046,4316,270,128,131072,77484,False,llama_chat_v4,5d2869822989e19b
FRED_0066_8K,FRED_0066,FRED,RETRIEVAL_CALCULATION,8K,8084,8354,270,128,131072,73446,False,llama_chat_v4,5d2869822989e19b
FRED_0066_16K,FRED_0066,FRED,RETRIEVAL_CALCULATION,16K,16133,16403,270,128,131072,65397,False,llama_chat_v4,5d2869822989e19b
FRED_0066_32K,FRED_0066,FRED,RETRIEVAL_CALCULATION,32K,32308,32578,270,128,131072,49222,False,llama_chat_v4,5d2869822989e19b
FRED_0066_64K,FRED_0066,FRED,RETRIEVAL_CALCULATION,64K,64744,65014,270,128,131072,16786,False,llama_chat_v4,5d2869822989e19b
FRED_0066_82K,FRED_0066,FRED,RETRIEVAL_CALCULATION,82K,81516,81786,270,128,131072,14,True,llama_chat_v4,5d2869822989e19b
FRED_0067_4K,FRED_0067,FRED,RETRIEVAL_CALCULATION,4K,4024,4312,288,128,131072,77488,False,llama_chat_v4,5d2869822989e19b
FRED_0067_8K,FRED_0067,FRED,RETRIEVAL_CALCULATION,8K,8031,8319,288,128,131072,73481,False,llama_chat_v4,5d2869822989e19b
FRED_0067_16K,FRED_0067,FRED,RETRIEVAL_CALCULATION,16K,16120,16408,288,128,131072,65392,False,llama_chat_v4,5d2869822989e19b
FRED_0067_32K,FRED_0067,FRED,RETRIEVAL_CALCULATION,32K,32302,32590,288,128,131072,49210,False,llama_chat_v4,5d2869822989e19b
FRED_0067_64K,FRED_0067,FRED,RETRIEVAL_CALCULATION,64K,64724,65012,288,128,131072,16788,False,llama_chat_v4,5d2869822989e19b
FRED_0067_82K,FRED_0067,FRED,RETRIEVAL_CALCULATION,82K,81451,81739,288,128,131072,61,True,llama_chat_v4,5d2869822989e19b
FRED_0068_4K,FRED_0068,FRED,RETRIEVAL_CALCULATION,4K,4008,4282,274,128,131072,77518,False,llama_chat_v4,5d2869822989e19b
FRED_0068_8K,FRED_0068,FRED,RETRIEVAL_CALCULATION,8K,8033,8307,274,128,131072,73493,False,llama_chat_v4,5d2869822989e19b
FRED_0068_16K,FRED_0068,FRED,RETRIEVAL_CALCULATION,16K,16137,16411,274,128,131072,65389,False,llama_chat_v4,5d2869822989e19b
FRED_0068_32K,FRED_0068,FRED,RETRIEVAL_CALCULATION,32K,32338,32612,274,128,131072,49188,False,llama_chat_v4,5d2869822989e19b
FRED_0068_64K,FRED_0068,FRED,RETRIEVAL_CALCULATION,64K,64653,64927,274,128,131072,16873,False,llama_chat_v4,5d2869822989e19b
FRED_0068_82K,FRED_0068,FRED,RETRIEVAL_CALCULATION,82K,81497,81771,274,128,131072,29,True,llama_chat_v4,5d2869822989e19b
FRED_0069_4K,FRED_0069,FRED,RETRIEVAL_CALCULATION,4K,3991,4278,287,128,131072,77522,False,llama_chat_v4,5d2869822989e19b
FRED_0069_8K,FRED_0069,FRED,RETRIEVAL_CALCULATION,8K,8083,8370,287,128,131072,73430,False,llama_chat_v4,5d2869822989e19b
FRED_0069_16K,FRED_0069,FRED,RETRIEVAL_CALCULATION,16K,16151,16438,287,128,131072,65362,False,llama_chat_v4,5d2869822989e19b
FRED_0069_32K,FRED_0069,FRED,RETRIEVAL_CALCULATION,32K,32328,32615,287,128,131072,49185,False,llama_chat_v4,5d2869822989e19b
FRED_0069_64K,FRED_0069,FRED,RETRIEVAL_CALCULATION,64K,64722,65009,287,128,131072,16791,False,llama_chat_v4,5d2869822989e19b
FRED_0069_82K,FRED_0069,FRED,RETRIEVAL_CALCULATION,82K,81466,81753,287,128,131072,47,True,llama_chat_v4,5d2869822989e19b
FRED_0070_4K,FRED_0070,FRED,RETRIEVAL_CALCULATION,4K,4002,4290,288,128,131072,77510,False,llama_chat_v4,5d2869822989e19b
FRED_0070_8K,FRED_0070,FRED,RETRIEVAL_CALCULATION,8K,8093,8381,288,128,131072,73419,False,llama_chat_v4,5d2869822989e19b
FRED_0070_16K,FRED_0070,FRED,RETRIEVAL_CALCULATION,16K,16156,16444,288,128,131072,65356,False,llama_chat_v4,5d2869822989e19b
FRED_0070_32K,FRED_0070,FRED,RETRIEVAL_CALCULATION,32K,32336,32624,288,128,131072,49176,False,llama_chat_v4,5d2869822989e19b
FRED_0070_64K,FRED_0070,FRED,RETRIEVAL_CALCULATION,64K,64709,64997,288,128,131072,16803,False,llama_chat_v4,5d2869822989e19b
FRED_0070_82K,FRED_0070,FRED,RETRIEVAL_CALCULATION,82K,81443,81731,288,128,131072,69,True,llama_chat_v4,5d2869822989e19b
FRED_0071_4K,FRED_0071,FRED,RETRIEVAL_CALCULATION,4K,3978,4265,287,128,131072,77535,False,llama_chat_v4,5d2869822989e19b
FRED_0071_8K,FRED_0071,FRED,RETRIEVAL_CALCULATION,8K,8092,8379,287,128,131072,73421,False,llama_chat_v4,5d2869822989e19b
FRED_0071_16K,FRED_0071,FRED,RETRIEVAL_CALCULATION,16K,16174,16461,287,128,131072,65339,False,llama_chat_v4,5d2869822989e19b
FRED_0071_32K,FRED_0071,FRED,RETRIEVAL_CALCULATION,32K,32325,32612,287,128,131072,49188,False,llama_chat_v4,5d2869822989e19b
FRED_0071_64K,FRED_0071,FRED,RETRIEVAL_CALCULATION,64K,64724,65011,287,128,131072,16789,False,llama_chat_v4,5d2869822989e19b
FRED_0071_82K,FRED_0071,FRED,RETRIEVAL_CALCULATION,82K,81461,81748,287,128,131072,52,True,llama_chat_v4,5d2869822989e19b
FRED_0072_4K,FRED_0072,FRED,RETRIEVAL_CALCULATION,4K,4038,4308,270,128,131072,77492,False,llama_chat_v4,5d2869822989e19b
FRED_0072_8K,FRED_0072,FRED,RETRIEVAL_CALCULATION,8K,8075,8345,270,128,131072,73455,False,llama_chat_v4,5d2869822989e19b
FRED_0072_16K,FRED_0072,FRED,RETRIEVAL_CALCULATION,16K,16139,16409,270,128,131072,65391,False,llama_chat_v4,5d2869822989e19b
FRED_0072_32K,FRED_0072,FRED,RETRIEVAL_CALCULATION,32K,32356,32626,270,128,131072,49174,False,llama_chat_v4,5d2869822989e19b
FRED_0072_64K,FRED_0072,FRED,RETRIEVAL_CALCULATION,64K,64703,64973,270,128,131072,16827,False,llama_chat_v4,5d2869822989e19b
FRED_0072_82K,FRED_0072,FRED,RETRIEVAL_CALCULATION,82K,81525,81795,270,128,131072,5,True,llama_chat_v4,5d2869822989e19b
FRED_0073_4K,FRED_0073,FRED,RETRIEVAL_CALCULATION,4K,4042,4312,270,128,131072,77488,False,llama_chat_v4,5d2869822989e19b
FRED_0073_8K,FRED_0073,FRED,RETRIEVAL_CALCULATION,8K,8082,8352,270,128,131072,73448,False,llama_chat_v4,5d2869822989e19b
FRED_0073_16K,FRED_0073,FRED,RETRIEVAL_CALCULATION,16K,16174,16444,270,128,131072,65356,False,llama_chat_v4,5d2869822989e19b
FRED_0073_32K,FRED_0073,FRED,RETRIEVAL_CALCULATION,32K,32342,32612,270,128,131072,49188,False,llama_chat_v4,5d2869822989e19b
FRED_0073_64K,FRED_0073,FRED,RETRIEVAL_CALCULATION,64K,64694,64964,270,128,131072,16836,False,llama_chat_v4,5d2869822989e19b
FRED_0073_82K,FRED_0073,FRED,RETRIEVAL_CALCULATION,82K,81471,81741,270,128,131072,59,True,llama_chat_v4,5d2869822989e19b
FRED_0074_4K,FRED_0074,FRED,TEMPORAL_VERSION,4K,4017,4290,273,128,131072,77510,False,llama_chat_v4,5d2869822989e19b
FRED_0074_8K,FRED_0074,FRED,TEMPORAL_VERSION,8K,8080,8353,273,128,131072,73447,False,llama_chat_v4,5d2869822989e19b
FRED_0074_16K,FRED_0074,FRED,TEMPORAL_VERSION,16K,16136,16409,273,128,131072,65391,False,llama_chat_v4,5d2869822989e19b
FRED_0074_32K,FRED_0074,FRED,TEMPORAL_VERSION,32K,32382,32655,273,128,131072,49145,False,llama_chat_v4,5d2869822989e19b
FRED_0074_64K,FRED_0074,FRED,TEMPORAL_VERSION,64K,64772,65045,273,128,131072,16755,False,llama_chat_v4,5d2869822989e19b
FRED_0074_82K,FRED_0074,FRED,TEMPORAL_VERSION,82K,81473,81746,273,128,131072,54,True,llama_chat_v4,5d2869822989e19b
FRED_0075_4K,FRED_0075,FRED,TEMPORAL_VERSION,4K,3978,4233,255,128,131072,77567,False,llama_chat_v4,5d2869822989e19b
FRED_0075_8K,FRED_0075,FRED,TEMPORAL_VERSION,8K,8029,8284,255,128,131072,73516,False,llama_chat_v4,5d2869822989e19b
FRED_0075_16K,FRED_0075,FRED,TEMPORAL_VERSION,16K,16176,16431,255,128,131072,65369,False,llama_chat_v4,5d2869822989e19b
FRED_0075_32K,FRED_0075,FRED,TEMPORAL_VERSION,32K,32318,32573,255,128,131072,49227,False,llama_chat_v4,5d2869822989e19b
FRED_0075_64K,FRED_0075,FRED,TEMPORAL_VERSION,64K,64693,64948,255,128,131072,16852,False,llama_chat_v4,5d2869822989e19b
FRED_0075_82K,FRED_0075,FRED,TEMPORAL_VERSION,82K,81545,81800,255,128,131072,0,True,llama_chat_v4,5d2869822989e19b
FRED_0076_4K,FRED_0076,FRED,TEMPORAL_VERSION,4K,3983,4238,255,128,131072,77562,False,llama_chat_v4,5d2869822989e19b
FRED_0076_8K,FRED_0076,FRED,TEMPORAL_VERSION,8K,8079,8334,255,128,131072,73466,False,llama_chat_v4,5d2869822989e19b
FRED_0076_16K,FRED_0076,FRED,TEMPORAL_VERSION,16K,16167,16422,255,128,131072,65378,False,llama_chat_v4,5d2869822989e19b
FRED_0076_32K,FRED_0076,FRED,TEMPORAL_VERSION,32K,32297,32552,255,128,131072,49248,False,llama_chat_v4,5d2869822989e19b
FRED_0076_64K,FRED_0076,FRED,TEMPORAL_VERSION,64K,64712,64967,255,128,131072,16833,False,llama_chat_v4,5d2869822989e19b
FRED_0076_82K,FRED_0076,FRED,TEMPORAL_VERSION,82K,81509,81764,255,128,131072,36,True,llama_chat_v4,5d2869822989e19b
FRED_0077_4K,FRED_0077,FRED,TEMPORAL_VERSION,4K,4044,4317,273,128,131072,77483,False,llama_chat_v4,5d2869822989e19b
FRED_0077_8K,FRED_0077,FRED,TEMPORAL_VERSION,8K,8045,8318,273,128,131072,73482,False,llama_chat_v4,5d2869822989e19b
FRED_0077_16K,FRED_0077,FRED,TEMPORAL_VERSION,16K,16190,16463,273,128,131072,65337,False,llama_chat_v4,5d2869822989e19b
FRED_0077_32K,FRED_0077,FRED,TEMPORAL_VERSION,32K,32388,32661,273,128,131072,49139,False,llama_chat_v4,5d2869822989e19b
FRED_0077_64K,FRED_0077,FRED,TEMPORAL_VERSION,64K,64769,65042,273,128,131072,16758,False,llama_chat_v4,5d2869822989e19b
FRED_0077_82K,FRED_0077,FRED,TEMPORAL_VERSION,82K,81473,81746,273,128,131072,54,True,llama_chat_v4,5d2869822989e19b
FRED_0078_4K,FRED_0078,FRED,TEMPORAL_VERSION,4K,4028,4283,255,128,131072,77517,False,llama_chat_v4,5d2869822989e19b
FRED_0078_8K,FRED_0078,FRED,TEMPORAL_VERSION,8K,8040,8295,255,128,131072,73505,False,llama_chat_v4,5d2869822989e19b
FRED_0078_16K,FRED_0078,FRED,TEMPORAL_VERSION,16K,16176,16431,255,128,131072,65369,False,llama_chat_v4,5d2869822989e19b
FRED_0078_32K,FRED_0078,FRED,TEMPORAL_VERSION,32K,32325,32580,255,128,131072,49220,False,llama_chat_v4,5d2869822989e19b
FRED_0078_64K,FRED_0078,FRED,TEMPORAL_VERSION,64K,64702,64957,255,128,131072,16843,False,llama_chat_v4,5d2869822989e19b
FRED_0078_82K,FRED_0078,FRED,TEMPORAL_VERSION,82K,81518,81773,255,128,131072,27,True,llama_chat_v4,5d2869822989e19b
FRED_0079_4K,FRED_0079,FRED,TEMPORAL_VERSION,4K,4023,4278,255,128,131072,77522,False,llama_chat_v4,5d2869822989e19b
FRED_0079_8K,FRED_0079,FRED,TEMPORAL_VERSION,8K,8028,8283,255,128,131072,73517,False,llama_chat_v4,5d2869822989e19b
FRED_0079_16K,FRED_0079,FRED,TEMPORAL_VERSION,16K,16144,16399,255,128,131072,65401,False,llama_chat_v4,5d2869822989e19b
FRED_0079_32K,FRED_0079,FRED,TEMPORAL_VERSION,32K,32362,32617,255,128,131072,49183,False,llama_chat_v4,5d2869822989e19b
FRED_0079_64K,FRED_0079,FRED,TEMPORAL_VERSION,64K,64709,64964,255,128,131072,16836,False,llama_chat_v4,5d2869822989e19b
FRED_0079_82K,FRED_0079,FRED,TEMPORAL_VERSION,82K,81504,81759,255,128,131072,41,True,llama_chat_v4,5d2869822989e19b
FRED_0080_4K,FRED_0080,FRED,TEMPORAL_VERSION,4K,3996,4246,250,128,131072,77554,False,llama_chat_v4,5d2869822989e19b
FRED_0080_8K,FRED_0080,FRED,TEMPORAL_VERSION,8K,8084,8334,250,128,131072,73466,False,llama_chat_v4,5d2869822989e19b
FRED_0080_16K,FRED_0080,FRED,TEMPORAL_VERSION,16K,16141,16391,250,128,131072,65409,False,llama_chat_v4,5d2869822989e19b
FRED_0080_32K,FRED_0080,FRED,TEMPORAL_VERSION,32K,32351,32601,250,128,131072,49199,False,llama_chat_v4,5d2869822989e19b
FRED_0080_64K,FRED_0080,FRED,TEMPORAL_VERSION,64K,64712,64962,250,128,131072,16838,False,llama_chat_v4,5d2869822989e19b
FRED_0080_82K,FRED_0080,FRED,TEMPORAL_VERSION,82K,81503,81753,250,128,131072,47,True,llama_chat_v4,5d2869822989e19b
FRED_0081_4K,FRED_0081,FRED,TEMPORAL_VERSION,4K,3991,4246,255,128,131072,77554,False,llama_chat_v4,5d2869822989e19b
FRED_0081_8K,FRED_0081,FRED,TEMPORAL_VERSION,8K,8046,8301,255,128,131072,73499,False,llama_chat_v4,5d2869822989e19b
FRED_0081_16K,FRED_0081,FRED,TEMPORAL_VERSION,16K,16150,16405,255,128,131072,65395,False,llama_chat_v4,5d2869822989e19b
FRED_0081_32K,FRED_0081,FRED,TEMPORAL_VERSION,32K,32351,32606,255,128,131072,49194,False,llama_chat_v4,5d2869822989e19b
FRED_0081_64K,FRED_0081,FRED,TEMPORAL_VERSION,64K,64711,64966,255,128,131072,16834,False,llama_chat_v4,5d2869822989e19b
FRED_0081_82K,FRED_0081,FRED,TEMPORAL_VERSION,82K,81513,81768,255,128,131072,32,True,llama_chat_v4,5d2869822989e19b
FRED_0082_4K,FRED_0082,FRED,TEMPORAL_VERSION,4K,4031,4304,273,128,131072,77496,False,llama_chat_v4,5d2869822989e19b
FRED_0082_8K,FRED_0082,FRED,TEMPORAL_VERSION,8K,8038,8311,273,128,131072,73489,False,llama_chat_v4,5d2869822989e19b
FRED_0082_16K,FRED_0082,FRED,TEMPORAL_VERSION,16K,16167,16440,273,128,131072,65360,False,llama_chat_v4,5d2869822989e19b
FRED_0082_32K,FRED_0082,FRED,TEMPORAL_VERSION,32K,32323,32596,273,128,131072,49204,False,llama_chat_v4,5d2869822989e19b
FRED_0082_64K,FRED_0082,FRED,TEMPORAL_VERSION,64K,64768,65041,273,128,131072,16759,False,llama_chat_v4,5d2869822989e19b
FRED_0082_82K,FRED_0082,FRED,TEMPORAL_VERSION,82K,81455,81728,273,128,131072,72,True,llama_chat_v4,5d2869822989e19b
FRED_0083_4K,FRED_0083,FRED,TEMPORAL_VERSION,4K,4006,4279,273,128,131072,77521,False,llama_chat_v4,5d2869822989e19b
FRED_0083_8K,FRED_0083,FRED,TEMPORAL_VERSION,8K,8093,8366,273,128,131072,73434,False,llama_chat_v4,5d2869822989e19b
FRED_0083_16K,FRED_0083,FRED,TEMPORAL_VERSION,16K,16139,16412,273,128,131072,65388,False,llama_chat_v4,5d2869822989e19b
FRED_0083_32K,FRED_0083,FRED,TEMPORAL_VERSION,32K,32379,32652,273,128,131072,49148,False,llama_chat_v4,5d2869822989e19b
FRED_0083_64K,FRED_0083,FRED,TEMPORAL_VERSION,64K,64718,64991,273,128,131072,16809,False,llama_chat_v4,5d2869822989e19b
FRED_0083_82K,FRED_0083,FRED,TEMPORAL_VERSION,82K,81504,81777,273,128,131072,23,True,llama_chat_v4,5d2869822989e19b
FRED_0084_4K,FRED_0084,FRED,TEMPORAL_VERSION,4K,4024,4279,255,128,131072,77521,False,llama_chat_v4,5d2869822989e19b
FRED_0084_8K,FRED_0084,FRED,TEMPORAL_VERSION,8K,8091,8346,255,128,131072,73454,False,llama_chat_v4,5d2869822989e19b
FRED_0084_16K,FRED_0084,FRED,TEMPORAL_VERSION,16K,16170,16425,255,128,131072,65375,False,llama_chat_v4,5d2869822989e19b
FRED_0084_32K,FRED_0084,FRED,TEMPORAL_VERSION,32K,32299,32554,255,128,131072,49246,False,llama_chat_v4,5d2869822989e19b
FRED_0084_64K,FRED_0084,FRED,TEMPORAL_VERSION,64K,64715,64970,255,128,131072,16830,False,llama_chat_v4,5d2869822989e19b
FRED_0084_82K,FRED_0084,FRED,TEMPORAL_VERSION,82K,81489,81744,255,128,131072,56,True,llama_chat_v4,5d2869822989e19b
FRED_0085_4K,FRED_0085,FRED,TEMPORAL_VERSION,4K,4039,4294,255,128,131072,77506,False,llama_chat_v4,5d2869822989e19b
FRED_0085_8K,FRED_0085,FRED,TEMPORAL_VERSION,8K,8066,8321,255,128,131072,73479,False,llama_chat_v4,5d2869822989e19b
FRED_0085_16K,FRED_0085,FRED,TEMPORAL_VERSION,16K,16171,16426,255,128,131072,65374,False,llama_chat_v4,5d2869822989e19b
FRED_0085_32K,FRED_0085,FRED,TEMPORAL_VERSION,32K,32354,32609,255,128,131072,49191,False,llama_chat_v4,5d2869822989e19b
FRED_0085_64K,FRED_0085,FRED,TEMPORAL_VERSION,64K,64685,64940,255,128,131072,16860,False,llama_chat_v4,5d2869822989e19b
FRED_0085_82K,FRED_0085,FRED,TEMPORAL_VERSION,82K,81523,81778,255,128,131072,22,True,llama_chat_v4,5d2869822989e19b
FRED_0086_4K,FRED_0086,FRED,TEMPORAL_VERSION,4K,4037,4292,255,128,131072,77508,False,llama_chat_v4,5d2869822989e19b
FRED_0086_8K,FRED_0086,FRED,TEMPORAL_VERSION,8K,8084,8339,255,128,131072,73461,False,llama_chat_v4,5d2869822989e19b
FRED_0086_16K,FRED_0086,FRED,TEMPORAL_VERSION,16K,16127,16382,255,128,131072,65418,False,llama_chat_v4,5d2869822989e19b
FRED_0086_32K,FRED_0086,FRED,TEMPORAL_VERSION,32K,32348,32603,255,128,131072,49197,False,llama_chat_v4,5d2869822989e19b
FRED_0086_64K,FRED_0086,FRED,TEMPORAL_VERSION,64K,64697,64952,255,128,131072,16848,False,llama_chat_v4,5d2869822989e19b
FRED_0086_82K,FRED_0086,FRED,TEMPORAL_VERSION,82K,81539,81794,255,128,131072,6,True,llama_chat_v4,5d2869822989e19b
FRED_0087_4K,FRED_0087,FRED,TEMPORAL_VERSION,4K,4045,4318,273,128,131072,77482,False,llama_chat_v4,5d2869822989e19b
FRED_0087_8K,FRED_0087,FRED,TEMPORAL_VERSION,8K,8045,8318,273,128,131072,73482,False,llama_chat_v4,5d2869822989e19b
FRED_0087_16K,FRED_0087,FRED,TEMPORAL_VERSION,16K,16187,16460,273,128,131072,65340,False,llama_chat_v4,5d2869822989e19b
FRED_0087_32K,FRED_0087,FRED,TEMPORAL_VERSION,32K,32344,32617,273,128,131072,49183,False,llama_chat_v4,5d2869822989e19b
FRED_0087_64K,FRED_0087,FRED,TEMPORAL_VERSION,64K,64773,65046,273,128,131072,16754,False,llama_chat_v4,5d2869822989e19b
FRED_0087_82K,FRED_0087,FRED,TEMPORAL_VERSION,82K,81434,81707,273,128,131072,93,True,llama_chat_v4,5d2869822989e19b
FRED_0088_4K,FRED_0088,FRED,TEMPORAL_VERSION,4K,4011,4273,262,128,131072,77527,False,llama_chat_v4,5d2869822989e19b
FRED_0088_8K,FRED_0088,FRED,TEMPORAL_VERSION,8K,8042,8304,262,128,131072,73496,False,llama_chat_v4,5d2869822989e19b
FRED_0088_16K,FRED_0088,FRED,TEMPORAL_VERSION,16K,16168,16430,262,128,131072,65370,False,llama_chat_v4,5d2869822989e19b
FRED_0088_32K,FRED_0088,FRED,TEMPORAL_VERSION,32K,32367,32629,262,128,131072,49171,False,llama_chat_v4,5d2869822989e19b
FRED_0088_64K,FRED_0088,FRED,TEMPORAL_VERSION,64K,64692,64954,262,128,131072,16846,False,llama_chat_v4,5d2869822989e19b
FRED_0088_82K,FRED_0088,FRED,TEMPORAL_VERSION,82K,81473,81735,262,128,131072,65,True,llama_chat_v4,5d2869822989e19b
FRED_0089_4K,FRED_0089,FRED,TEMPORAL_VERSION,4K,4030,4303,273,128,131072,77497,False,llama_chat_v4,5d2869822989e19b
FRED_0089_8K,FRED_0089,FRED,TEMPORAL_VERSION,8K,8064,8337,273,128,131072,73463,False,llama_chat_v4,5d2869822989e19b
FRED_0089_16K,FRED_0089,FRED,TEMPORAL_VERSION,16K,16187,16460,273,128,131072,65340,False,llama_chat_v4,5d2869822989e19b
FRED_0089_32K,FRED_0089,FRED,TEMPORAL_VERSION,32K,32359,32632,273,128,131072,49168,False,llama_chat_v4,5d2869822989e19b
FRED_0089_64K,FRED_0089,FRED,TEMPORAL_VERSION,64K,64747,65020,273,128,131072,16780,False,llama_chat_v4,5d2869822989e19b
FRED_0089_82K,FRED_0089,FRED,TEMPORAL_VERSION,82K,81477,81750,273,128,131072,50,True,llama_chat_v4,5d2869822989e19b
FRED_0090_4K,FRED_0090,FRED,ENTITY_UNIT_BINDING,4K,3997,4249,252,128,131072,77551,False,llama_chat_v4,5d2869822989e19b
FRED_0090_8K,FRED_0090,FRED,ENTITY_UNIT_BINDING,8K,8075,8327,252,128,131072,73473,False,llama_chat_v4,5d2869822989e19b
FRED_0090_16K,FRED_0090,FRED,ENTITY_UNIT_BINDING,16K,16169,16421,252,128,131072,65379,False,llama_chat_v4,5d2869822989e19b
FRED_0090_32K,FRED_0090,FRED,ENTITY_UNIT_BINDING,32K,32338,32590,252,128,131072,49210,False,llama_chat_v4,5d2869822989e19b
FRED_0090_64K,FRED_0090,FRED,ENTITY_UNIT_BINDING,64K,64723,64975,252,128,131072,16825,False,llama_chat_v4,5d2869822989e19b
FRED_0090_82K,FRED_0090,FRED,ENTITY_UNIT_BINDING,82K,81478,81730,252,128,131072,70,True,llama_chat_v4,5d2869822989e19b
FRED_0091_4K,FRED_0091,FRED,ENTITY_UNIT_BINDING,4K,4020,4269,249,128,131072,77531,False,llama_chat_v4,5d2869822989e19b
FRED_0091_8K,FRED_0091,FRED,ENTITY_UNIT_BINDING,8K,8042,8291,249,128,131072,73509,False,llama_chat_v4,5d2869822989e19b
FRED_0091_16K,FRED_0091,FRED,ENTITY_UNIT_BINDING,16K,16175,16424,249,128,131072,65376,False,llama_chat_v4,5d2869822989e19b
FRED_0091_32K,FRED_0091,FRED,ENTITY_UNIT_BINDING,32K,32303,32552,249,128,131072,49248,False,llama_chat_v4,5d2869822989e19b
FRED_0091_64K,FRED_0091,FRED,ENTITY_UNIT_BINDING,64K,64719,64968,249,128,131072,16832,False,llama_chat_v4,5d2869822989e19b
FRED_0091_82K,FRED_0091,FRED,ENTITY_UNIT_BINDING,82K,81481,81730,249,128,131072,70,True,llama_chat_v4,5d2869822989e19b
FRED_0092_4K,FRED_0092,FRED,ENTITY_UNIT_BINDING,4K,4030,4291,261,128,131072,77509,False,llama_chat_v4,5d2869822989e19b
FRED_0092_8K,FRED_0092,FRED,ENTITY_UNIT_BINDING,8K,8088,8349,261,128,131072,73451,False,llama_chat_v4,5d2869822989e19b
FRED_0092_16K,FRED_0092,FRED,ENTITY_UNIT_BINDING,16K,16193,16454,261,128,131072,65346,False,llama_chat_v4,5d2869822989e19b
FRED_0092_32K,FRED_0092,FRED,ENTITY_UNIT_BINDING,32K,32388,32649,261,128,131072,49151,False,llama_chat_v4,5d2869822989e19b
FRED_0092_64K,FRED_0092,FRED,ENTITY_UNIT_BINDING,64K,64755,65016,261,128,131072,16784,False,llama_chat_v4,5d2869822989e19b
FRED_0092_82K,FRED_0092,FRED,ENTITY_UNIT_BINDING,82K,81487,81748,261,128,131072,52,True,llama_chat_v4,5d2869822989e19b
FRED_0093_4K,FRED_0093,FRED,ENTITY_UNIT_BINDING,4K,3995,4230,235,128,131072,77570,False,llama_chat_v4,5d2869822989e19b
FRED_0093_8K,FRED_0093,FRED,ENTITY_UNIT_BINDING,8K,8030,8265,235,128,131072,73535,False,llama_chat_v4,5d2869822989e19b
FRED_0093_16K,FRED_0093,FRED,ENTITY_UNIT_BINDING,16K,16136,16371,235,128,131072,65429,False,llama_chat_v4,5d2869822989e19b
FRED_0093_32K,FRED_0093,FRED,ENTITY_UNIT_BINDING,32K,32346,32581,235,128,131072,49219,False,llama_chat_v4,5d2869822989e19b
FRED_0093_64K,FRED_0093,FRED,ENTITY_UNIT_BINDING,64K,64708,64943,235,128,131072,16857,False,llama_chat_v4,5d2869822989e19b
FRED_0093_82K,FRED_0093,FRED,ENTITY_UNIT_BINDING,82K,81529,81764,235,128,131072,36,True,llama_chat_v4,5d2869822989e19b
FRED_0094_4K,FRED_0094,FRED,ENTITY_UNIT_BINDING,4K,4018,4259,241,128,131072,77541,False,llama_chat_v4,5d2869822989e19b
FRED_0094_8K,FRED_0094,FRED,ENTITY_UNIT_BINDING,8K,8083,8324,241,128,131072,73476,False,llama_chat_v4,5d2869822989e19b
FRED_0094_16K,FRED_0094,FRED,ENTITY_UNIT_BINDING,16K,16173,16414,241,128,131072,65386,False,llama_chat_v4,5d2869822989e19b
FRED_0094_32K,FRED_0094,FRED,ENTITY_UNIT_BINDING,32K,32363,32604,241,128,131072,49196,False,llama_chat_v4,5d2869822989e19b
FRED_0094_64K,FRED_0094,FRED,ENTITY_UNIT_BINDING,64K,64723,64964,241,128,131072,16836,False,llama_chat_v4,5d2869822989e19b
FRED_0094_82K,FRED_0094,FRED,ENTITY_UNIT_BINDING,82K,81554,81795,241,128,131072,5,True,llama_chat_v4,5d2869822989e19b
FRED_0095_4K,FRED_0095,FRED,ENTITY_UNIT_BINDING,4K,4015,4258,243,128,131072,77542,False,llama_chat_v4,5d2869822989e19b
FRED_0095_8K,FRED_0095,FRED,ENTITY_UNIT_BINDING,8K,8086,8329,243,128,131072,73471,False,llama_chat_v4,5d2869822989e19b
FRED_0095_16K,FRED_0095,FRED,ENTITY_UNIT_BINDING,16K,16135,16378,243,128,131072,65422,False,llama_chat_v4,5d2869822989e19b
FRED_0095_32K,FRED_0095,FRED,ENTITY_UNIT_BINDING,32K,32346,32589,243,128,131072,49211,False,llama_chat_v4,5d2869822989e19b
FRED_0095_64K,FRED_0095,FRED,ENTITY_UNIT_BINDING,64K,64719,64962,243,128,131072,16838,False,llama_chat_v4,5d2869822989e19b
FRED_0095_82K,FRED_0095,FRED,ENTITY_UNIT_BINDING,82K,81552,81795,243,128,131072,5,True,llama_chat_v4,5d2869822989e19b
FRED_0096_4K,FRED_0096,FRED,ENTITY_UNIT_BINDING,4K,4000,4250,250,128,131072,77550,False,llama_chat_v4,5d2869822989e19b
FRED_0096_8K,FRED_0096,FRED,ENTITY_UNIT_BINDING,8K,8023,8273,250,128,131072,73527,False,llama_chat_v4,5d2869822989e19b
FRED_0096_16K,FRED_0096,FRED,ENTITY_UNIT_BINDING,16K,16173,16423,250,128,131072,65377,False,llama_chat_v4,5d2869822989e19b
FRED_0096_32K,FRED_0096,FRED,ENTITY_UNIT_BINDING,32K,32349,32599,250,128,131072,49201,False,llama_chat_v4,5d2869822989e19b
FRED_0096_64K,FRED_0096,FRED,ENTITY_UNIT_BINDING,64K,64713,64963,250,128,131072,16837,False,llama_chat_v4,5d2869822989e19b
FRED_0096_82K,FRED_0096,FRED,ENTITY_UNIT_BINDING,82K,81494,81744,250,128,131072,56,True,llama_chat_v4,5d2869822989e19b
FRED_0097_4K,FRED_0097,FRED,ENTITY_UNIT_BINDING,4K,3979,4219,240,128,131072,77581,False,llama_chat_v4,5d2869822989e19b
FRED_0097_8K,FRED_0097,FRED,ENTITY_UNIT_BINDING,8K,8091,8331,240,128,131072,73469,False,llama_chat_v4,5d2869822989e19b
FRED_0097_16K,FRED_0097,FRED,ENTITY_UNIT_BINDING,16K,16134,16374,240,128,131072,65426,False,llama_chat_v4,5d2869822989e19b
FRED_0097_32K,FRED_0097,FRED,ENTITY_UNIT_BINDING,32K,32369,32609,240,128,131072,49191,False,llama_chat_v4,5d2869822989e19b
FRED_0097_64K,FRED_0097,FRED,ENTITY_UNIT_BINDING,64K,64714,64954,240,128,131072,16846,False,llama_chat_v4,5d2869822989e19b
FRED_0097_82K,FRED_0097,FRED,ENTITY_UNIT_BINDING,82K,81483,81723,240,128,131072,77,True,llama_chat_v4,5d2869822989e19b
FRED_0098_4K,FRED_0098,FRED,ENTITY_UNIT_BINDING,4K,4012,4259,247,128,131072,77541,False,llama_chat_v4,5d2869822989e19b
FRED_0098_8K,FRED_0098,FRED,ENTITY_UNIT_BINDING,8K,8063,8310,247,128,131072,73490,False,llama_chat_v4,5d2869822989e19b
FRED_0098_16K,FRED_0098,FRED,ENTITY_UNIT_BINDING,16K,16181,16428,247,128,131072,65372,False,llama_chat_v4,5d2869822989e19b
FRED_0098_32K,FRED_0098,FRED,ENTITY_UNIT_BINDING,32K,32331,32578,247,128,131072,49222,False,llama_chat_v4,5d2869822989e19b
FRED_0098_64K,FRED_0098,FRED,ENTITY_UNIT_BINDING,64K,64720,64967,247,128,131072,16833,False,llama_chat_v4,5d2869822989e19b
FRED_0098_82K,FRED_0098,FRED,ENTITY_UNIT_BINDING,82K,81490,81737,247,128,131072,63,True,llama_chat_v4,5d2869822989e19b
FRED_0099_4K,FRED_0099,FRED,ENTITY_UNIT_BINDING,4K,3980,4215,235,128,131072,77585,False,llama_chat_v4,5d2869822989e19b
FRED_0099_8K,FRED_0099,FRED,ENTITY_UNIT_BINDING,8K,8045,8280,235,128,131072,73520,False,llama_chat_v4,5d2869822989e19b
FRED_0099_16K,FRED_0099,FRED,ENTITY_UNIT_BINDING,16K,16175,16410,235,128,131072,65390,False,llama_chat_v4,5d2869822989e19b
FRED_0099_32K,FRED_0099,FRED,ENTITY_UNIT_BINDING,32K,32323,32558,235,128,131072,49242,False,llama_chat_v4,5d2869822989e19b
FRED_0099_64K,FRED_0099,FRED,ENTITY_UNIT_BINDING,64K,64725,64960,235,128,131072,16840,False,llama_chat_v4,5d2869822989e19b
FRED_0099_82K,FRED_0099,FRED,ENTITY_UNIT_BINDING,82K,81494,81729,235,128,131072,71,True,llama_chat_v4,5d2869822989e19b
FRED_0100_4K,FRED_0100,FRED,ENTITY_UNIT_BINDING,4K,4046,4281,235,128,131072,77519,False,llama_chat_v4,5d2869822989e19b
FRED_0100_8K,FRED_0100,FRED,ENTITY_UNIT_BINDING,8K,8032,8267,235,128,131072,73533,False,llama_chat_v4,5d2869822989e19b
FRED_0100_16K,FRED_0100,FRED,ENTITY_UNIT_BINDING,16K,16181,16416,235,128,131072,65384,False,llama_chat_v4,5d2869822989e19b
FRED_0100_32K,FRED_0100,FRED,ENTITY_UNIT_BINDING,32K,32346,32581,235,128,131072,49219,False,llama_chat_v4,5d2869822989e19b
FRED_0100_64K,FRED_0100,FRED,ENTITY_UNIT_BINDING,64K,64733,64968,235,128,131072,16832,False,llama_chat_v4,5d2869822989e19b
FRED_0100_82K,FRED_0100,FRED,ENTITY_UNIT_BINDING,82K,81490,81725,235,128,131072,75,True,llama_chat_v4,5d2869822989e19b
FRED_0101_4K,FRED_0101,FRED,ENTITY_UNIT_BINDING,4K,4044,4306,262,128,131072,77494,False,llama_chat_v4,5d2869822989e19b
FRED_0101_8K,FRED_0101,FRED,ENTITY_UNIT_BINDING,8K,8081,8343,262,128,131072,73457,False,llama_chat_v4,5d2869822989e19b
FRED_0101_16K,FRED_0101,FRED,ENTITY_UNIT_BINDING,16K,16179,16441,262,128,131072,65359,False,llama_chat_v4,5d2869822989e19b
FRED_0101_32K,FRED_0101,FRED,ENTITY_UNIT_BINDING,32K,32334,32596,262,128,131072,49204,False,llama_chat_v4,5d2869822989e19b
FRED_0101_64K,FRED_0101,FRED,ENTITY_UNIT_BINDING,64K,64705,64967,262,128,131072,16833,False,llama_chat_v4,5d2869822989e19b
FRED_0101_82K,FRED_0101,FRED,ENTITY_UNIT_BINDING,82K,81501,81763,262,128,131072,37,True,llama_chat_v4,5d2869822989e19b
FRED_0102_4K,FRED_0102,FRED,ENTITY_UNIT_BINDING,4K,4006,4242,236,128,131072,77558,False,llama_chat_v4,5d2869822989e19b
FRED_0102_8K,FRED_0102,FRED,ENTITY_UNIT_BINDING,8K,8059,8295,236,128,131072,73505,False,llama_chat_v4,5d2869822989e19b
FRED_0102_16K,FRED_0102,FRED,ENTITY_UNIT_BINDING,16K,16115,16351,236,128,131072,65449,False,llama_chat_v4,5d2869822989e19b
FRED_0102_32K,FRED_0102,FRED,ENTITY_UNIT_BINDING,32K,32306,32542,236,128,131072,49258,False,llama_chat_v4,5d2869822989e19b
FRED_0102_64K,FRED_0102,FRED,ENTITY_UNIT_BINDING,64K,64724,64960,236,128,131072,16840,False,llama_chat_v4,5d2869822989e19b
FRED_0102_82K,FRED_0102,FRED,ENTITY_UNIT_BINDING,82K,81545,81781,236,128,131072,19,True,llama_chat_v4,5d2869822989e19b
FRED_0103_4K,FRED_0103,FRED,ENTITY_UNIT_BINDING,4K,3997,4232,235,128,131072,77568,False,llama_chat_v4,5d2869822989e19b
FRED_0103_8K,FRED_0103,FRED,ENTITY_UNIT_BINDING,8K,8091,8326,235,128,131072,73474,False,llama_chat_v4,5d2869822989e19b
FRED_0103_16K,FRED_0103,FRED,ENTITY_UNIT_BINDING,16K,16136,16371,235,128,131072,65429,False,llama_chat_v4,5d2869822989e19b
FRED_0103_32K,FRED_0103,FRED,ENTITY_UNIT_BINDING,32K,32300,32535,235,128,131072,49265,False,llama_chat_v4,5d2869822989e19b
FRED_0103_64K,FRED_0103,FRED,ENTITY_UNIT_BINDING,64K,64669,64904,235,128,131072,16896,False,llama_chat_v4,5d2869822989e19b
FRED_0103_82K,FRED_0103,FRED,ENTITY_UNIT_BINDING,82K,81495,81730,235,128,131072,70,True,llama_chat_v4,5d2869822989e19b
FRED_0104_4K,FRED_0104,FRED,ENTITY_UNIT_BINDING,4K,3990,4226,236,128,131072,77574,False,llama_chat_v4,5d2869822989e19b
FRED_0104_8K,FRED_0104,FRED,ENTITY_UNIT_BINDING,8K,8031,8267,236,128,131072,73533,False,llama_chat_v4,5d2869822989e19b
FRED_0104_16K,FRED_0104,FRED,ENTITY_UNIT_BINDING,16K,16135,16371,236,128,131072,65429,False,llama_chat_v4,5d2869822989e19b
FRED_0104_32K,FRED_0104,FRED,ENTITY_UNIT_BINDING,32K,32350,32586,236,128,131072,49214,False,llama_chat_v4,5d2869822989e19b
FRED_0104_64K,FRED_0104,FRED,ENTITY_UNIT_BINDING,64K,64658,64894,236,128,131072,16906,False,llama_chat_v4,5d2869822989e19b
FRED_0104_82K,FRED_0104,FRED,ENTITY_UNIT_BINDING,82K,81536,81772,236,128,131072,28,True,llama_chat_v4,5d2869822989e19b
FRED_0105_4K,FRED_0105,FRED,ENTITY_UNIT_BINDING,4K,4038,4273,235,128,131072,77527,False,llama_chat_v4,5d2869822989e19b
FRED_0105_8K,FRED_0105,FRED,ENTITY_UNIT_BINDING,8K,8053,8288,235,128,131072,73512,False,llama_chat_v4,5d2869822989e19b
FRED_0105_16K,FRED_0105,FRED,ENTITY_UNIT_BINDING,16K,16180,16415,235,128,131072,65385,False,llama_chat_v4,5d2869822989e19b
FRED_0105_32K,FRED_0105,FRED,ENTITY_UNIT_BINDING,32K,32360,32595,235,128,131072,49205,False,llama_chat_v4,5d2869822989e19b
FRED_0105_64K,FRED_0105,FRED,ENTITY_UNIT_BINDING,64K,64671,64906,235,128,131072,16894,False,llama_chat_v4,5d2869822989e19b
FRED_0105_82K,FRED_0105,FRED,ENTITY_UNIT_BINDING,82K,81491,81726,235,128,131072,74,True,llama_chat_v4,5d2869822989e19b
FRED_0106_4K,FRED_0106,FRED,UNANSWERABLE,4K,4026,4268,242,128,131072,77532,False,llama_chat_v4,5d2869822989e19b
FRED_0106_8K,FRED_0106,FRED,UNANSWERABLE,8K,8092,8334,242,128,131072,73466,False,llama_chat_v4,5d2869822989e19b
FRED_0106_16K,FRED_0106,FRED,UNANSWERABLE,16K,16124,16366,242,128,131072,65434,False,llama_chat_v4,5d2869822989e19b
FRED_0106_32K,FRED_0106,FRED,UNANSWERABLE,32K,32354,32596,242,128,131072,49204,False,llama_chat_v4,5d2869822989e19b
FRED_0106_64K,FRED_0106,FRED,UNANSWERABLE,64K,64755,64997,242,128,131072,16803,False,llama_chat_v4,5d2869822989e19b
FRED_0106_82K,FRED_0106,FRED,UNANSWERABLE,82K,81499,81741,242,128,131072,59,True,llama_chat_v4,5d2869822989e19b
FRED_0107_4K,FRED_0107,FRED,UNANSWERABLE,4K,4013,4255,242,128,131072,77545,False,llama_chat_v4,5d2869822989e19b
FRED_0107_8K,FRED_0107,FRED,UNANSWERABLE,8K,8088,8330,242,128,131072,73470,False,llama_chat_v4,5d2869822989e19b
FRED_0107_16K,FRED_0107,FRED,UNANSWERABLE,16K,16141,16383,242,128,131072,65417,False,llama_chat_v4,5d2869822989e19b
FRED_0107_32K,FRED_0107,FRED,UNANSWERABLE,32K,32343,32585,242,128,131072,49215,False,llama_chat_v4,5d2869822989e19b
FRED_0107_64K,FRED_0107,FRED,UNANSWERABLE,64K,64738,64980,242,128,131072,16820,False,llama_chat_v4,5d2869822989e19b
FRED_0107_82K,FRED_0107,FRED,UNANSWERABLE,82K,81540,81782,242,128,131072,18,True,llama_chat_v4,5d2869822989e19b
FRED_0108_4K,FRED_0108,FRED,UNANSWERABLE,4K,4020,4262,242,128,131072,77538,False,llama_chat_v4,5d2869822989e19b
FRED_0108_8K,FRED_0108,FRED,UNANSWERABLE,8K,8053,8295,242,128,131072,73505,False,llama_chat_v4,5d2869822989e19b
FRED_0108_16K,FRED_0108,FRED,UNANSWERABLE,16K,16145,16387,242,128,131072,65413,False,llama_chat_v4,5d2869822989e19b
FRED_0108_32K,FRED_0108,FRED,UNANSWERABLE,32K,32374,32616,242,128,131072,49184,False,llama_chat_v4,5d2869822989e19b
FRED_0108_64K,FRED_0108,FRED,UNANSWERABLE,64K,64751,64993,242,128,131072,16807,False,llama_chat_v4,5d2869822989e19b
FRED_0108_82K,FRED_0108,FRED,UNANSWERABLE,82K,81471,81713,242,128,131072,87,True,llama_chat_v4,5d2869822989e19b
FRED_0109_4K,FRED_0109,FRED,UNANSWERABLE,4K,4019,4261,242,128,131072,77539,False,llama_chat_v4,5d2869822989e19b
FRED_0109_8K,FRED_0109,FRED,UNANSWERABLE,8K,8089,8331,242,128,131072,73469,False,llama_chat_v4,5d2869822989e19b
FRED_0109_16K,FRED_0109,FRED,UNANSWERABLE,16K,16178,16420,242,128,131072,65380,False,llama_chat_v4,5d2869822989e19b
FRED_0109_32K,FRED_0109,FRED,UNANSWERABLE,32K,32370,32612,242,128,131072,49188,False,llama_chat_v4,5d2869822989e19b
FRED_0109_64K,FRED_0109,FRED,UNANSWERABLE,64K,64742,64984,242,128,131072,16816,False,llama_chat_v4,5d2869822989e19b
FRED_0109_82K,FRED_0109,FRED,UNANSWERABLE,82K,81482,81724,242,128,131072,76,True,llama_chat_v4,5d2869822989e19b
FRED_0110_4K,FRED_0110,FRED,UNANSWERABLE,4K,4024,4266,242,128,131072,77534,False,llama_chat_v4,5d2869822989e19b
FRED_0110_8K,FRED_0110,FRED,UNANSWERABLE,8K,8069,8311,242,128,131072,73489,False,llama_chat_v4,5d2869822989e19b
FRED_0110_16K,FRED_0110,FRED,UNANSWERABLE,16K,16170,16412,242,128,131072,65388,False,llama_chat_v4,5d2869822989e19b
FRED_0110_32K,FRED_0110,FRED,UNANSWERABLE,32K,32383,32625,242,128,131072,49175,False,llama_chat_v4,5d2869822989e19b
FRED_0110_64K,FRED_0110,FRED,UNANSWERABLE,64K,64734,64976,242,128,131072,16824,False,llama_chat_v4,5d2869822989e19b
FRED_0110_82K,FRED_0110,FRED,UNANSWERABLE,82K,81508,81750,242,128,131072,50,True,llama_chat_v4,5d2869822989e19b
FRED_0111_4K,FRED_0111,FRED,UNANSWERABLE,4K,4042,4284,242,128,131072,77516,False,llama_chat_v4,5d2869822989e19b
FRED_0111_8K,FRED_0111,FRED,UNANSWERABLE,8K,8035,8277,242,128,131072,73523,False,llama_chat_v4,5d2869822989e19b
FRED_0111_16K,FRED_0111,FRED,UNANSWERABLE,16K,16126,16368,242,128,131072,65432,False,llama_chat_v4,5d2869822989e19b
FRED_0111_32K,FRED_0111,FRED,UNANSWERABLE,32K,32356,32598,242,128,131072,49202,False,llama_chat_v4,5d2869822989e19b
FRED_0111_64K,FRED_0111,FRED,UNANSWERABLE,64K,64760,65002,242,128,131072,16798,False,llama_chat_v4,5d2869822989e19b
FRED_0111_82K,FRED_0111,FRED,UNANSWERABLE,82K,81498,81740,242,128,131072,60,True,llama_chat_v4,5d2869822989e19b
FRED_0112_4K,FRED_0112,FRED,UNANSWERABLE,4K,4048,4290,242,128,131072,77510,False,llama_chat_v4,5d2869822989e19b
FRED_0112_8K,FRED_0112,FRED,UNANSWERABLE,8K,8067,8309,242,128,131072,73491,False,llama_chat_v4,5d2869822989e19b
FRED_0112_16K,FRED_0112,FRED,UNANSWERABLE,16K,16128,16370,242,128,131072,65430,False,llama_chat_v4,5d2869822989e19b
FRED_0112_32K,FRED_0112,FRED,UNANSWERABLE,32K,32386,32628,242,128,131072,49172,False,llama_chat_v4,5d2869822989e19b
FRED_0112_64K,FRED_0112,FRED,UNANSWERABLE,64K,64709,64951,242,128,131072,16849,False,llama_chat_v4,5d2869822989e19b
FRED_0112_82K,FRED_0112,FRED,UNANSWERABLE,82K,81555,81797,242,128,131072,3,True,llama_chat_v4,5d2869822989e19b
FRED_0113_4K,FRED_0113,FRED,UNANSWERABLE,4K,4015,4257,242,128,131072,77543,False,llama_chat_v4,5d2869822989e19b
FRED_0113_8K,FRED_0113,FRED,UNANSWERABLE,8K,8079,8321,242,128,131072,73479,False,llama_chat_v4,5d2869822989e19b
FRED_0113_16K,FRED_0113,FRED,UNANSWERABLE,16K,16180,16422,242,128,131072,65378,False,llama_chat_v4,5d2869822989e19b
FRED_0113_32K,FRED_0113,FRED,UNANSWERABLE,32K,32375,32617,242,128,131072,49183,False,llama_chat_v4,5d2869822989e19b
FRED_0113_64K,FRED_0113,FRED,UNANSWERABLE,64K,64757,64999,242,128,131072,16801,False,llama_chat_v4,5d2869822989e19b
FRED_0113_82K,FRED_0113,FRED,UNANSWERABLE,82K,81489,81731,242,128,131072,69,True,llama_chat_v4,5d2869822989e19b
FRED_0114_4K,FRED_0114,FRED,UNANSWERABLE,4K,3999,4241,242,128,131072,77559,False,llama_chat_v4,5d2869822989e19b
FRED_0114_8K,FRED_0114,FRED,UNANSWERABLE,8K,8046,8288,242,128,131072,73512,False,llama_chat_v4,5d2869822989e19b
FRED_0114_16K,FRED_0114,FRED,UNANSWERABLE,16K,16141,16383,242,128,131072,65417,False,llama_chat_v4,5d2869822989e19b
FRED_0114_32K,FRED_0114,FRED,UNANSWERABLE,32K,32351,32593,242,128,131072,49207,False,llama_chat_v4,5d2869822989e19b
FRED_0114_64K,FRED_0114,FRED,UNANSWERABLE,64K,64767,65009,242,128,131072,16791,False,llama_chat_v4,5d2869822989e19b
FRED_0114_82K,FRED_0114,FRED,UNANSWERABLE,82K,81517,81759,242,128,131072,41,True,llama_chat_v4,5d2869822989e19b
FRED_0115_4K,FRED_0115,FRED,UNANSWERABLE,4K,4015,4257,242,128,131072,77543,False,llama_chat_v4,5d2869822989e19b
FRED_0115_8K,FRED_0115,FRED,UNANSWERABLE,8K,8070,8312,242,128,131072,73488,False,llama_chat_v4,5d2869822989e19b
FRED_0115_16K,FRED_0115,FRED,UNANSWERABLE,16K,16146,16388,242,128,131072,65412,False,llama_chat_v4,5d2869822989e19b
FRED_0115_32K,FRED_0115,FRED,UNANSWERABLE,32K,32338,32580,242,128,131072,49220,False,llama_chat_v4,5d2869822989e19b
FRED_0115_64K,FRED_0115,FRED,UNANSWERABLE,64K,64722,64964,242,128,131072,16836,False,llama_chat_v4,5d2869822989e19b
FRED_0115_82K,FRED_0115,FRED,UNANSWERABLE,82K,81481,81723,242,128,131072,77,True,llama_chat_v4,5d2869822989e19b
FRED_0116_4K,FRED_0116,FRED,UNANSWERABLE,4K,4016,4258,242,128,131072,77542,False,llama_chat_v4,5d2869822989e19b
FRED_0116_8K,FRED_0116,FRED,UNANSWERABLE,8K,8090,8332,242,128,131072,73468,False,llama_chat_v4,5d2869822989e19b
FRED_0116_16K,FRED_0116,FRED,UNANSWERABLE,16K,16134,16376,242,128,131072,65424,False,llama_chat_v4,5d2869822989e19b
FRED_0116_32K,FRED_0116,FRED,UNANSWERABLE,32K,32320,32562,242,128,131072,49238,False,llama_chat_v4,5d2869822989e19b
FRED_0116_64K,FRED_0116,FRED,UNANSWERABLE,64K,64771,65013,242,128,131072,16787,False,llama_chat_v4,5d2869822989e19b
FRED_0116_82K,FRED_0116,FRED,UNANSWERABLE,82K,81556,81798,242,128,131072,2,True,llama_chat_v4,5d2869822989e19b
FRED_0117_4K,FRED_0117,FRED,UNANSWERABLE,4K,4023,4265,242,128,131072,77535,False,llama_chat_v4,5d2869822989e19b
FRED_0117_8K,FRED_0117,FRED,UNANSWERABLE,8K,8087,8329,242,128,131072,73471,False,llama_chat_v4,5d2869822989e19b
FRED_0117_16K,FRED_0117,FRED,UNANSWERABLE,16K,16184,16426,242,128,131072,65374,False,llama_chat_v4,5d2869822989e19b
FRED_0117_32K,FRED_0117,FRED,UNANSWERABLE,32K,32331,32573,242,128,131072,49227,False,llama_chat_v4,5d2869822989e19b
FRED_0117_64K,FRED_0117,FRED,UNANSWERABLE,64K,64709,64951,242,128,131072,16849,False,llama_chat_v4,5d2869822989e19b
FRED_0117_82K,FRED_0117,FRED,UNANSWERABLE,82K,81552,81794,242,128,131072,6,True,llama_chat_v4,5d2869822989e19b
FRED_0118_4K,FRED_0118,FRED,UNANSWERABLE,4K,4020,4262,242,128,131072,77538,False,llama_chat_v4,5d2869822989e19b
FRED_0118_8K,FRED_0118,FRED,UNANSWERABLE,8K,8085,8327,242,128,131072,73473,False,llama_chat_v4,5d2869822989e19b
FRED_0118_16K,FRED_0118,FRED,UNANSWERABLE,16K,16181,16423,242,128,131072,65377,False,llama_chat_v4,5d2869822989e19b
FRED_0118_32K,FRED_0118,FRED,UNANSWERABLE,32K,32323,32565,242,128,131072,49235,False,llama_chat_v4,5d2869822989e19b
FRED_0118_64K,FRED_0118,FRED,UNANSWERABLE,64K,64770,65012,242,128,131072,16788,False,llama_chat_v4,5d2869822989e19b
FRED_0118_82K,FRED_0118,FRED,UNANSWERABLE,82K,81490,81732,242,128,131072,68,True,llama_chat_v4,5d2869822989e19b
FRED_0119_4K,FRED_0119,FRED,UNANSWERABLE,4K,4041,4283,242,128,131072,77517,False,llama_chat_v4,5d2869822989e19b
FRED_0119_8K,FRED_0119,FRED,UNANSWERABLE,8K,8048,8290,242,128,131072,73510,False,llama_chat_v4,5d2869822989e19b
FRED_0119_16K,FRED_0119,FRED,UNANSWERABLE,16K,16177,16419,242,128,131072,65381,False,llama_chat_v4,5d2869822989e19b
FRED_0119_32K,FRED_0119,FRED,UNANSWERABLE,32K,32383,32625,242,128,131072,49175,False,llama_chat_v4,5d2869822989e19b
FRED_0119_64K,FRED_0119,FRED,UNANSWERABLE,64K,64770,65012,242,128,131072,16788,False,llama_chat_v4,5d2869822989e19b
FRED_0119_82K,FRED_0119,FRED,UNANSWERABLE,82K,81536,81778,242,128,131072,22,True,llama_chat_v4,5d2869822989e19b
FRED_0120_4K,FRED_0120,FRED,UNANSWERABLE,4K,4028,4270,242,128,131072,77530,False,llama_chat_v4,5d2869822989e19b
FRED_0120_8K,FRED_0120,FRED,UNANSWERABLE,8K,8083,8325,242,128,131072,73475,False,llama_chat_v4,5d2869822989e19b
FRED_0120_16K,FRED_0120,FRED,UNANSWERABLE,16K,16177,16419,242,128,131072,65381,False,llama_chat_v4,5d2869822989e19b
FRED_0120_32K,FRED_0120,FRED,UNANSWERABLE,32K,32346,32588,242,128,131072,49212,False,llama_chat_v4,5d2869822989e19b
FRED_0120_64K,FRED_0120,FRED,UNANSWERABLE,64K,64759,65001,242,128,131072,16799,False,llama_chat_v4,5d2869822989e19b
FRED_0120_82K,FRED_0120,FRED,UNANSWERABLE,82K,81517,81759,242,128,131072,41,True,llama_chat_v4,5d2869822989e19b
FRED_0121_4K,FRED_0121,FRED,UNANSWERABLE,4K,4048,4290,242,128,131072,77510,False,llama_chat_v4,5d2869822989e19b
FRED_0121_8K,FRED_0121,FRED,UNANSWERABLE,8K,8063,8305,242,128,131072,73495,False,llama_chat_v4,5d2869822989e19b
FRED_0121_16K,FRED_0121,FRED,UNANSWERABLE,16K,16145,16387,242,128,131072,65413,False,llama_chat_v4,5d2869822989e19b
FRED_0121_32K,FRED_0121,FRED,UNANSWERABLE,32K,32378,32620,242,128,131072,49180,False,llama_chat_v4,5d2869822989e19b
FRED_0121_64K,FRED_0121,FRED,UNANSWERABLE,64K,64774,65016,242,128,131072,16784,False,llama_chat_v4,5d2869822989e19b
FRED_0121_82K,FRED_0121,FRED,UNANSWERABLE,82K,81530,81772,242,128,131072,28,True,llama_chat_v4,5d2869822989e19b
FRED_0122_4K,FRED_0122,FRED,UNANSWERABLE,4K,4009,4251,242,128,131072,77549,False,llama_chat_v4,5d2869822989e19b
FRED_0122_8K,FRED_0122,FRED,UNANSWERABLE,8K,8082,8324,242,128,131072,73476,False,llama_chat_v4,5d2869822989e19b
FRED_0122_16K,FRED_0122,FRED,UNANSWERABLE,16K,16192,16434,242,128,131072,65366,False,llama_chat_v4,5d2869822989e19b
FRED_0122_32K,FRED_0122,FRED,UNANSWERABLE,32K,32318,32560,242,128,131072,49240,False,llama_chat_v4,5d2869822989e19b
FRED_0122_64K,FRED_0122,FRED,UNANSWERABLE,64K,64753,64995,242,128,131072,16805,False,llama_chat_v4,5d2869822989e19b
FRED_0122_82K,FRED_0122,FRED,UNANSWERABLE,82K,81549,81791,242,128,131072,9,True,llama_chat_v4,5d2869822989e19b
FRED_0123_4K,FRED_0123,FRED,UNANSWERABLE,4K,4046,4288,242,128,131072,77512,False,llama_chat_v4,5d2869822989e19b
FRED_0123_8K,FRED_0123,FRED,UNANSWERABLE,8K,8087,8329,242,128,131072,73471,False,llama_chat_v4,5d2869822989e19b
FRED_0123_16K,FRED_0123,FRED,UNANSWERABLE,16K,16162,16404,242,128,131072,65396,False,llama_chat_v4,5d2869822989e19b
FRED_0123_32K,FRED_0123,FRED,UNANSWERABLE,32K,32383,32625,242,128,131072,49175,False,llama_chat_v4,5d2869822989e19b
FRED_0123_64K,FRED_0123,FRED,UNANSWERABLE,64K,64754,64996,242,128,131072,16804,False,llama_chat_v4,5d2869822989e19b
FRED_0123_82K,FRED_0123,FRED,UNANSWERABLE,82K,81531,81773,242,128,131072,27,True,llama_chat_v4,5d2869822989e19b
FRED_0124_4K,FRED_0124,FRED,UNANSWERABLE,4K,4044,4286,242,128,131072,77514,False,llama_chat_v4,5d2869822989e19b
FRED_0124_8K,FRED_0124,FRED,UNANSWERABLE,8K,8069,8311,242,128,131072,73489,False,llama_chat_v4,5d2869822989e19b
FRED_0124_16K,FRED_0124,FRED,UNANSWERABLE,16K,16189,16431,242,128,131072,65369,False,llama_chat_v4,5d2869822989e19b
FRED_0124_32K,FRED_0124,FRED,UNANSWERABLE,32K,32386,32628,242,128,131072,49172,False,llama_chat_v4,5d2869822989e19b
FRED_0124_64K,FRED_0124,FRED,UNANSWERABLE,64K,64725,64967,242,128,131072,16833,False,llama_chat_v4,5d2869822989e19b
FRED_0124_82K,FRED_0124,FRED,UNANSWERABLE,82K,81535,81777,242,128,131072,23,True,llama_chat_v4,5d2869822989e19b
FRED_0125_4K,FRED_0125,FRED,UNANSWERABLE,4K,4042,4284,242,128,131072,77516,False,llama_chat_v4,5d2869822989e19b
FRED_0125_8K,FRED_0125,FRED,UNANSWERABLE,8K,8035,8277,242,128,131072,73523,False,llama_chat_v4,5d2869822989e19b
FRED_0125_16K,FRED_0125,FRED,UNANSWERABLE,16K,16191,16433,242,128,131072,65367,False,llama_chat_v4,5d2869822989e19b
FRED_0125_32K,FRED_0125,FRED,UNANSWERABLE,32K,32365,32607,242,128,131072,49193,False,llama_chat_v4,5d2869822989e19b
FRED_0125_64K,FRED_0125,FRED,UNANSWERABLE,64K,64721,64963,242,128,131072,16837,False,llama_chat_v4,5d2869822989e19b
FRED_0125_82K,FRED_0125,FRED,UNANSWERABLE,82K,81553,81795,242,128,131072,5,True,llama_chat_v4,5d2869822989e19b
