model,model_label,instance_id,question_family_id,context_length_label,domain,question_type,answer_correct,accurate,inaccurate,input_tokens,context_log2
llama32_3b,Llama-3.2-3B-Instruct,FRED_0037_16K,FRED_0037,16K,FRED,DIRECT_RETRIEVAL,True,1,0,16465,14.00711489148271
llama32_3b,Llama-3.2-3B-Instruct,CT_0099_32K,CT_0099,32K,CLINICAL_TRIALS,ENTITY_UNIT_BINDING,True,1,0,32762,14.999735810460262
llama32_3b,Llama-3.2-3B-Instruct,FRED_0056_64K,FRED_0056,64K,FRED,RETRIEVAL_CALCULATION,False,0,1,64996,15.988063313725414
llama32_3b,Llama-3.2-3B-Instruct,SEC_0043_8K,SEC_0043,8K,SEC,DIRECT_RETRIEVAL,True,1,0,8381,13.032906677628251
llama32_3b,Llama-3.2-3B-Instruct,FDA_0007_8K,FDA_0007,8K,FDA,ENTITY_UNIT_BINDING,False,0,1,8280,13.015415052386688
llama32_3b,Llama-3.2-3B-Instruct,SEC_0073_32K,SEC_0073,32K,SEC,RETRIEVAL_CALCULATION,False,0,1,32743,14.998898890941275
llama32_3b,Llama-3.2-3B-Instruct,FDA_0010_64K,FDA_0010,64K,FDA,RETRIEVAL_CALCULATION,True,1,0,65011,15.988396225425697
llama32_3b,Llama-3.2-3B-Instruct,FRED_0033_16K,FRED_0033,16K,FRED,DIRECT_RETRIEVAL,False,0,1,16436,14.004571615167656
llama32_3b,Llama-3.2-3B-Instruct,SEC_0090_32K,SEC_0090,32K,SEC,TEMPORAL_VERSION,False,0,1,32733,14.99845821189793
llama32_3b,Llama-3.2-3B-Instruct,FRED_0017_8K,FRED_0017,8K,FRED,TEMPORAL_VERSION,True,1,0,8281,13.015589280397393
llama32_3b,Llama-3.2-3B-Instruct,SEC_0094_4K,SEC_0094,4K,SEC,ENTITY_UNIT_BINDING,True,1,0,4230,12.046441948007311
llama32_3b,Llama-3.2-3B-Instruct,FDA_0071_8K,FDA_0071,8K,FDA,RETRIEVAL_CALCULATION,False,0,1,8352,13.027905996569885
llama32_3b,Llama-3.2-3B-Instruct,SEC_0111_4K,SEC_0111,4K,SEC,UNANSWERABLE,True,1,0,4284,12.064742764750257
llama32_3b,Llama-3.2-3B-Instruct,CT_0062_32K,CT_0062,32K,CLINICAL_TRIALS,RETRIEVAL_CALCULATION,False,0,1,32797,15.001276234543251
llama32_3b,Llama-3.2-3B-Instruct,FDA_0042_16K,FDA_0042,16K,FDA,DIRECT_RETRIEVAL,True,1,0,16397,14.00114426262254
llama32_3b,Llama-3.2-3B-Instruct,CT_0027_8K,CT_0027,8K,CLINICAL_TRIALS,DIRECT_RETRIEVAL,True,1,0,8296,13.018200178813226
llama32_3b,Llama-3.2-3B-Instruct,SEC_0072_4K,SEC_0072,4K,SEC,RETRIEVAL_CALCULATION,False,0,1,4245,12.0515488384404
llama32_3b,Llama-3.2-3B-Instruct,CT_0070_4K,CT_0070,4K,CLINICAL_TRIALS,RETRIEVAL_CALCULATION,False,0,1,4297,12.069114061773938
llama32_3b,Llama-3.2-3B-Instruct,FDA_0008_32K,FDA_0008,32K,FDA,ENTITY_UNIT_BINDING,True,1,0,32628,14.993822936745916
llama32_3b,Llama-3.2-3B-Instruct,FRED_0098_8K,FRED_0098,8K,FRED,ENTITY_UNIT_BINDING,True,1,0,8310,13.020632761657707
llama32_3b,Llama-3.2-3B-Instruct,FRED_0010_64K,FRED_0010,64K,FRED,RETRIEVAL_CALCULATION,False,0,1,64981,15.987730325185758
llama32_3b,Llama-3.2-3B-Instruct,SEC_0013_16K,SEC_0013,16K,SEC,RETRIEVAL_CALCULATION,False,0,1,16524,14.01227534485612
llama32_3b,Llama-3.2-3B-Instruct,FRED_0051_16K,FRED_0051,16K,FRED,RETRIEVAL_CALCULATION,False,0,1,16434,14.004396051426534
llama32_3b,Llama-3.2-3B-Instruct,FDA_0101_64K,FDA_0101,64K,FDA,ENTITY_UNIT_BINDING,False,0,1,65079,15.989904462364976
llama32_3b,Llama-3.2-3B-Instruct,SEC_0050_4K,SEC_0050,4K,SEC,RETRIEVAL_CALCULATION,False,0,1,4335,12.081816278109198
llama32_3b,Llama-3.2-3B-Instruct,CT_0107_4K,CT_0107,4K,CLINICAL_TRIALS,UNANSWERABLE,False,0,1,4291,12.067098185748385
llama32_3b,Llama-3.2-3B-Instruct,CT_0102_64K,CT_0102,64K,CLINICAL_TRIALS,ENTITY_UNIT_BINDING,True,1,0,65226,15.993159537166061
llama32_3b,Llama-3.2-3B-Instruct,FRED_0091_16K,FRED_0091,16K,FRED,ENTITY_UNIT_BINDING,True,1,0,16424,14.003517912108602
llama32_3b,Llama-3.2-3B-Instruct,CT_0048_4K,CT_0048,4K,CLINICAL_TRIALS,RETRIEVAL_CALCULATION,True,1,0,4279,12.06305796362349
llama32_3b,Llama-3.2-3B-Instruct,SEC_0011_32K,SEC_0011,32K,SEC,RETRIEVAL_CALCULATION,False,0,1,32801,15.00145217832723
llama32_3b,Llama-3.2-3B-Instruct,FDA_0002_8K,FDA_0002,8K,FDA,DIRECT_RETRIEVAL,True,1,0,8296,13.018200178813226
llama32_3b,Llama-3.2-3B-Instruct,CT_0083_16K,CT_0083,16K,CLINICAL_TRIALS,ENTITY_UNIT_BINDING,True,1,0,16485,14.00886626655775
llama32_3b,Llama-3.2-3B-Instruct,CT_0013_4K,CT_0013,4K,CLINICAL_TRIALS,RETRIEVAL_CALCULATION,False,0,1,4329,12.079818085212354
llama32_3b,Llama-3.2-3B-Instruct,CT_0041_32K,CT_0041,32K,CLINICAL_TRIALS,DIRECT_RETRIEVAL,False,0,1,32709,14.997400032669495
llama32_3b,Llama-3.2-3B-Instruct,FDA_0041_4K,FDA_0041,4K,FDA,DIRECT_RETRIEVAL,True,1,0,4292,12.067434360756522
llama32_3b,Llama-3.2-3B-Instruct,SEC_0113_16K,SEC_0113,16K,SEC,UNANSWERABLE,True,1,0,16401,14.00149616092074
llama32_3b,Llama-3.2-3B-Instruct,SEC_0111_64K,SEC_0111,64K,SEC,UNANSWERABLE,False,0,1,65299,15.994773277812921
llama32_3b,Llama-3.2-3B-Instruct,FRED_0068_4K,FRED_0068,4K,FRED,RETRIEVAL_CALCULATION,False,0,1,4282,12.06406908038551
llama32_3b,Llama-3.2-3B-Instruct,CT_0106_64K,CT_0106,64K,CLINICAL_TRIALS,UNANSWERABLE,False,0,1,65168,15.991876099003415
llama32_3b,Llama-3.2-3B-Instruct,FRED_0067_16K,FRED_0067,16K,FRED,RETRIEVAL_CALCULATION,False,0,1,16408,14.002111776479852
llama32_3b,Llama-3.2-3B-Instruct,SEC_0117_16K,SEC_0117,16K,SEC,UNANSWERABLE,True,1,0,16471,14.007640527281902
llama32_3b,Llama-3.2-3B-Instruct,FDA_0033_8K,FDA_0033,8K,FDA,DIRECT_RETRIEVAL,False,0,1,8329,13.02392757717438
llama32_3b,Llama-3.2-3B-Instruct,CT_0112_64K,CT_0112,64K,CLINICAL_TRIALS,UNANSWERABLE,False,0,1,65097,15.990303437765995
llama32_3b,Llama-3.2-3B-Instruct,SEC_0014_16K,SEC_0014,16K,SEC,RETRIEVAL_CALCULATION,False,0,1,16440,14.004922678569045
llama32_3b,Llama-3.2-3B-Instruct,CT_0071_82K,CT_0071,82K,CLINICAL_TRIALS,RETRIEVAL_CALCULATION,False,0,1,81751,16.318948757697992
llama32_3b,Llama-3.2-3B-Instruct,CT_0119_32K,CT_0119,32K,CLINICAL_TRIALS,UNANSWERABLE,False,0,1,32696,14.996826528020659
llama32_3b,Llama-3.2-3B-Instruct,CT_0068_64K,CT_0068,64K,CLINICAL_TRIALS,RETRIEVAL_CALCULATION,False,0,1,65194,15.992451574549364
llama32_3b,Llama-3.2-3B-Instruct,FDA_0056_8K,FDA_0056,8K,FDA,RETRIEVAL_CALCULATION,False,0,1,8324,13.023061249735335
llama32_3b,Llama-3.2-3B-Instruct,CT_0067_16K,CT_0067,16K,CLINICAL_TRIALS,RETRIEVAL_CALCULATION,False,0,1,16510,14.01105249980062
llama32_3b,Llama-3.2-3B-Instruct,CT_0021_64K,CT_0021,64K,CLINICAL_TRIALS,UNANSWERABLE,False,0,1,65166,15.991831822144238
llama32_3b,Llama-3.2-3B-Instruct,FDA_0105_16K,FDA_0105,16K,FDA,ENTITY_UNIT_BINDING,False,0,1,16456,14.006326078524934
llama32_3b,Llama-3.2-3B-Instruct,FDA_0081_32K,FDA_0081,32K,FDA,TEMPORAL_VERSION,False,0,1,32640,14.994353436858859
llama32_3b,Llama-3.2-3B-Instruct,FRED_0115_32K,FRED_0115,32K,FRED,UNANSWERABLE,False,0,1,32580,14.99169898341288
llama32_3b,Llama-3.2-3B-Instruct,FRED_0089_82K,FRED_0089,82K,FRED,TEMPORAL_VERSION,False,0,1,81750,16.318931110160168
llama32_3b,Llama-3.2-3B-Instruct,FDA_0099_32K,FDA_0099,32K,FDA,ENTITY_UNIT_BINDING,True,1,0,32610,14.993026820635828
llama32_3b,Llama-3.2-3B-Instruct,FDA_0081_64K,FDA_0081,64K,FDA,TEMPORAL_VERSION,False,0,1,65064,15.989571898558868
llama32_3b,Llama-3.2-3B-Instruct,CT_0004_4K,CT_0004,4K,CLINICAL_TRIALS,DIRECT_RETRIEVAL,True,1,0,4253,12.054265139625764
llama32_3b,Llama-3.2-3B-Instruct,CT_0114_32K,CT_0114,32K,CLINICAL_TRIALS,UNANSWERABLE,False,0,1,32663,14.99536968380961
llama32_3b,Llama-3.2-3B-Instruct,SEC_0096_64K,SEC_0096,64K,SEC,ENTITY_UNIT_BINDING,False,0,1,65276,15.994265033718973
llama32_3b,Llama-3.2-3B-Instruct,FDA_0086_16K,FDA_0086,16K,FDA,TEMPORAL_VERSION,True,1,0,16413,14.002551341103736
llama32_3b,Llama-3.2-3B-Instruct,CT_0005_64K,CT_0005,64K,CLINICAL_TRIALS,DIRECT_RETRIEVAL,True,1,0,65161,15.991721124050857
llama32_3b,Llama-3.2-3B-Instruct,CT_0102_82K,CT_0102,82K,CLINICAL_TRIALS,ENTITY_UNIT_BINDING,True,1,0,81757,16.319054638391897
llama32_3b,Llama-3.2-3B-Instruct,SEC_0109_64K,SEC_0109,64K,SEC,UNANSWERABLE,False,0,1,65252,15.993734501091927
llama32_3b,Llama-3.2-3B-Instruct,SEC_0091_82K,SEC_0091,82K,SEC,TEMPORAL_VERSION,False,0,1,81800,16.319813222716473
llama32_3b,Llama-3.2-3B-Instruct,FDA_0119_82K,FDA_0119,82K,FDA,UNANSWERABLE,False,0,1,81737,16.318701672522057
llama32_3b,Llama-3.2-3B-Instruct,FDA_0005_32K,FDA_0005,32K,FDA,DIRECT_RETRIEVAL,True,1,0,32634,14.99408821118647
llama32_3b,Llama-3.2-3B-Instruct,CT_0063_32K,CT_0063,32K,CLINICAL_TRIALS,RETRIEVAL_CALCULATION,False,0,1,32763,14.999779845410005
llama32_3b,Llama-3.2-3B-Instruct,FDA_0040_8K,FDA_0040,8K,FDA,DIRECT_RETRIEVAL,True,1,0,8303,13.019416982944184
llama32_3b,Llama-3.2-3B-Instruct,CT_0125_64K,CT_0125,64K,CLINICAL_TRIALS,UNANSWERABLE,False,0,1,65242,15.993513388237128
llama32_3b,Llama-3.2-3B-Instruct,SEC_0039_32K,SEC_0039,32K,SEC,DIRECT_RETRIEVAL,False,0,1,32732,14.998414136589261
llama32_3b,Llama-3.2-3B-Instruct,SEC_0028_4K,SEC_0028,4K,SEC,DIRECT_RETRIEVAL,False,0,1,4245,12.0515488384404
llama32_3b,Llama-3.2-3B-Instruct,FDA_0005_82K,FDA_0005,82K,FDA,DIRECT_RETRIEVAL,False,0,1,81775,16.319372233857504
llama32_3b,Llama-3.2-3B-Instruct,SEC_0025_8K,SEC_0025,8K,SEC,UNANSWERABLE,True,1,0,8327,13.023581108623029
llama32_3b,Llama-3.2-3B-Instruct,SEC_0040_64K,SEC_0040,64K,SEC,DIRECT_RETRIEVAL,False,0,1,65234,15.993336473550265
llama32_3b,Llama-3.2-3B-Instruct,CT_0117_8K,CT_0117,8K,CLINICAL_TRIALS,UNANSWERABLE,False,0,1,8341,13.026004642978943
llama32_3b,Llama-3.2-3B-Instruct,CT_0038_64K,CT_0038,64K,CLINICAL_TRIALS,DIRECT_RETRIEVAL,True,1,0,65109,15.990569360082013
llama32_3b,Llama-3.2-3B-Instruct,SEC_0095_16K,SEC_0095,16K,SEC,ENTITY_UNIT_BINDING,False,0,1,16420,14.003166506665167
llama32_3b,Llama-3.2-3B-Instruct,FDA_0088_32K,FDA_0088,32K,FDA,TEMPORAL_VERSION,False,0,1,32642,14.99444183458205
llama32_3b,Llama-3.2-3B-Instruct,SEC_0121_82K,SEC_0121,82K,SEC,UNANSWERABLE,False,0,1,81704,16.318119089975497
llama32_3b,Llama-3.2-3B-Instruct,CT_0103_82K,CT_0103,82K,CLINICAL_TRIALS,ENTITY_UNIT_BINDING,False,0,1,81737,16.318701672522057
llama32_3b,Llama-3.2-3B-Instruct,FRED_0094_64K,FRED_0094,64K,FRED,ENTITY_UNIT_BINDING,False,0,1,64964,15.987352845239087
llama32_3b,Llama-3.2-3B-Instruct,CT_0066_32K,CT_0066,32K,CLINICAL_TRIALS,RETRIEVAL_CALCULATION,False,0,1,32667,14.995546349359
llama32_3b,Llama-3.2-3B-Instruct,SEC_0007_4K,SEC_0007,4K,SEC,ENTITY_UNIT_BINDING,False,0,1,4212,12.040289721025717
llama32_3b,Llama-3.2-3B-Instruct,FDA_0125_64K,FDA_0125,64K,FDA,UNANSWERABLE,False,0,1,65066,15.989616244829243
llama32_3b,Llama-3.2-3B-Instruct,FRED_0107_16K,FRED_0107,16K,FRED,UNANSWERABLE,False,0,1,16383,13.99991194219542
llama32_3b,Llama-3.2-3B-Instruct,SEC_0123_4K,SEC_0123,4K,SEC,UNANSWERABLE,True,1,0,4278,12.062720767165045
llama32_3b,Llama-3.2-3B-Instruct,FRED_0076_32K,FRED_0076,32K,FRED,TEMPORAL_VERSION,False,0,1,32552,14.99045856507371
llama32_3b,Llama-3.2-3B-Instruct,FRED_0123_16K,FRED_0123,16K,FRED,UNANSWERABLE,False,0,1,16404,14.001760028327217
llama32_3b,Llama-3.2-3B-Instruct,FRED_0040_82K,FRED_0040,82K,FRED,DIRECT_RETRIEVAL,False,0,1,81775,16.319372233857504
llama32_3b,Llama-3.2-3B-Instruct,FRED_0112_16K,FRED_0112,16K,FRED,UNANSWERABLE,True,1,0,16370,13.998766701361516
llama32_3b,Llama-3.2-3B-Instruct,CT_0058_8K,CT_0058,8K,CLINICAL_TRIALS,RETRIEVAL_CALCULATION,False,0,1,8307,13.020111839088086
llama32_3b,Llama-3.2-3B-Instruct,FRED_0070_16K,FRED_0070,16K,FRED,RETRIEVAL_CALCULATION,False,0,1,16444,14.005273656563938
llama32_3b,Llama-3.2-3B-Instruct,FRED_0028_4K,FRED_0028,4K,FRED,DIRECT_RETRIEVAL,False,0,1,4297,12.069114061773938
llama32_3b,Llama-3.2-3B-Instruct,SEC_0032_64K,SEC_0032,64K,SEC,DIRECT_RETRIEVAL,False,0,1,65327,15.995391768186408
llama32_3b,Llama-3.2-3B-Instruct,FRED_0039_16K,FRED_0039,16K,FRED,DIRECT_RETRIEVAL,False,0,1,16461,14.00676436119103
llama32_3b,Llama-3.2-3B-Instruct,FRED_0125_64K,FRED_0125,64K,FRED,UNANSWERABLE,False,0,1,64963,15.987330637460245
llama32_3b,Llama-3.2-3B-Instruct,SEC_0004_16K,SEC_0004,16K,SEC,DIRECT_RETRIEVAL,True,1,0,16480,14.00842862207058
llama32_3b,Llama-3.2-3B-Instruct,SEC_0041_82K,SEC_0041,82K,SEC,DIRECT_RETRIEVAL,True,1,0,81700,16.31804845792041
llama32_3b,Llama-3.2-3B-Instruct,CT_0013_32K,CT_0013,32K,CLINICAL_TRIALS,RETRIEVAL_CALCULATION,False,0,1,32741,14.998810765900574
llama32_3b,Llama-3.2-3B-Instruct,FDA_0068_32K,FDA_0068,32K,FDA,RETRIEVAL_CALCULATION,False,0,1,32709,14.997400032669495
llama32_3b,Llama-3.2-3B-Instruct,FRED_0027_8K,FRED_0027,8K,FRED,DIRECT_RETRIEVAL,False,0,1,8322,13.022714573044759
llama32_3b,Llama-3.2-3B-Instruct,FRED_0084_64K,FRED_0084,64K,FRED,TEMPORAL_VERSION,False,0,1,64970,15.987486084733778
llama32_3b,Llama-3.2-3B-Instruct,FRED_0061_16K,FRED_0061,16K,FRED,RETRIEVAL_CALCULATION,False,0,1,16483,14.008691224693802
llama32_3b,Llama-3.2-3B-Instruct,SEC_0083_64K,SEC_0083,64K,SEC,TEMPORAL_VERSION,False,0,1,65305,15.994905833787492
llama32_3b,Llama-3.2-3B-Instruct,CT_0096_4K,CT_0096,4K,CLINICAL_TRIALS,ENTITY_UNIT_BINDING,True,1,0,4290,12.066761932386909
llama32_3b,Llama-3.2-3B-Instruct,FDA_0069_8K,FDA_0069,8K,FDA,RETRIEVAL_CALCULATION,False,0,1,8324,13.023061249735335
llama32_3b,Llama-3.2-3B-Instruct,CT_0002_16K,CT_0002,16K,CLINICAL_TRIALS,DIRECT_RETRIEVAL,True,1,0,16398,14.001232245244363
llama32_3b,Llama-3.2-3B-Instruct,SEC_0033_16K,SEC_0033,16K,SEC,DIRECT_RETRIEVAL,False,0,1,16504,14.010528105886484
llama32_3b,Llama-3.2-3B-Instruct,SEC_0023_32K,SEC_0023,32K,SEC,UNANSWERABLE,False,0,1,32711,14.997488243922403
llama32_3b,Llama-3.2-3B-Instruct,FRED_0107_82K,FRED_0107,82K,FRED,UNANSWERABLE,False,0,1,81782,16.319495724326178
llama32_3b,Llama-3.2-3B-Instruct,FDA_0114_16K,FDA_0114,16K,FDA,UNANSWERABLE,False,0,1,16372,13.998942951443086
llama32_3b,Llama-3.2-3B-Instruct,CT_0034_16K,CT_0034,16K,CLINICAL_TRIALS,DIRECT_RETRIEVAL,True,1,0,16387,14.000264141169616
llama32_3b,Llama-3.2-3B-Instruct,CT_0065_16K,CT_0065,16K,CLINICAL_TRIALS,RETRIEVAL_CALCULATION,False,0,1,16461,14.00676436119103
llama32_3b,Llama-3.2-3B-Instruct,SEC_0076_64K,SEC_0076,64K,SEC,RETRIEVAL_CALCULATION,False,0,1,65300,15.994795371321155
llama32_3b,Llama-3.2-3B-Instruct,FRED_0116_32K,FRED_0116,32K,FRED,UNANSWERABLE,False,0,1,32562,14.990901694063554
llama32_3b,Llama-3.2-3B-Instruct,CT_0031_8K,CT_0031,8K,CLINICAL_TRIALS,DIRECT_RETRIEVAL,True,1,0,8337,13.025312619921719
llama32_3b,Llama-3.2-3B-Instruct,CT_0082_32K,CT_0082,32K,CLINICAL_TRIALS,ENTITY_UNIT_BINDING,True,1,0,32633,14.994044002166873
llama32_3b,Llama-3.2-3B-Instruct,FRED_0054_64K,FRED_0054,64K,FRED,RETRIEVAL_CALCULATION,False,0,1,65022,15.988640311857413
llama32_3b,Llama-3.2-3B-Instruct,FRED_0114_8K,FRED_0114,8K,FRED,UNANSWERABLE,True,1,0,8288,13.016808287686555
llama32_3b,Llama-3.2-3B-Instruct,FRED_0024_32K,FRED_0024,32K,FRED,UNANSWERABLE,True,1,0,32564,14.990990303530822
llama32_3b,Llama-3.2-3B-Instruct,FRED_0099_32K,FRED_0099,32K,FRED,ENTITY_UNIT_BINDING,True,1,0,32558,14.990724458800322
llama32_3b,Llama-3.2-3B-Instruct,FRED_0111_16K,FRED_0111,16K,FRED,UNANSWERABLE,True,1,0,16368,13.99859042974533
llama32_3b,Llama-3.2-3B-Instruct,SEC_0105_16K,SEC_0105,16K,SEC,ENTITY_UNIT_BINDING,False,0,1,16512,14.011227255423254
llama32_3b,Llama-3.2-3B-Instruct,FDA_0031_82K,FDA_0031,82K,FDA,DIRECT_RETRIEVAL,True,1,0,81698,16.31801314059606
llama32_3b,Llama-3.2-3B-Instruct,CT_0049_82K,CT_0049,82K,CLINICAL_TRIALS,RETRIEVAL_CALCULATION,False,0,1,81730,16.318578114063257
llama32_3b,Llama-3.2-3B-Instruct,CT_0095_64K,CT_0095,64K,CLINICAL_TRIALS,ENTITY_UNIT_BINDING,False,0,1,65198,15.992540088877933
llama32_3b,Llama-3.2-3B-Instruct,SEC_0068_8K,SEC_0068,8K,SEC,RETRIEVAL_CALCULATION,False,0,1,8402,13.036517070486518
llama32_3b,Llama-3.2-3B-Instruct,FDA_0092_4K,FDA_0092,4K,FDA,ENTITY_UNIT_BINDING,False,0,1,4221,12.04336911395769
llama32_3b,Llama-3.2-3B-Instruct,FDA_0079_32K,FDA_0079,32K,FDA,TEMPORAL_VERSION,False,0,1,32583,14.991831822144238
llama32_3b,Llama-3.2-3B-Instruct,FRED_0027_64K,FRED_0027,64K,FRED,DIRECT_RETRIEVAL,False,0,1,64958,15.987219593437985
llama32_3b,Llama-3.2-3B-Instruct,SEC_0107_4K,SEC_0107,4K,SEC,UNANSWERABLE,True,1,0,4272,12.060695931687555
llama32_3b,Llama-3.2-3B-Instruct,SEC_0010_8K,SEC_0010,8K,SEC,RETRIEVAL_CALCULATION,False,0,1,8387,13.033939140726387
llama32_3b,Llama-3.2-3B-Instruct,FDA_0053_8K,FDA_0053,8K,FDA,RETRIEVAL_CALCULATION,False,0,1,8296,13.018200178813226
llama32_3b,Llama-3.2-3B-Instruct,FRED_0086_8K,FRED_0086,8K,FRED,TEMPORAL_VERSION,True,1,0,8339,13.0256586729435
llama32_3b,Llama-3.2-3B-Instruct,SEC_0097_16K,SEC_0097,16K,SEC,ENTITY_UNIT_BINDING,False,0,1,16470,14.007552934613717
llama32_3b,Llama-3.2-3B-Instruct,SEC_0060_82K,SEC_0060,82K,SEC,RETRIEVAL_CALCULATION,False,0,1,81755,16.319019345690663
llama32_3b,Llama-3.2-3B-Instruct,CT_0004_8K,CT_0004,8K,CLINICAL_TRIALS,DIRECT_RETRIEVAL,True,1,0,8302,13.019243216603607
llama32_3b,Llama-3.2-3B-Instruct,SEC_0093_16K,SEC_0093,16K,SEC,TEMPORAL_VERSION,False,0,1,16511,14.011139880257986
llama32_3b,Llama-3.2-3B-Instruct,FRED_0085_64K,FRED_0085,64K,FRED,TEMPORAL_VERSION,False,0,1,64940,15.98681976417345
llama32_3b,Llama-3.2-3B-Instruct,FRED_0009_4K,FRED_0009,4K,FRED,ENTITY_UNIT_BINDING,False,0,1,4271,12.060358182642142
llama32_3b,Llama-3.2-3B-Instruct,FDA_0050_82K,FDA_0050,82K,FDA,RETRIEVAL_CALCULATION,True,1,0,81721,16.318419237636913
llama32_3b,Llama-3.2-3B-Instruct,CT_0089_4K,CT_0089,4K,CLINICAL_TRIALS,ENTITY_UNIT_BINDING,True,1,0,4234,12.047805554007589
llama32_3b,Llama-3.2-3B-Instruct,SEC_0070_16K,SEC_0070,16K,SEC,RETRIEVAL_CALCULATION,False,0,1,16538,14.013497154291704
llama32_3b,Llama-3.2-3B-Instruct,CT_0100_32K,CT_0100,32K,CLINICAL_TRIALS,ENTITY_UNIT_BINDING,True,1,0,32735,14.998546358475881
llama32_3b,Llama-3.2-3B-Instruct,CT_0057_8K,CT_0057,8K,CLINICAL_TRIALS,RETRIEVAL_CALCULATION,False,0,1,8285,13.016285982108814
llama32_3b,Llama-3.2-3B-Instruct,SEC_0029_4K,SEC_0029,4K,SEC,DIRECT_RETRIEVAL,False,0,1,4319,12.076481601207021
llama32_3b,Llama-3.2-3B-Instruct,CT_0061_8K,CT_0061,8K,CLINICAL_TRIALS,RETRIEVAL_CALCULATION,False,0,1,8354,13.028251428162793
llama32_3b,Llama-3.2-3B-Instruct,SEC_0101_16K,SEC_0101,16K,SEC,ENTITY_UNIT_BINDING,False,0,1,16446,14.00544911354693
llama32_3b,Llama-3.2-3B-Instruct,SEC_0043_4K,SEC_0043,4K,SEC,DIRECT_RETRIEVAL,True,1,0,4327,12.079151405421891
llama32_3b,Llama-3.2-3B-Instruct,FDA_0036_82K,FDA_0036,82K,FDA,DIRECT_RETRIEVAL,True,1,0,81709,16.31820737518177
llama32_3b,Llama-3.2-3B-Instruct,FRED_0022_82K,FRED_0022,82K,FRED,UNANSWERABLE,False,0,1,81766,16.319213444864147
llama32_3b,Llama-3.2-3B-Instruct,SEC_0037_64K,SEC_0037,64K,SEC,DIRECT_RETRIEVAL,True,1,0,65309,15.994994197671385
llama32_3b,Llama-3.2-3B-Instruct,CT_0005_8K,CT_0005,8K,CLINICAL_TRIALS,DIRECT_RETRIEVAL,True,1,0,8353,13.028078722704887
llama32_3b,Llama-3.2-3B-Instruct,SEC_0039_16K,SEC_0039,16K,SEC,DIRECT_RETRIEVAL,False,0,1,16498,14.010003521295205
llama32_3b,Llama-3.2-3B-Instruct,CT_0072_4K,CT_0072,4K,CLINICAL_TRIALS,RETRIEVAL_CALCULATION,False,0,1,4243,12.050868963290736
llama32_3b,Llama-3.2-3B-Instruct,FRED_0013_8K,FRED_0013,8K,FRED,RETRIEVAL_CALCULATION,False,0,1,8312,13.020979938904212
llama32_3b,Llama-3.2-3B-Instruct,FRED_0100_4K,FRED_0100,4K,FRED,ENTITY_UNIT_BINDING,False,0,1,4281,12.063732120196919
llama32_3b,Llama-3.2-3B-Instruct,FDA_0030_64K,FDA_0030,64K,FDA,DIRECT_RETRIEVAL,True,1,0,65062,15.989527550925313
llama32_3b,Llama-3.2-3B-Instruct,FDA_0031_64K,FDA_0031,64K,FDA,DIRECT_RETRIEVAL,True,1,0,65030,15.988817803327619
llama32_3b,Llama-3.2-3B-Instruct,FRED_0062_16K,FRED_0062,16K,FRED,RETRIEVAL_CALCULATION,False,0,1,16484,14.0087787482805
llama32_3b,Llama-3.2-3B-Instruct,FDA_0046_82K,FDA_0046,82K,FDA,RETRIEVAL_CALCULATION,True,1,0,81720,16.318401583620588
llama32_3b,Llama-3.2-3B-Instruct,FDA_0086_64K,FDA_0086,64K,FDA,TEMPORAL_VERSION,False,0,1,65057,15.989416675876965
llama32_3b,Llama-3.2-3B-Instruct,SEC_0016_32K,SEC_0016,32K,SEC,RETRIEVAL_CALCULATION,False,0,1,32742,14.9988548290938
llama32_3b,Llama-3.2-3B-Instruct,FRED_0028_32K,FRED_0028,32K,FRED,DIRECT_RETRIEVAL,False,0,1,32656,14.995060467032719
llama32_3b,Llama-3.2-3B-Instruct,CT_0027_32K,CT_0027,32K,CLINICAL_TRIALS,DIRECT_RETRIEVAL,True,1,0,32697,14.996870651857797
llama32_3b,Llama-3.2-3B-Instruct,FDA_0008_82K,FDA_0008,82K,FDA,ENTITY_UNIT_BINDING,True,1,0,81760,16.319107575824983
llama32_3b,Llama-3.2-3B-Instruct,FDA_0041_82K,FDA_0041,82K,FDA,DIRECT_RETRIEVAL,True,1,0,81758,16.319072284418755
llama32_3b,Llama-3.2-3B-Instruct,CT_0056_64K,CT_0056,64K,CLINICAL_TRIALS,RETRIEVAL_CALCULATION,False,0,1,65140,15.991256099283266
llama32_3b,Llama-3.2-3B-Instruct,FRED_0076_82K,FRED_0076,82K,FRED,TEMPORAL_VERSION,False,0,1,81764,16.319178156047638
llama32_3b,Llama-3.2-3B-Instruct,CT_0003_82K,CT_0003,82K,CLINICAL_TRIALS,DIRECT_RETRIEVAL,True,1,0,81727,16.318525157198476
llama32_3b,Llama-3.2-3B-Instruct,FRED_0080_4K,FRED_0080,4K,FRED,TEMPORAL_VERSION,True,1,0,4246,12.051888655905378
llama32_3b,Llama-3.2-3B-Instruct,CT_0119_16K,CT_0119,16K,CLINICAL_TRIALS,UNANSWERABLE,False,0,1,16406,14.001935913123642
llama32_3b,Llama-3.2-3B-Instruct,CT_0031_16K,CT_0031,16K,CLINICAL_TRIALS,DIRECT_RETRIEVAL,True,1,0,16434,14.004396051426534
llama32_3b,Llama-3.2-3B-Instruct,SEC_0086_16K,SEC_0086,16K,SEC,TEMPORAL_VERSION,False,0,1,16473,14.007815696665421
llama32_3b,Llama-3.2-3B-Instruct,CT_0057_16K,CT_0057,16K,CLINICAL_TRIALS,RETRIEVAL_CALCULATION,False,0,1,16391,14.000616254183969
llama32_3b,Llama-3.2-3B-Instruct,CT_0091_64K,CT_0091,64K,CLINICAL_TRIALS,ENTITY_UNIT_BINDING,True,1,0,65279,15.994331336581729
llama32_3b,Llama-3.2-3B-Instruct,FRED_0090_16K,FRED_0090,16K,FRED,ENTITY_UNIT_BINDING,True,1,0,16421,14.003254366050772
llama32_3b,Llama-3.2-3B-Instruct,FRED_0052_82K,FRED_0052,82K,FRED,RETRIEVAL_CALCULATION,False,0,1,81776,16.31938987600021
llama32_3b,Llama-3.2-3B-Instruct,SEC_0090_4K,SEC_0090,4K,SEC,TEMPORAL_VERSION,False,0,1,4347,12.085804380278086
llama32_3b,Llama-3.2-3B-Instruct,SEC_0097_4K,SEC_0097,4K,SEC,ENTITY_UNIT_BINDING,False,0,1,4226,12.04507705193494
llama32_3b,Llama-3.2-3B-Instruct,CT_0006_64K,CT_0006,64K,CLINICAL_TRIALS,ENTITY_UNIT_BINDING,False,0,1,65211,15.992827722946036
llama32_3b,Llama-3.2-3B-Instruct,SEC_0116_32K,SEC_0116,32K,SEC,UNANSWERABLE,False,0,1,32679,14.99607621624252
llama32_3b,Llama-3.2-3B-Instruct,SEC_0002_8K,SEC_0002,8K,SEC,DIRECT_RETRIEVAL,False,0,1,8305,13.019764452849738
llama32_3b,Llama-3.2-3B-Instruct,FRED_0098_4K,FRED_0098,4K,FRED,ENTITY_UNIT_BINDING,True,1,0,4259,12.056299014550337
llama32_3b,Llama-3.2-3B-Instruct,SEC_0053_64K,SEC_0053,64K,SEC,RETRIEVAL_CALCULATION,False,0,1,65257,15.993845044812407
llama32_3b,Llama-3.2-3B-Instruct,CT_0014_4K,CT_0014,4K,CLINICAL_TRIALS,RETRIEVAL_CALCULATION,False,0,1,4263,12.057653339963936
llama32_3b,Llama-3.2-3B-Instruct,FRED_0117_64K,FRED_0117,64K,FRED,UNANSWERABLE,False,0,1,64951,15.98706411744639
llama32_3b,Llama-3.2-3B-Instruct,FRED_0076_16K,FRED_0076,16K,FRED,TEMPORAL_VERSION,False,0,1,16422,14.003342220086113
llama32_3b,Llama-3.2-3B-Instruct,FRED_0043_82K,FRED_0043,82K,FRED,DIRECT_RETRIEVAL,True,1,0,81724,16.318472198389742
llama32_3b,Llama-3.2-3B-Instruct,FRED_0057_8K,FRED_0057,8K,FRED,RETRIEVAL_CALCULATION,True,1,0,8378,13.032390168866524
llama32_3b,Llama-3.2-3B-Instruct,CT_0111_64K,CT_0111,64K,CLINICAL_TRIALS,UNANSWERABLE,False,0,1,65163,15.991765404307479
llama32_3b,Llama-3.2-3B-Instruct,FDA_0009_32K,FDA_0009,32K,FDA,ENTITY_UNIT_BINDING,False,0,1,32635,14.994132418851395
llama32_3b,Llama-3.2-3B-Instruct,CT_0100_64K,CT_0100,64K,CLINICAL_TRIALS,ENTITY_UNIT_BINDING,True,1,0,65186,15.99227452959858
llama32_3b,Llama-3.2-3B-Instruct,SEC_0074_82K,SEC_0074,82K,SEC,RETRIEVAL_CALCULATION,False,0,1,81707,16.318172061747568
llama32_3b,Llama-3.2-3B-Instruct,SEC_0009_8K,SEC_0009,8K,SEC,RETRIEVAL_CALCULATION,False,0,1,8322,13.022714573044759
llama32_3b,Llama-3.2-3B-Instruct,FDA_0006_82K,FDA_0006,82K,FDA,ENTITY_UNIT_BINDING,False,0,1,81796,16.319742673556778
llama32_3b,Llama-3.2-3B-Instruct,FDA_0062_8K,FDA_0062,8K,FDA,RETRIEVAL_CALCULATION,False,0,1,8360,13.029287226968245
llama32_3b,Llama-3.2-3B-Instruct,SEC_0098_64K,SEC_0098,64K,SEC,ENTITY_UNIT_BINDING,True,1,0,65316,15.99514882144625
llama32_3b,Llama-3.2-3B-Instruct,FDA_0122_64K,FDA_0122,64K,FDA,UNANSWERABLE,False,0,1,65027,15.988751246585215
llama32_3b,Llama-3.2-3B-Instruct,FDA_0021_32K,FDA_0021,32K,FDA,UNANSWERABLE,False,0,1,32604,14.99276135094313
llama32_3b,Llama-3.2-3B-Instruct,SEC_0034_8K,SEC_0034,8K,SEC,DIRECT_RETRIEVAL,False,0,1,8322,13.022714573044759
llama32_3b,Llama-3.2-3B-Instruct,SEC_0106_8K,SEC_0106,8K,SEC,UNANSWERABLE,True,1,0,8313,13.021153496202572
llama32_3b,Llama-3.2-3B-Instruct,SEC_0004_4K,SEC_0004,4K,SEC,DIRECT_RETRIEVAL,True,1,0,4269,12.059682447247638
llama32_3b,Llama-3.2-3B-Instruct,SEC_0079_8K,SEC_0079,8K,SEC,TEMPORAL_VERSION,False,0,1,8299,13.018721791970178
llama32_3b,Llama-3.2-3B-Instruct,CT_0042_4K,CT_0042,4K,CLINICAL_TRIALS,DIRECT_RETRIEVAL,True,1,0,4229,12.046100845028802
llama32_3b,Llama-3.2-3B-Instruct,CT_0079_16K,CT_0079,16K,CLINICAL_TRIALS,ENTITY_UNIT_BINDING,True,1,0,16474,14.007903273382047
llama32_3b,Llama-3.2-3B-Instruct,CT_0060_8K,CT_0060,8K,CLINICAL_TRIALS,RETRIEVAL_CALCULATION,False,0,1,8361,13.029459787824965
llama32_3b,Llama-3.2-3B-Instruct,FRED_0090_64K,FRED_0090,64K,FRED,ENTITY_UNIT_BINDING,True,1,0,64975,15.987597108246925
llama32_3b,Llama-3.2-3B-Instruct,FRED_0033_32K,FRED_0033,32K,FRED,DIRECT_RETRIEVAL,False,0,1,32589,14.99209746291849
llama32_3b,Llama-3.2-3B-Instruct,SEC_0122_16K,SEC_0122,16K,SEC,UNANSWERABLE,True,1,0,16425,14.003605750097055
llama32_3b,Llama-3.2-3B-Instruct,FRED_0125_8K,FRED_0125,8K,FRED,UNANSWERABLE,True,1,0,8277,13.01489224207443
llama32_3b,Llama-3.2-3B-Instruct,FDA_0027_8K,FDA_0027,8K,FDA,DIRECT_RETRIEVAL,True,1,0,8296,13.018200178813226
llama32_3b,Llama-3.2-3B-Instruct,FDA_0052_32K,FDA_0052,32K,FDA,RETRIEVAL_CALCULATION,False,0,1,32641,14.9943976363975
llama32_3b,Llama-3.2-3B-Instruct,CT_0041_8K,CT_0041,8K,CLINICAL_TRIALS,DIRECT_RETRIEVAL,True,1,0,8293,13.017678376996377
llama32_3b,Llama-3.2-3B-Instruct,CT_0050_32K,CT_0050,32K,CLINICAL_TRIALS,RETRIEVAL_CALCULATION,False,0,1,32689,14.996517623368986
llama32_3b,Llama-3.2-3B-Instruct,SEC_0106_4K,SEC_0106,4K,SEC,UNANSWERABLE,True,1,0,4307,12.072467608241858
llama32_3b,Llama-3.2-3B-Instruct,FRED_0029_8K,FRED_0029,8K,FRED,DIRECT_RETRIEVAL,False,0,1,8289,13.016982347533649
llama32_3b,Llama-3.2-3B-Instruct,SEC_0073_4K,SEC_0073,4K,SEC,RETRIEVAL_CALCULATION,False,0,1,4340,12.083479327331842
llama32_3b,Llama-3.2-3B-Instruct,SEC_0088_16K,SEC_0088,16K,SEC,TEMPORAL_VERSION,True,1,0,16549,14.01445642204245
llama32_3b,Llama-3.2-3B-Instruct,SEC_0062_32K,SEC_0062,32K,SEC,RETRIEVAL_CALCULATION,False,0,1,32798,15.001320222500901
llama32_3b,Llama-3.2-3B-Instruct,SEC_0006_16K,SEC_0006,16K,SEC,ENTITY_UNIT_BINDING,False,0,1,16514,14.011401989880063
llama32_3b,Llama-3.2-3B-Instruct,CT_0109_8K,CT_0109,8K,CLINICAL_TRIALS,UNANSWERABLE,False,0,1,8270,13.013671614058637
llama32_3b,Llama-3.2-3B-Instruct,FDA_0080_4K,FDA_0080,4K,FDA,TEMPORAL_VERSION,True,1,0,4268,12.059344460824425
llama32_3b,Llama-3.2-3B-Instruct,CT_0001_32K,CT_0001,32K,CLINICAL_TRIALS,DIRECT_RETRIEVAL,True,1,0,32720,14.997885127829111
llama32_3b,Llama-3.2-3B-Instruct,SEC_0123_8K,SEC_0123,8K,SEC,UNANSWERABLE,True,1,0,8382,13.03307880613062
llama32_3b,Llama-3.2-3B-Instruct,SEC_0121_32K,SEC_0121,32K,SEC,UNANSWERABLE,False,0,1,32782,15.000616254183969
llama32_3b,Llama-3.2-3B-Instruct,FDA_0091_32K,FDA_0091,32K,FDA,ENTITY_UNIT_BINDING,True,1,0,32669,14.995634674021748
llama32_3b,Llama-3.2-3B-Instruct,FRED_0041_4K,FRED_0041,4K,FRED,DIRECT_RETRIEVAL,False,0,1,4291,12.067098185748385
llama32_3b,Llama-3.2-3B-Instruct,FRED_0069_16K,FRED_0069,16K,FRED,RETRIEVAL_CALCULATION,False,0,1,16438,14.004747157546761
llama32_3b,Llama-3.2-3B-Instruct,FRED_0096_32K,FRED_0096,32K,FRED,ENTITY_UNIT_BINDING,True,1,0,32599,14.992540088877933
llama32_3b,Llama-3.2-3B-Instruct,CT_0003_32K,CT_0003,32K,CLINICAL_TRIALS,DIRECT_RETRIEVAL,True,1,0,32688,14.996473488733228
llama32_3b,Llama-3.2-3B-Instruct,SEC_0072_64K,SEC_0072,64K,SEC,RETRIEVAL_CALCULATION,False,0,1,65355,15.996009993523685
llama32_3b,Llama-3.2-3B-Instruct,FDA_0052_4K,FDA_0052,4K,FDA,RETRIEVAL_CALCULATION,False,0,1,4274,12.061371192659811
llama32_3b,Llama-3.2-3B-Instruct,SEC_0082_82K,SEC_0082,82K,SEC,TEMPORAL_VERSION,True,1,0,81683,16.317748233101625
llama32_3b,Llama-3.2-3B-Instruct,FDA_0076_16K,FDA_0076,16K,FDA,RETRIEVAL_CALCULATION,False,0,1,16408,14.002111776479852
llama32_3b,Llama-3.2-3B-Instruct,SEC_0006_32K,SEC_0006,32K,SEC,ENTITY_UNIT_BINDING,False,0,1,32778,15.000440208419151
llama32_3b,Llama-3.2-3B-Instruct,SEC_0047_4K,SEC_0047,4K,SEC,RETRIEVAL_CALCULATION,False,0,1,4330,12.080151309614088
llama32_3b,Llama-3.2-3B-Instruct,SEC_0055_82K,SEC_0055,82K,SEC,RETRIEVAL_CALCULATION,False,0,1,81746,16.318860517850087
llama32_3b,Llama-3.2-3B-Instruct,FDA_0046_16K,FDA_0046,16K,FDA,RETRIEVAL_CALCULATION,True,1,0,16386,14.000176099486442
llama32_3b,Llama-3.2-3B-Instruct,SEC_0092_16K,SEC_0092,16K,SEC,TEMPORAL_VERSION,True,1,0,16397,14.00114426262254
llama32_3b,Llama-3.2-3B-Instruct,FRED_0078_82K,FRED_0078,82K,FRED,TEMPORAL_VERSION,True,1,0,81773,16.31933694892486
llama32_3b,Llama-3.2-3B-Instruct,CT_0043_16K,CT_0043,16K,CLINICAL_TRIALS,DIRECT_RETRIEVAL,True,1,0,16443,14.0051859200698
llama32_3b,Llama-3.2-3B-Instruct,CT_0015_8K,CT_0015,8K,CLINICAL_TRIALS,RETRIEVAL_CALCULATION,False,0,1,8367,13.030494719749468
llama32_3b,Llama-3.2-3B-Instruct,FRED_0076_8K,FRED_0076,8K,FRED,TEMPORAL_VERSION,False,0,1,8334,13.024793384702548
llama32_3b,Llama-3.2-3B-Instruct,SEC_0012_4K,SEC_0012,4K,SEC,RETRIEVAL_CALCULATION,False,0,1,4215,12.041316915829444
llama32_3b,Llama-3.2-3B-Instruct,CT_0055_32K,CT_0055,32K,CLINICAL_TRIALS,RETRIEVAL_CALCULATION,False,0,1,32615,14.993248008070664
llama32_3b,Llama-3.2-3B-Instruct,FDA_0074_82K,FDA_0074,82K,FDA,RETRIEVAL_CALCULATION,False,0,1,81717,16.318348620275408
llama32_3b,Llama-3.2-3B-Instruct,FRED_0060_8K,FRED_0060,8K,FRED,RETRIEVAL_CALCULATION,False,0,1,8366,13.030322282644034
llama32_3b,Llama-3.2-3B-Instruct,FRED_0007_64K,FRED_0007,64K,FRED,ENTITY_UNIT_BINDING,True,1,0,64980,15.987708123216846
llama32_3b,Llama-3.2-3B-Instruct,FRED_0022_64K,FRED_0022,64K,FRED,UNANSWERABLE,False,0,1,64936,15.986730898175647
llama32_3b,Llama-3.2-3B-Instruct,FRED_0058_32K,FRED_0058,32K,FRED,RETRIEVAL_CALCULATION,False,0,1,32653,14.994927925265866
llama32_3b,Llama-3.2-3B-Instruct,SEC_0029_16K,SEC_0029,16K,SEC,DIRECT_RETRIEVAL,False,0,1,16421,14.003254366050772
llama32_3b,Llama-3.2-3B-Instruct,CT_0080_8K,CT_0080,8K,CLINICAL_TRIALS,ENTITY_UNIT_BINDING,True,1,0,8365,13.030149824925715
llama32_3b,Llama-3.2-3B-Instruct,FRED_0084_4K,FRED_0084,4K,FRED,TEMPORAL_VERSION,True,1,0,4279,12.06305796362349
llama32_3b,Llama-3.2-3B-Instruct,FDA_0098_82K,FDA_0098,82K,FDA,ENTITY_UNIT_BINDING,False,0,1,81793,16.319689759422904
llama32_3b,Llama-3.2-3B-Instruct,FDA_0047_8K,FDA_0047,8K,FDA,RETRIEVAL_CALCULATION,False,0,1,8267,13.01314817145476
llama32_3b,Llama-3.2-3B-Instruct,FDA_0084_64K,FDA_0084,64K,FDA,TEMPORAL_VERSION,True,1,0,65071,15.989727104541824
llama32_3b,Llama-3.2-3B-Instruct,SEC_0048_32K,SEC_0048,32K,SEC,RETRIEVAL_CALCULATION,False,0,1,32755,14.99942752817247
llama32_3b,Llama-3.2-3B-Instruct,SEC_0108_32K,SEC_0108,32K,SEC,UNANSWERABLE,False,0,1,32765,14.999867911277503
llama32_3b,Llama-3.2-3B-Instruct,CT_0084_16K,CT_0084,16K,CLINICAL_TRIALS,ENTITY_UNIT_BINDING,False,0,1,16461,14.00676436119103
llama32_3b,Llama-3.2-3B-Instruct,CT_0094_8K,CT_0094,8K,CLINICAL_TRIALS,ENTITY_UNIT_BINDING,True,1,0,8382,13.03307880613062
llama32_3b,Llama-3.2-3B-Instruct,CT_0010_32K,CT_0010,32K,CLINICAL_TRIALS,RETRIEVAL_CALCULATION,False,0,1,32614,14.993203773296528
llama32_3b,Llama-3.2-3B-Instruct,FDA_0006_4K,FDA_0006,4K,FDA,ENTITY_UNIT_BINDING,True,1,0,4277,12.062383491876334
llama32_3b,Llama-3.2-3B-Instruct,FRED_0021_4K,FRED_0021,4K,FRED,UNANSWERABLE,True,1,0,4258,12.055960234452295
llama32_3b,Llama-3.2-3B-Instruct,FRED_0074_32K,FRED_0074,32K,FRED,TEMPORAL_VERSION,False,0,1,32655,14.995016287796725
llama32_3b,Llama-3.2-3B-Instruct,SEC_0075_16K,SEC_0075,16K,SEC,RETRIEVAL_CALCULATION,False,0,1,16446,14.00544911354693
llama32_3b,Llama-3.2-3B-Instruct,SEC_0045_82K,SEC_0045,82K,SEC,DIRECT_RETRIEVAL,False,0,1,81707,16.318172061747568
llama32_3b,Llama-3.2-3B-Instruct,CT_0098_32K,CT_0098,32K,CLINICAL_TRIALS,ENTITY_UNIT_BINDING,True,1,0,32787,15.000836281185094
llama32_3b,Llama-3.2-3B-Instruct,FDA_0115_64K,FDA_0115,64K,FDA,UNANSWERABLE,False,0,1,65062,15.989527550925313
llama32_3b,Llama-3.2-3B-Instruct,FDA_0021_4K,FDA_0021,4K,FDA,UNANSWERABLE,False,0,1,4253,12.054265139625764
llama32_3b,Llama-3.2-3B-Instruct,SEC_0006_8K,SEC_0006,8K,SEC,ENTITY_UNIT_BINDING,False,0,1,8358,13.02894204332241
llama32_3b,Llama-3.2-3B-Instruct,CT_0050_82K,CT_0050,82K,CLINICAL_TRIALS,RETRIEVAL_CALCULATION,False,0,1,81744,16.3188252203997
llama32_3b,Llama-3.2-3B-Instruct,FDA_0013_64K,FDA_0013,64K,FDA,RETRIEVAL_CALCULATION,False,0,1,65018,15.988551557932999
llama32_3b,Llama-3.2-3B-Instruct,SEC_0124_8K,SEC_0124,8K,SEC,UNANSWERABLE,True,1,0,8358,13.02894204332241
llama32_3b,Llama-3.2-3B-Instruct,FRED_0108_4K,FRED_0108,4K,FRED,UNANSWERABLE,True,1,0,4262,12.057314877782703
llama32_3b,Llama-3.2-3B-Instruct,SEC_0119_82K,SEC_0119,82K,SEC,UNANSWERABLE,False,0,1,81760,16.319107575824983
llama32_3b,Llama-3.2-3B-Instruct,FRED_0087_32K,FRED_0087,32K,FRED,TEMPORAL_VERSION,False,0,1,32617,14.993336473550265
llama32_3b,Llama-3.2-3B-Instruct,SEC_0042_32K,SEC_0042,32K,SEC,DIRECT_RETRIEVAL,False,0,1,32689,14.996517623368986
llama32_3b,Llama-3.2-3B-Instruct,FDA_0005_4K,FDA_0005,4K,FDA,DIRECT_RETRIEVAL,True,1,0,4280,12.06339508128851
llama32_3b,Llama-3.2-3B-Instruct,FRED_0122_64K,FRED_0122,64K,FRED,UNANSWERABLE,False,0,1,64995,15.988041116880387
llama32_3b,Llama-3.2-3B-Instruct,CT_0093_82K,CT_0093,82K,CLINICAL_TRIALS,ENTITY_UNIT_BINDING,True,1,0,81767,16.31923108894872
llama32_3b,Llama-3.2-3B-Instruct,FRED_0063_32K,FRED_0063,32K,FRED,RETRIEVAL_CALCULATION,False,0,1,32611,14.993071060835794
llama32_3b,Llama-3.2-3B-Instruct,SEC_0089_32K,SEC_0089,32K,SEC,TEMPORAL_VERSION,False,0,1,32750,14.999207286199537
llama32_3b,Llama-3.2-3B-Instruct,SEC_0037_82K,SEC_0037,82K,SEC,DIRECT_RETRIEVAL,True,1,0,81665,16.317430279887123
llama32_3b,Llama-3.2-3B-Instruct,FDA_0061_4K,FDA_0061,4K,FDA,RETRIEVAL_CALCULATION,False,0,1,4283,12.064405961891042
llama32_3b,Llama-3.2-3B-Instruct,CT_0015_16K,CT_0015,16K,CLINICAL_TRIALS,RETRIEVAL_CALCULATION,False,0,1,16486,14.008953779526196
llama32_3b,Llama-3.2-3B-Instruct,CT_0056_4K,CT_0056,4K,CLINICAL_TRIALS,RETRIEVAL_CALCULATION,False,0,1,4259,12.056299014550337
llama32_3b,Llama-3.2-3B-Instruct,FRED_0119_82K,FRED_0119,82K,FRED,UNANSWERABLE,False,0,1,81778,16.31942515963842
llama32_3b,Llama-3.2-3B-Instruct,SEC_0111_82K,SEC_0111,82K,SEC,UNANSWERABLE,False,0,1,81727,16.318525157198476
llama32_3b,Llama-3.2-3B-Instruct,CT_0034_64K,CT_0034,64K,CLINICAL_TRIALS,DIRECT_RETRIEVAL,True,1,0,65130,15.991034606223662
llama32_3b,Llama-3.2-3B-Instruct,FRED_0084_32K,FRED_0084,32K,FRED,TEMPORAL_VERSION,False,0,1,32554,14.990547201761041
llama32_3b,Llama-3.2-3B-Instruct,FDA_0115_16K,FDA_0115,16K,FDA,UNANSWERABLE,False,0,1,16407,14.002023847481446
llama32_3b,Llama-3.2-3B-Instruct,CT_0016_82K,CT_0016,82K,CLINICAL_TRIALS,RETRIEVAL_CALCULATION,False,0,1,81763,16.319160511315687
llama32_3b,Llama-3.2-3B-Instruct,FRED_0047_4K,FRED_0047,4K,FRED,RETRIEVAL_CALCULATION,False,0,1,4317,12.075813377461454
llama32_3b,Llama-3.2-3B-Instruct,FRED_0013_4K,FRED_0013,4K,FRED,RETRIEVAL_CALCULATION,False,0,1,4296,12.068778277985412
llama32_3b,Llama-3.2-3B-Instruct,FRED_0075_64K,FRED_0075,64K,FRED,TEMPORAL_VERSION,False,0,1,64948,15.98699747974905
llama32_3b,Llama-3.2-3B-Instruct,FDA_0031_4K,FDA_0031,4K,FDA,DIRECT_RETRIEVAL,True,1,0,4230,12.046441948007311
llama32_3b,Llama-3.2-3B-Instruct,CT_0070_8K,CT_0070,8K,CLINICAL_TRIALS,RETRIEVAL_CALCULATION,False,0,1,8351,13.027733249752831
llama32_3b,Llama-3.2-3B-Instruct,FRED_0010_8K,FRED_0010,8K,FRED,RETRIEVAL_CALCULATION,False,0,1,8378,13.032390168866524
llama32_3b,Llama-3.2-3B-Instruct,SEC_0066_82K,SEC_0066,82K,SEC,RETRIEVAL_CALCULATION,False,0,1,81697,16.317995481609668
llama32_3b,Llama-3.2-3B-Instruct,SEC_0058_82K,SEC_0058,82K,SEC,RETRIEVAL_CALCULATION,False,0,1,81765,16.31919580056379
llama32_3b,Llama-3.2-3B-Instruct,FRED_0064_82K,FRED_0064,82K,FRED,RETRIEVAL_CALCULATION,False,0,1,81735,16.318666371185046
llama32_3b,Llama-3.2-3B-Instruct,FRED_0051_4K,FRED_0051,4K,FRED,RETRIEVAL_CALCULATION,False,0,1,4298,12.069449767427784
llama32_3b,Llama-3.2-3B-Instruct,FDA_0028_8K,FDA_0028,8K,FDA,DIRECT_RETRIEVAL,True,1,0,8274,13.014369242235137
llama32_3b,Llama-3.2-3B-Instruct,SEC_0048_64K,SEC_0048,64K,SEC,RETRIEVAL_CALCULATION,False,0,1,65268,15.99408821118647
llama32_3b,Llama-3.2-3B-Instruct,CT_0038_82K,CT_0038,82K,CLINICAL_TRIALS,DIRECT_RETRIEVAL,True,1,0,81688,16.317836541004578
llama32_3b,Llama-3.2-3B-Instruct,FDA_0017_82K,FDA_0017,82K,FDA,RETRIEVAL_CALCULATION,False,0,1,81722,16.31843689143721
llama32_3b,Llama-3.2-3B-Instruct,SEC_0049_64K,SEC_0049,64K,SEC,RETRIEVAL_CALCULATION,False,0,1,65329,15.995435935925848
llama32_3b,Llama-3.2-3B-Instruct,FRED_0063_16K,FRED_0063,16K,FRED,RETRIEVAL_CALCULATION,False,0,1,16414,14.002639237959455
llama32_3b,Llama-3.2-3B-Instruct,CT_0080_32K,CT_0080,32K,CLINICAL_TRIALS,ENTITY_UNIT_BINDING,True,1,0,32682,14.9962086525616
llama32_3b,Llama-3.2-3B-Instruct,CT_0012_82K,CT_0012,82K,CLINICAL_TRIALS,RETRIEVAL_CALCULATION,False,0,1,81719,16.318383929388236
llama32_3b,Llama-3.2-3B-Instruct,SEC_0118_16K,SEC_0118,16K,SEC,UNANSWERABLE,True,1,0,16395,14.000968281280423
llama32_3b,Llama-3.2-3B-Instruct,FDA_0036_4K,FDA_0036,4K,FDA,DIRECT_RETRIEVAL,True,1,0,4284,12.064742764750257
llama32_3b,Llama-3.2-3B-Instruct,CT_0045_32K,CT_0045,32K,CLINICAL_TRIALS,DIRECT_RETRIEVAL,True,1,0,32676,14.995943767764953
llama32_3b,Llama-3.2-3B-Instruct,SEC_0086_32K,SEC_0086,32K,SEC,TEMPORAL_VERSION,False,0,1,32816,15.002111776479852
llama32_3b,Llama-3.2-3B-Instruct,FDA_0098_32K,FDA_0098,32K,FDA,ENTITY_UNIT_BINDING,True,1,0,32633,14.994044002166873
llama32_3b,Llama-3.2-3B-Instruct,SEC_0110_82K,SEC_0110,82K,SEC,UNANSWERABLE,False,0,1,81775,16.319372233857504
llama32_3b,Llama-3.2-3B-Instruct,FRED_0111_82K,FRED_0111,82K,FRED,UNANSWERABLE,False,0,1,81740,16.31875462290802
llama32_3b,Llama-3.2-3B-Instruct,FRED_0076_4K,FRED_0076,4K,FRED,TEMPORAL_VERSION,False,0,1,4238,12.04916787237217
llama32_3b,Llama-3.2-3B-Instruct,CT_0085_4K,CT_0085,4K,CLINICAL_TRIALS,ENTITY_UNIT_BINDING,True,1,0,4290,12.066761932386909
llama32_3b,Llama-3.2-3B-Instruct,CT_0101_64K,CT_0101,64K,CLINICAL_TRIALS,ENTITY_UNIT_BINDING,True,1,0,65206,15.992717101244756
llama32_3b,Llama-3.2-3B-Instruct,FDA_0024_16K,FDA_0024,16K,FDA,UNANSWERABLE,False,0,1,16406,14.001935913123642
llama32_3b,Llama-3.2-3B-Instruct,FRED_0026_16K,FRED_0026,16K,FRED,DIRECT_RETRIEVAL,True,1,0,16397,14.00114426262254
llama32_3b,Llama-3.2-3B-Instruct,CT_0103_64K,CT_0103,64K,CLINICAL_TRIALS,ENTITY_UNIT_BINDING,True,1,0,65185,15.992252397451999
llama32_3b,Llama-3.2-3B-Instruct,FRED_0078_8K,FRED_0078,8K,FRED,TEMPORAL_VERSION,False,0,1,8295,13.018026265843226
llama32_3b,Llama-3.2-3B-Instruct,FDA_0037_64K,FDA_0037,64K,FDA,DIRECT_RETRIEVAL,True,1,0,65087,15.990081798387312
llama32_3b,Llama-3.2-3B-Instruct,FRED_0039_8K,FRED_0039,8K,FRED,DIRECT_RETRIEVAL,True,1,0,8349,13.027387694052763
llama32_3b,Llama-3.2-3B-Instruct,FRED_0081_4K,FRED_0081,4K,FRED,TEMPORAL_VERSION,False,0,1,4246,12.051888655905378
llama32_3b,Llama-3.2-3B-Instruct,SEC_0099_4K,SEC_0099,4K,SEC,ENTITY_UNIT_BINDING,True,1,0,4284,12.064742764750257
llama32_3b,Llama-3.2-3B-Instruct,FRED_0107_32K,FRED_0107,32K,FRED,UNANSWERABLE,False,0,1,32585,14.99192037450376
llama32_3b,Llama-3.2-3B-Instruct,FRED_0092_4K,FRED_0092,4K,FRED,ENTITY_UNIT_BINDING,True,1,0,4291,12.067098185748385
llama32_3b,Llama-3.2-3B-Instruct,FRED_0124_8K,FRED_0124,8K,FRED,UNANSWERABLE,True,1,0,8311,13.020806360724265
llama32_3b,Llama-3.2-3B-Instruct,CT_0035_64K,CT_0035,64K,CLINICAL_TRIALS,DIRECT_RETRIEVAL,True,1,0,65176,15.992053192852639
llama32_3b,Llama-3.2-3B-Instruct,SEC_0051_32K,SEC_0051,32K,SEC,RETRIEVAL_CALCULATION,False,0,1,32794,15.00114426262254
llama32_3b,Llama-3.2-3B-Instruct,FDA_0065_16K,FDA_0065,16K,FDA,RETRIEVAL_CALCULATION,False,0,1,16490,14.00930377832483
llama32_3b,Llama-3.2-3B-Instruct,CT_0113_32K,CT_0113,32K,CLINICAL_TRIALS,UNANSWERABLE,False,0,1,32688,14.996473488733228
llama32_3b,Llama-3.2-3B-Instruct,SEC_0008_4K,SEC_0008,4K,SEC,ENTITY_UNIT_BINDING,False,0,1,4311,12.073806847178492
llama32_3b,Llama-3.2-3B-Instruct,CT_0006_32K,CT_0006,32K,CLINICAL_TRIALS,ENTITY_UNIT_BINDING,False,0,1,32689,14.996517623368986
llama32_3b,Llama-3.2-3B-Instruct,FDA_0033_4K,FDA_0033,4K,FDA,DIRECT_RETRIEVAL,False,0,1,4317,12.075813377461454
llama32_3b,Llama-3.2-3B-Instruct,SEC_0069_16K,SEC_0069,16K,SEC,RETRIEVAL_CALCULATION,False,0,1,16512,14.011227255423254
llama32_3b,Llama-3.2-3B-Instruct,SEC_0077_64K,SEC_0077,64K,SEC,RETRIEVAL_CALCULATION,False,0,1,65345,15.995789229171168
llama32_3b,Llama-3.2-3B-Instruct,CT_0052_16K,CT_0052,16K,CLINICAL_TRIALS,RETRIEVAL_CALCULATION,False,0,1,16403,14.001672077887289
llama32_3b,Llama-3.2-3B-Instruct,CT_0122_16K,CT_0122,16K,CLINICAL_TRIALS,UNANSWERABLE,False,0,1,16448,14.005624549193879
llama32_3b,Llama-3.2-3B-Instruct,CT_0043_82K,CT_0043,82K,CLINICAL_TRIALS,DIRECT_RETRIEVAL,True,1,0,81799,16.319795585749976
llama32_3b,Llama-3.2-3B-Instruct,FDA_0097_82K,FDA_0097,82K,FDA,ENTITY_UNIT_BINDING,False,0,1,81784,16.319531005375808
llama32_3b,Llama-3.2-3B-Instruct,SEC_0096_8K,SEC_0096,8K,SEC,ENTITY_UNIT_BINDING,False,0,1,8382,13.03307880613062
llama32_3b,Llama-3.2-3B-Instruct,FRED_0010_82K,FRED_0010,82K,FRED,RETRIEVAL_CALCULATION,False,0,1,81750,16.318931110160168
llama32_3b,Llama-3.2-3B-Instruct,FRED_0048_8K,FRED_0048,8K,FRED,RETRIEVAL_CALCULATION,False,0,1,8381,13.032906677628251
llama32_3b,Llama-3.2-3B-Instruct,FRED_0103_16K,FRED_0103,16K,FRED,ENTITY_UNIT_BINDING,True,1,0,16371,13.9988548290938
llama32_3b,Llama-3.2-3B-Instruct,SEC_0071_8K,SEC_0071,8K,SEC,RETRIEVAL_CALCULATION,False,0,1,8398,13.035830072835017
llama32_3b,Llama-3.2-3B-Instruct,FDA_0076_8K,FDA_0076,8K,FDA,RETRIEVAL_CALCULATION,False,0,1,8351,13.027733249752831
llama32_3b,Llama-3.2-3B-Instruct,FDA_0055_8K,FDA_0055,8K,FDA,RETRIEVAL_CALCULATION,True,1,0,8339,13.0256586729435
llama32_3b,Llama-3.2-3B-Instruct,FRED_0102_32K,FRED_0102,32K,FRED,ENTITY_UNIT_BINDING,True,1,0,32542,14.990015299933379
llama32_3b,Llama-3.2-3B-Instruct,FDA_0066_16K,FDA_0066,16K,FDA,RETRIEVAL_CALCULATION,False,0,1,16466,14.007202510749742
llama32_3b,Llama-3.2-3B-Instruct,FRED_0063_82K,FRED_0063,82K,FRED,RETRIEVAL_CALCULATION,False,0,1,81732,16.31861341755987
llama32_3b,Llama-3.2-3B-Instruct,FRED_0099_64K,FRED_0099,64K,FRED,ENTITY_UNIT_BINDING,True,1,0,64960,15.987264012072538
llama32_3b,Llama-3.2-3B-Instruct,FRED_0102_64K,FRED_0102,64K,FRED,ENTITY_UNIT_BINDING,False,0,1,64960,15.987264012072538
llama32_3b,Llama-3.2-3B-Instruct,FRED_0066_32K,FRED_0066,32K,FRED,RETRIEVAL_CALCULATION,False,0,1,32578,14.991610417462953
llama32_3b,Llama-3.2-3B-Instruct,FRED_0042_4K,FRED_0042,4K,FRED,DIRECT_RETRIEVAL,True,1,0,4300,12.070120944476823
llama32_3b,Llama-3.2-3B-Instruct,FDA_0010_16K,FDA_0010,16K,FDA,RETRIEVAL_CALCULATION,False,0,1,16437,14.004659389027136
llama32_3b,Llama-3.2-3B-Instruct,CT_0125_8K,CT_0125,8K,CLINICAL_TRIALS,UNANSWERABLE,False,0,1,8327,13.023581108623029
llama32_3b,Llama-3.2-3B-Instruct,FRED_0035_64K,FRED_0035,64K,FRED,DIRECT_RETRIEVAL,False,0,1,64986,15.98784132990554
llama32_3b,Llama-3.2-3B-Instruct,CT_0107_64K,CT_0107,64K,CLINICAL_TRIALS,UNANSWERABLE,False,0,1,65147,15.99141112419436
llama32_3b,Llama-3.2-3B-Instruct,FDA_0102_4K,FDA_0102,4K,FDA,ENTITY_UNIT_BINDING,False,0,1,4217,12.042001306279133
llama32_3b,Llama-3.2-3B-Instruct,FDA_0046_64K,FDA_0046,64K,FDA,RETRIEVAL_CALCULATION,False,0,1,65055,15.989372323471622
llama32_3b,Llama-3.2-3B-Instruct,SEC_0017_64K,SEC_0017,64K,SEC,TEMPORAL_VERSION,True,1,0,65269,15.994110315188262
llama32_3b,Llama-3.2-3B-Instruct,FDA_0095_16K,FDA_0095,16K,FDA,ENTITY_UNIT_BINDING,False,0,1,16390,14.000528233986822
llama32_3b,Llama-3.2-3B-Instruct,FRED_0022_16K,FRED_0022,16K,FRED,UNANSWERABLE,True,1,0,16383,13.99991194219542
llama32_3b,Llama-3.2-3B-Instruct,SEC_0059_64K,SEC_0059,64K,SEC,RETRIEVAL_CALCULATION,False,0,1,65340,15.995678834325425
llama32_3b,Llama-3.2-3B-Instruct,FRED_0020_16K,FRED_0020,16K,FRED,TEMPORAL_VERSION,False,0,1,16441,14.005010431073003
llama32_3b,Llama-3.2-3B-Instruct,FDA_0064_8K,FDA_0064,8K,FDA,RETRIEVAL_CALCULATION,False,0,1,8351,13.027733249752831
llama32_3b,Llama-3.2-3B-Instruct,FRED_0056_82K,FRED_0056,82K,FRED,RETRIEVAL_CALCULATION,False,0,1,81789,16.319619204225333
llama32_3b,Llama-3.2-3B-Instruct,CT_0045_64K,CT_0045,64K,CLINICAL_TRIALS,DIRECT_RETRIEVAL,True,1,0,65155,15.991588275125913
llama32_3b,Llama-3.2-3B-Instruct,CT_0022_82K,CT_0022,82K,CLINICAL_TRIALS,UNANSWERABLE,False,0,1,81741,16.318772272604818
llama32_3b,Llama-3.2-3B-Instruct,FDA_0034_16K,FDA_0034,16K,FDA,DIRECT_RETRIEVAL,True,1,0,16389,14.000440208419151
llama32_3b,Llama-3.2-3B-Instruct,FRED_0065_64K,FRED_0065,64K,FRED,RETRIEVAL_CALCULATION,False,0,1,64981,15.987730325185758
llama32_3b,Llama-3.2-3B-Instruct,SEC_0088_4K,SEC_0088,4K,SEC,TEMPORAL_VERSION,True,1,0,4342,12.084144010615145
llama32_3b,Llama-3.2-3B-Instruct,FRED_0003_64K,FRED_0003,64K,FRED,DIRECT_RETRIEVAL,True,1,0,64997,15.988085510228933
llama32_3b,Llama-3.2-3B-Instruct,CT_0053_4K,CT_0053,4K,CLINICAL_TRIALS,RETRIEVAL_CALCULATION,False,0,1,4274,12.061371192659811
llama32_3b,Llama-3.2-3B-Instruct,FDA_0003_16K,FDA_0003,16K,FDA,DIRECT_RETRIEVAL,True,1,0,16444,14.005273656563938
llama32_3b,Llama-3.2-3B-Instruct,FDA_0038_4K,FDA_0038,4K,FDA,DIRECT_RETRIEVAL,True,1,0,4276,12.06204613772049
llama32_3b,Llama-3.2-3B-Instruct,CT_0030_64K,CT_0030,64K,CLINICAL_TRIALS,DIRECT_RETRIEVAL,True,1,0,65183,15.992208132140236
llama32_3b,Llama-3.2-3B-Instruct,CT_0043_4K,CT_0043,4K,CLINICAL_TRIALS,DIRECT_RETRIEVAL,True,1,0,4303,12.07112712494831
llama32_3b,Llama-3.2-3B-Instruct,FRED_0013_32K,FRED_0013,32K,FRED,RETRIEVAL_CALCULATION,False,0,1,32656,14.995060467032719
llama32_3b,Llama-3.2-3B-Instruct,SEC_0023_8K,SEC_0023,8K,SEC,UNANSWERABLE,True,1,0,8372,13.031356596255709
llama32_3b,Llama-3.2-3B-Instruct,FDA_0077_16K,FDA_0077,16K,FDA,RETRIEVAL_CALCULATION,False,0,1,16461,14.00676436119103
llama32_3b,Llama-3.2-3B-Instruct,FDA_0091_4K,FDA_0091,4K,FDA,ENTITY_UNIT_BINDING,False,0,1,4219,12.042685372219351
llama32_3b,Llama-3.2-3B-Instruct,FRED_0125_16K,FRED_0125,16K,FRED,UNANSWERABLE,False,0,1,16433,14.004308261543592
llama32_3b,Llama-3.2-3B-Instruct,FDA_0058_64K,FDA_0058,64K,FDA,RETRIEVAL_CALCULATION,True,1,0,65080,15.98992663055989
llama32_3b,Llama-3.2-3B-Instruct,FRED_0100_32K,FRED_0100,32K,FRED,ENTITY_UNIT_BINDING,False,0,1,32581,14.991743264349054
llama32_3b,Llama-3.2-3B-Instruct,SEC_0086_82K,SEC_0086,82K,SEC,TEMPORAL_VERSION,False,0,1,81658,16.31730661248826
llama32_3b,Llama-3.2-3B-Instruct,FRED_0051_8K,FRED_0051,8K,FRED,RETRIEVAL_CALCULATION,False,0,1,8330,13.02410078025291
llama32_3b,Llama-3.2-3B-Instruct,CT_0023_82K,CT_0023,82K,CLINICAL_TRIALS,UNANSWERABLE,False,0,1,81793,16.319689759422904
llama32_3b,Llama-3.2-3B-Instruct,FRED_0003_8K,FRED_0003,8K,FRED,DIRECT_RETRIEVAL,False,0,1,8306,13.019938156424795
llama32_3b,Llama-3.2-3B-Instruct,FDA_0064_82K,FDA_0064,82K,FDA,RETRIEVAL_CALCULATION,False,0,1,81763,16.319160511315687
llama32_3b,Llama-3.2-3B-Instruct,FRED_0029_82K,FRED_0029,82K,FRED,DIRECT_RETRIEVAL,True,1,0,81770,16.319284019907744
llama32_3b,Llama-3.2-3B-Instruct,CT_0018_4K,CT_0018,4K,CLINICAL_TRIALS,ENTITY_UNIT_BINDING,True,1,0,4310,12.07347215397646
llama32_3b,Llama-3.2-3B-Instruct,CT_0092_64K,CT_0092,64K,CLINICAL_TRIALS,ENTITY_UNIT_BINDING,True,1,0,65201,15.99260647106067
llama32_3b,Llama-3.2-3B-Instruct,FDA_0024_82K,FDA_0024,82K,FDA,UNANSWERABLE,False,0,1,81797,16.319760311170135
llama32_3b,Llama-3.2-3B-Instruct,FRED_0073_4K,FRED_0073,4K,FRED,RETRIEVAL_CALCULATION,False,0,1,4312,12.074141462752506
llama32_3b,Llama-3.2-3B-Instruct,FRED_0056_4K,FRED_0056,4K,FRED,RETRIEVAL_CALCULATION,False,0,1,4319,12.076481601207021
llama32_3b,Llama-3.2-3B-Instruct,FRED_0073_64K,FRED_0073,64K,FRED,RETRIEVAL_CALCULATION,False,0,1,64964,15.987352845239087
llama32_3b,Llama-3.2-3B-Instruct,FRED_0020_82K,FRED_0020,82K,FRED,TEMPORAL_VERSION,False,0,1,81755,16.319019345690663
llama32_3b,Llama-3.2-3B-Instruct,FRED_0019_16K,FRED_0019,16K,FRED,TEMPORAL_VERSION,True,1,0,16410,14.002287618401075
llama32_3b,Llama-3.2-3B-Instruct,FDA_0118_4K,FDA_0118,4K,FDA,UNANSWERABLE,False,0,1,4282,12.06406908038551
llama32_3b,Llama-3.2-3B-Instruct,CT_0024_32K,CT_0024,32K,CLINICAL_TRIALS,UNANSWERABLE,False,0,1,32658,14.99514882144625
llama32_3b,Llama-3.2-3B-Instruct,CT_0051_8K,CT_0051,8K,CLINICAL_TRIALS,RETRIEVAL_CALCULATION,False,0,1,8341,13.026004642978943
llama32_3b,Llama-3.2-3B-Instruct,CT_0116_4K,CT_0116,4K,CLINICAL_TRIALS,UNANSWERABLE,False,0,1,4262,12.057314877782703
llama32_3b,Llama-3.2-3B-Instruct,FDA_0019_64K,FDA_0019,64K,FDA,TEMPORAL_VERSION,False,0,1,65011,15.988396225425697
llama32_3b,Llama-3.2-3B-Instruct,FRED_0007_16K,FRED_0007,16K,FRED,ENTITY_UNIT_BINDING,True,1,0,16371,13.9988548290938
llama32_3b,Llama-3.2-3B-Instruct,SEC_0034_16K,SEC_0034,16K,SEC,DIRECT_RETRIEVAL,True,1,0,16427,14.00378141003163
llama32_3b,Llama-3.2-3B-Instruct,FRED_0063_4K,FRED_0063,4K,FRED,RETRIEVAL_CALCULATION,False,0,1,4288,12.066089190457772
llama32_3b,Llama-3.2-3B-Instruct,CT_0089_8K,CT_0089,8K,CLINICAL_TRIALS,ENTITY_UNIT_BINDING,True,1,0,8316,13.02167404285837
llama32_3b,Llama-3.2-3B-Instruct,SEC_0115_82K,SEC_0115,82K,SEC,UNANSWERABLE,False,0,1,81718,16.318366274939844
llama32_3b,Llama-3.2-3B-Instruct,FRED_0045_82K,FRED_0045,82K,FRED,DIRECT_RETRIEVAL,True,1,0,81727,16.318525157198476
llama32_3b,Llama-3.2-3B-Instruct,SEC_0003_64K,SEC_0003,64K,SEC,DIRECT_RETRIEVAL,False,0,1,65341,15.995700913970376
llama32_3b,Llama-3.2-3B-Instruct,CT_0085_82K,CT_0085,82K,CLINICAL_TRIALS,ENTITY_UNIT_BINDING,True,1,0,81762,16.31914286636793
llama32_3b,Llama-3.2-3B-Instruct,FDA_0078_32K,FDA_0078,32K,FDA,TEMPORAL_VERSION,True,1,0,32603,14.992717101244756
llama32_3b,Llama-3.2-3B-Instruct,FDA_0039_4K,FDA_0039,4K,FDA,DIRECT_RETRIEVAL,True,1,0,4273,12.061033601681112
llama32_3b,Llama-3.2-3B-Instruct,FRED_0031_32K,FRED_0031,32K,FRED,DIRECT_RETRIEVAL,False,0,1,32616,14.993292241488547
llama32_3b,Llama-3.2-3B-Instruct,FDA_0104_82K,FDA_0104,82K,FDA,ENTITY_UNIT_BINDING,False,0,1,81731,16.31859576591955
llama32_3b,Llama-3.2-3B-Instruct,CT_0027_82K,CT_0027,82K,CLINICAL_TRIALS,DIRECT_RETRIEVAL,True,1,0,81746,16.318860517850087
llama32_3b,Llama-3.2-3B-Instruct,SEC_0091_16K,SEC_0091,16K,SEC,TEMPORAL_VERSION,False,0,1,16466,14.007202510749742
llama32_3b,Llama-3.2-3B-Instruct,CT_0036_4K,CT_0036,4K,CLINICAL_TRIALS,DIRECT_RETRIEVAL,True,1,0,4307,12.072467608241858
llama32_3b,Llama-3.2-3B-Instruct,FDA_0081_16K,FDA_0081,16K,FDA,TEMPORAL_VERSION,False,0,1,16408,14.002111776479852
llama32_3b,Llama-3.2-3B-Instruct,FRED_0006_64K,FRED_0006,64K,FRED,ENTITY_UNIT_BINDING,True,1,0,64960,15.987264012072538
llama32_3b,Llama-3.2-3B-Instruct,SEC_0035_32K,SEC_0035,32K,SEC,DIRECT_RETRIEVAL,False,0,1,32789,15.000924282590567
llama32_3b,Llama-3.2-3B-Instruct,FDA_0091_8K,FDA_0091,8K,FDA,ENTITY_UNIT_BINDING,True,1,0,8313,13.021153496202572
llama32_3b,Llama-3.2-3B-Instruct,SEC_0020_4K,SEC_0020,4K,SEC,TEMPORAL_VERSION,True,1,0,4357,12.089119397915168
llama32_3b,Llama-3.2-3B-Instruct,FRED_0080_32K,FRED_0080,32K,FRED,TEMPORAL_VERSION,False,0,1,32601,14.992628597776173
llama32_3b,Llama-3.2-3B-Instruct,CT_0082_82K,CT_0082,82K,CLINICAL_TRIALS,ENTITY_UNIT_BINDING,False,0,1,81702,16.318083774380206
llama32_3b,Llama-3.2-3B-Instruct,FRED_0053_64K,FRED_0053,64K,FRED,RETRIEVAL_CALCULATION,True,1,0,65006,15.988285263394454
llama32_3b,Llama-3.2-3B-Instruct,FRED_0095_4K,FRED_0095,4K,FRED,ENTITY_UNIT_BINDING,True,1,0,4258,12.055960234452295
llama32_3b,Llama-3.2-3B-Instruct,FDA_0067_4K,FDA_0067,4K,FDA,RETRIEVAL_CALCULATION,False,0,1,4283,12.064405961891042
llama32_3b,Llama-3.2-3B-Instruct,FDA_0048_82K,FDA_0048,82K,FDA,RETRIEVAL_CALCULATION,True,1,0,81751,16.318948757697992
llama32_3b,Llama-3.2-3B-Instruct,FRED_0035_16K,FRED_0035,16K,FRED,DIRECT_RETRIEVAL,False,0,1,16437,14.004659389027136
llama32_3b,Llama-3.2-3B-Instruct,SEC_0056_16K,SEC_0056,16K,SEC,RETRIEVAL_CALCULATION,False,0,1,16459,14.006589064102005
llama32_3b,Llama-3.2-3B-Instruct,FRED_0008_32K,FRED_0008,32K,FRED,ENTITY_UNIT_BINDING,True,1,0,32586,14.991964648645357
llama32_3b,Llama-3.2-3B-Instruct,SEC_0044_16K,SEC_0044,16K,SEC,DIRECT_RETRIEVAL,False,0,1,16406,14.001935913123642
llama32_3b,Llama-3.2-3B-Instruct,FDA_0118_82K,FDA_0118,82K,FDA,UNANSWERABLE,False,0,1,81787,16.319583925332562
llama32_3b,Llama-3.2-3B-Instruct,FRED_0106_82K,FRED_0106,82K,FRED,UNANSWERABLE,False,0,1,81741,16.318772272604818
llama32_3b,Llama-3.2-3B-Instruct,FRED_0047_8K,FRED_0047,8K,FRED,RETRIEVAL_CALCULATION,False,0,1,8361,13.029459787824965
llama32_3b,Llama-3.2-3B-Instruct,FRED_0075_4K,FRED_0075,4K,FRED,TEMPORAL_VERSION,True,1,0,4233,12.04746477331842
llama32_3b,Llama-3.2-3B-Instruct,FRED_0003_32K,FRED_0003,32K,FRED,DIRECT_RETRIEVAL,False,0,1,32596,14.992407315348498
llama32_3b,Llama-3.2-3B-Instruct,FDA_0016_32K,FDA_0016,32K,FDA,RETRIEVAL_CALCULATION,False,0,1,32654,14.994972107207802
llama32_3b,Llama-3.2-3B-Instruct,CT_0045_16K,CT_0045,16K,CLINICAL_TRIALS,DIRECT_RETRIEVAL,True,1,0,16407,14.002023847481446
llama32_3b,Llama-3.2-3B-Instruct,SEC_0001_82K,SEC_0001,82K,SEC,DIRECT_RETRIEVAL,False,0,1,81669,16.31750094221297
llama32_3b,Llama-3.2-3B-Instruct,FDA_0067_8K,FDA_0067,8K,FDA,RETRIEVAL_CALCULATION,False,0,1,8357,13.028769420523412
llama32_3b,Llama-3.2-3B-Instruct,FRED_0107_4K,FRED_0107,4K,FRED,UNANSWERABLE,False,0,1,4255,12.054943416573325
llama32_3b,Llama-3.2-3B-Instruct,SEC_0016_64K,SEC_0016,64K,SEC,RETRIEVAL_CALCULATION,False,0,1,65328,15.99541385222515
llama32_3b,Llama-3.2-3B-Instruct,SEC_0062_82K,SEC_0062,82K,SEC,RETRIEVAL_CALCULATION,False,0,1,81771,16.31930166312921
llama32_3b,Llama-3.2-3B-Instruct,SEC_0010_82K,SEC_0010,82K,SEC,RETRIEVAL_CALCULATION,False,0,1,81754,16.31900169901628
llama32_3b,Llama-3.2-3B-Instruct,FRED_0115_64K,FRED_0115,64K,FRED,UNANSWERABLE,False,0,1,64964,15.987352845239087
llama32_3b,Llama-3.2-3B-Instruct,FRED_0086_32K,FRED_0086,32K,FRED,TEMPORAL_VERSION,True,1,0,32603,14.992717101244756
llama32_3b,Llama-3.2-3B-Instruct,SEC_0094_64K,SEC_0094,64K,SEC,ENTITY_UNIT_BINDING,False,0,1,65325,15.995347599094746
llama32_3b,Llama-3.2-3B-Instruct,CT_0120_8K,CT_0120,8K,CLINICAL_TRIALS,UNANSWERABLE,False,0,1,8334,13.024793384702548
llama32_3b,Llama-3.2-3B-Instruct,FRED_0102_82K,FRED_0102,82K,FRED,ENTITY_UNIT_BINDING,False,0,1,81781,16.319478083477808
llama32_3b,Llama-3.2-3B-Instruct,FDA_0073_32K,FDA_0073,32K,FDA,RETRIEVAL_CALCULATION,False,0,1,32683,14.996252795299792
llama32_3b,Llama-3.2-3B-Instruct,SEC_0123_16K,SEC_0123,16K,SEC,UNANSWERABLE,True,1,0,16418,14.002990771840553
llama32_3b,Llama-3.2-3B-Instruct,FDA_0101_32K,FDA_0101,32K,FDA,ENTITY_UNIT_BINDING,True,1,0,32638,14.994265033718973
llama32_3b,Llama-3.2-3B-Instruct,CT_0040_8K,CT_0040,8K,CLINICAL_TRIALS,DIRECT_RETRIEVAL,True,1,0,8358,13.02894204332241
llama32_3b,Llama-3.2-3B-Instruct,FDA_0118_16K,FDA_0118,16K,FDA,UNANSWERABLE,False,0,1,16388,14.0003521774803
llama32_3b,Llama-3.2-3B-Instruct,FRED_0028_8K,FRED_0028,8K,FRED,DIRECT_RETRIEVAL,True,1,0,8369,13.03083953214138
llama32_3b,Llama-3.2-3B-Instruct,FDA_0021_82K,FDA_0021,82K,FDA,UNANSWERABLE,False,0,1,81779,16.319442801133935
llama32_3b,Llama-3.2-3B-Instruct,SEC_0014_8K,SEC_0014,8K,SEC,RETRIEVAL_CALCULATION,False,0,1,8321,13.022541203454827
llama32_3b,Llama-3.2-3B-Instruct,FDA_0060_8K,FDA_0060,8K,FDA,RETRIEVAL_CALCULATION,False,0,1,8328,13.023754353299417
llama32_3b,Llama-3.2-3B-Instruct,SEC_0089_64K,SEC_0089,64K,SEC,TEMPORAL_VERSION,False,0,1,65280,15.994353436858859
llama32_3b,Llama-3.2-3B-Instruct,FRED_0023_32K,FRED_0023,32K,FRED,UNANSWERABLE,True,1,0,32613,14.993159537166061
llama32_3b,Llama-3.2-3B-Instruct,FDA_0093_82K,FDA_0093,82K,FDA,ENTITY_UNIT_BINDING,False,0,1,81786,16.31956628556266
llama32_3b,Llama-3.2-3B-Instruct,SEC_0101_4K,SEC_0101,4K,SEC,ENTITY_UNIT_BINDING,True,1,0,4206,12.03823313473178
llama32_3b,Llama-3.2-3B-Instruct,SEC_0016_82K,SEC_0016,82K,SEC,RETRIEVAL_CALCULATION,False,0,1,81681,16.317712908426888
llama32_3b,Llama-3.2-3B-Instruct,CT_0111_32K,CT_0111,32K,CLINICAL_TRIALS,UNANSWERABLE,False,0,1,32686,14.99638521541103
llama32_3b,Llama-3.2-3B-Instruct,FRED_0085_32K,FRED_0085,32K,FRED,TEMPORAL_VERSION,False,0,1,32609,14.992982579079195
llama32_3b,Llama-3.2-3B-Instruct,FRED_0061_8K,FRED_0061,8K,FRED,RETRIEVAL_CALCULATION,False,0,1,8328,13.023754353299417
llama32_3b,Llama-3.2-3B-Instruct,FRED_0024_4K,FRED_0024,4K,FRED,UNANSWERABLE,True,1,0,4279,12.06305796362349
llama32_3b,Llama-3.2-3B-Instruct,FDA_0108_82K,FDA_0108,82K,FDA,UNANSWERABLE,False,0,1,81734,16.318648720192613
llama32_3b,Llama-3.2-3B-Instruct,FRED_0056_16K,FRED_0056,16K,FRED,RETRIEVAL_CALCULATION,False,0,1,16464,14.007027266893969
llama32_3b,Llama-3.2-3B-Instruct,SEC_0060_4K,SEC_0060,4K,SEC,RETRIEVAL_CALCULATION,False,0,1,4331,12.080484457067568
llama32_3b,Llama-3.2-3B-Instruct,FRED_0002_8K,FRED_0002,8K,FRED,DIRECT_RETRIEVAL,True,1,0,8342,13.026177596889225
llama32_3b,Llama-3.2-3B-Instruct,CT_0037_16K,CT_0037,16K,CLINICAL_TRIALS,DIRECT_RETRIEVAL,True,1,0,16445,14.005361387722765
llama32_3b,Llama-3.2-3B-Instruct,FRED_0036_82K,FRED_0036,82K,FRED,DIRECT_RETRIEVAL,True,1,0,81764,16.319178156047638
llama32_3b,Llama-3.2-3B-Instruct,SEC_0059_8K,SEC_0059,8K,SEC,RETRIEVAL_CALCULATION,False,0,1,8334,13.024793384702548
llama32_3b,Llama-3.2-3B-Instruct,FRED_0096_82K,FRED_0096,82K,FRED,ENTITY_UNIT_BINDING,False,0,1,81744,16.3188252203997
llama32_3b,Llama-3.2-3B-Instruct,FDA_0061_16K,FDA_0061,16K,FDA,RETRIEVAL_CALCULATION,True,1,0,16367,13.99850228586011
llama32_3b,Llama-3.2-3B-Instruct,FRED_0065_16K,FRED_0065,16K,FRED,RETRIEVAL_CALCULATION,False,0,1,16435,14.004483835967672
llama32_3b,Llama-3.2-3B-Instruct,CT_0058_32K,CT_0058,32K,CLINICAL_TRIALS,RETRIEVAL_CALCULATION,False,0,1,32680,14.996120363033047
llama32_3b,Llama-3.2-3B-Instruct,CT_0049_32K,CT_0049,32K,CLINICAL_TRIALS,RETRIEVAL_CALCULATION,False,0,1,32668,14.9955905123663
llama32_3b,Llama-3.2-3B-Instruct,SEC_0091_64K,SEC_0091,64K,SEC,TEMPORAL_VERSION,False,0,1,65350,15.995899615570158
llama32_3b,Llama-3.2-3B-Instruct,FDA_0124_32K,FDA_0124,32K,FDA,UNANSWERABLE,False,0,1,32628,14.993822936745916
llama32_3b,Llama-3.2-3B-Instruct,FRED_0070_4K,FRED_0070,4K,FRED,RETRIEVAL_CALCULATION,False,0,1,4290,12.066761932386909
llama32_3b,Llama-3.2-3B-Instruct,FDA_0096_4K,FDA_0096,4K,FDA,ENTITY_UNIT_BINDING,False,0,1,4236,12.048486873992337
llama32_3b,Llama-3.2-3B-Instruct,CT_0011_64K,CT_0011,64K,CLINICAL_TRIALS,RETRIEVAL_CALCULATION,False,0,1,65156,15.991610417462953
llama32_3b,Llama-3.2-3B-Instruct,SEC_0093_4K,SEC_0093,4K,SEC,TEMPORAL_VERSION,True,1,0,4281,12.063732120196919
llama32_3b,Llama-3.2-3B-Instruct,FDA_0074_8K,FDA_0074,8K,FDA,RETRIEVAL_CALCULATION,False,0,1,8341,13.026004642978943
llama32_3b,Llama-3.2-3B-Instruct,CT_0111_82K,CT_0111,82K,CLINICAL_TRIALS,UNANSWERABLE,False,0,1,81751,16.318948757697992
llama32_3b,Llama-3.2-3B-Instruct,FDA_0089_16K,FDA_0089,16K,FDA,TEMPORAL_VERSION,True,1,0,16396,14.001056274634779
llama32_3b,Llama-3.2-3B-Instruct,CT_0114_4K,CT_0114,4K,CLINICAL_TRIALS,UNANSWERABLE,False,0,1,4281,12.063732120196919
llama32_3b,Llama-3.2-3B-Instruct,FDA_0080_32K,FDA_0080,32K,FDA,TEMPORAL_VERSION,True,1,0,32646,14.994618613781007
llama32_3b,Llama-3.2-3B-Instruct,FRED_0122_82K,FRED_0122,82K,FRED,UNANSWERABLE,False,0,1,81791,16.319654482255434
llama32_3b,Llama-3.2-3B-Instruct,FDA_0057_64K,FDA_0057,64K,FDA,RETRIEVAL_CALCULATION,True,1,0,65078,15.989882293829424
llama32_3b,Llama-3.2-3B-Instruct,CT_0018_8K,CT_0018,8K,CLINICAL_TRIALS,ENTITY_UNIT_BINDING,True,1,0,8344,13.026523442519766
llama32_3b,Llama-3.2-3B-Instruct,FRED_0012_82K,FRED_0012,82K,FRED,RETRIEVAL_CALCULATION,True,1,0,81756,16.3190369921492
llama32_3b,Llama-3.2-3B-Instruct,FRED_0080_82K,FRED_0080,82K,FRED,TEMPORAL_VERSION,True,1,0,81753,16.318984052126044
llama32_3b,Llama-3.2-3B-Instruct,FRED_0047_64K,FRED_0047,64K,FRED,RETRIEVAL_CALCULATION,False,0,1,64999,15.988129902211485
llama32_3b,Llama-3.2-3B-Instruct,CT_0100_16K,CT_0100,16K,CLINICAL_TRIALS,ENTITY_UNIT_BINDING,True,1,0,16495,14.009741157452293
llama32_3b,Llama-3.2-3B-Instruct,FRED_0016_16K,FRED_0016,16K,FRED,RETRIEVAL_CALCULATION,False,0,1,16440,14.004922678569045
llama32_3b,Llama-3.2-3B-Instruct,FDA_0101_4K,FDA_0101,4K,FDA,ENTITY_UNIT_BINDING,True,1,0,4252,12.053925881531105
llama32_3b,Llama-3.2-3B-Instruct,FDA_0011_64K,FDA_0011,64K,FDA,RETRIEVAL_CALCULATION,False,0,1,65038,15.988995272964143
llama32_3b,Llama-3.2-3B-Instruct,FDA_0100_8K,FDA_0100,8K,FDA,ENTITY_UNIT_BINDING,True,1,0,8283,13.015937673309226
llama32_3b,Llama-3.2-3B-Instruct,CT_0091_32K,CT_0091,32K,CLINICAL_TRIALS,ENTITY_UNIT_BINDING,True,1,0,32757,14.9995156155483
llama32_3b,Llama-3.2-3B-Instruct,FDA_0103_4K,FDA_0103,4K,FDA,ENTITY_UNIT_BINDING,True,1,0,4255,12.054943416573325
llama32_3b,Llama-3.2-3B-Instruct,FRED_0039_4K,FRED_0039,4K,FRED,DIRECT_RETRIEVAL,False,0,1,4313,12.074476000734501
llama32_3b,Llama-3.2-3B-Instruct,CT_0003_8K,CT_0003,8K,CLINICAL_TRIALS,DIRECT_RETRIEVAL,True,1,0,8306,13.019938156424795
llama32_3b,Llama-3.2-3B-Instruct,FDA_0028_4K,FDA_0028,4K,FDA,DIRECT_RETRIEVAL,True,1,0,4294,12.068106475858773
llama32_3b,Llama-3.2-3B-Instruct,CT_0072_82K,CT_0072,82K,CLINICAL_TRIALS,RETRIEVAL_CALCULATION,False,0,1,81735,16.318666371185046
llama32_3b,Llama-3.2-3B-Instruct,FRED_0125_4K,FRED_0125,4K,FRED,UNANSWERABLE,True,1,0,4284,12.064742764750257
llama32_3b,Llama-3.2-3B-Instruct,FRED_0015_82K,FRED_0015,82K,FRED,RETRIEVAL_CALCULATION,False,0,1,81720,16.318401583620588
llama32_3b,Llama-3.2-3B-Instruct,SEC_0003_32K,SEC_0003,32K,SEC,DIRECT_RETRIEVAL,True,1,0,32751,14.99925133728398
llama32_3b,Llama-3.2-3B-Instruct,SEC_0088_8K,SEC_0088,8K,SEC,TEMPORAL_VERSION,False,0,1,8420,13.039604517953759
llama32_3b,Llama-3.2-3B-Instruct,CT_0074_4K,CT_0074,4K,CLINICAL_TRIALS,ENTITY_UNIT_BINDING,True,1,0,4219,12.042685372219351
llama32_3b,Llama-3.2-3B-Instruct,FDA_0013_16K,FDA_0013,16K,FDA,RETRIEVAL_CALCULATION,False,0,1,16402,14.00158412208535
llama32_3b,Llama-3.2-3B-Instruct,CT_0047_64K,CT_0047,64K,CLINICAL_TRIALS,RETRIEVAL_CALCULATION,False,0,1,65161,15.991721124050857
llama32_3b,Llama-3.2-3B-Instruct,CT_0111_8K,CT_0111,8K,CLINICAL_TRIALS,UNANSWERABLE,False,0,1,8348,13.027214885159834
llama32_3b,Llama-3.2-3B-Instruct,SEC_0056_32K,SEC_0056,32K,SEC,RETRIEVAL_CALCULATION,False,0,1,32774,15.000264141169616
llama32_3b,Llama-3.2-3B-Instruct,CT_0036_82K,CT_0036,82K,CLINICAL_TRIALS,DIRECT_RETRIEVAL,True,1,0,81779,16.319442801133935
llama32_3b,Llama-3.2-3B-Instruct,FDA_0009_4K,FDA_0009,4K,FDA,ENTITY_UNIT_BINDING,False,0,1,4213,12.040632200562253
llama32_3b,Llama-3.2-3B-Instruct,SEC_0085_82K,SEC_0085,82K,SEC,TEMPORAL_VERSION,False,0,1,81700,16.31804845792041
llama32_3b,Llama-3.2-3B-Instruct,FDA_0125_16K,FDA_0125,16K,FDA,UNANSWERABLE,False,0,1,16408,14.002111776479852
llama32_3b,Llama-3.2-3B-Instruct,CT_0110_16K,CT_0110,16K,CLINICAL_TRIALS,UNANSWERABLE,False,0,1,16419,14.003078641928644
llama32_3b,Llama-3.2-3B-Instruct,CT_0109_16K,CT_0109,16K,CLINICAL_TRIALS,UNANSWERABLE,False,0,1,16443,14.0051859200698
llama32_3b,Llama-3.2-3B-Instruct,SEC_0100_32K,SEC_0100,32K,SEC,ENTITY_UNIT_BINDING,True,1,0,32736,14.99859042974533
llama32_3b,Llama-3.2-3B-Instruct,SEC_0078_4K,SEC_0078,4K,SEC,TEMPORAL_VERSION,False,0,1,4252,12.053925881531105
llama32_3b,Llama-3.2-3B-Instruct,FDA_0076_4K,FDA_0076,4K,FDA,RETRIEVAL_CALCULATION,False,0,1,4244,12.051208940914766
llama32_3b,Llama-3.2-3B-Instruct,FRED_0096_16K,FRED_0096,16K,FRED,ENTITY_UNIT_BINDING,True,1,0,16423,14.003430068771838
llama32_3b,Llama-3.2-3B-Instruct,FRED_0048_64K,FRED_0048,64K,FRED,RETRIEVAL_CALCULATION,False,0,1,65019,15.988573746925992
llama32_3b,Llama-3.2-3B-Instruct,CT_0021_8K,CT_0021,8K,CLINICAL_TRIALS,UNANSWERABLE,False,0,1,8335,13.02496648387378
llama32_3b,Llama-3.2-3B-Instruct,FRED_0028_82K,FRED_0028,82K,FRED,DIRECT_RETRIEVAL,False,0,1,81783,16.31951336495884
llama32_3b,Llama-3.2-3B-Instruct,CT_0018_32K,CT_0018,32K,CLINICAL_TRIALS,ENTITY_UNIT_BINDING,True,1,0,32707,14.99731181602272
llama32_3b,Llama-3.2-3B-Instruct,SEC_0102_4K,SEC_0102,4K,SEC,ENTITY_UNIT_BINDING,True,1,0,4253,12.054265139625764
llama32_3b,Llama-3.2-3B-Instruct,CT_0023_4K,CT_0023,4K,CLINICAL_TRIALS,UNANSWERABLE,False,0,1,4280,12.06339508128851
llama32_3b,Llama-3.2-3B-Instruct,FRED_0025_82K,FRED_0025,82K,FRED,UNANSWERABLE,False,0,1,81793,16.319689759422904
llama32_3b,Llama-3.2-3B-Instruct,FDA_0049_82K,FDA_0049,82K,FDA,RETRIEVAL_CALCULATION,False,0,1,81789,16.319619204225333
llama32_3b,Llama-3.2-3B-Instruct,CT_0061_4K,CT_0061,4K,CLINICAL_TRIALS,RETRIEVAL_CALCULATION,False,0,1,4262,12.057314877782703
llama32_3b,Llama-3.2-3B-Instruct,SEC_0033_32K,SEC_0033,32K,SEC,DIRECT_RETRIEVAL,False,0,1,32735,14.998546358475881
llama32_3b,Llama-3.2-3B-Instruct,CT_0009_82K,CT_0009,82K,CLINICAL_TRIALS,ENTITY_UNIT_BINDING,False,0,1,81766,16.319213444864147
llama32_3b,Llama-3.2-3B-Instruct,CT_0046_82K,CT_0046,82K,CLINICAL_TRIALS,RETRIEVAL_CALCULATION,False,0,1,81699,16.318030799366305
llama32_3b,Llama-3.2-3B-Instruct,FRED_0071_8K,FRED_0071,8K,FRED,RETRIEVAL_CALCULATION,False,0,1,8379,13.032562359001107
llama32_3b,Llama-3.2-3B-Instruct,FRED_0049_8K,FRED_0049,8K,FRED,RETRIEVAL_CALCULATION,False,0,1,8373,13.031528909787223
llama32_3b,Llama-3.2-3B-Instruct,FRED_0106_8K,FRED_0106,8K,FRED,UNANSWERABLE,True,1,0,8334,13.024793384702548
llama32_3b,Llama-3.2-3B-Instruct,FRED_0044_82K,FRED_0044,82K,FRED,DIRECT_RETRIEVAL,False,0,1,81792,16.319672120946993
llama32_3b,Llama-3.2-3B-Instruct,FRED_0030_8K,FRED_0030,8K,FRED,DIRECT_RETRIEVAL,True,1,0,8288,13.016808287686555
llama32_3b,Llama-3.2-3B-Instruct,FRED_0016_4K,FRED_0016,4K,FRED,RETRIEVAL_CALCULATION,False,0,1,4270,12.060020354507852
llama32_3b,Llama-3.2-3B-Instruct,CT_0065_64K,CT_0065,64K,CLINICAL_TRIALS,RETRIEVAL_CALCULATION,False,0,1,65205,15.992694975886604
llama32_3b,Llama-3.2-3B-Instruct,SEC_0067_82K,SEC_0067,82K,SEC,RETRIEVAL_CALCULATION,False,0,1,81718,16.318366274939844
llama32_3b,Llama-3.2-3B-Instruct,FRED_0038_64K,FRED_0038,64K,FRED,DIRECT_RETRIEVAL,False,0,1,64897,15.985864167709787
llama32_3b,Llama-3.2-3B-Instruct,CT_0086_82K,CT_0086,82K,CLINICAL_TRIALS,ENTITY_UNIT_BINDING,True,1,0,81690,16.317871862652314
llama32_3b,Llama-3.2-3B-Instruct,FDA_0020_64K,FDA_0020,64K,FDA,TEMPORAL_VERSION,False,0,1,65027,15.988751246585215
llama32_3b,Llama-3.2-3B-Instruct,FRED_0060_4K,FRED_0060,4K,FRED,RETRIEVAL_CALCULATION,False,0,1,4327,12.079151405421891
llama32_3b,Llama-3.2-3B-Instruct,SEC_0061_82K,SEC_0061,82K,SEC,RETRIEVAL_CALCULATION,False,0,1,81696,16.31797782240712
llama32_3b,Llama-3.2-3B-Instruct,FDA_0068_16K,FDA_0068,16K,FDA,RETRIEVAL_CALCULATION,False,0,1,16491,14.009391264758918
llama32_3b,Llama-3.2-3B-Instruct,SEC_0088_64K,SEC_0088,64K,SEC,TEMPORAL_VERSION,False,0,1,65357,15.996054142340657
llama32_3b,Llama-3.2-3B-Instruct,CT_0026_8K,CT_0026,8K,CLINICAL_TRIALS,DIRECT_RETRIEVAL,True,1,0,8311,13.020806360724265
llama32_3b,Llama-3.2-3B-Instruct,FDA_0027_32K,FDA_0027,32K,FDA,DIRECT_RETRIEVAL,True,1,0,32630,14.993911366979226
llama32_3b,Llama-3.2-3B-Instruct,SEC_0002_16K,SEC_0002,16K,SEC,DIRECT_RETRIEVAL,True,1,0,16450,14.005799963509967
llama32_3b,Llama-3.2-3B-Instruct,FRED_0069_64K,FRED_0069,64K,FRED,RETRIEVAL_CALCULATION,False,0,1,65009,15.988351841637327
llama32_3b,Llama-3.2-3B-Instruct,FDA_0121_82K,FDA_0121,82K,FDA,UNANSWERABLE,False,0,1,81770,16.319284019907744
llama32_3b,Llama-3.2-3B-Instruct,CT_0088_82K,CT_0088,82K,CLINICAL_TRIALS,ENTITY_UNIT_BINDING,True,1,0,81752,16.31896640501995
llama32_3b,Llama-3.2-3B-Instruct,FDA_0103_64K,FDA_0103,64K,FDA,ENTITY_UNIT_BINDING,True,1,0,65108,15.990547201761041
llama32_3b,Llama-3.2-3B-Instruct,SEC_0114_32K,SEC_0114,32K,SEC,UNANSWERABLE,False,0,1,32676,14.995943767764953
llama32_3b,Llama-3.2-3B-Instruct,CT_0022_16K,CT_0022,16K,CLINICAL_TRIALS,UNANSWERABLE,False,0,1,16463,14.006939636982873
llama32_3b,Llama-3.2-3B-Instruct,CT_0007_4K,CT_0007,4K,CLINICAL_TRIALS,ENTITY_UNIT_BINDING,True,1,0,4268,12.059344460824425
llama32_3b,Llama-3.2-3B-Instruct,FRED_0032_16K,FRED_0032,16K,FRED,DIRECT_RETRIEVAL,True,1,0,16392,14.000704269011246
llama32_3b,Llama-3.2-3B-Instruct,FDA_0077_8K,FDA_0077,8K,FDA,RETRIEVAL_CALCULATION,False,0,1,8352,13.027905996569885
llama32_3b,Llama-3.2-3B-Instruct,SEC_0066_8K,SEC_0066,8K,SEC,RETRIEVAL_CALCULATION,False,0,1,8328,13.023754353299417
llama32_3b,Llama-3.2-3B-Instruct,CT_0055_8K,CT_0055,8K,CLINICAL_TRIALS,RETRIEVAL_CALCULATION,False,0,1,8303,13.019416982944184
llama32_3b,Llama-3.2-3B-Instruct,FRED_0010_32K,FRED_0010,32K,FRED,RETRIEVAL_CALCULATION,False,0,1,32651,14.994839557322626
llama32_3b,Llama-3.2-3B-Instruct,FRED_0124_4K,FRED_0124,4K,FRED,UNANSWERABLE,True,1,0,4286,12.065416134676548
llama32_3b,Llama-3.2-3B-Instruct,FDA_0058_32K,FDA_0058,32K,FDA,RETRIEVAL_CALCULATION,False,0,1,32653,14.994927925265866
llama32_3b,Llama-3.2-3B-Instruct,FDA_0040_32K,FDA_0040,32K,FDA,DIRECT_RETRIEVAL,True,1,0,32657,14.995104644915866
llama32_3b,Llama-3.2-3B-Instruct,CT_0124_64K,CT_0124,64K,CLINICAL_TRIALS,UNANSWERABLE,False,0,1,65155,15.991588275125913
llama32_3b,Llama-3.2-3B-Instruct,FRED_0059_16K,FRED_0059,16K,FRED,RETRIEVAL_CALCULATION,False,0,1,16429,14.003957048580775
llama32_3b,Llama-3.2-3B-Instruct,FRED_0064_8K,FRED_0064,8K,FRED,RETRIEVAL_CALCULATION,False,0,1,8298,13.01854794187165
llama32_3b,Llama-3.2-3B-Instruct,FDA_0037_4K,FDA_0037,4K,FDA,DIRECT_RETRIEVAL,True,1,0,4267,12.059006395201111
llama32_3b,Llama-3.2-3B-Instruct,FDA_0076_82K,FDA_0076,82K,FDA,RETRIEVAL_CALCULATION,False,0,1,81711,16.318242687751617
llama32_3b,Llama-3.2-3B-Instruct,FRED_0071_64K,FRED_0071,64K,FRED,RETRIEVAL_CALCULATION,False,0,1,65011,15.988396225425697
llama32_3b,Llama-3.2-3B-Instruct,FRED_0067_8K,FRED_0067,8K,FRED,RETRIEVAL_CALCULATION,False,0,1,8319,13.022194401760634
llama32_3b,Llama-3.2-3B-Instruct,CT_0121_16K,CT_0121,16K,CLINICAL_TRIALS,UNANSWERABLE,False,0,1,16416,14.002815015607053
llama32_3b,Llama-3.2-3B-Instruct,SEC_0097_32K,SEC_0097,32K,SEC,ENTITY_UNIT_BINDING,False,0,1,32774,15.000264141169616
llama32_3b,Llama-3.2-3B-Instruct,SEC_0055_4K,SEC_0055,4K,SEC,RETRIEVAL_CALCULATION,False,0,1,4331,12.080484457067568
llama32_3b,Llama-3.2-3B-Instruct,SEC_0090_16K,SEC_0090,16K,SEC,TEMPORAL_VERSION,False,0,1,16532,14.01297364837454
llama32_3b,Llama-3.2-3B-Instruct,CT_0121_64K,CT_0121,64K,CLINICAL_TRIALS,UNANSWERABLE,False,0,1,65150,15.99147755834286
llama32_3b,Llama-3.2-3B-Instruct,FDA_0022_64K,FDA_0022,64K,FDA,UNANSWERABLE,False,0,1,65009,15.988351841637327
llama32_3b,Llama-3.2-3B-Instruct,CT_0058_16K,CT_0058,16K,CLINICAL_TRIALS,RETRIEVAL_CALCULATION,False,0,1,16455,14.006238406011711
llama32_3b,Llama-3.2-3B-Instruct,FDA_0008_64K,FDA_0008,64K,FDA,ENTITY_UNIT_BINDING,True,1,0,65083,15.98999313310091
llama32_3b,Llama-3.2-3B-Instruct,CT_0009_4K,CT_0009,4K,CLINICAL_TRIALS,ENTITY_UNIT_BINDING,True,1,0,4335,12.081816278109198
llama32_3b,Llama-3.2-3B-Instruct,SEC_0118_32K,SEC_0118,32K,SEC,UNANSWERABLE,False,0,1,32744,14.998942951443086
llama32_3b,Llama-3.2-3B-Instruct,FRED_0043_16K,FRED_0043,16K,FRED,DIRECT_RETRIEVAL,True,1,0,16428,14.003869231979056
llama32_3b,Llama-3.2-3B-Instruct,SEC_0014_4K,SEC_0014,4K,SEC,RETRIEVAL_CALCULATION,False,0,1,4303,12.07112712494831
llama32_3b,Llama-3.2-3B-Instruct,CT_0010_4K,CT_0010,4K,CLINICAL_TRIALS,RETRIEVAL_CALCULATION,True,1,0,4273,12.061033601681112
llama32_3b,Llama-3.2-3B-Instruct,FDA_0004_82K,FDA_0004,82K,FDA,DIRECT_RETRIEVAL,False,0,1,81796,16.319742673556778
llama32_3b,Llama-3.2-3B-Instruct,CT_0042_16K,CT_0042,16K,CLINICAL_TRIALS,DIRECT_RETRIEVAL,True,1,0,16451,14.00588766267056
llama32_3b,Llama-3.2-3B-Instruct,CT_0080_64K,CT_0080,64K,CLINICAL_TRIALS,ENTITY_UNIT_BINDING,True,1,0,65206,15.992717101244756
llama32_3b,Llama-3.2-3B-Instruct,CT_0007_82K,CT_0007,82K,CLINICAL_TRIALS,ENTITY_UNIT_BINDING,True,1,0,81770,16.319284019907744
llama32_3b,Llama-3.2-3B-Instruct,FRED_0095_32K,FRED_0095,32K,FRED,ENTITY_UNIT_BINDING,True,1,0,32589,14.99209746291849
llama32_3b,Llama-3.2-3B-Instruct,CT_0011_8K,CT_0011,8K,CLINICAL_TRIALS,RETRIEVAL_CALCULATION,False,0,1,8339,13.0256586729435
llama32_3b,Llama-3.2-3B-Instruct,SEC_0053_82K,SEC_0053,82K,SEC,RETRIEVAL_CALCULATION,False,0,1,81759,16.319089930229783
llama32_3b,Llama-3.2-3B-Instruct,FRED_0078_4K,FRED_0078,4K,FRED,TEMPORAL_VERSION,True,1,0,4283,12.064405961891042
llama32_3b,Llama-3.2-3B-Instruct,FDA_0058_8K,FDA_0058,8K,FDA,RETRIEVAL_CALCULATION,False,0,1,8279,13.01524080333268
llama32_3b,Llama-3.2-3B-Instruct,FDA_0070_64K,FDA_0070,64K,FDA,RETRIEVAL_CALCULATION,False,0,1,65095,15.990259112614188
llama32_3b,Llama-3.2-3B-Instruct,FDA_0085_16K,FDA_0085,16K,FDA,TEMPORAL_VERSION,False,0,1,16383,13.99991194219542
llama32_3b,Llama-3.2-3B-Instruct,FDA_0041_8K,FDA_0041,8K,FDA,DIRECT_RETRIEVAL,True,1,0,8344,13.026523442519766
llama32_3b,Llama-3.2-3B-Instruct,SEC_0049_82K,SEC_0049,82K,SEC,RETRIEVAL_CALCULATION,False,0,1,81746,16.318860517850087
llama32_3b,Llama-3.2-3B-Instruct,SEC_0115_64K,SEC_0115,64K,SEC,UNANSWERABLE,False,0,1,65225,15.993137418592177
llama32_3b,Llama-3.2-3B-Instruct,FRED_0007_32K,FRED_0007,32K,FRED,ENTITY_UNIT_BINDING,True,1,0,32579,14.991654701117541
llama32_3b,Llama-3.2-3B-Instruct,FRED_0082_16K,FRED_0082,16K,FRED,TEMPORAL_VERSION,True,1,0,16440,14.004922678569045
llama32_3b,Llama-3.2-3B-Instruct,FRED_0114_32K,FRED_0114,32K,FRED,UNANSWERABLE,True,1,0,32593,14.99227452959858
llama32_3b,Llama-3.2-3B-Instruct,FRED_0080_8K,FRED_0080,8K,FRED,TEMPORAL_VERSION,True,1,0,8334,13.024793384702548
llama32_3b,Llama-3.2-3B-Instruct,FRED_0090_4K,FRED_0090,4K,FRED,ENTITY_UNIT_BINDING,True,1,0,4249,12.052907628313287
llama32_3b,Llama-3.2-3B-Instruct,FDA_0079_64K,FDA_0079,64K,FDA,TEMPORAL_VERSION,True,1,0,65003,15.988218682078955
llama32_3b,Llama-3.2-3B-Instruct,SEC_0086_4K,SEC_0086,4K,SEC,TEMPORAL_VERSION,True,1,0,4243,12.050868963290736
llama32_3b,Llama-3.2-3B-Instruct,SEC_0093_64K,SEC_0093,64K,SEC,TEMPORAL_VERSION,False,0,1,65323,15.995303428650773
llama32_3b,Llama-3.2-3B-Instruct,SEC_0114_64K,SEC_0114,64K,SEC,UNANSWERABLE,False,0,1,65267,15.994066106846011
llama32_3b,Llama-3.2-3B-Instruct,CT_0102_8K,CT_0102,8K,CLINICAL_TRIALS,ENTITY_UNIT_BINDING,True,1,0,8388,13.034111146096592
llama32_3b,Llama-3.2-3B-Instruct,FRED_0083_64K,FRED_0083,64K,FRED,TEMPORAL_VERSION,False,0,1,64991,15.987952326084988
llama32_3b,Llama-3.2-3B-Instruct,FRED_0055_16K,FRED_0055,16K,FRED,RETRIEVAL_CALCULATION,False,0,1,16476,14.008078410868256
llama32_3b,Llama-3.2-3B-Instruct,CT_0104_4K,CT_0104,4K,CLINICAL_TRIALS,ENTITY_UNIT_BINDING,True,1,0,4322,12.077483356859508
llama32_3b,Llama-3.2-3B-Instruct,FDA_0056_82K,FDA_0056,82K,FDA,RETRIEVAL_CALCULATION,True,1,0,81704,16.318119089975497
llama32_3b,Llama-3.2-3B-Instruct,FRED_0004_82K,FRED_0004,82K,FRED,DIRECT_RETRIEVAL,False,0,1,81770,16.319284019907744
llama32_3b,Llama-3.2-3B-Instruct,SEC_0021_64K,SEC_0021,64K,SEC,UNANSWERABLE,False,0,1,65228,15.993203773296528
llama32_3b,Llama-3.2-3B-Instruct,FDA_0045_64K,FDA_0045,64K,FDA,DIRECT_RETRIEVAL,True,1,0,65084,15.990015299933379
llama32_3b,Llama-3.2-3B-Instruct,CT_0049_16K,CT_0049,16K,CLINICAL_TRIALS,RETRIEVAL_CALCULATION,False,0,1,16374,13.999119179995297
llama32_3b,Llama-3.2-3B-Instruct,FRED_0037_4K,FRED_0037,4K,FRED,DIRECT_RETRIEVAL,True,1,0,4313,12.074476000734501
llama32_3b,Llama-3.2-3B-Instruct,CT_0012_32K,CT_0012,32K,CLINICAL_TRIALS,RETRIEVAL_CALCULATION,False,0,1,32688,14.996473488733228
llama32_3b,Llama-3.2-3B-Instruct,SEC_0114_16K,SEC_0114,16K,SEC,UNANSWERABLE,False,0,1,16506,14.010702925037366
llama32_3b,Llama-3.2-3B-Instruct,FDA_0007_16K,FDA_0007,16K,FDA,ENTITY_UNIT_BINDING,False,0,1,16403,14.001672077887289
llama32_3b,Llama-3.2-3B-Instruct,FDA_0005_16K,FDA_0005,16K,FDA,DIRECT_RETRIEVAL,True,1,0,16441,14.005010431073003
llama32_3b,Llama-3.2-3B-Instruct,FRED_0010_4K,FRED_0010,4K,FRED,RETRIEVAL_CALCULATION,False,0,1,4320,12.076815597050832
llama32_3b,Llama-3.2-3B-Instruct,FDA_0082_16K,FDA_0082,16K,FDA,TEMPORAL_VERSION,True,1,0,16427,14.00378141003163
llama32_3b,Llama-3.2-3B-Instruct,CT_0002_4K,CT_0002,4K,CLINICAL_TRIALS,DIRECT_RETRIEVAL,True,1,0,4250,12.053247125912426
llama32_3b,Llama-3.2-3B-Instruct,CT_0059_32K,CT_0059,32K,CLINICAL_TRIALS,RETRIEVAL_CALCULATION,False,0,1,32697,14.996870651857797
llama32_3b,Llama-3.2-3B-Instruct,CT_0104_64K,CT_0104,64K,CLINICAL_TRIALS,ENTITY_UNIT_BINDING,True,1,0,65226,15.993159537166061
llama32_3b,Llama-3.2-3B-Instruct,SEC_0120_32K,SEC_0120,32K,SEC,UNANSWERABLE,False,0,1,32682,14.9962086525616
llama32_3b,Llama-3.2-3B-Instruct,FRED_0014_64K,FRED_0014,64K,FRED,RETRIEVAL_CALCULATION,False,0,1,64962,15.987308429339546
llama32_3b,Llama-3.2-3B-Instruct,CT_0041_4K,CT_0041,4K,CLINICAL_TRIALS,DIRECT_RETRIEVAL,True,1,0,4297,12.069114061773938
llama32_3b,Llama-3.2-3B-Instruct,CT_0070_82K,CT_0070,82K,CLINICAL_TRIALS,RETRIEVAL_CALCULATION,False,0,1,81685,16.31778355691145
llama32_3b,Llama-3.2-3B-Instruct,FDA_0055_32K,FDA_0055,32K,FDA,RETRIEVAL_CALCULATION,True,1,0,32585,14.99192037450376
llama32_3b,Llama-3.2-3B-Instruct,FRED_0005_8K,FRED_0005,8K,FRED,DIRECT_RETRIEVAL,True,1,0,8303,13.019416982944184
llama32_3b,Llama-3.2-3B-Instruct,SEC_0030_64K,SEC_0030,64K,SEC,DIRECT_RETRIEVAL,False,0,1,65341,15.995700913970376
llama32_3b,Llama-3.2-3B-Instruct,SEC_0112_82K,SEC_0112,82K,SEC,UNANSWERABLE,False,0,1,81799,16.319795585749976
llama32_3b,Llama-3.2-3B-Instruct,CT_0069_32K,CT_0069,32K,CLINICAL_TRIALS,RETRIEVAL_CALCULATION,False,0,1,32718,14.997796940840429
llama32_3b,Llama-3.2-3B-Instruct,FDA_0109_4K,FDA_0109,4K,FDA,UNANSWERABLE,False,0,1,4233,12.04746477331842
llama32_3b,Llama-3.2-3B-Instruct,SEC_0041_8K,SEC_0041,8K,SEC,DIRECT_RETRIEVAL,True,1,0,8340,13.025831668332026
llama32_3b,Llama-3.2-3B-Instruct,FDA_0026_82K,FDA_0026,82K,FDA,DIRECT_RETRIEVAL,True,1,0,81767,16.31923108894872
llama32_3b,Llama-3.2-3B-Instruct,FRED_0032_32K,FRED_0032,32K,FRED,DIRECT_RETRIEVAL,True,1,0,32570,14.991256099283266
llama32_3b,Llama-3.2-3B-Instruct,FRED_0080_64K,FRED_0080,64K,FRED,TEMPORAL_VERSION,True,1,0,64962,15.987308429339546
llama32_3b,Llama-3.2-3B-Instruct,FRED_0053_8K,FRED_0053,8K,FRED,RETRIEVAL_CALCULATION,True,1,0,8350,13.027560482248777
llama32_3b,Llama-3.2-3B-Instruct,SEC_0085_64K,SEC_0085,64K,SEC,TEMPORAL_VERSION,False,0,1,65231,15.993270124949131
llama32_3b,Llama-3.2-3B-Instruct,CT_0040_16K,CT_0040,16K,CLINICAL_TRIALS,DIRECT_RETRIEVAL,True,1,0,16479,14.008341077239649
llama32_3b,Llama-3.2-3B-Instruct,FRED_0012_8K,FRED_0012,8K,FRED,RETRIEVAL_CALCULATION,False,0,1,8319,13.022194401760634
llama32_3b,Llama-3.2-3B-Instruct,SEC_0025_32K,SEC_0025,32K,SEC,UNANSWERABLE,True,1,0,32751,14.99925133728398
llama32_3b,Llama-3.2-3B-Instruct,SEC_0018_8K,SEC_0018,8K,SEC,TEMPORAL_VERSION,True,1,0,8277,13.01489224207443
llama32_3b,Llama-3.2-3B-Instruct,FRED_0098_16K,FRED_0098,16K,FRED,ENTITY_UNIT_BINDING,False,0,1,16428,14.003869231979056
llama32_3b,Llama-3.2-3B-Instruct,CT_0042_82K,CT_0042,82K,CLINICAL_TRIALS,DIRECT_RETRIEVAL,True,1,0,81675,16.317606929212786
llama32_3b,Llama-3.2-3B-Instruct,FDA_0120_4K,FDA_0120,4K,FDA,UNANSWERABLE,False,0,1,4242,12.050528905530555
llama32_3b,Llama-3.2-3B-Instruct,FDA_0082_8K,FDA_0082,8K,FDA,TEMPORAL_VERSION,True,1,0,8268,13.013322673425447
llama32_3b,Llama-3.2-3B-Instruct,FDA_0123_82K,FDA_0123,82K,FDA,UNANSWERABLE,False,0,1,81769,16.31926637647051
llama32_3b,Llama-3.2-3B-Instruct,SEC_0045_4K,SEC_0045,4K,SEC,DIRECT_RETRIEVAL,False,0,1,4319,12.076481601207021
llama32_3b,Llama-3.2-3B-Instruct,SEC_0113_4K,SEC_0113,4K,SEC,UNANSWERABLE,True,1,0,4267,12.059006395201111
llama32_3b,Llama-3.2-3B-Instruct,FRED_0070_32K,FRED_0070,32K,FRED,RETRIEVAL_CALCULATION,False,0,1,32624,14.993646060016596
llama32_3b,Llama-3.2-3B-Instruct,SEC_0036_64K,SEC_0036,64K,SEC,DIRECT_RETRIEVAL,False,0,1,65316,15.99514882144625
llama32_3b,Llama-3.2-3B-Instruct,FRED_0011_82K,FRED_0011,82K,FRED,RETRIEVAL_CALCULATION,False,0,1,81771,16.31930166312921
llama32_3b,Llama-3.2-3B-Instruct,SEC_0004_64K,SEC_0004,64K,SEC,DIRECT_RETRIEVAL,True,1,0,65207,15.992739226263595
llama32_3b,Llama-3.2-3B-Instruct,FRED_0062_64K,FRED_0062,64K,FRED,RETRIEVAL_CALCULATION,False,0,1,65007,15.988307456483469
llama32_3b,Llama-3.2-3B-Instruct,CT_0097_32K,CT_0097,32K,CLINICAL_TRIALS,ENTITY_UNIT_BINDING,True,1,0,32809,15.001804001536629
llama32_3b,Llama-3.2-3B-Instruct,CT_0074_16K,CT_0074,16K,CLINICAL_TRIALS,ENTITY_UNIT_BINDING,True,1,0,16465,14.00711489148271
llama32_3b,Llama-3.2-3B-Instruct,FRED_0081_8K,FRED_0081,8K,FRED,TEMPORAL_VERSION,False,0,1,8301,13.019069429331111
llama32_3b,Llama-3.2-3B-Instruct,SEC_0040_32K,SEC_0040,32K,SEC,DIRECT_RETRIEVAL,False,0,1,32716,14.99770874846085
llama32_3b,Llama-3.2-3B-Instruct,CT_0065_4K,CT_0065,4K,CLINICAL_TRIALS,RETRIEVAL_CALCULATION,False,0,1,4327,12.079151405421891
llama32_3b,Llama-3.2-3B-Instruct,CT_0047_82K,CT_0047,82K,CLINICAL_TRIALS,RETRIEVAL_CALCULATION,False,0,1,81625,16.31672346620852
llama32_3b,Llama-3.2-3B-Instruct,SEC_0059_32K,SEC_0059,32K,SEC,RETRIEVAL_CALCULATION,False,0,1,32704,14.997179480937621
llama32_3b,Llama-3.2-3B-Instruct,SEC_0009_16K,SEC_0009,16K,SEC,RETRIEVAL_CALCULATION,False,0,1,16441,14.005010431073003
llama32_3b,Llama-3.2-3B-Instruct,FRED_0040_16K,FRED_0040,16K,FRED,DIRECT_RETRIEVAL,False,0,1,16358,13.99770874846085
llama32_3b,Llama-3.2-3B-Instruct,CT_0075_64K,CT_0075,64K,CLINICAL_TRIALS,ENTITY_UNIT_BINDING,False,0,1,65186,15.99227452959858
llama32_3b,Llama-3.2-3B-Instruct,CT_0023_64K,CT_0023,64K,CLINICAL_TRIALS,UNANSWERABLE,False,0,1,65131,15.991056757059921
llama32_3b,Llama-3.2-3B-Instruct,FDA_0016_16K,FDA_0016,16K,FDA,RETRIEVAL_CALCULATION,False,0,1,16454,14.00615072817031
llama32_3b,Llama-3.2-3B-Instruct,FDA_0094_16K,FDA_0094,16K,FDA,ENTITY_UNIT_BINDING,True,1,0,16459,14.006589064102005
llama32_3b,Llama-3.2-3B-Instruct,FRED_0108_82K,FRED_0108,82K,FRED,UNANSWERABLE,False,0,1,81713,16.31827799945714
llama32_3b,Llama-3.2-3B-Instruct,FRED_0019_82K,FRED_0019,82K,FRED,TEMPORAL_VERSION,False,0,1,81791,16.319654482255434
llama32_3b,Llama-3.2-3B-Instruct,FDA_0083_4K,FDA_0083,4K,FDA,TEMPORAL_VERSION,True,1,0,4240,12.049848549450562
llama32_3b,Llama-3.2-3B-Instruct,CT_0040_4K,CT_0040,4K,CLINICAL_TRIALS,DIRECT_RETRIEVAL,True,1,0,4257,12.055621374781708
llama32_3b,Llama-3.2-3B-Instruct,CT_0018_64K,CT_0018,64K,CLINICAL_TRIALS,ENTITY_UNIT_BINDING,True,1,0,65201,15.99260647106067
llama32_3b,Llama-3.2-3B-Instruct,FRED_0019_4K,FRED_0019,4K,FRED,TEMPORAL_VERSION,True,1,0,4263,12.057653339963936
llama32_3b,Llama-3.2-3B-Instruct,FRED_0005_32K,FRED_0005,32K,FRED,DIRECT_RETRIEVAL,True,1,0,32556,14.990635833003022
llama32_3b,Llama-3.2-3B-Instruct,FDA_0011_4K,FDA_0011,4K,FDA,RETRIEVAL_CALCULATION,False,0,1,4240,12.049848549450562
llama32_3b,Llama-3.2-3B-Instruct,FRED_0033_64K,FRED_0033,64K,FRED,DIRECT_RETRIEVAL,False,0,1,65028,15.988773432507186
llama32_3b,Llama-3.2-3B-Instruct,SEC_0102_82K,SEC_0102,82K,SEC,ENTITY_UNIT_BINDING,True,1,0,81675,16.317606929212786
llama32_3b,Llama-3.2-3B-Instruct,CT_0075_82K,CT_0075,82K,CLINICAL_TRIALS,ENTITY_UNIT_BINDING,True,1,0,81775,16.319372233857504
llama32_3b,Llama-3.2-3B-Instruct,FDA_0121_16K,FDA_0121,16K,FDA,UNANSWERABLE,False,0,1,16398,14.001232245244363
llama32_3b,Llama-3.2-3B-Instruct,FDA_0066_4K,FDA_0066,4K,FDA,RETRIEVAL_CALCULATION,False,0,1,4278,12.062720767165045
llama32_3b,Llama-3.2-3B-Instruct,FRED_0066_16K,FRED_0066,16K,FRED,RETRIEVAL_CALCULATION,False,0,1,16403,14.001672077887289
llama32_3b,Llama-3.2-3B-Instruct,SEC_0032_82K,SEC_0032,82K,SEC,DIRECT_RETRIEVAL,False,0,1,81753,16.318984052126044
llama32_3b,Llama-3.2-3B-Instruct,FDA_0017_64K,FDA_0017,64K,FDA,RETRIEVAL_CALCULATION,False,0,1,65068,15.989660589736523
llama32_3b,Llama-3.2-3B-Instruct,FDA_0042_32K,FDA_0042,32K,FDA,DIRECT_RETRIEVAL,True,1,0,32595,14.992363054789802
llama32_3b,Llama-3.2-3B-Instruct,FDA_0097_32K,FDA_0097,32K,FDA,ENTITY_UNIT_BINDING,True,1,0,32663,14.99536968380961
llama32_3b,Llama-3.2-3B-Instruct,FDA_0051_64K,FDA_0051,64K,FDA,RETRIEVAL_CALCULATION,True,1,0,65065,15.989594071864447
llama32_3b,Llama-3.2-3B-Instruct,CT_0110_32K,CT_0110,32K,CLINICAL_TRIALS,UNANSWERABLE,False,0,1,32679,14.99607621624252
llama32_3b,Llama-3.2-3B-Instruct,CT_0042_32K,CT_0042,32K,CLINICAL_TRIALS,DIRECT_RETRIEVAL,True,1,0,32680,14.996120363033047
llama32_3b,Llama-3.2-3B-Instruct,FDA_0077_64K,FDA_0077,64K,FDA,RETRIEVAL_CALCULATION,False,0,1,65079,15.989904462364976
llama32_3b,Llama-3.2-3B-Instruct,FDA_0063_64K,FDA_0063,64K,FDA,RETRIEVAL_CALCULATION,False,0,1,65124,15.990901694063554
llama32_3b,Llama-3.2-3B-Instruct,SEC_0031_32K,SEC_0031,32K,SEC,DIRECT_RETRIEVAL,False,0,1,32693,14.996694148411681
llama32_3b,Llama-3.2-3B-Instruct,SEC_0019_82K,SEC_0019,82K,SEC,TEMPORAL_VERSION,True,1,0,81705,16.318136747448964
llama32_3b,Llama-3.2-3B-Instruct,FRED_0040_64K,FRED_0040,64K,FRED,DIRECT_RETRIEVAL,True,1,0,64929,15.986575369506706
llama32_3b,Llama-3.2-3B-Instruct,SEC_0125_8K,SEC_0125,8K,SEC,UNANSWERABLE,True,1,0,8363,13.029804847630697
llama32_3b,Llama-3.2-3B-Instruct,FDA_0033_64K,FDA_0033,64K,FDA,DIRECT_RETRIEVAL,False,0,1,65110,15.99059151806266
llama32_3b,Llama-3.2-3B-Instruct,CT_0022_8K,CT_0022,8K,CLINICAL_TRIALS,UNANSWERABLE,False,0,1,8329,13.02392757717438
llama32_3b,Llama-3.2-3B-Instruct,CT_0054_32K,CT_0054,32K,CLINICAL_TRIALS,RETRIEVAL_CALCULATION,False,0,1,32643,14.994486031412592
llama32_3b,Llama-3.2-3B-Instruct,SEC_0116_16K,SEC_0116,16K,SEC,UNANSWERABLE,True,1,0,16506,14.010702925037366
llama32_3b,Llama-3.2-3B-Instruct,FRED_0091_32K,FRED_0091,32K,FRED,ENTITY_UNIT_BINDING,False,0,1,32552,14.99045856507371
llama32_3b,Llama-3.2-3B-Instruct,SEC_0092_64K,SEC_0092,64K,SEC,TEMPORAL_VERSION,True,1,0,65318,15.995192996623953
llama32_3b,Llama-3.2-3B-Instruct,FDA_0111_8K,FDA_0111,8K,FDA,UNANSWERABLE,False,0,1,8272,13.014020470314934
llama32_3b,Llama-3.2-3B-Instruct,CT_0034_82K,CT_0034,82K,CLINICAL_TRIALS,DIRECT_RETRIEVAL,True,1,0,81716,16.318330965394928
llama32_3b,Llama-3.2-3B-Instruct,FDA_0094_32K,FDA_0094,32K,FDA,ENTITY_UNIT_BINDING,True,1,0,32648,14.9947069952581
llama32_3b,Llama-3.2-3B-Instruct,CT_0098_4K,CT_0098,4K,CLINICAL_TRIALS,ENTITY_UNIT_BINDING,True,1,0,4336,12.08214904135387
llama32_3b,Llama-3.2-3B-Instruct,FDA_0087_64K,FDA_0087,64K,FDA,TEMPORAL_VERSION,True,1,0,65013,15.988440607848664
llama32_3b,Llama-3.2-3B-Instruct,CT_0124_8K,CT_0124,8K,CLINICAL_TRIALS,UNANSWERABLE,False,0,1,8315,13.02150054817463
llama32_3b,Llama-3.2-3B-Instruct,SEC_0052_16K,SEC_0052,16K,SEC,RETRIEVAL_CALCULATION,False,0,1,16488,14.009128789539256
llama32_3b,Llama-3.2-3B-Instruct,SEC_0028_82K,SEC_0028,82K,SEC,DIRECT_RETRIEVAL,False,0,1,81671,16.31753627207806
llama32_3b,Llama-3.2-3B-Instruct,FDA_0107_64K,FDA_0107,64K,FDA,UNANSWERABLE,False,0,1,65058,15.989438851568329
llama32_3b,Llama-3.2-3B-Instruct,CT_0007_8K,CT_0007,8K,CLINICAL_TRIALS,ENTITY_UNIT_BINDING,True,1,0,8358,13.02894204332241
llama32_3b,Llama-3.2-3B-Instruct,CT_0031_64K,CT_0031,64K,CLINICAL_TRIALS,DIRECT_RETRIEVAL,True,1,0,65122,15.990857387288958
llama32_3b,Llama-3.2-3B-Instruct,FRED_0041_8K,FRED_0041,8K,FRED,DIRECT_RETRIEVAL,True,1,0,8300,13.018895621121649
llama32_3b,Llama-3.2-3B-Instruct,FDA_0092_32K,FDA_0092,32K,FDA,ENTITY_UNIT_BINDING,False,0,1,32658,14.99514882144625
llama32_3b,Llama-3.2-3B-Instruct,FDA_0028_64K,FDA_0028,64K,FDA,DIRECT_RETRIEVAL,True,1,0,65046,15.989172720772354
llama32_3b,Llama-3.2-3B-Instruct,SEC_0003_4K,SEC_0003,4K,SEC,DIRECT_RETRIEVAL,False,0,1,4323,12.077817120895904
llama32_3b,Llama-3.2-3B-Instruct,FRED_0013_16K,FRED_0013,16K,FRED,RETRIEVAL_CALCULATION,False,0,1,16462,14.006852001748774
llama32_3b,Llama-3.2-3B-Instruct,FRED_0051_64K,FRED_0051,64K,FRED,RETRIEVAL_CALCULATION,False,0,1,65018,15.988551557932999
llama32_3b,Llama-3.2-3B-Instruct,FRED_0124_82K,FRED_0124,82K,FRED,UNANSWERABLE,False,0,1,81777,16.31940751792718
llama32_3b,Llama-3.2-3B-Instruct,FRED_0119_4K,FRED_0119,4K,FRED,UNANSWERABLE,True,1,0,4283,12.064405961891042
llama32_3b,Llama-3.2-3B-Instruct,SEC_0029_64K,SEC_0029,64K,SEC,DIRECT_RETRIEVAL,True,1,0,65296,15.9947069952581
llama32_3b,Llama-3.2-3B-Instruct,FDA_0077_4K,FDA_0077,4K,FDA,RETRIEVAL_CALCULATION,False,0,1,4281,12.063732120196919
llama32_3b,Llama-3.2-3B-Instruct,FRED_0009_8K,FRED_0009,8K,FRED,ENTITY_UNIT_BINDING,False,0,1,8297,13.018374070821016
llama32_3b,Llama-3.2-3B-Instruct,SEC_0046_64K,SEC_0046,64K,SEC,RETRIEVAL_CALCULATION,False,0,1,65320,15.995237170449057
llama32_3b,Llama-3.2-3B-Instruct,CT_0121_4K,CT_0121,4K,CLINICAL_TRIALS,UNANSWERABLE,False,0,1,4268,12.059344460824425
llama32_3b,Llama-3.2-3B-Instruct,SEC_0106_32K,SEC_0106,32K,SEC,UNANSWERABLE,False,0,1,32671,14.995722993277417
llama32_3b,Llama-3.2-3B-Instruct,FDA_0117_16K,FDA_0117,16K,FDA,UNANSWERABLE,False,0,1,16440,14.004922678569045
llama32_3b,Llama-3.2-3B-Instruct,FRED_0109_16K,FRED_0109,16K,FRED,UNANSWERABLE,True,1,0,16420,14.003166506665167
llama32_3b,Llama-3.2-3B-Instruct,SEC_0027_32K,SEC_0027,32K,SEC,DIRECT_RETRIEVAL,False,0,1,32736,14.99859042974533
llama32_3b,Llama-3.2-3B-Instruct,FDA_0053_82K,FDA_0053,82K,FDA,RETRIEVAL_CALCULATION,True,1,0,81776,16.31938987600021
llama32_3b,Llama-3.2-3B-Instruct,FRED_0096_64K,FRED_0096,64K,FRED,ENTITY_UNIT_BINDING,False,0,1,64963,15.987330637460245
llama32_3b,Llama-3.2-3B-Instruct,FDA_0019_8K,FDA_0019,8K,FDA,TEMPORAL_VERSION,True,1,0,8332,13.024447124040647
llama32_3b,Llama-3.2-3B-Instruct,SEC_0104_16K,SEC_0104,16K,SEC,ENTITY_UNIT_BINDING,False,0,1,16506,14.010702925037366
llama32_3b,Llama-3.2-3B-Instruct,CT_0072_32K,CT_0072,32K,CLINICAL_TRIALS,RETRIEVAL_CALCULATION,False,0,1,32727,14.998193739845696
llama32_3b,Llama-3.2-3B-Instruct,CT_0058_64K,CT_0058,64K,CLINICAL_TRIALS,RETRIEVAL_CALCULATION,False,0,1,65102,15.99041424468783
llama32_3b,Llama-3.2-3B-Instruct,SEC_0122_82K,SEC_0122,82K,SEC,UNANSWERABLE,False,0,1,81773,16.31933694892486
llama32_3b,Llama-3.2-3B-Instruct,FRED_0068_82K,FRED_0068,82K,FRED,RETRIEVAL_CALCULATION,False,0,1,81771,16.31930166312921
llama32_3b,Llama-3.2-3B-Instruct,FDA_0026_32K,FDA_0026,32K,FDA,DIRECT_RETRIEVAL,True,1,0,32596,14.992407315348498
llama32_3b,Llama-3.2-3B-Instruct,FDA_0001_4K,FDA_0001,4K,FDA,DIRECT_RETRIEVAL,True,1,0,4284,12.064742764750257
llama32_3b,Llama-3.2-3B-Instruct,CT_0042_8K,CT_0042,8K,CLINICAL_TRIALS,DIRECT_RETRIEVAL,True,1,0,8311,13.020806360724265
llama32_3b,Llama-3.2-3B-Instruct,SEC_0061_16K,SEC_0061,16K,SEC,RETRIEVAL_CALCULATION,False,0,1,16452,14.005975356500382
llama32_3b,Llama-3.2-3B-Instruct,FRED_0101_4K,FRED_0101,4K,FRED,ENTITY_UNIT_BINDING,True,1,0,4306,12.072132604167233
llama32_3b,Llama-3.2-3B-Instruct,SEC_0060_64K,SEC_0060,64K,SEC,RETRIEVAL_CALCULATION,False,0,1,65304,15.994883741970835
llama32_3b,Llama-3.2-3B-Instruct,CT_0026_82K,CT_0026,82K,CLINICAL_TRIALS,DIRECT_RETRIEVAL,True,1,0,81774,16.319354591499057
llama32_3b,Llama-3.2-3B-Instruct,FRED_0006_4K,FRED_0006,4K,FRED,ENTITY_UNIT_BINDING,False,0,1,4290,12.066761932386909
llama32_3b,Llama-3.2-3B-Instruct,FDA_0012_4K,FDA_0012,4K,FDA,RETRIEVAL_CALCULATION,False,0,1,4267,12.059006395201111
llama32_3b,Llama-3.2-3B-Instruct,SEC_0016_8K,SEC_0016,8K,SEC,RETRIEVAL_CALCULATION,False,0,1,8299,13.018721791970178
llama32_3b,Llama-3.2-3B-Instruct,SEC_0007_32K,SEC_0007,32K,SEC,ENTITY_UNIT_BINDING,False,0,1,32776,15.0003521774803
llama32_3b,Llama-3.2-3B-Instruct,FDA_0097_4K,FDA_0097,4K,FDA,ENTITY_UNIT_BINDING,True,1,0,4247,12.052228393347402
llama32_3b,Llama-3.2-3B-Instruct,SEC_0047_64K,SEC_0047,64K,SEC,RETRIEVAL_CALCULATION,False,0,1,65260,15.993911366979226
llama32_3b,Llama-3.2-3B-Instruct,FDA_0119_4K,FDA_0119,4K,FDA,UNANSWERABLE,False,0,1,4233,12.04746477331842
llama32_3b,Llama-3.2-3B-Instruct,FRED_0063_64K,FRED_0063,64K,FRED,RETRIEVAL_CALCULATION,False,0,1,65009,15.988351841637327
llama32_3b,Llama-3.2-3B-Instruct,SEC_0063_64K,SEC_0063,64K,SEC,RETRIEVAL_CALCULATION,False,0,1,65318,15.995192996623953
llama32_3b,Llama-3.2-3B-Instruct,CT_0102_16K,CT_0102,16K,CLINICAL_TRIALS,ENTITY_UNIT_BINDING,True,1,0,16506,14.010702925037366
llama32_3b,Llama-3.2-3B-Instruct,CT_0063_82K,CT_0063,82K,CLINICAL_TRIALS,RETRIEVAL_CALCULATION,False,0,1,81696,16.31797782240712
llama32_3b,Llama-3.2-3B-Instruct,CT_0068_16K,CT_0068,16K,CLINICAL_TRIALS,RETRIEVAL_CALCULATION,False,0,1,16463,14.006939636982873
llama32_3b,Llama-3.2-3B-Instruct,FRED_0095_82K,FRED_0095,82K,FRED,ENTITY_UNIT_BINDING,False,0,1,81795,16.319725035727792
llama32_3b,Llama-3.2-3B-Instruct,CT_0020_16K,CT_0020,16K,CLINICAL_TRIALS,ENTITY_UNIT_BINDING,False,0,1,16428,14.003869231979056
llama32_3b,Llama-3.2-3B-Instruct,SEC_0021_82K,SEC_0021,82K,SEC,UNANSWERABLE,False,0,1,81730,16.318578114063257
llama32_3b,Llama-3.2-3B-Instruct,CT_0067_4K,CT_0067,4K,CLINICAL_TRIALS,RETRIEVAL_CALCULATION,False,0,1,4283,12.064405961891042
llama32_3b,Llama-3.2-3B-Instruct,FRED_0064_4K,FRED_0064,4K,FRED,RETRIEVAL_CALCULATION,False,0,1,4256,12.055282435501189
llama32_3b,Llama-3.2-3B-Instruct,FDA_0001_32K,FDA_0001,32K,FDA,DIRECT_RETRIEVAL,True,1,0,32623,14.99360183744572
llama32_3b,Llama-3.2-3B-Instruct,FDA_0027_64K,FDA_0027,64K,FDA,DIRECT_RETRIEVAL,True,1,0,65031,15.988839988226104
llama32_3b,Llama-3.2-3B-Instruct,CT_0039_82K,CT_0039,82K,CLINICAL_TRIALS,DIRECT_RETRIEVAL,True,1,0,81754,16.31900169901628
llama32_3b,Llama-3.2-3B-Instruct,SEC_0030_8K,SEC_0030,8K,SEC,DIRECT_RETRIEVAL,False,0,1,8379,13.032562359001107
llama32_3b,Llama-3.2-3B-Instruct,FDA_0054_32K,FDA_0054,32K,FDA,RETRIEVAL_CALCULATION,True,1,0,32595,14.992363054789802
llama32_3b,Llama-3.2-3B-Instruct,FRED_0078_64K,FRED_0078,64K,FRED,TEMPORAL_VERSION,True,1,0,64957,15.987197383607851
llama32_3b,Llama-3.2-3B-Instruct,FDA_0090_64K,FDA_0090,64K,FDA,ENTITY_UNIT_BINDING,False,0,1,65118,15.990768769657425
llama32_3b,Llama-3.2-3B-Instruct,FDA_0077_32K,FDA_0077,32K,FDA,RETRIEVAL_CALCULATION,False,0,1,32697,14.996870651857797
llama32_3b,Llama-3.2-3B-Instruct,FDA_0024_32K,FDA_0024,32K,FDA,UNANSWERABLE,False,0,1,32579,14.991654701117541
llama32_3b,Llama-3.2-3B-Instruct,FRED_0008_82K,FRED_0008,82K,FRED,ENTITY_UNIT_BINDING,False,0,1,81779,16.319442801133935
llama32_3b,Llama-3.2-3B-Instruct,FDA_0004_4K,FDA_0004,4K,FDA,DIRECT_RETRIEVAL,True,1,0,4278,12.062720767165045
llama32_3b,Llama-3.2-3B-Instruct,SEC_0076_8K,SEC_0076,8K,SEC,RETRIEVAL_CALCULATION,False,0,1,8398,13.035830072835017
llama32_3b,Llama-3.2-3B-Instruct,CT_0078_82K,CT_0078,82K,CLINICAL_TRIALS,ENTITY_UNIT_BINDING,True,1,0,81707,16.318172061747568
llama32_3b,Llama-3.2-3B-Instruct,SEC_0032_4K,SEC_0032,4K,SEC,DIRECT_RETRIEVAL,False,0,1,4229,12.046100845028802
llama32_3b,Llama-3.2-3B-Instruct,FRED_0102_8K,FRED_0102,8K,FRED,ENTITY_UNIT_BINDING,True,1,0,8295,13.018026265843226
llama32_3b,Llama-3.2-3B-Instruct,FDA_0029_32K,FDA_0029,32K,FDA,DIRECT_RETRIEVAL,True,1,0,32653,14.994927925265866
llama32_3b,Llama-3.2-3B-Instruct,FRED_0022_32K,FRED_0022,32K,FRED,UNANSWERABLE,True,1,0,32564,14.990990303530822
llama32_3b,Llama-3.2-3B-Instruct,CT_0038_8K,CT_0038,8K,CLINICAL_TRIALS,DIRECT_RETRIEVAL,True,1,0,8349,13.027387694052763
llama32_3b,Llama-3.2-3B-Instruct,FDA_0023_32K,FDA_0023,32K,FDA,UNANSWERABLE,False,0,1,32626,14.993734501091927
llama32_3b,Llama-3.2-3B-Instruct,FRED_0109_64K,FRED_0109,64K,FRED,UNANSWERABLE,False,0,1,64984,15.987796929042542
llama32_3b,Llama-3.2-3B-Instruct,SEC_0065_32K,SEC_0065,32K,SEC,RETRIEVAL_CALCULATION,False,0,1,32745,14.99898701059931
llama32_3b,Llama-3.2-3B-Instruct,FDA_0021_64K,FDA_0021,64K,FDA,UNANSWERABLE,False,0,1,65062,15.989527550925313
llama32_3b,Llama-3.2-3B-Instruct,CT_0026_64K,CT_0026,64K,CLINICAL_TRIALS,DIRECT_RETRIEVAL,True,1,0,65173,15.99198678520665
llama32_3b,Llama-3.2-3B-Instruct,SEC_0039_4K,SEC_0039,4K,SEC,DIRECT_RETRIEVAL,False,0,1,4217,12.042001306279133
llama32_3b,Llama-3.2-3B-Instruct,FDA_0082_32K,FDA_0082,32K,FDA,TEMPORAL_VERSION,True,1,0,32600,14.992584344005802
llama32_3b,Llama-3.2-3B-Instruct,CT_0125_32K,CT_0125,32K,CLINICAL_TRIALS,UNANSWERABLE,False,0,1,32759,14.99960369754606
llama32_3b,Llama-3.2-3B-Instruct,CT_0072_64K,CT_0072,64K,CLINICAL_TRIALS,RETRIEVAL_CALCULATION,False,0,1,65147,15.99141112419436
llama32_3b,Llama-3.2-3B-Instruct,FRED_0082_32K,FRED_0082,32K,FRED,TEMPORAL_VERSION,False,0,1,32596,14.992407315348498
llama32_3b,Llama-3.2-3B-Instruct,SEC_0003_8K,SEC_0003,8K,SEC,DIRECT_RETRIEVAL,True,1,0,8373,13.031528909787223
llama32_3b,Llama-3.2-3B-Instruct,CT_0027_64K,CT_0027,64K,CLINICAL_TRIALS,DIRECT_RETRIEVAL,True,1,0,65155,15.991588275125913
llama32_3b,Llama-3.2-3B-Instruct,SEC_0047_82K,SEC_0047,82K,SEC,RETRIEVAL_CALCULATION,False,0,1,81704,16.318119089975497
llama32_3b,Llama-3.2-3B-Instruct,CT_0107_32K,CT_0107,32K,CLINICAL_TRIALS,UNANSWERABLE,False,0,1,32692,14.996650019175894
llama32_3b,Llama-3.2-3B-Instruct,SEC_0014_64K,SEC_0014,64K,SEC,RETRIEVAL_CALCULATION,False,0,1,65285,15.994463933166566
llama32_3b,Llama-3.2-3B-Instruct,SEC_0032_8K,SEC_0032,8K,SEC,DIRECT_RETRIEVAL,False,0,1,8318,13.022020969646356
llama32_3b,Llama-3.2-3B-Instruct,FRED_0121_16K,FRED_0121,16K,FRED,UNANSWERABLE,True,1,0,16387,14.000264141169616
llama32_3b,Llama-3.2-3B-Instruct,CT_0004_16K,CT_0004,16K,CLINICAL_TRIALS,DIRECT_RETRIEVAL,True,1,0,16429,14.003957048580775
llama32_3b,Llama-3.2-3B-Instruct,FDA_0059_82K,FDA_0059,82K,FDA,RETRIEVAL_CALCULATION,False,0,1,81742,16.318789922085692
llama32_3b,Llama-3.2-3B-Instruct,FRED_0095_8K,FRED_0095,8K,FRED,ENTITY_UNIT_BINDING,True,1,0,8329,13.02392757717438
llama32_3b,Llama-3.2-3B-Instruct,FDA_0114_4K,FDA_0114,4K,FDA,UNANSWERABLE,False,0,1,4281,12.063732120196919
llama32_3b,Llama-3.2-3B-Instruct,FRED_0008_64K,FRED_0008,64K,FRED,ENTITY_UNIT_BINDING,False,0,1,64962,15.987308429339546
llama32_3b,Llama-3.2-3B-Instruct,FRED_0123_64K,FRED_0123,64K,FRED,UNANSWERABLE,False,0,1,64996,15.988063313725414
llama32_3b,Llama-3.2-3B-Instruct,CT_0051_16K,CT_0051,16K,CLINICAL_TRIALS,RETRIEVAL_CALCULATION,False,0,1,16408,14.002111776479852
llama32_3b,Llama-3.2-3B-Instruct,SEC_0022_16K,SEC_0022,16K,SEC,UNANSWERABLE,True,1,0,16409,14.00219970011951
llama32_3b,Llama-3.2-3B-Instruct,FDA_0060_82K,FDA_0060,82K,FDA,RETRIEVAL_CALCULATION,False,0,1,81784,16.319531005375808
llama32_3b,Llama-3.2-3B-Instruct,FRED_0049_4K,FRED_0049,4K,FRED,RETRIEVAL_CALCULATION,False,0,1,4291,12.067098185748385
llama32_3b,Llama-3.2-3B-Instruct,FDA_0095_32K,FDA_0095,32K,FDA,ENTITY_UNIT_BINDING,False,0,1,32672,14.995767150877802
llama32_3b,Llama-3.2-3B-Instruct,CT_0059_8K,CT_0059,8K,CLINICAL_TRIALS,RETRIEVAL_CALCULATION,False,0,1,8399,13.036001852919865
llama32_3b,Llama-3.2-3B-Instruct,FDA_0086_82K,FDA_0086,82K,FDA,TEMPORAL_VERSION,True,1,0,81788,16.31960156488678
llama32_3b,Llama-3.2-3B-Instruct,FRED_0016_64K,FRED_0016,64K,FRED,RETRIEVAL_CALCULATION,False,0,1,64993,15.987996722165768
llama32_3b,Llama-3.2-3B-Instruct,FDA_0020_16K,FDA_0020,16K,FDA,TEMPORAL_VERSION,False,0,1,16436,14.004571615167656
llama32_3b,Llama-3.2-3B-Instruct,FRED_0022_4K,FRED_0022,4K,FRED,UNANSWERABLE,True,1,0,4258,12.055960234452295
llama32_3b,Llama-3.2-3B-Instruct,FDA_0059_32K,FDA_0059,32K,FDA,RETRIEVAL_CALCULATION,True,1,0,32644,14.99453022688921
llama32_3b,Llama-3.2-3B-Instruct,FDA_0105_82K,FDA_0105,82K,FDA,ENTITY_UNIT_BINDING,False,0,1,81705,16.318136747448964
llama32_3b,Llama-3.2-3B-Instruct,FDA_0004_16K,FDA_0004,16K,FDA,DIRECT_RETRIEVAL,False,0,1,16405,14.001847973405782
llama32_3b,Llama-3.2-3B-Instruct,CT_0113_64K,CT_0113,64K,CLINICAL_TRIALS,UNANSWERABLE,False,0,1,65158,15.991654701117541
llama32_3b,Llama-3.2-3B-Instruct,SEC_0082_64K,SEC_0082,64K,SEC,TEMPORAL_VERSION,False,0,1,65260,15.993911366979226
llama32_3b,Llama-3.2-3B-Instruct,CT_0117_82K,CT_0117,82K,CLINICAL_TRIALS,UNANSWERABLE,False,0,1,81710,16.318225031574737
llama32_3b,Llama-3.2-3B-Instruct,FDA_0113_82K,FDA_0113,82K,FDA,UNANSWERABLE,False,0,1,81767,16.31923108894872
llama32_3b,Llama-3.2-3B-Instruct,FRED_0077_8K,FRED_0077,8K,FRED,TEMPORAL_VERSION,False,0,1,8318,13.022020969646356
llama32_3b,Llama-3.2-3B-Instruct,CT_0028_64K,CT_0028,64K,CLINICAL_TRIALS,DIRECT_RETRIEVAL,True,1,0,65214,15.9928940918956
llama32_3b,Llama-3.2-3B-Instruct,SEC_0071_82K,SEC_0071,82K,SEC,RETRIEVAL_CALCULATION,False,0,1,81755,16.319019345690663
llama32_3b,Llama-3.2-3B-Instruct,CT_0016_8K,CT_0016,8K,CLINICAL_TRIALS,RETRIEVAL_CALCULATION,False,0,1,8332,13.024447124040647
llama32_3b,Llama-3.2-3B-Instruct,FRED_0019_8K,FRED_0019,8K,FRED,TEMPORAL_VERSION,True,1,0,8283,13.015937673309226
llama32_3b,Llama-3.2-3B-Instruct,FDA_0053_16K,FDA_0053,16K,FDA,RETRIEVAL_CALCULATION,False,0,1,16384,14.0
llama32_3b,Llama-3.2-3B-Instruct,FDA_0032_82K,FDA_0032,82K,FDA,DIRECT_RETRIEVAL,True,1,0,81792,16.319672120946993
llama32_3b,Llama-3.2-3B-Instruct,SEC_0039_64K,SEC_0039,64K,SEC,DIRECT_RETRIEVAL,False,0,1,65316,15.99514882144625
llama32_3b,Llama-3.2-3B-Instruct,FRED_0123_4K,FRED_0123,4K,FRED,UNANSWERABLE,True,1,0,4288,12.066089190457772
llama32_3b,Llama-3.2-3B-Instruct,CT_0062_82K,CT_0062,82K,CLINICAL_TRIALS,RETRIEVAL_CALCULATION,False,0,1,81734,16.318648720192613
llama32_3b,Llama-3.2-3B-Instruct,FDA_0014_64K,FDA_0014,64K,FDA,RETRIEVAL_CALCULATION,False,0,1,65076,15.989837955736364
llama32_3b,Llama-3.2-3B-Instruct,FDA_0098_64K,FDA_0098,64K,FDA,ENTITY_UNIT_BINDING,True,1,0,65088,15.9901039638575
llama32_3b,Llama-3.2-3B-Instruct,FDA_0007_82K,FDA_0007,82K,FDA,ENTITY_UNIT_BINDING,False,0,1,81729,16.31856046199098
llama32_3b,Llama-3.2-3B-Instruct,SEC_0092_32K,SEC_0092,32K,SEC,TEMPORAL_VERSION,True,1,0,32715,14.99766465024927
llama32_3b,Llama-3.2-3B-Instruct,FDA_0008_16K,FDA_0008,16K,FDA,ENTITY_UNIT_BINDING,True,1,0,16428,14.003869231979056
llama32_3b,Llama-3.2-3B-Instruct,SEC_0122_4K,SEC_0122,4K,SEC,UNANSWERABLE,True,1,0,4279,12.06305796362349
llama32_3b,Llama-3.2-3B-Instruct,CT_0012_4K,CT_0012,4K,CLINICAL_TRIALS,RETRIEVAL_CALCULATION,False,0,1,4280,12.06339508128851
llama32_3b,Llama-3.2-3B-Instruct,FDA_0052_8K,FDA_0052,8K,FDA,RETRIEVAL_CALCULATION,False,0,1,8307,13.020111839088086
llama32_3b,Llama-3.2-3B-Instruct,FRED_0093_16K,FRED_0093,16K,FRED,ENTITY_UNIT_BINDING,False,0,1,16371,13.9988548290938
llama32_3b,Llama-3.2-3B-Instruct,SEC_0082_16K,SEC_0082,16K,SEC,TEMPORAL_VERSION,False,0,1,16511,14.011139880257986
llama32_3b,Llama-3.2-3B-Instruct,FRED_0052_4K,FRED_0052,4K,FRED,RETRIEVAL_CALCULATION,False,0,1,4302,12.070791809423062
llama32_3b,Llama-3.2-3B-Instruct,CT_0097_16K,CT_0097,16K,CLINICAL_TRIALS,ENTITY_UNIT_BINDING,True,1,0,16516,14.011576703176177
llama32_3b,Llama-3.2-3B-Instruct,FDA_0119_16K,FDA_0119,16K,FDA,UNANSWERABLE,False,0,1,16401,14.00149616092074
llama32_3b,Llama-3.2-3B-Instruct,CT_0080_4K,CT_0080,4K,CLINICAL_TRIALS,ENTITY_UNIT_BINDING,True,1,0,4275,12.061708704660623
llama32_3b,Llama-3.2-3B-Instruct,FDA_0020_4K,FDA_0020,4K,FDA,TEMPORAL_VERSION,True,1,0,4249,12.052907628313287
llama32_3b,Llama-3.2-3B-Instruct,FRED_0115_4K,FRED_0115,4K,FRED,UNANSWERABLE,True,1,0,4257,12.055621374781708
llama32_3b,Llama-3.2-3B-Instruct,CT_0103_4K,CT_0103,4K,CLINICAL_TRIALS,ENTITY_UNIT_BINDING,True,1,0,4308,12.072802534544207
llama32_3b,Llama-3.2-3B-Instruct,FDA_0120_8K,FDA_0120,8K,FDA,UNANSWERABLE,False,0,1,8312,13.020979938904212
llama32_3b,Llama-3.2-3B-Instruct,SEC_0053_16K,SEC_0053,16K,SEC,RETRIEVAL_CALCULATION,False,0,1,16535,14.013235425078477
llama32_3b,Llama-3.2-3B-Instruct,CT_0066_8K,CT_0066,8K,CLINICAL_TRIALS,RETRIEVAL_CALCULATION,False,0,1,8316,13.02167404285837
llama32_3b,Llama-3.2-3B-Instruct,SEC_0038_32K,SEC_0038,32K,SEC,DIRECT_RETRIEVAL,False,0,1,32776,15.0003521774803
llama32_3b,Llama-3.2-3B-Instruct,SEC_0042_16K,SEC_0042,16K,SEC,DIRECT_RETRIEVAL,False,0,1,16513,14.011314625297066
llama32_3b,Llama-3.2-3B-Instruct,FDA_0029_16K,FDA_0029,16K,FDA,DIRECT_RETRIEVAL,True,1,0,16450,14.005799963509967
llama32_3b,Llama-3.2-3B-Instruct,CT_0044_32K,CT_0044,32K,CLINICAL_TRIALS,DIRECT_RETRIEVAL,True,1,0,32701,14.997047133712616
llama32_3b,Llama-3.2-3B-Instruct,FRED_0004_8K,FRED_0004,8K,FRED,DIRECT_RETRIEVAL,False,0,1,8350,13.027560482248777
llama32_3b,Llama-3.2-3B-Instruct,FRED_0081_82K,FRED_0081,82K,FRED,TEMPORAL_VERSION,False,0,1,81768,16.319248732817503
llama32_3b,Llama-3.2-3B-Instruct,CT_0035_16K,CT_0035,16K,CLINICAL_TRIALS,DIRECT_RETRIEVAL,True,1,0,16482,14.008603695797012
llama32_3b,Llama-3.2-3B-Instruct,CT_0013_8K,CT_0013,8K,CLINICAL_TRIALS,RETRIEVAL_CALCULATION,False,0,1,8390,13.034455095327186
llama32_3b,Llama-3.2-3B-Instruct,FDA_0017_8K,FDA_0017,8K,FDA,RETRIEVAL_CALCULATION,False,0,1,8341,13.026004642978943
llama32_3b,Llama-3.2-3B-Instruct,FDA_0026_4K,FDA_0026,4K,FDA,DIRECT_RETRIEVAL,True,1,0,4292,12.067434360756522
llama32_3b,Llama-3.2-3B-Instruct,SEC_0025_16K,SEC_0025,16K,SEC,UNANSWERABLE,True,1,0,16404,14.001760028327217
llama32_3b,Llama-3.2-3B-Instruct,FRED_0114_16K,FRED_0114,16K,FRED,UNANSWERABLE,True,1,0,16383,13.99991194219542
llama32_3b,Llama-3.2-3B-Instruct,FRED_0008_4K,FRED_0008,4K,FRED,ENTITY_UNIT_BINDING,True,1,0,4281,12.063732120196919
llama32_3b,Llama-3.2-3B-Instruct,CT_0036_16K,CT_0036,16K,CLINICAL_TRIALS,DIRECT_RETRIEVAL,True,1,0,16428,14.003869231979056
llama32_3b,Llama-3.2-3B-Instruct,CT_0032_4K,CT_0032,4K,CLINICAL_TRIALS,DIRECT_RETRIEVAL,True,1,0,4264,12.057991722759176
llama32_3b,Llama-3.2-3B-Instruct,SEC_0031_8K,SEC_0031,8K,SEC,DIRECT_RETRIEVAL,False,0,1,8293,13.017678376996377
llama32_3b,Llama-3.2-3B-Instruct,FRED_0088_8K,FRED_0088,8K,FRED,TEMPORAL_VERSION,False,0,1,8304,13.019590728357882
llama32_3b,Llama-3.2-3B-Instruct,CT_0082_8K,CT_0082,8K,CLINICAL_TRIALS,ENTITY_UNIT_BINDING,True,1,0,8284,13.016111838220512
llama32_3b,Llama-3.2-3B-Instruct,FRED_0044_16K,FRED_0044,16K,FRED,DIRECT_RETRIEVAL,False,0,1,16429,14.003957048580775
llama32_3b,Llama-3.2-3B-Instruct,FDA_0067_82K,FDA_0067,82K,FDA,RETRIEVAL_CALCULATION,False,0,1,81743,16.31880757135065
llama32_3b,Llama-3.2-3B-Instruct,FRED_0091_82K,FRED_0091,82K,FRED,ENTITY_UNIT_BINDING,False,0,1,81730,16.318578114063257
llama32_3b,Llama-3.2-3B-Instruct,FDA_0073_82K,FDA_0073,82K,FDA,RETRIEVAL_CALCULATION,False,0,1,81779,16.319442801133935
llama32_3b,Llama-3.2-3B-Instruct,CT_0001_82K,CT_0001,82K,CLINICAL_TRIALS,DIRECT_RETRIEVAL,True,1,0,81788,16.31960156488678
llama32_3b,Llama-3.2-3B-Instruct,SEC_0011_8K,SEC_0011,8K,SEC,RETRIEVAL_CALCULATION,False,0,1,8328,13.023754353299417
llama32_3b,Llama-3.2-3B-Instruct,CT_0105_8K,CT_0105,8K,CLINICAL_TRIALS,ENTITY_UNIT_BINDING,True,1,0,8377,13.03221795817806
llama32_3b,Llama-3.2-3B-Instruct,FDA_0042_4K,FDA_0042,4K,FDA,DIRECT_RETRIEVAL,True,1,0,4225,12.044735626056909
llama32_3b,Llama-3.2-3B-Instruct,SEC_0038_4K,SEC_0038,4K,SEC,DIRECT_RETRIEVAL,True,1,0,4233,12.04746477331842
llama32_3b,Llama-3.2-3B-Instruct,FDA_0106_8K,FDA_0106,8K,FDA,UNANSWERABLE,False,0,1,8331,13.024273962540002
llama32_3b,Llama-3.2-3B-Instruct,FRED_0108_8K,FRED_0108,8K,FRED,UNANSWERABLE,True,1,0,8295,13.018026265843226
llama32_3b,Llama-3.2-3B-Instruct,FDA_0073_16K,FDA_0073,16K,FDA,RETRIEVAL_CALCULATION,False,0,1,16459,14.006589064102005
llama32_3b,Llama-3.2-3B-Instruct,FRED_0117_4K,FRED_0117,4K,FRED,UNANSWERABLE,True,1,0,4265,12.058330026205653
llama32_3b,Llama-3.2-3B-Instruct,FRED_0091_64K,FRED_0091,64K,FRED,ENTITY_UNIT_BINDING,False,0,1,64968,15.98744167293612
llama32_3b,Llama-3.2-3B-Instruct,SEC_0045_16K,SEC_0045,16K,SEC,DIRECT_RETRIEVAL,False,0,1,16477,14.008165971639132
llama32_3b,Llama-3.2-3B-Instruct,FRED_0002_64K,FRED_0002,64K,FRED,DIRECT_RETRIEVAL,False,0,1,64970,15.987486084733778
llama32_3b,Llama-3.2-3B-Instruct,SEC_0029_8K,SEC_0029,8K,SEC,DIRECT_RETRIEVAL,False,0,1,8386,13.03376711484639
llama32_3b,Llama-3.2-3B-Instruct,CT_0001_16K,CT_0001,16K,CLINICAL_TRIALS,DIRECT_RETRIEVAL,True,1,0,16473,14.007815696665421
llama32_3b,Llama-3.2-3B-Instruct,SEC_0070_8K,SEC_0070,8K,SEC,RETRIEVAL_CALCULATION,False,0,1,8399,13.036001852919865
llama32_3b,Llama-3.2-3B-Instruct,SEC_0036_32K,SEC_0036,32K,SEC,DIRECT_RETRIEVAL,False,0,1,32750,14.999207286199537
llama32_3b,Llama-3.2-3B-Instruct,FRED_0009_16K,FRED_0009,16K,FRED,ENTITY_UNIT_BINDING,False,0,1,16367,13.99850228586011
llama32_3b,Llama-3.2-3B-Instruct,FDA_0060_64K,FDA_0060,64K,FDA,RETRIEVAL_CALCULATION,True,1,0,65064,15.989571898558868
llama32_3b,Llama-3.2-3B-Instruct,SEC_0125_16K,SEC_0125,16K,SEC,UNANSWERABLE,False,0,1,16445,14.005361387722765
llama32_3b,Llama-3.2-3B-Instruct,FDA_0032_16K,FDA_0032,16K,FDA,DIRECT_RETRIEVAL,True,1,0,16403,14.001672077887289
llama32_3b,Llama-3.2-3B-Instruct,SEC_0112_8K,SEC_0112,8K,SEC,UNANSWERABLE,True,1,0,8359,13.02911464546904
llama32_3b,Llama-3.2-3B-Instruct,SEC_0092_82K,SEC_0092,82K,SEC,TEMPORAL_VERSION,True,1,0,81699,16.318030799366305
llama32_3b,Llama-3.2-3B-Instruct,FRED_0011_8K,FRED_0011,8K,FRED,RETRIEVAL_CALCULATION,False,0,1,8338,13.025485656808389
llama32_3b,Llama-3.2-3B-Instruct,SEC_0121_64K,SEC_0121,64K,SEC,UNANSWERABLE,False,0,1,65276,15.994265033718973
llama32_3b,Llama-3.2-3B-Instruct,FDA_0009_16K,FDA_0009,16K,FDA,ENTITY_UNIT_BINDING,False,0,1,16449,14.005712259017955
llama32_3b,Llama-3.2-3B-Instruct,CT_0125_16K,CT_0125,16K,CLINICAL_TRIALS,UNANSWERABLE,False,0,1,16473,14.007815696665421
llama32_3b,Llama-3.2-3B-Instruct,FRED_0085_16K,FRED_0085,16K,FRED,TEMPORAL_VERSION,False,0,1,16426,14.003693582737847
llama32_3b,Llama-3.2-3B-Instruct,CT_0008_8K,CT_0008,8K,CLINICAL_TRIALS,ENTITY_UNIT_BINDING,True,1,0,8350,13.027560482248777
llama32_3b,Llama-3.2-3B-Instruct,FDA_0109_82K,FDA_0109,82K,FDA,UNANSWERABLE,False,0,1,81754,16.31900169901628
llama32_3b,Llama-3.2-3B-Instruct,SEC_0067_32K,SEC_0067,32K,SEC,RETRIEVAL_CALCULATION,False,0,1,32767,14.999955971769559
llama32_3b,Llama-3.2-3B-Instruct,FDA_0028_16K,FDA_0028,16K,FDA,DIRECT_RETRIEVAL,True,1,0,16425,14.003605750097055
llama32_3b,Llama-3.2-3B-Instruct,FDA_0112_4K,FDA_0112,4K,FDA,UNANSWERABLE,False,0,1,4222,12.043710863347156
llama32_3b,Llama-3.2-3B-Instruct,SEC_0046_8K,SEC_0046,8K,SEC,RETRIEVAL_CALCULATION,False,0,1,8387,13.033939140726387
llama32_3b,Llama-3.2-3B-Instruct,CT_0109_64K,CT_0109,64K,CLINICAL_TRIALS,UNANSWERABLE,False,0,1,65129,15.9910124550473
llama32_3b,Llama-3.2-3B-Instruct,SEC_0094_16K,SEC_0094,16K,SEC,ENTITY_UNIT_BINDING,False,0,1,16417,14.00290289640024
llama32_3b,Llama-3.2-3B-Instruct,FRED_0102_4K,FRED_0102,4K,FRED,ENTITY_UNIT_BINDING,False,0,1,4242,12.050528905530555
llama32_3b,Llama-3.2-3B-Instruct,CT_0093_32K,CT_0093,32K,CLINICAL_TRIALS,ENTITY_UNIT_BINDING,True,1,0,32737,14.998634499668533
llama32_3b,Llama-3.2-3B-Instruct,FDA_0068_4K,FDA_0068,4K,FDA,RETRIEVAL_CALCULATION,False,0,1,4306,12.072132604167233
llama32_3b,Llama-3.2-3B-Instruct,FRED_0009_32K,FRED_0009,32K,FRED,ENTITY_UNIT_BINDING,False,0,1,32612,14.993115299679177
llama32_3b,Llama-3.2-3B-Instruct,CT_0038_4K,CT_0038,4K,CLINICAL_TRIALS,DIRECT_RETRIEVAL,True,1,0,4281,12.063732120196919
llama32_3b,Llama-3.2-3B-Instruct,CT_0039_32K,CT_0039,32K,CLINICAL_TRIALS,DIRECT_RETRIEVAL,True,1,0,32645,14.994574421011988
llama32_3b,Llama-3.2-3B-Instruct,FRED_0036_16K,FRED_0036,16K,FRED,DIRECT_RETRIEVAL,True,1,0,16430,14.004044859837437
llama32_3b,Llama-3.2-3B-Instruct,SEC_0052_8K,SEC_0052,8K,SEC,RETRIEVAL_CALCULATION,False,0,1,8404,13.036860446673046
llama32_3b,Llama-3.2-3B-Instruct,SEC_0103_82K,SEC_0103,82K,SEC,ENTITY_UNIT_BINDING,False,0,1,81782,16.319495724326178
llama32_3b,Llama-3.2-3B-Instruct,FRED_0007_4K,FRED_0007,4K,FRED,ENTITY_UNIT_BINDING,True,1,0,4240,12.049848549450562
llama32_3b,Llama-3.2-3B-Instruct,FDA_0054_82K,FDA_0054,82K,FDA,RETRIEVAL_CALCULATION,True,1,0,81779,16.319442801133935
llama32_3b,Llama-3.2-3B-Instruct,FDA_0096_32K,FDA_0096,32K,FDA,ENTITY_UNIT_BINDING,False,0,1,32649,14.994751183966342
llama32_3b,Llama-3.2-3B-Instruct,SEC_0080_16K,SEC_0080,16K,SEC,TEMPORAL_VERSION,True,1,0,16507,14.010790326669532
llama32_3b,Llama-3.2-3B-Instruct,FDA_0028_32K,FDA_0028,32K,FDA,DIRECT_RETRIEVAL,True,1,0,32645,14.994574421011988
llama32_3b,Llama-3.2-3B-Instruct,FDA_0125_32K,FDA_0125,32K,FDA,UNANSWERABLE,False,0,1,32650,14.994795371321155
llama32_3b,Llama-3.2-3B-Instruct,SEC_0016_4K,SEC_0016,4K,SEC,RETRIEVAL_CALCULATION,False,0,1,4267,12.059006395201111
llama32_3b,Llama-3.2-3B-Instruct,FRED_0061_4K,FRED_0061,4K,FRED,RETRIEVAL_CALCULATION,False,0,1,4346,12.085472459181283
llama32_3b,Llama-3.2-3B-Instruct,CT_0069_16K,CT_0069,16K,CLINICAL_TRIALS,RETRIEVAL_CALCULATION,False,0,1,16480,14.00842862207058
llama32_3b,Llama-3.2-3B-Instruct,FDA_0108_16K,FDA_0108,16K,FDA,UNANSWERABLE,False,0,1,16399,14.001320222500901
llama32_3b,Llama-3.2-3B-Instruct,FDA_0090_32K,FDA_0090,32K,FDA,ENTITY_UNIT_BINDING,False,0,1,32624,14.993646060016596
llama32_3b,Llama-3.2-3B-Instruct,FRED_0065_4K,FRED_0065,4K,FRED,RETRIEVAL_CALCULATION,False,0,1,4279,12.06305796362349
llama32_3b,Llama-3.2-3B-Instruct,SEC_0100_64K,SEC_0100,64K,SEC,ENTITY_UNIT_BINDING,True,1,0,65269,15.994110315188262
llama32_3b,Llama-3.2-3B-Instruct,CT_0117_4K,CT_0117,4K,CLINICAL_TRIALS,UNANSWERABLE,False,0,1,4288,12.066089190457772
llama32_3b,Llama-3.2-3B-Instruct,FRED_0004_32K,FRED_0004,32K,FRED,DIRECT_RETRIEVAL,False,0,1,32563,14.99094599947748
llama32_3b,Llama-3.2-3B-Instruct,CT_0025_4K,CT_0025,4K,CLINICAL_TRIALS,UNANSWERABLE,False,0,1,4221,12.04336911395769
llama32_3b,Llama-3.2-3B-Instruct,FDA_0035_64K,FDA_0035,64K,FDA,DIRECT_RETRIEVAL,True,1,0,65068,15.989660589736523
llama32_3b,Llama-3.2-3B-Instruct,FRED_0111_8K,FRED_0111,8K,FRED,UNANSWERABLE,True,1,0,8277,13.01489224207443
llama32_3b,Llama-3.2-3B-Instruct,FDA_0109_16K,FDA_0109,16K,FDA,UNANSWERABLE,False,0,1,16421,14.003254366050772
llama32_3b,Llama-3.2-3B-Instruct,CT_0025_82K,CT_0025,82K,CLINICAL_TRIALS,UNANSWERABLE,False,0,1,81703,16.31810143228591
llama32_3b,Llama-3.2-3B-Instruct,FRED_0001_82K,FRED_0001,82K,FRED,DIRECT_RETRIEVAL,False,0,1,81748,16.318895814436896
llama32_3b,Llama-3.2-3B-Instruct,SEC_0047_16K,SEC_0047,16K,SEC,RETRIEVAL_CALCULATION,False,0,1,16443,14.0051859200698
llama32_3b,Llama-3.2-3B-Instruct,SEC_0100_4K,SEC_0100,4K,SEC,ENTITY_UNIT_BINDING,True,1,0,4287,12.065752701816972
llama32_3b,Llama-3.2-3B-Instruct,FRED_0113_4K,FRED_0113,4K,FRED,UNANSWERABLE,True,1,0,4257,12.055621374781708
llama32_3b,Llama-3.2-3B-Instruct,FRED_0094_8K,FRED_0094,8K,FRED,ENTITY_UNIT_BINDING,False,0,1,8324,13.023061249735335
llama32_3b,Llama-3.2-3B-Instruct,FDA_0029_64K,FDA_0029,64K,FDA,DIRECT_RETRIEVAL,True,1,0,65071,15.989727104541824
llama32_3b,Llama-3.2-3B-Instruct,FRED_0077_4K,FRED_0077,4K,FRED,TEMPORAL_VERSION,False,0,1,4317,12.075813377461454
llama32_3b,Llama-3.2-3B-Instruct,FDA_0104_16K,FDA_0104,16K,FDA,ENTITY_UNIT_BINDING,False,0,1,16449,14.005712259017955
llama32_3b,Llama-3.2-3B-Instruct,FRED_0053_16K,FRED_0053,16K,FRED,RETRIEVAL_CALCULATION,True,1,0,16462,14.006852001748774
llama32_3b,Llama-3.2-3B-Instruct,FRED_0087_64K,FRED_0087,64K,FRED,TEMPORAL_VERSION,False,0,1,65046,15.989172720772354
llama32_3b,Llama-3.2-3B-Instruct,FRED_0109_8K,FRED_0109,8K,FRED,UNANSWERABLE,True,1,0,8331,13.024273962540002
llama32_3b,Llama-3.2-3B-Instruct,CT_0025_16K,CT_0025,16K,CLINICAL_TRIALS,UNANSWERABLE,False,0,1,16403,14.001672077887289
llama32_3b,Llama-3.2-3B-Instruct,CT_0087_64K,CT_0087,64K,CLINICAL_TRIALS,ENTITY_UNIT_BINDING,False,0,1,65156,15.991610417462953
llama32_3b,Llama-3.2-3B-Instruct,CT_0124_4K,CT_0124,4K,CLINICAL_TRIALS,UNANSWERABLE,False,0,1,4245,12.0515488384404
llama32_3b,Llama-3.2-3B-Instruct,SEC_0006_64K,SEC_0006,64K,SEC,ENTITY_UNIT_BINDING,False,0,1,65323,15.995303428650773
llama32_3b,Llama-3.2-3B-Instruct,SEC_0096_32K,SEC_0096,32K,SEC,ENTITY_UNIT_BINDING,True,1,0,32795,15.001188254604154
llama32_3b,Llama-3.2-3B-Instruct,FRED_0081_64K,FRED_0081,64K,FRED,TEMPORAL_VERSION,False,0,1,64966,15.987397259771251
llama32_3b,Llama-3.2-3B-Instruct,FDA_0098_16K,FDA_0098,16K,FDA,ENTITY_UNIT_BINDING,False,0,1,16444,14.005273656563938
llama32_3b,Llama-3.2-3B-Instruct,FRED_0121_32K,FRED_0121,32K,FRED,UNANSWERABLE,False,0,1,32620,14.993469161599247
llama32_3b,Llama-3.2-3B-Instruct,FDA_0030_82K,FDA_0030,82K,FDA,DIRECT_RETRIEVAL,True,1,0,81782,16.319495724326178
llama32_3b,Llama-3.2-3B-Instruct,CT_0043_32K,CT_0043,32K,CLINICAL_TRIALS,DIRECT_RETRIEVAL,False,0,1,32731,14.99837005993402
llama32_3b,Llama-3.2-3B-Instruct,FDA_0097_64K,FDA_0097,64K,FDA,ENTITY_UNIT_BINDING,False,0,1,65057,15.989416675876965
llama32_3b,Llama-3.2-3B-Instruct,FRED_0104_16K,FRED_0104,16K,FRED,ENTITY_UNIT_BINDING,True,1,0,16371,13.9988548290938
llama32_3b,Llama-3.2-3B-Instruct,FDA_0065_32K,FDA_0065,32K,FDA,RETRIEVAL_CALCULATION,False,0,1,32653,14.994927925265866
llama32_3b,Llama-3.2-3B-Instruct,FDA_0025_16K,FDA_0025,16K,FDA,UNANSWERABLE,False,0,1,16423,14.003430068771838
llama32_3b,Llama-3.2-3B-Instruct,FDA_0089_82K,FDA_0089,82K,FDA,TEMPORAL_VERSION,False,0,1,81724,16.318472198389742
llama32_3b,Llama-3.2-3B-Instruct,CT_0008_64K,CT_0008,64K,CLINICAL_TRIALS,ENTITY_UNIT_BINDING,False,0,1,65220,15.993026820635828
llama32_3b,Llama-3.2-3B-Instruct,FRED_0115_82K,FRED_0115,82K,FRED,UNANSWERABLE,False,0,1,81723,16.318454545021485
llama32_3b,Llama-3.2-3B-Instruct,CT_0003_64K,CT_0003,64K,CLINICAL_TRIALS,DIRECT_RETRIEVAL,True,1,0,65169,15.991898236923436
llama32_3b,Llama-3.2-3B-Instruct,FRED_0075_32K,FRED_0075,32K,FRED,TEMPORAL_VERSION,False,0,1,32573,14.991388978798355
llama32_3b,Llama-3.2-3B-Instruct,FDA_0074_32K,FDA_0074,32K,FDA,RETRIEVAL_CALCULATION,False,0,1,32697,14.996870651857797
llama32_3b,Llama-3.2-3B-Instruct,SEC_0045_8K,SEC_0045,8K,SEC,DIRECT_RETRIEVAL,True,1,0,8348,13.027214885159834
llama32_3b,Llama-3.2-3B-Instruct,FDA_0084_16K,FDA_0084,16K,FDA,TEMPORAL_VERSION,True,1,0,16376,13.99929538702341
llama32_3b,Llama-3.2-3B-Instruct,FDA_0021_8K,FDA_0021,8K,FDA,UNANSWERABLE,False,0,1,8262,13.01227534485612
llama32_3b,Llama-3.2-3B-Instruct,FDA_0015_82K,FDA_0015,82K,FDA,RETRIEVAL_CALCULATION,False,0,1,81790,16.319636843348214
llama32_3b,Llama-3.2-3B-Instruct,FRED_0095_16K,FRED_0095,16K,FRED,ENTITY_UNIT_BINDING,True,1,0,16378,13.999471572532684
llama32_3b,Llama-3.2-3B-Instruct,FRED_0058_64K,FRED_0058,64K,FRED,RETRIEVAL_CALCULATION,False,0,1,64965,15.987375052676088
llama32_3b,Llama-3.2-3B-Instruct,FDA_0002_32K,FDA_0002,32K,FDA,DIRECT_RETRIEVAL,True,1,0,32613,14.993159537166061
llama32_3b,Llama-3.2-3B-Instruct,CT_0121_32K,CT_0121,32K,CLINICAL_TRIALS,UNANSWERABLE,False,0,1,32641,14.9943976363975
llama32_3b,Llama-3.2-3B-Instruct,FRED_0120_32K,FRED_0120,32K,FRED,UNANSWERABLE,True,1,0,32588,14.992053192852639
llama32_3b,Llama-3.2-3B-Instruct,CT_0108_32K,CT_0108,32K,CLINICAL_TRIALS,UNANSWERABLE,False,0,1,32702,14.997091250803301
llama32_3b,Llama-3.2-3B-Instruct,SEC_0022_4K,SEC_0022,4K,SEC,UNANSWERABLE,True,1,0,4234,12.047805554007589
llama32_3b,Llama-3.2-3B-Instruct,CT_0062_8K,CT_0062,8K,CLINICAL_TRIALS,RETRIEVAL_CALCULATION,False,0,1,8428,13.040974598817305
llama32_3b,Llama-3.2-3B-Instruct,FDA_0040_82K,FDA_0040,82K,FDA,DIRECT_RETRIEVAL,True,1,0,81713,16.31827799945714
llama32_3b,Llama-3.2-3B-Instruct,FRED_0112_82K,FRED_0112,82K,FRED,UNANSWERABLE,False,0,1,81797,16.319760311170135
llama32_3b,Llama-3.2-3B-Instruct,CT_0079_64K,CT_0079,64K,CLINICAL_TRIALS,ENTITY_UNIT_BINDING,False,0,1,65163,15.991765404307479
llama32_3b,Llama-3.2-3B-Instruct,SEC_0074_8K,SEC_0074,8K,SEC,RETRIEVAL_CALCULATION,False,0,1,8414,13.03857610276879
llama32_3b,Llama-3.2-3B-Instruct,SEC_0006_4K,SEC_0006,4K,SEC,ENTITY_UNIT_BINDING,False,0,1,4311,12.073806847178492
llama32_3b,Llama-3.2-3B-Instruct,FRED_0054_16K,FRED_0054,16K,FRED,RETRIEVAL_CALCULATION,False,0,1,16480,14.00842862207058
llama32_3b,Llama-3.2-3B-Instruct,CT_0109_32K,CT_0109,32K,CLINICAL_TRIALS,UNANSWERABLE,False,0,1,32684,14.996296936687374
llama32_3b,Llama-3.2-3B-Instruct,SEC_0023_82K,SEC_0023,82K,SEC,UNANSWERABLE,False,0,1,81783,16.31951336495884
llama32_3b,Llama-3.2-3B-Instruct,FRED_0041_82K,FRED_0041,82K,FRED,DIRECT_RETRIEVAL,False,0,1,81767,16.31923108894872
llama32_3b,Llama-3.2-3B-Instruct,CT_0122_32K,CT_0122,32K,CLINICAL_TRIALS,UNANSWERABLE,False,0,1,32713,14.997576449782109
llama32_3b,Llama-3.2-3B-Instruct,FRED_0007_8K,FRED_0007,8K,FRED,ENTITY_UNIT_BINDING,True,1,0,8317,13.021847516680607
llama32_3b,Llama-3.2-3B-Instruct,SEC_0054_64K,SEC_0054,64K,SEC,RETRIEVAL_CALCULATION,False,0,1,65359,15.996098289806646
llama32_3b,Llama-3.2-3B-Instruct,FRED_0030_82K,FRED_0030,82K,FRED,DIRECT_RETRIEVAL,False,0,1,81800,16.319813222716473
llama32_3b,Llama-3.2-3B-Instruct,FDA_0104_8K,FDA_0104,8K,FDA,ENTITY_UNIT_BINDING,True,1,0,8332,13.024447124040647
llama32_3b,Llama-3.2-3B-Instruct,CT_0002_8K,CT_0002,8K,CLINICAL_TRIALS,DIRECT_RETRIEVAL,True,1,0,8341,13.026004642978943
llama32_3b,Llama-3.2-3B-Instruct,FDA_0117_82K,FDA_0117,82K,FDA,UNANSWERABLE,False,0,1,81778,16.31942515963842
llama32_3b,Llama-3.2-3B-Instruct,FRED_0072_82K,FRED_0072,82K,FRED,RETRIEVAL_CALCULATION,False,0,1,81795,16.319725035727792
llama32_3b,Llama-3.2-3B-Instruct,CT_0064_64K,CT_0064,64K,CLINICAL_TRIALS,RETRIEVAL_CALCULATION,False,0,1,65204,15.99267285018913
llama32_3b,Llama-3.2-3B-Instruct,CT_0077_8K,CT_0077,8K,CLINICAL_TRIALS,ENTITY_UNIT_BINDING,True,1,0,8288,13.016808287686555
llama32_3b,Llama-3.2-3B-Instruct,SEC_0071_64K,SEC_0071,64K,SEC,RETRIEVAL_CALCULATION,False,0,1,65346,15.995811307126665
llama32_3b,Llama-3.2-3B-Instruct,SEC_0011_82K,SEC_0011,82K,SEC,RETRIEVAL_CALCULATION,False,0,1,81686,16.317801218492036
llama32_3b,Llama-3.2-3B-Instruct,FRED_0058_8K,FRED_0058,8K,FRED,RETRIEVAL_CALCULATION,False,0,1,8376,13.032045726930809
llama32_3b,Llama-3.2-3B-Instruct,FDA_0046_4K,FDA_0046,4K,FDA,RETRIEVAL_CALCULATION,False,0,1,4216,12.041659151637214
llama32_3b,Llama-3.2-3B-Instruct,FDA_0116_82K,FDA_0116,82K,FDA,UNANSWERABLE,False,0,1,81725,16.31848985154199
llama32_3b,Llama-3.2-3B-Instruct,FRED_0046_16K,FRED_0046,16K,FRED,RETRIEVAL_CALCULATION,False,0,1,16414,14.002639237959455
llama32_3b,Llama-3.2-3B-Instruct,SEC_0043_64K,SEC_0043,64K,SEC,DIRECT_RETRIEVAL,True,1,0,65245,15.993579725651943
llama32_3b,Llama-3.2-3B-Instruct,FDA_0016_64K,FDA_0016,64K,FDA,RETRIEVAL_CALCULATION,False,0,1,65120,15.99081307915361
llama32_3b,Llama-3.2-3B-Instruct,SEC_0104_82K,SEC_0104,82K,SEC,ENTITY_UNIT_BINDING,True,1,0,81781,16.319478083477808
llama32_3b,Llama-3.2-3B-Instruct,FDA_0037_32K,FDA_0037,32K,FDA,DIRECT_RETRIEVAL,True,1,0,32647,14.99466280519635
llama32_3b,Llama-3.2-3B-Instruct,FDA_0014_32K,FDA_0014,32K,FDA,RETRIEVAL_CALCULATION,False,0,1,32673,14.995811307126665
llama32_3b,Llama-3.2-3B-Instruct,FRED_0096_8K,FRED_0096,8K,FRED,ENTITY_UNIT_BINDING,True,1,0,8273,13.014194866814499
llama32_3b,Llama-3.2-3B-Instruct,CT_0123_82K,CT_0123,82K,CLINICAL_TRIALS,UNANSWERABLE,False,0,1,81790,16.319636843348214
llama32_3b,Llama-3.2-3B-Instruct,FRED_0056_32K,FRED_0056,32K,FRED,RETRIEVAL_CALCULATION,False,0,1,32658,14.99514882144625
llama32_3b,Llama-3.2-3B-Instruct,FDA_0096_64K,FDA_0096,64K,FDA,ENTITY_UNIT_BINDING,True,1,0,65041,15.989061818449938
llama32_3b,Llama-3.2-3B-Instruct,FRED_0053_4K,FRED_0053,4K,FRED,RETRIEVAL_CALCULATION,True,1,0,4311,12.073806847178492
llama32_3b,Llama-3.2-3B-Instruct,FRED_0046_4K,FRED_0046,4K,FRED,RETRIEVAL_CALCULATION,False,0,1,4318,12.076147528022505
llama32_3b,Llama-3.2-3B-Instruct,CT_0108_64K,CT_0108,64K,CLINICAL_TRIALS,UNANSWERABLE,False,0,1,65162,15.991743264349054
llama32_3b,Llama-3.2-3B-Instruct,SEC_0105_32K,SEC_0105,32K,SEC,ENTITY_UNIT_BINDING,True,1,0,32729,14.998281902583495
llama32_3b,Llama-3.2-3B-Instruct,SEC_0073_8K,SEC_0073,8K,SEC,RETRIEVAL_CALCULATION,False,0,1,8411,13.0380616201336
llama32_3b,Llama-3.2-3B-Instruct,FDA_0041_16K,FDA_0041,16K,FDA,DIRECT_RETRIEVAL,True,1,0,16442,14.005098178239706
llama32_3b,Llama-3.2-3B-Instruct,SEC_0115_16K,SEC_0115,16K,SEC,UNANSWERABLE,True,1,0,16448,14.005624549193879
llama32_3b,Llama-3.2-3B-Instruct,FRED_0075_82K,FRED_0075,82K,FRED,TEMPORAL_VERSION,False,0,1,81800,16.319813222716473
llama32_3b,Llama-3.2-3B-Instruct,SEC_0102_16K,SEC_0102,16K,SEC,ENTITY_UNIT_BINDING,True,1,0,16453,14.006063045000083
llama32_3b,Llama-3.2-3B-Instruct,SEC_0028_64K,SEC_0028,64K,SEC,DIRECT_RETRIEVAL,False,0,1,65285,15.994463933166566
llama32_3b,Llama-3.2-3B-Instruct,FRED_0108_16K,FRED_0108,16K,FRED,UNANSWERABLE,False,0,1,16387,14.000264141169616
llama32_3b,Llama-3.2-3B-Instruct,FRED_0107_64K,FRED_0107,64K,FRED,UNANSWERABLE,False,0,1,64980,15.987708123216846
llama32_3b,Llama-3.2-3B-Instruct,FRED_0099_16K,FRED_0099,16K,FRED,ENTITY_UNIT_BINDING,True,1,0,16410,14.002287618401075
llama32_3b,Llama-3.2-3B-Instruct,FRED_0065_8K,FRED_0065,8K,FRED,RETRIEVAL_CALCULATION,False,0,1,8330,13.02410078025291
llama32_3b,Llama-3.2-3B-Instruct,FDA_0047_4K,FDA_0047,4K,FDA,RETRIEVAL_CALCULATION,False,0,1,4280,12.06339508128851
llama32_3b,Llama-3.2-3B-Instruct,FRED_0044_8K,FRED_0044,8K,FRED,DIRECT_RETRIEVAL,True,1,0,8349,13.027387694052763
llama32_3b,Llama-3.2-3B-Instruct,CT_0114_16K,CT_0114,16K,CLINICAL_TRIALS,UNANSWERABLE,False,0,1,16468,14.007377733321269
llama32_3b,Llama-3.2-3B-Instruct,CT_0036_64K,CT_0036,64K,CLINICAL_TRIALS,DIRECT_RETRIEVAL,True,1,0,65166,15.991831822144238
llama32_3b,Llama-3.2-3B-Instruct,FRED_0013_64K,FRED_0013,64K,FRED,RETRIEVAL_CALCULATION,False,0,1,65021,15.988618123888187
llama32_3b,Llama-3.2-3B-Instruct,SEC_0017_82K,SEC_0017,82K,SEC,TEMPORAL_VERSION,True,1,0,81793,16.319689759422904
llama32_3b,Llama-3.2-3B-Instruct,SEC_0086_64K,SEC_0086,64K,SEC,TEMPORAL_VERSION,False,0,1,65354,15.995987918608556
llama32_3b,Llama-3.2-3B-Instruct,FDA_0047_82K,FDA_0047,82K,FDA,RETRIEVAL_CALCULATION,False,0,1,81785,16.31954864557708
llama32_3b,Llama-3.2-3B-Instruct,SEC_0050_64K,SEC_0050,64K,SEC,RETRIEVAL_CALCULATION,False,0,1,65274,15.994220830117564
llama32_3b,Llama-3.2-3B-Instruct,CT_0057_4K,CT_0057,4K,CLINICAL_TRIALS,RETRIEVAL_CALCULATION,False,0,1,4280,12.06339508128851
llama32_3b,Llama-3.2-3B-Instruct,FRED_0074_8K,FRED_0074,8K,FRED,TEMPORAL_VERSION,False,0,1,8353,13.028078722704887
llama32_3b,Llama-3.2-3B-Instruct,CT_0033_4K,CT_0033,4K,CLINICAL_TRIALS,DIRECT_RETRIEVAL,True,1,0,4288,12.066089190457772
llama32_3b,Llama-3.2-3B-Instruct,CT_0019_4K,CT_0019,4K,CLINICAL_TRIALS,ENTITY_UNIT_BINDING,False,0,1,4260,12.056637715113201
llama32_3b,Llama-3.2-3B-Instruct,FRED_0061_64K,FRED_0061,64K,FRED,RETRIEVAL_CALCULATION,False,0,1,65033,15.988884356999662
llama32_3b,Llama-3.2-3B-Instruct,SEC_0021_8K,SEC_0021,8K,SEC,UNANSWERABLE,True,1,0,8376,13.032045726930809
llama32_3b,Llama-3.2-3B-Instruct,FDA_0106_4K,FDA_0106,4K,FDA,UNANSWERABLE,False,0,1,4237,12.04882741336389
llama32_3b,Llama-3.2-3B-Instruct,FRED_0077_16K,FRED_0077,16K,FRED,TEMPORAL_VERSION,False,0,1,16463,14.006939636982873
llama32_3b,Llama-3.2-3B-Instruct,FDA_0036_32K,FDA_0036,32K,FDA,DIRECT_RETRIEVAL,True,1,0,32654,14.994972107207802
llama32_3b,Llama-3.2-3B-Instruct,FDA_0039_16K,FDA_0039,16K,FDA,DIRECT_RETRIEVAL,True,1,0,16445,14.005361387722765
llama32_3b,Llama-3.2-3B-Instruct,FDA_0083_32K,FDA_0083,32K,FDA,TEMPORAL_VERSION,True,1,0,32599,14.992540088877933
llama32_3b,Llama-3.2-3B-Instruct,FDA_0077_82K,FDA_0077,82K,FDA,RETRIEVAL_CALCULATION,False,0,1,81762,16.31914286636793
llama32_3b,Llama-3.2-3B-Instruct,FDA_0090_16K,FDA_0090,16K,FDA,ENTITY_UNIT_BINDING,False,0,1,16450,14.005799963509967
llama32_3b,Llama-3.2-3B-Instruct,FDA_0065_82K,FDA_0065,82K,FDA,RETRIEVAL_CALCULATION,False,0,1,81722,16.31843689143721
llama32_3b,Llama-3.2-3B-Instruct,FDA_0005_64K,FDA_0005,64K,FDA,DIRECT_RETRIEVAL,False,0,1,65039,15.989017455133794
llama32_3b,Llama-3.2-3B-Instruct,FRED_0089_4K,FRED_0089,4K,FRED,TEMPORAL_VERSION,True,1,0,4303,12.07112712494831
llama32_3b,Llama-3.2-3B-Instruct,CT_0111_16K,CT_0111,16K,CLINICAL_TRIALS,UNANSWERABLE,False,0,1,16469,14.007465336627055
llama32_3b,Llama-3.2-3B-Instruct,FDA_0063_82K,FDA_0063,82K,FDA,RETRIEVAL_CALCULATION,False,0,1,81676,16.31762459295578
llama32_3b,Llama-3.2-3B-Instruct,FDA_0086_8K,FDA_0086,8K,FDA,TEMPORAL_VERSION,True,1,0,8270,13.013671614058637
llama32_3b,Llama-3.2-3B-Instruct,FDA_0002_4K,FDA_0002,4K,FDA,DIRECT_RETRIEVAL,True,1,0,4286,12.065416134676548
llama32_3b,Llama-3.2-3B-Instruct,FDA_0064_32K,FDA_0064,32K,FDA,RETRIEVAL_CALCULATION,False,0,1,32682,14.9962086525616
llama32_3b,Llama-3.2-3B-Instruct,FRED_0049_82K,FRED_0049,82K,FRED,RETRIEVAL_CALCULATION,False,0,1,81790,16.319636843348214
llama32_3b,Llama-3.2-3B-Instruct,CT_0097_8K,CT_0097,8K,CLINICAL_TRIALS,ENTITY_UNIT_BINDING,True,1,0,8448,13.044394119358454
llama32_3b,Llama-3.2-3B-Instruct,FDA_0006_8K,FDA_0006,8K,FDA,ENTITY_UNIT_BINDING,False,0,1,8346,13.026869205263395
llama32_3b,Llama-3.2-3B-Instruct,FRED_0088_64K,FRED_0088,64K,FRED,TEMPORAL_VERSION,True,1,0,64954,15.987130752065896
llama32_3b,Llama-3.2-3B-Instruct,SEC_0027_8K,SEC_0027,8K,SEC,DIRECT_RETRIEVAL,True,1,0,8366,13.030322282644034
llama32_3b,Llama-3.2-3B-Instruct,FDA_0113_8K,FDA_0113,8K,FDA,UNANSWERABLE,False,0,1,8334,13.024793384702548
llama32_3b,Llama-3.2-3B-Instruct,FDA_0052_16K,FDA_0052,16K,FDA,RETRIEVAL_CALCULATION,False,0,1,16365,13.998325981932126
llama32_3b,Llama-3.2-3B-Instruct,SEC_0072_8K,SEC_0072,8K,SEC,RETRIEVAL_CALCULATION,False,0,1,8359,13.02911464546904
llama32_3b,Llama-3.2-3B-Instruct,CT_0080_16K,CT_0080,16K,CLINICAL_TRIALS,ENTITY_UNIT_BINDING,True,1,0,16412,14.002463438892535
llama32_3b,Llama-3.2-3B-Instruct,SEC_0067_4K,SEC_0067,4K,SEC,RETRIEVAL_CALCULATION,False,0,1,4250,12.053247125912426
llama32_3b,Llama-3.2-3B-Instruct,FDA_0052_82K,FDA_0052,82K,FDA,RETRIEVAL_CALCULATION,False,0,1,81752,16.31896640501995
llama32_3b,Llama-3.2-3B-Instruct,FDA_0096_8K,FDA_0096,8K,FDA,ENTITY_UNIT_BINDING,False,0,1,8295,13.018026265843226
llama32_3b,Llama-3.2-3B-Instruct,FRED_0071_32K,FRED_0071,32K,FRED,RETRIEVAL_CALCULATION,False,0,1,32612,14.993115299679177
llama32_3b,Llama-3.2-3B-Instruct,SEC_0021_4K,SEC_0021,4K,SEC,UNANSWERABLE,True,1,0,4289,12.066425600635556
llama32_3b,Llama-3.2-3B-Instruct,FRED_0024_82K,FRED_0024,82K,FRED,UNANSWERABLE,True,1,0,81775,16.319372233857504
llama32_3b,Llama-3.2-3B-Instruct,SEC_0094_8K,SEC_0094,8K,SEC,ENTITY_UNIT_BINDING,True,1,0,8355,13.02842411294855
llama32_3b,Llama-3.2-3B-Instruct,SEC_0005_82K,SEC_0005,82K,SEC,DIRECT_RETRIEVAL,False,0,1,81708,16.318189718572718
llama32_3b,Llama-3.2-3B-Instruct,FRED_0045_32K,FRED_0045,32K,FRED,DIRECT_RETRIEVAL,True,1,0,32534,14.989660589736523
llama32_3b,Llama-3.2-3B-Instruct,SEC_0082_4K,SEC_0082,4K,SEC,TEMPORAL_VERSION,True,1,0,4308,12.072802534544207
llama32_3b,Llama-3.2-3B-Instruct,FDA_0108_32K,FDA_0108,32K,FDA,UNANSWERABLE,False,0,1,32604,14.99276135094313
llama32_3b,Llama-3.2-3B-Instruct,FDA_0048_64K,FDA_0048,64K,FDA,RETRIEVAL_CALCULATION,True,1,0,65024,15.988684686772165
llama32_3b,Llama-3.2-3B-Instruct,FRED_0018_32K,FRED_0018,32K,FRED,TEMPORAL_VERSION,True,1,0,32604,14.99276135094313
llama32_3b,Llama-3.2-3B-Instruct,CT_0104_82K,CT_0104,82K,CLINICAL_TRIALS,ENTITY_UNIT_BINDING,True,1,0,81705,16.318136747448964
llama32_3b,Llama-3.2-3B-Instruct,FDA_0004_8K,FDA_0004,8K,FDA,DIRECT_RETRIEVAL,True,1,0,8317,13.021847516680607
llama32_3b,Llama-3.2-3B-Instruct,FDA_0089_32K,FDA_0089,32K,FDA,TEMPORAL_VERSION,True,1,0,32598,14.99249583239248
llama32_3b,Llama-3.2-3B-Instruct,FRED_0047_82K,FRED_0047,82K,FRED,RETRIEVAL_CALCULATION,False,0,1,81797,16.319760311170135
llama32_3b,Llama-3.2-3B-Instruct,FRED_0094_82K,FRED_0094,82K,FRED,ENTITY_UNIT_BINDING,False,0,1,81795,16.319725035727792
llama32_3b,Llama-3.2-3B-Instruct,FDA_0123_64K,FDA_0123,64K,FDA,UNANSWERABLE,False,0,1,65067,15.989638417453266
llama32_3b,Llama-3.2-3B-Instruct,CT_0114_8K,CT_0114,8K,CLINICAL_TRIALS,UNANSWERABLE,False,0,1,8356,13.028596777067108
llama32_3b,Llama-3.2-3B-Instruct,SEC_0104_64K,SEC_0104,64K,SEC,ENTITY_UNIT_BINDING,False,0,1,65232,15.993292241488547
llama32_3b,Llama-3.2-3B-Instruct,FDA_0043_8K,FDA_0043,8K,FDA,DIRECT_RETRIEVAL,True,1,0,8303,13.019416982944184
llama32_3b,Llama-3.2-3B-Instruct,FRED_0074_82K,FRED_0074,82K,FRED,TEMPORAL_VERSION,False,0,1,81746,16.318860517850087
llama32_3b,Llama-3.2-3B-Instruct,SEC_0058_64K,SEC_0058,64K,SEC,RETRIEVAL_CALCULATION,False,0,1,65288,15.99453022688921
llama32_3b,Llama-3.2-3B-Instruct,SEC_0056_8K,SEC_0056,8K,SEC,RETRIEVAL_CALCULATION,False,0,1,8355,13.02842411294855
llama32_3b,Llama-3.2-3B-Instruct,CT_0116_32K,CT_0116,32K,CLINICAL_TRIALS,UNANSWERABLE,False,0,1,32677,14.995987918608556
llama32_3b,Llama-3.2-3B-Instruct,FDA_0079_8K,FDA_0079,8K,FDA,TEMPORAL_VERSION,False,0,1,8334,13.024793384702548
llama32_3b,Llama-3.2-3B-Instruct,FRED_0110_4K,FRED_0110,4K,FRED,UNANSWERABLE,True,1,0,4266,12.058668250340572
llama32_3b,Llama-3.2-3B-Instruct,CT_0072_16K,CT_0072,16K,CLINICAL_TRIALS,RETRIEVAL_CALCULATION,False,0,1,16483,14.008691224693802
llama32_3b,Llama-3.2-3B-Instruct,CT_0071_32K,CT_0071,32K,CLINICAL_TRIALS,RETRIEVAL_CALCULATION,False,0,1,32759,14.99960369754606
llama32_3b,Llama-3.2-3B-Instruct,CT_0113_16K,CT_0113,16K,CLINICAL_TRIALS,UNANSWERABLE,False,0,1,16468,14.007377733321269
llama32_3b,Llama-3.2-3B-Instruct,FDA_0083_82K,FDA_0083,82K,FDA,TEMPORAL_VERSION,True,1,0,81738,16.318719322866645
llama32_3b,Llama-3.2-3B-Instruct,FDA_0037_8K,FDA_0037,8K,FDA,DIRECT_RETRIEVAL,True,1,0,8273,13.014194866814499
llama32_3b,Llama-3.2-3B-Instruct,FDA_0054_4K,FDA_0054,4K,FDA,RETRIEVAL_CALCULATION,False,0,1,4239,12.049508251055096
llama32_3b,Llama-3.2-3B-Instruct,CT_0022_4K,CT_0022,4K,CLINICAL_TRIALS,UNANSWERABLE,False,0,1,4249,12.052907628313287
llama32_3b,Llama-3.2-3B-Instruct,SEC_0103_16K,SEC_0103,16K,SEC,ENTITY_UNIT_BINDING,False,0,1,16507,14.010790326669532
llama32_3b,Llama-3.2-3B-Instruct,FRED_0031_8K,FRED_0031,8K,FRED,DIRECT_RETRIEVAL,False,0,1,8327,13.023581108623029
llama32_3b,Llama-3.2-3B-Instruct,SEC_0117_32K,SEC_0117,32K,SEC,UNANSWERABLE,True,1,0,32776,15.0003521774803
llama32_3b,Llama-3.2-3B-Instruct,FRED_0035_82K,FRED_0035,82K,FRED,DIRECT_RETRIEVAL,False,0,1,81731,16.31859576591955
llama32_3b,Llama-3.2-3B-Instruct,FRED_0098_32K,FRED_0098,32K,FRED,ENTITY_UNIT_BINDING,False,0,1,32578,14.991610417462953
llama32_3b,Llama-3.2-3B-Instruct,CT_0055_4K,CT_0055,4K,CLINICAL_TRIALS,RETRIEVAL_CALCULATION,False,0,1,4262,12.057314877782703
llama32_3b,Llama-3.2-3B-Instruct,FRED_0123_32K,FRED_0123,32K,FRED,UNANSWERABLE,False,0,1,32625,14.993690281231972
llama32_3b,Llama-3.2-3B-Instruct,FDA_0045_16K,FDA_0045,16K,FDA,DIRECT_RETRIEVAL,True,1,0,16386,14.000176099486442
llama32_3b,Llama-3.2-3B-Instruct,CT_0082_4K,CT_0082,4K,CLINICAL_TRIALS,ENTITY_UNIT_BINDING,True,1,0,4282,12.06406908038551
llama32_3b,Llama-3.2-3B-Instruct,CT_0052_64K,CT_0052,64K,CLINICAL_TRIALS,RETRIEVAL_CALCULATION,False,0,1,65158,15.991654701117541
llama32_3b,Llama-3.2-3B-Instruct,CT_0086_4K,CT_0086,4K,CLINICAL_TRIALS,ENTITY_UNIT_BINDING,True,1,0,4289,12.066425600635556
llama32_3b,Llama-3.2-3B-Instruct,CT_0104_32K,CT_0104,32K,CLINICAL_TRIALS,ENTITY_UNIT_BINDING,True,1,0,32713,14.997576449782109
llama32_3b,Llama-3.2-3B-Instruct,CT_0090_8K,CT_0090,8K,CLINICAL_TRIALS,ENTITY_UNIT_BINDING,True,1,0,8407,13.037375357763239
llama32_3b,Llama-3.2-3B-Instruct,FDA_0043_82K,FDA_0043,82K,FDA,DIRECT_RETRIEVAL,True,1,0,81747,16.318878166251434
llama32_3b,Llama-3.2-3B-Instruct,SEC_0110_4K,SEC_0110,4K,SEC,UNANSWERABLE,True,1,0,4206,12.03823313473178
llama32_3b,Llama-3.2-3B-Instruct,SEC_0079_64K,SEC_0079,64K,SEC,TEMPORAL_VERSION,False,0,1,65319,15.995215083705574
llama32_3b,Llama-3.2-3B-Instruct,FDA_0114_82K,FDA_0114,82K,FDA,UNANSWERABLE,False,0,1,81746,16.318860517850087
llama32_3b,Llama-3.2-3B-Instruct,SEC_0111_8K,SEC_0111,8K,SEC,UNANSWERABLE,True,1,0,8283,13.015937673309226
llama32_3b,Llama-3.2-3B-Instruct,SEC_0038_82K,SEC_0038,82K,SEC,DIRECT_RETRIEVAL,False,0,1,81696,16.31797782240712
llama32_3b,Llama-3.2-3B-Instruct,CT_0018_82K,CT_0018,82K,CLINICAL_TRIALS,ENTITY_UNIT_BINDING,False,0,1,81719,16.318383929388236
llama32_3b,Llama-3.2-3B-Instruct,FDA_0098_8K,FDA_0098,8K,FDA,ENTITY_UNIT_BINDING,True,1,0,8274,13.014369242235137
llama32_3b,Llama-3.2-3B-Instruct,FRED_0054_8K,FRED_0054,8K,FRED,RETRIEVAL_CALCULATION,False,0,1,8328,13.023754353299417
llama32_3b,Llama-3.2-3B-Instruct,SEC_0107_32K,SEC_0107,32K,SEC,UNANSWERABLE,True,1,0,32787,15.000836281185094
llama32_3b,Llama-3.2-3B-Instruct,CT_0072_8K,CT_0072,8K,CLINICAL_TRIALS,RETRIEVAL_CALCULATION,False,0,1,8328,13.023754353299417
llama32_3b,Llama-3.2-3B-Instruct,FDA_0124_4K,FDA_0124,4K,FDA,UNANSWERABLE,False,0,1,4215,12.041316915829444
llama32_3b,Llama-3.2-3B-Instruct,CT_0031_32K,CT_0031,32K,CLINICAL_TRIALS,DIRECT_RETRIEVAL,True,1,0,32681,14.996164508472711
llama32_3b,Llama-3.2-3B-Instruct,CT_0038_32K,CT_0038,32K,CLINICAL_TRIALS,DIRECT_RETRIEVAL,True,1,0,32680,14.996120363033047
llama32_3b,Llama-3.2-3B-Instruct,FRED_0103_32K,FRED_0103,32K,FRED,ENTITY_UNIT_BINDING,False,0,1,32535,14.989704933280793
llama32_3b,Llama-3.2-3B-Instruct,SEC_0055_64K,SEC_0055,64K,SEC,RETRIEVAL_CALCULATION,False,0,1,65338,15.995634674021748
llama32_3b,Llama-3.2-3B-Instruct,CT_0086_8K,CT_0086,8K,CLINICAL_TRIALS,ENTITY_UNIT_BINDING,True,1,0,8326,13.023407843140218
llama32_3b,Llama-3.2-3B-Instruct,CT_0008_32K,CT_0008,32K,CLINICAL_TRIALS,ENTITY_UNIT_BINDING,True,1,0,32730,14.998325981932126
llama32_3b,Llama-3.2-3B-Instruct,FDA_0072_4K,FDA_0072,4K,FDA,RETRIEVAL_CALCULATION,False,0,1,4229,12.046100845028802
llama32_3b,Llama-3.2-3B-Instruct,CT_0054_4K,CT_0054,4K,CLINICAL_TRIALS,RETRIEVAL_CALCULATION,False,0,1,4262,12.057314877782703
llama32_3b,Llama-3.2-3B-Instruct,FRED_0032_8K,FRED_0032,8K,FRED,DIRECT_RETRIEVAL,True,1,0,8285,13.016285982108814
llama32_3b,Llama-3.2-3B-Instruct,FDA_0107_82K,FDA_0107,82K,FDA,UNANSWERABLE,False,0,1,81711,16.318242687751617
llama32_3b,Llama-3.2-3B-Instruct,CT_0091_8K,CT_0091,8K,CLINICAL_TRIALS,ENTITY_UNIT_BINDING,True,1,0,8414,13.03857610276879
llama32_3b,Llama-3.2-3B-Instruct,CT_0119_82K,CT_0119,82K,CLINICAL_TRIALS,UNANSWERABLE,False,0,1,81728,16.318542809702723
llama32_3b,Llama-3.2-3B-Instruct,SEC_0055_8K,SEC_0055,8K,SEC,RETRIEVAL_CALCULATION,False,0,1,8292,13.017504401109415
llama32_3b,Llama-3.2-3B-Instruct,CT_0099_64K,CT_0099,64K,CLINICAL_TRIALS,ENTITY_UNIT_BINDING,True,1,0,65257,15.993845044812407
llama32_3b,Llama-3.2-3B-Instruct,CT_0076_16K,CT_0076,16K,CLINICAL_TRIALS,ENTITY_UNIT_BINDING,True,1,0,16453,14.006063045000083
llama32_3b,Llama-3.2-3B-Instruct,FDA_0107_16K,FDA_0107,16K,FDA,UNANSWERABLE,False,0,1,16418,14.002990771840553
llama32_3b,Llama-3.2-3B-Instruct,FRED_0074_16K,FRED_0074,16K,FRED,TEMPORAL_VERSION,False,0,1,16409,14.00219970011951
llama32_3b,Llama-3.2-3B-Instruct,CT_0010_16K,CT_0010,16K,CLINICAL_TRIALS,RETRIEVAL_CALCULATION,False,0,1,16445,14.005361387722765
llama32_3b,Llama-3.2-3B-Instruct,FDA_0099_64K,FDA_0099,64K,FDA,ENTITY_UNIT_BINDING,True,1,0,65115,15.990702302861399
llama32_3b,Llama-3.2-3B-Instruct,FDA_0116_16K,FDA_0116,16K,FDA,UNANSWERABLE,False,0,1,16371,13.9988548290938
llama32_3b,Llama-3.2-3B-Instruct,FDA_0014_8K,FDA_0014,8K,FDA,RETRIEVAL_CALCULATION,False,0,1,8341,13.026004642978943
llama32_3b,Llama-3.2-3B-Instruct,FDA_0109_8K,FDA_0109,8K,FDA,UNANSWERABLE,False,0,1,8311,13.020806360724265
llama32_3b,Llama-3.2-3B-Instruct,FDA_0030_32K,FDA_0030,32K,FDA,DIRECT_RETRIEVAL,True,1,0,32638,14.994265033718973
llama32_3b,Llama-3.2-3B-Instruct,CT_0077_82K,CT_0077,82K,CLINICAL_TRIALS,ENTITY_UNIT_BINDING,True,1,0,81672,16.317553936686163
llama32_3b,Llama-3.2-3B-Instruct,FRED_0017_4K,FRED_0017,4K,FRED,TEMPORAL_VERSION,True,1,0,4285,12.065079488999862
llama32_3b,Llama-3.2-3B-Instruct,CT_0080_82K,CT_0080,82K,CLINICAL_TRIALS,ENTITY_UNIT_BINDING,True,1,0,81706,16.31815440470632
llama32_3b,Llama-3.2-3B-Instruct,FRED_0027_16K,FRED_0027,16K,FRED,DIRECT_RETRIEVAL,False,0,1,16387,14.000264141169616
llama32_3b,Llama-3.2-3B-Instruct,FRED_0072_32K,FRED_0072,32K,FRED,RETRIEVAL_CALCULATION,False,0,1,32626,14.993734501091927
llama32_3b,Llama-3.2-3B-Instruct,CT_0059_4K,CT_0059,4K,CLINICAL_TRIALS,RETRIEVAL_CALCULATION,False,0,1,4278,12.062720767165045
llama32_3b,Llama-3.2-3B-Instruct,CT_0019_16K,CT_0019,16K,CLINICAL_TRIALS,ENTITY_UNIT_BINDING,False,0,1,16475,14.007990844782777
llama32_3b,Llama-3.2-3B-Instruct,FDA_0067_32K,FDA_0067,32K,FDA,RETRIEVAL_CALCULATION,False,0,1,32694,14.996738276297684
llama32_3b,Llama-3.2-3B-Instruct,FDA_0018_32K,FDA_0018,32K,FDA,TEMPORAL_VERSION,True,1,0,32619,14.993424933605532
llama32_3b,Llama-3.2-3B-Instruct,FDA_0023_4K,FDA_0023,4K,FDA,UNANSWERABLE,False,0,1,4230,12.046441948007311
llama32_3b,Llama-3.2-3B-Instruct,FDA_0003_32K,FDA_0003,32K,FDA,DIRECT_RETRIEVAL,True,1,0,32640,14.994353436858859
llama32_3b,Llama-3.2-3B-Instruct,FRED_0122_4K,FRED_0122,4K,FRED,UNANSWERABLE,True,1,0,4251,12.053586543639176
llama32_3b,Llama-3.2-3B-Instruct,SEC_0056_82K,SEC_0056,82K,SEC,RETRIEVAL_CALCULATION,False,0,1,81696,16.31797782240712
llama32_3b,Llama-3.2-3B-Instruct,FRED_0072_64K,FRED_0072,64K,FRED,RETRIEVAL_CALCULATION,False,0,1,64973,15.987552699866926
llama32_3b,Llama-3.2-3B-Instruct,CT_0053_8K,CT_0053,8K,CLINICAL_TRIALS,RETRIEVAL_CALCULATION,False,0,1,8300,13.018895621121649
llama32_3b,Llama-3.2-3B-Instruct,FDA_0097_16K,FDA_0097,16K,FDA,ENTITY_UNIT_BINDING,True,1,0,16425,14.003605750097055
llama32_3b,Llama-3.2-3B-Instruct,FRED_0066_4K,FRED_0066,4K,FRED,RETRIEVAL_CALCULATION,False,0,1,4316,12.075479149488016
llama32_3b,Llama-3.2-3B-Instruct,CT_0010_82K,CT_0010,82K,CLINICAL_TRIALS,RETRIEVAL_CALCULATION,False,0,1,81743,16.31880757135065
llama32_3b,Llama-3.2-3B-Instruct,SEC_0089_16K,SEC_0089,16K,SEC,TEMPORAL_VERSION,False,0,1,16506,14.010702925037366
llama32_3b,Llama-3.2-3B-Instruct,CT_0015_32K,CT_0015,32K,CLINICAL_TRIALS,RETRIEVAL_CALCULATION,False,0,1,32715,14.99766465024927
llama32_3b,Llama-3.2-3B-Instruct,SEC_0015_8K,SEC_0015,8K,SEC,RETRIEVAL_CALCULATION,False,0,1,8392,13.034798962577268
llama32_3b,Llama-3.2-3B-Instruct,SEC_0091_8K,SEC_0091,8K,SEC,TEMPORAL_VERSION,False,0,1,8304,13.019590728357882
llama32_3b,Llama-3.2-3B-Instruct,SEC_0005_8K,SEC_0005,8K,SEC,DIRECT_RETRIEVAL,True,1,0,8273,13.014194866814499
llama32_3b,Llama-3.2-3B-Instruct,FDA_0112_82K,FDA_0112,82K,FDA,UNANSWERABLE,False,0,1,81783,16.31951336495884
llama32_3b,Llama-3.2-3B-Instruct,SEC_0062_8K,SEC_0062,8K,SEC,RETRIEVAL_CALCULATION,False,0,1,8322,13.022714573044759
llama32_3b,Llama-3.2-3B-Instruct,SEC_0050_32K,SEC_0050,32K,SEC,RETRIEVAL_CALCULATION,False,0,1,32793,15.001100269299442
llama32_3b,Llama-3.2-3B-Instruct,SEC_0105_64K,SEC_0105,64K,SEC,ENTITY_UNIT_BINDING,False,0,1,65275,15.994242932087566
llama32_3b,Llama-3.2-3B-Instruct,FRED_0055_32K,FRED_0055,32K,FRED,RETRIEVAL_CALCULATION,False,0,1,32620,14.993469161599247
llama32_3b,Llama-3.2-3B-Instruct,CT_0035_8K,CT_0035,8K,CLINICAL_TRIALS,DIRECT_RETRIEVAL,True,1,0,8345,13.02669633424996
llama32_3b,Llama-3.2-3B-Instruct,CT_0044_64K,CT_0044,64K,CLINICAL_TRIALS,DIRECT_RETRIEVAL,True,1,0,65136,15.99116750614001
llama32_3b,Llama-3.2-3B-Instruct,SEC_0014_82K,SEC_0014,82K,SEC,RETRIEVAL_CALCULATION,False,0,1,81726,16.318507504478234
llama32_3b,Llama-3.2-3B-Instruct,FRED_0070_64K,FRED_0070,64K,FRED,RETRIEVAL_CALCULATION,False,0,1,64997,15.988085510228933
llama32_3b,Llama-3.2-3B-Instruct,SEC_0007_82K,SEC_0007,82K,SEC,ENTITY_UNIT_BINDING,False,0,1,81788,16.31960156488678
llama32_3b,Llama-3.2-3B-Instruct,CT_0073_82K,CT_0073,82K,CLINICAL_TRIALS,RETRIEVAL_CALCULATION,False,0,1,81749,16.31891346240647
llama32_3b,Llama-3.2-3B-Instruct,SEC_0123_64K,SEC_0123,64K,SEC,UNANSWERABLE,False,0,1,65212,15.99284984626847
llama32_3b,Llama-3.2-3B-Instruct,FRED_0068_8K,FRED_0068,8K,FRED,RETRIEVAL_CALCULATION,False,0,1,8307,13.020111839088086
llama32_3b,Llama-3.2-3B-Instruct,FRED_0116_4K,FRED_0116,4K,FRED,UNANSWERABLE,True,1,0,4258,12.055960234452295
llama32_3b,Llama-3.2-3B-Instruct,CT_0032_82K,CT_0032,82K,CLINICAL_TRIALS,DIRECT_RETRIEVAL,True,1,0,81745,16.318842869232842
llama32_3b,Llama-3.2-3B-Instruct,FRED_0054_32K,FRED_0054,32K,FRED,RETRIEVAL_CALCULATION,False,0,1,32667,14.995546349359
llama32_3b,Llama-3.2-3B-Instruct,FRED_0122_16K,FRED_0122,16K,FRED,UNANSWERABLE,True,1,0,16434,14.004396051426534
llama32_3b,Llama-3.2-3B-Instruct,SEC_0072_16K,SEC_0072,16K,SEC,RETRIEVAL_CALCULATION,False,0,1,16538,14.013497154291704
llama32_3b,Llama-3.2-3B-Instruct,CT_0075_32K,CT_0075,32K,CLINICAL_TRIALS,ENTITY_UNIT_BINDING,True,1,0,32714,14.997620550689716
llama32_3b,Llama-3.2-3B-Instruct,FRED_0048_32K,FRED_0048,32K,FRED,RETRIEVAL_CALCULATION,False,0,1,32624,14.993646060016596
llama32_3b,Llama-3.2-3B-Instruct,FDA_0069_82K,FDA_0069,82K,FDA,RETRIEVAL_CALCULATION,False,0,1,81728,16.318542809702723
llama32_3b,Llama-3.2-3B-Instruct,SEC_0095_32K,SEC_0095,32K,SEC,ENTITY_UNIT_BINDING,True,1,0,32678,14.99603206810105
llama32_3b,Llama-3.2-3B-Instruct,FDA_0069_32K,FDA_0069,32K,FDA,RETRIEVAL_CALCULATION,False,0,1,32686,14.99638521541103
llama32_3b,Llama-3.2-3B-Instruct,SEC_0035_82K,SEC_0035,82K,SEC,DIRECT_RETRIEVAL,False,0,1,81724,16.318472198389742
llama32_3b,Llama-3.2-3B-Instruct,FRED_0103_64K,FRED_0103,64K,FRED,ENTITY_UNIT_BINDING,False,0,1,64904,15.986019773064076
llama32_3b,Llama-3.2-3B-Instruct,CT_0085_32K,CT_0085,32K,CLINICAL_TRIALS,ENTITY_UNIT_BINDING,True,1,0,32674,14.99585546202409
llama32_3b,Llama-3.2-3B-Instruct,FDA_0045_4K,FDA_0045,4K,FDA,DIRECT_RETRIEVAL,True,1,0,4219,12.042685372219351
llama32_3b,Llama-3.2-3B-Instruct,FDA_0078_16K,FDA_0078,16K,FDA,TEMPORAL_VERSION,False,0,1,16437,14.004659389027136
llama32_3b,Llama-3.2-3B-Instruct,CT_0087_4K,CT_0087,4K,CLINICAL_TRIALS,ENTITY_UNIT_BINDING,True,1,0,4308,12.072802534544207
llama32_3b,Llama-3.2-3B-Instruct,CT_0107_8K,CT_0107,8K,CLINICAL_TRIALS,UNANSWERABLE,False,0,1,8339,13.0256586729435
llama32_3b,Llama-3.2-3B-Instruct,FRED_0079_16K,FRED_0079,16K,FRED,TEMPORAL_VERSION,False,0,1,16399,14.001320222500901
llama32_3b,Llama-3.2-3B-Instruct,SEC_0057_4K,SEC_0057,4K,SEC,RETRIEVAL_CALCULATION,False,0,1,4336,12.08214904135387
llama32_3b,Llama-3.2-3B-Instruct,SEC_0051_16K,SEC_0051,16K,SEC,RETRIEVAL_CALCULATION,False,0,1,16471,14.007640527281902
llama32_3b,Llama-3.2-3B-Instruct,CT_0030_8K,CT_0030,8K,CLINICAL_TRIALS,DIRECT_RETRIEVAL,True,1,0,8323,13.02288792180326
llama32_3b,Llama-3.2-3B-Instruct,FDA_0113_16K,FDA_0113,16K,FDA,UNANSWERABLE,False,0,1,16435,14.004483835967672
llama32_3b,Llama-3.2-3B-Instruct,FDA_0044_4K,FDA_0044,4K,FDA,DIRECT_RETRIEVAL,True,1,0,4218,12.042343379793692
llama32_3b,Llama-3.2-3B-Instruct,FRED_0097_8K,FRED_0097,8K,FRED,ENTITY_UNIT_BINDING,True,1,0,8331,13.024273962540002
llama32_3b,Llama-3.2-3B-Instruct,SEC_0034_82K,SEC_0034,82K,SEC,DIRECT_RETRIEVAL,False,0,1,81682,16.317730570872374
llama32_3b,Llama-3.2-3B-Instruct,FRED_0073_16K,FRED_0073,16K,FRED,RETRIEVAL_CALCULATION,False,0,1,16444,14.005273656563938
llama32_3b,Llama-3.2-3B-Instruct,FDA_0124_64K,FDA_0124,64K,FDA,UNANSWERABLE,False,0,1,65032,15.988862172783449
llama32_3b,Llama-3.2-3B-Instruct,CT_0118_8K,CT_0118,8K,CLINICAL_TRIALS,UNANSWERABLE,False,0,1,8290,13.017156386383112
llama32_3b,Llama-3.2-3B-Instruct,SEC_0051_8K,SEC_0051,8K,SEC,RETRIEVAL_CALCULATION,False,0,1,8348,13.027214885159834
llama32_3b,Llama-3.2-3B-Instruct,FDA_0006_32K,FDA_0006,32K,FDA,ENTITY_UNIT_BINDING,False,0,1,32648,14.9947069952581
llama32_3b,Llama-3.2-3B-Instruct,FRED_0120_4K,FRED_0120,4K,FRED,UNANSWERABLE,True,1,0,4270,12.060020354507852
llama32_3b,Llama-3.2-3B-Instruct,CT_0060_82K,CT_0060,82K,CLINICAL_TRIALS,RETRIEVAL_CALCULATION,False,0,1,81732,16.31861341755987
llama32_3b,Llama-3.2-3B-Instruct,FRED_0067_64K,FRED_0067,64K,FRED,RETRIEVAL_CALCULATION,False,0,1,65012,15.988418416807852
llama32_3b,Llama-3.2-3B-Instruct,FDA_0056_64K,FDA_0056,64K,FDA,RETRIEVAL_CALCULATION,True,1,0,64996,15.988063313725414
llama32_3b,Llama-3.2-3B-Instruct,CT_0073_8K,CT_0073,8K,CLINICAL_TRIALS,RETRIEVAL_CALCULATION,False,0,1,8326,13.023407843140218
llama32_3b,Llama-3.2-3B-Instruct,SEC_0099_82K,SEC_0099,82K,SEC,ENTITY_UNIT_BINDING,True,1,0,81707,16.318172061747568
llama32_3b,Llama-3.2-3B-Instruct,SEC_0051_64K,SEC_0051,64K,SEC,RETRIEVAL_CALCULATION,False,0,1,65302,15.994839557322626
llama32_3b,Llama-3.2-3B-Instruct,CT_0084_82K,CT_0084,82K,CLINICAL_TRIALS,ENTITY_UNIT_BINDING,False,0,1,81741,16.318772272604818
llama32_3b,Llama-3.2-3B-Instruct,SEC_0119_4K,SEC_0119,4K,SEC,UNANSWERABLE,True,1,0,4299,12.069785394983302
llama32_3b,Llama-3.2-3B-Instruct,CT_0085_64K,CT_0085,64K,CLINICAL_TRIALS,ENTITY_UNIT_BINDING,True,1,0,65188,15.99231879287319
llama32_3b,Llama-3.2-3B-Instruct,FDA_0003_64K,FDA_0003,64K,FDA,DIRECT_RETRIEVAL,True,1,0,65052,15.989305792306912
llama32_3b,Llama-3.2-3B-Instruct,FDA_0003_8K,FDA_0003,8K,FDA,DIRECT_RETRIEVAL,True,1,0,8329,13.02392757717438
llama32_3b,Llama-3.2-3B-Instruct,SEC_0053_4K,SEC_0053,4K,SEC,RETRIEVAL_CALCULATION,False,0,1,4246,12.051888655905378
llama32_3b,Llama-3.2-3B-Instruct,CT_0089_16K,CT_0089,16K,CLINICAL_TRIALS,ENTITY_UNIT_BINDING,True,1,0,16441,14.005010431073003
llama32_3b,Llama-3.2-3B-Instruct,CT_0095_4K,CT_0095,4K,CLINICAL_TRIALS,ENTITY_UNIT_BINDING,True,1,0,4344,12.084808387804362
llama32_3b,Llama-3.2-3B-Instruct,FRED_0023_64K,FRED_0023,64K,FRED,UNANSWERABLE,False,0,1,64986,15.98784132990554
llama32_3b,Llama-3.2-3B-Instruct,FRED_0104_8K,FRED_0104,8K,FRED,ENTITY_UNIT_BINDING,True,1,0,8267,13.01314817145476
llama32_3b,Llama-3.2-3B-Instruct,FRED_0051_82K,FRED_0051,82K,FRED,RETRIEVAL_CALCULATION,False,0,1,81749,16.31891346240647
llama32_3b,Llama-3.2-3B-Instruct,SEC_0072_32K,SEC_0072,32K,SEC,RETRIEVAL_CALCULATION,False,0,1,32788,15.00088028255882
llama32_3b,Llama-3.2-3B-Instruct,FDA_0043_4K,FDA_0043,4K,FDA,DIRECT_RETRIEVAL,True,1,0,4283,12.064405961891042
llama32_3b,Llama-3.2-3B-Instruct,SEC_0067_8K,SEC_0067,8K,SEC,RETRIEVAL_CALCULATION,False,0,1,8385,13.033595068451708
llama32_3b,Llama-3.2-3B-Instruct,CT_0123_16K,CT_0123,16K,CLINICAL_TRIALS,UNANSWERABLE,False,0,1,16448,14.005624549193879
llama32_3b,Llama-3.2-3B-Instruct,FDA_0071_32K,FDA_0071,32K,FDA,RETRIEVAL_CALCULATION,False,0,1,32635,14.994132418851395
llama32_3b,Llama-3.2-3B-Instruct,CT_0092_32K,CT_0092,32K,CLINICAL_TRIALS,ENTITY_UNIT_BINDING,True,1,0,32725,14.998105571719966
llama32_3b,Llama-3.2-3B-Instruct,SEC_0110_16K,SEC_0110,16K,SEC,UNANSWERABLE,True,1,0,16454,14.00615072817031
llama32_3b,Llama-3.2-3B-Instruct,SEC_0062_4K,SEC_0062,4K,SEC,RETRIEVAL_CALCULATION,False,0,1,4230,12.046441948007311
llama32_3b,Llama-3.2-3B-Instruct,FDA_0099_4K,FDA_0099,4K,FDA,ENTITY_UNIT_BINDING,True,1,0,4234,12.047805554007589
llama32_3b,Llama-3.2-3B-Instruct,SEC_0020_64K,SEC_0020,64K,SEC,TEMPORAL_VERSION,True,1,0,65345,15.995789229171168
llama32_3b,Llama-3.2-3B-Instruct,FRED_0044_64K,FRED_0044,64K,FRED,DIRECT_RETRIEVAL,False,0,1,64988,15.987885729402086
llama32_3b,Llama-3.2-3B-Instruct,CT_0014_82K,CT_0014,82K,CLINICAL_TRIALS,RETRIEVAL_CALCULATION,False,0,1,81705,16.318136747448964
llama32_3b,Llama-3.2-3B-Instruct,CT_0030_16K,CT_0030,16K,CLINICAL_TRIALS,DIRECT_RETRIEVAL,True,1,0,16473,14.007815696665421
llama32_3b,Llama-3.2-3B-Instruct,CT_0120_4K,CT_0120,4K,CLINICAL_TRIALS,UNANSWERABLE,False,0,1,4238,12.04916787237217
llama32_3b,Llama-3.2-3B-Instruct,CT_0071_16K,CT_0071,16K,CLINICAL_TRIALS,RETRIEVAL_CALCULATION,False,0,1,16537,14.013409916496311
llama32_3b,Llama-3.2-3B-Instruct,FRED_0021_82K,FRED_0021,82K,FRED,UNANSWERABLE,False,0,1,81799,16.319795585749976
llama32_3b,Llama-3.2-3B-Instruct,CT_0103_32K,CT_0103,32K,CLINICAL_TRIALS,ENTITY_UNIT_BINDING,False,0,1,32716,14.99770874846085
llama32_3b,Llama-3.2-3B-Instruct,SEC_0075_4K,SEC_0075,4K,SEC,RETRIEVAL_CALCULATION,False,0,1,4291,12.067098185748385
llama32_3b,Llama-3.2-3B-Instruct,SEC_0049_32K,SEC_0049,32K,SEC,RETRIEVAL_CALCULATION,False,0,1,32799,15.001364209117392
llama32_3b,Llama-3.2-3B-Instruct,SEC_0112_32K,SEC_0112,32K,SEC,UNANSWERABLE,False,0,1,32694,14.996738276297684
llama32_3b,Llama-3.2-3B-Instruct,CT_0056_32K,CT_0056,32K,CLINICAL_TRIALS,RETRIEVAL_CALCULATION,False,0,1,32632,14.993999791792524
llama32_3b,Llama-3.2-3B-Instruct,CT_0093_16K,CT_0093,16K,CLINICAL_TRIALS,ENTITY_UNIT_BINDING,True,1,0,16460,14.006676715308988
llama32_3b,Llama-3.2-3B-Instruct,FDA_0094_82K,FDA_0094,82K,FDA,ENTITY_UNIT_BINDING,True,1,0,81741,16.318772272604818
llama32_3b,Llama-3.2-3B-Instruct,SEC_0125_4K,SEC_0125,4K,SEC,UNANSWERABLE,True,1,0,4300,12.070120944476823
llama32_3b,Llama-3.2-3B-Instruct,FRED_0084_8K,FRED_0084,8K,FRED,TEMPORAL_VERSION,True,1,0,8346,13.026869205263395
llama32_3b,Llama-3.2-3B-Instruct,FDA_0084_4K,FDA_0084,4K,FDA,TEMPORAL_VERSION,True,1,0,4232,12.047123912114026
llama32_3b,Llama-3.2-3B-Instruct,FDA_0044_16K,FDA_0044,16K,FDA,DIRECT_RETRIEVAL,True,1,0,16410,14.002287618401075
llama32_3b,Llama-3.2-3B-Instruct,SEC_0025_64K,SEC_0025,64K,SEC,UNANSWERABLE,False,0,1,65299,15.994773277812921
llama32_3b,Llama-3.2-3B-Instruct,CT_0115_64K,CT_0115,64K,CLINICAL_TRIALS,UNANSWERABLE,False,0,1,65192,15.992407315348498
llama32_3b,Llama-3.2-3B-Instruct,FRED_0047_16K,FRED_0047,16K,FRED,RETRIEVAL_CALCULATION,False,0,1,16434,14.004396051426534
llama32_3b,Llama-3.2-3B-Instruct,FRED_0018_82K,FRED_0018,82K,FRED,TEMPORAL_VERSION,False,0,1,81784,16.319531005375808
llama32_3b,Llama-3.2-3B-Instruct,SEC_0113_8K,SEC_0113,8K,SEC,UNANSWERABLE,True,1,0,8372,13.031356596255709
llama32_3b,Llama-3.2-3B-Instruct,SEC_0095_8K,SEC_0095,8K,SEC,ENTITY_UNIT_BINDING,False,0,1,8325,13.023234556845987
llama32_3b,Llama-3.2-3B-Instruct,FRED_0116_64K,FRED_0116,64K,FRED,UNANSWERABLE,False,0,1,65013,15.988440607848664
llama32_3b,Llama-3.2-3B-Instruct,CT_0078_32K,CT_0078,32K,CLINICAL_TRIALS,ENTITY_UNIT_BINDING,True,1,0,32665,14.995458019288508
llama32_3b,Llama-3.2-3B-Instruct,CT_0104_8K,CT_0104,8K,CLINICAL_TRIALS,ENTITY_UNIT_BINDING,True,1,0,8351,13.027733249752831
llama32_3b,Llama-3.2-3B-Instruct,FRED_0121_4K,FRED_0121,4K,FRED,UNANSWERABLE,True,1,0,4290,12.066761932386909
llama32_3b,Llama-3.2-3B-Instruct,FDA_0033_82K,FDA_0033,82K,FDA,DIRECT_RETRIEVAL,False,0,1,81789,16.319619204225333
llama32_3b,Llama-3.2-3B-Instruct,CT_0001_8K,CT_0001,8K,CLINICAL_TRIALS,DIRECT_RETRIEVAL,True,1,0,8354,13.028251428162793
llama32_3b,Llama-3.2-3B-Instruct,FRED_0105_8K,FRED_0105,8K,FRED,ENTITY_UNIT_BINDING,True,1,0,8288,13.016808287686555
llama32_3b,Llama-3.2-3B-Instruct,FDA_0019_16K,FDA_0019,16K,FDA,TEMPORAL_VERSION,True,1,0,16438,14.004747157546761
llama32_3b,Llama-3.2-3B-Instruct,SEC_0104_32K,SEC_0104,32K,SEC,ENTITY_UNIT_BINDING,False,0,1,32734,14.99850228586011
llama32_3b,Llama-3.2-3B-Instruct,SEC_0004_82K,SEC_0004,82K,SEC,DIRECT_RETRIEVAL,True,1,0,81663,16.317394947426287
llama32_3b,Llama-3.2-3B-Instruct,FDA_0111_82K,FDA_0111,82K,FDA,UNANSWERABLE,False,0,1,81735,16.318666371185046
llama32_3b,Llama-3.2-3B-Instruct,CT_0078_16K,CT_0078,16K,CLINICAL_TRIALS,ENTITY_UNIT_BINDING,True,1,0,16460,14.006676715308988
llama32_3b,Llama-3.2-3B-Instruct,SEC_0041_64K,SEC_0041,64K,SEC,DIRECT_RETRIEVAL,False,0,1,65243,15.993535501047656
llama32_3b,Llama-3.2-3B-Instruct,FDA_0041_32K,FDA_0041,32K,FDA,DIRECT_RETRIEVAL,True,1,0,32654,14.994972107207802
llama32_3b,Llama-3.2-3B-Instruct,SEC_0007_8K,SEC_0007,8K,SEC,ENTITY_UNIT_BINDING,True,1,0,8373,13.031528909787223
llama32_3b,Llama-3.2-3B-Instruct,CT_0099_16K,CT_0099,16K,CLINICAL_TRIALS,ENTITY_UNIT_BINDING,True,1,0,16527,14.012537248286247
llama32_3b,Llama-3.2-3B-Instruct,CT_0095_32K,CT_0095,32K,CLINICAL_TRIALS,ENTITY_UNIT_BINDING,True,1,0,32737,14.998634499668533
llama32_3b,Llama-3.2-3B-Instruct,FDA_0039_8K,FDA_0039,8K,FDA,DIRECT_RETRIEVAL,True,1,0,8320,13.022367813028454
llama32_3b,Llama-3.2-3B-Instruct,CT_0076_32K,CT_0076,32K,CLINICAL_TRIALS,ENTITY_UNIT_BINDING,True,1,0,32714,14.997620550689716
llama32_3b,Llama-3.2-3B-Instruct,FDA_0085_82K,FDA_0085,82K,FDA,TEMPORAL_VERSION,False,0,1,81725,16.31848985154199
llama32_3b,Llama-3.2-3B-Instruct,CT_0073_16K,CT_0073,16K,CLINICAL_TRIALS,RETRIEVAL_CALCULATION,False,0,1,16458,14.006501407569434
llama32_3b,Llama-3.2-3B-Instruct,CT_0024_8K,CT_0024,8K,CLINICAL_TRIALS,UNANSWERABLE,False,0,1,8308,13.020285500844647
llama32_3b,Llama-3.2-3B-Instruct,SEC_0016_16K,SEC_0016,16K,SEC,RETRIEVAL_CALCULATION,False,0,1,16506,14.010702925037366
llama32_3b,Llama-3.2-3B-Instruct,FDA_0056_16K,FDA_0056,16K,FDA,RETRIEVAL_CALCULATION,False,0,1,16382,13.999823879015725
llama32_3b,Llama-3.2-3B-Instruct,FDA_0035_32K,FDA_0035,32K,FDA,DIRECT_RETRIEVAL,True,1,0,32657,14.995104644915866
llama32_3b,Llama-3.2-3B-Instruct,SEC_0093_8K,SEC_0093,8K,SEC,TEMPORAL_VERSION,False,0,1,8337,13.025312619921719
llama32_3b,Llama-3.2-3B-Instruct,CT_0017_8K,CT_0017,8K,CLINICAL_TRIALS,ENTITY_UNIT_BINDING,True,1,0,8302,13.019243216603607
llama32_3b,Llama-3.2-3B-Instruct,FDA_0064_4K,FDA_0064,4K,FDA,RETRIEVAL_CALCULATION,False,0,1,4294,12.068106475858773
llama32_3b,Llama-3.2-3B-Instruct,FDA_0010_8K,FDA_0010,8K,FDA,RETRIEVAL_CALCULATION,False,0,1,8285,13.016285982108814
llama32_3b,Llama-3.2-3B-Instruct,SEC_0058_16K,SEC_0058,16K,SEC,RETRIEVAL_CALCULATION,False,0,1,16468,14.007377733321269
llama32_3b,Llama-3.2-3B-Instruct,CT_0094_32K,CT_0094,32K,CLINICAL_TRIALS,ENTITY_UNIT_BINDING,True,1,0,32700,14.997003015272806
llama32_3b,Llama-3.2-3B-Instruct,FRED_0005_64K,FRED_0005,64K,FRED,DIRECT_RETRIEVAL,True,1,0,64952,15.987086329328193
llama32_3b,Llama-3.2-3B-Instruct,SEC_0103_64K,SEC_0103,64K,SEC,ENTITY_UNIT_BINDING,True,1,0,65276,15.994265033718973
llama32_3b,Llama-3.2-3B-Instruct,FDA_0024_4K,FDA_0024,4K,FDA,UNANSWERABLE,False,0,1,4281,12.063732120196919
llama32_3b,Llama-3.2-3B-Instruct,SEC_0066_64K,SEC_0066,64K,SEC,RETRIEVAL_CALCULATION,False,0,1,65331,15.995480102313142
llama32_3b,Llama-3.2-3B-Instruct,SEC_0068_16K,SEC_0068,16K,SEC,RETRIEVAL_CALCULATION,False,0,1,16508,14.010877723007034
llama32_3b,Llama-3.2-3B-Instruct,CT_0087_82K,CT_0087,82K,CLINICAL_TRIALS,ENTITY_UNIT_BINDING,False,0,1,81687,16.31781887985641
llama32_3b,Llama-3.2-3B-Instruct,CT_0046_8K,CT_0046,8K,CLINICAL_TRIALS,RETRIEVAL_CALCULATION,False,0,1,8318,13.022020969646356
llama32_3b,Llama-3.2-3B-Instruct,FDA_0087_16K,FDA_0087,16K,FDA,TEMPORAL_VERSION,True,1,0,16442,14.005098178239706
llama32_3b,Llama-3.2-3B-Instruct,SEC_0019_16K,SEC_0019,16K,SEC,TEMPORAL_VERSION,True,1,0,16483,14.008691224693802
llama32_3b,Llama-3.2-3B-Instruct,FRED_0106_4K,FRED_0106,4K,FRED,UNANSWERABLE,True,1,0,4268,12.059344460824425
llama32_3b,Llama-3.2-3B-Instruct,FDA_0084_82K,FDA_0084,82K,FDA,TEMPORAL_VERSION,True,1,0,81721,16.318419237636913
llama32_3b,Llama-3.2-3B-Instruct,FRED_0097_16K,FRED_0097,16K,FRED,ENTITY_UNIT_BINDING,False,0,1,16374,13.999119179995297
llama32_3b,Llama-3.2-3B-Instruct,SEC_0018_64K,SEC_0018,64K,SEC,TEMPORAL_VERSION,True,1,0,65302,15.994839557322626
llama32_3b,Llama-3.2-3B-Instruct,SEC_0078_32K,SEC_0078,32K,SEC,TEMPORAL_VERSION,False,0,1,32743,14.998898890941275
llama32_3b,Llama-3.2-3B-Instruct,CT_0083_32K,CT_0083,32K,CLINICAL_TRIALS,ENTITY_UNIT_BINDING,False,0,1,32725,14.998105571719966
llama32_3b,Llama-3.2-3B-Instruct,SEC_0101_8K,SEC_0101,8K,SEC,ENTITY_UNIT_BINDING,True,1,0,8341,13.026004642978943
llama32_3b,Llama-3.2-3B-Instruct,FRED_0073_8K,FRED_0073,8K,FRED,RETRIEVAL_CALCULATION,False,0,1,8352,13.027905996569885
llama32_3b,Llama-3.2-3B-Instruct,FRED_0082_4K,FRED_0082,4K,FRED,TEMPORAL_VERSION,True,1,0,4304,12.071462362556623
llama32_3b,Llama-3.2-3B-Instruct,FDA_0102_82K,FDA_0102,82K,FDA,ENTITY_UNIT_BINDING,True,1,0,81738,16.318719322866645
llama32_3b,Llama-3.2-3B-Instruct,SEC_0071_32K,SEC_0071,32K,SEC,RETRIEVAL_CALCULATION,False,0,1,32715,14.99766465024927
llama32_3b,Llama-3.2-3B-Instruct,FDA_0013_32K,FDA_0013,32K,FDA,RETRIEVAL_CALCULATION,True,1,0,32580,14.99169898341288
llama32_3b,Llama-3.2-3B-Instruct,FRED_0118_16K,FRED_0118,16K,FRED,UNANSWERABLE,False,0,1,16423,14.003430068771838
llama32_3b,Llama-3.2-3B-Instruct,SEC_0023_4K,SEC_0023,4K,SEC,UNANSWERABLE,True,1,0,4258,12.055960234452295
llama32_3b,Llama-3.2-3B-Instruct,SEC_0102_8K,SEC_0102,8K,SEC,ENTITY_UNIT_BINDING,True,1,0,8269,13.013497154291704
llama32_3b,Llama-3.2-3B-Instruct,FDA_0045_8K,FDA_0045,8K,FDA,DIRECT_RETRIEVAL,True,1,0,8328,13.023754353299417
llama32_3b,Llama-3.2-3B-Instruct,FRED_0118_4K,FRED_0118,4K,FRED,UNANSWERABLE,True,1,0,4262,12.057314877782703
llama32_3b,Llama-3.2-3B-Instruct,SEC_0091_4K,SEC_0091,4K,SEC,TEMPORAL_VERSION,False,0,1,4241,12.050188767596435
llama32_3b,Llama-3.2-3B-Instruct,CT_0099_82K,CT_0099,82K,CLINICAL_TRIALS,ENTITY_UNIT_BINDING,True,1,0,81679,16.317677582887196
llama32_3b,Llama-3.2-3B-Instruct,SEC_0022_82K,SEC_0022,82K,SEC,UNANSWERABLE,False,0,1,81755,16.319019345690663
llama32_3b,Llama-3.2-3B-Instruct,FRED_0110_16K,FRED_0110,16K,FRED,UNANSWERABLE,True,1,0,16412,14.002463438892535
llama32_3b,Llama-3.2-3B-Instruct,FDA_0054_8K,FDA_0054,8K,FDA,RETRIEVAL_CALCULATION,False,0,1,8320,13.022367813028454
llama32_3b,Llama-3.2-3B-Instruct,FRED_0078_32K,FRED_0078,32K,FRED,TEMPORAL_VERSION,True,1,0,32580,14.99169898341288
llama32_3b,Llama-3.2-3B-Instruct,FDA_0022_16K,FDA_0022,16K,FDA,UNANSWERABLE,False,0,1,16442,14.005098178239706
llama32_3b,Llama-3.2-3B-Instruct,FRED_0073_32K,FRED_0073,32K,FRED,RETRIEVAL_CALCULATION,False,0,1,32612,14.993115299679177
llama32_3b,Llama-3.2-3B-Instruct,CT_0105_4K,CT_0105,4K,CLINICAL_TRIALS,ENTITY_UNIT_BINDING,True,1,0,4351,12.087131301540529
llama32_3b,Llama-3.2-3B-Instruct,FDA_0104_4K,FDA_0104,4K,FDA,ENTITY_UNIT_BINDING,True,1,0,4280,12.06339508128851
llama32_3b,Llama-3.2-3B-Instruct,FRED_0081_16K,FRED_0081,16K,FRED,TEMPORAL_VERSION,False,0,1,16405,14.001847973405782
llama32_3b,Llama-3.2-3B-Instruct,FRED_0052_32K,FRED_0052,32K,FRED,RETRIEVAL_CALCULATION,False,0,1,32580,14.99169898341288
llama32_3b,Llama-3.2-3B-Instruct,SEC_0063_16K,SEC_0063,16K,SEC,RETRIEVAL_CALCULATION,False,0,1,16529,14.012711824162656
llama32_3b,Llama-3.2-3B-Instruct,CT_0004_82K,CT_0004,82K,CLINICAL_TRIALS,DIRECT_RETRIEVAL,True,1,0,81702,16.318083774380206
llama32_3b,Llama-3.2-3B-Instruct,FDA_0012_8K,FDA_0012,8K,FDA,RETRIEVAL_CALCULATION,False,0,1,8326,13.023407843140218
llama32_3b,Llama-3.2-3B-Instruct,CT_0083_8K,CT_0083,8K,CLINICAL_TRIALS,ENTITY_UNIT_BINDING,True,1,0,8308,13.020285500844647
llama32_3b,Llama-3.2-3B-Instruct,CT_0028_16K,CT_0028,16K,CLINICAL_TRIALS,DIRECT_RETRIEVAL,True,1,0,16504,14.010528105886484
llama32_3b,Llama-3.2-3B-Instruct,FDA_0002_64K,FDA_0002,64K,FDA,DIRECT_RETRIEVAL,True,1,0,65022,15.988640311857413
llama32_3b,Llama-3.2-3B-Instruct,CT_0032_32K,CT_0032,32K,CLINICAL_TRIALS,DIRECT_RETRIEVAL,True,1,0,32655,14.995016287796725
llama32_3b,Llama-3.2-3B-Instruct,CT_0060_16K,CT_0060,16K,CLINICAL_TRIALS,RETRIEVAL_CALCULATION,False,0,1,16495,14.009741157452293
llama32_3b,Llama-3.2-3B-Instruct,FDA_0089_8K,FDA_0089,8K,FDA,TEMPORAL_VERSION,True,1,0,8318,13.022020969646356
llama32_3b,Llama-3.2-3B-Instruct,SEC_0002_32K,SEC_0002,32K,SEC,DIRECT_RETRIEVAL,False,0,1,32720,14.997885127829111
llama32_3b,Llama-3.2-3B-Instruct,SEC_0117_64K,SEC_0117,64K,SEC,UNANSWERABLE,False,0,1,65312,15.995060467032719
llama32_3b,Llama-3.2-3B-Instruct,FRED_0105_16K,FRED_0105,16K,FRED,ENTITY_UNIT_BINDING,True,1,0,16415,14.002727129460343
llama32_3b,Llama-3.2-3B-Instruct,FRED_0033_82K,FRED_0033,82K,FRED,DIRECT_RETRIEVAL,False,0,1,81739,16.3187369729953
llama32_3b,Llama-3.2-3B-Instruct,SEC_0024_32K,SEC_0024,32K,SEC,UNANSWERABLE,True,1,0,32694,14.996738276297684
llama32_3b,Llama-3.2-3B-Instruct,SEC_0098_8K,SEC_0098,8K,SEC,ENTITY_UNIT_BINDING,False,0,1,8272,13.014020470314934
llama32_3b,Llama-3.2-3B-Instruct,FDA_0116_4K,FDA_0116,4K,FDA,UNANSWERABLE,False,0,1,4274,12.061371192659811
llama32_3b,Llama-3.2-3B-Instruct,FRED_0037_8K,FRED_0037,8K,FRED,DIRECT_RETRIEVAL,True,1,0,8341,13.026004642978943
llama32_3b,Llama-3.2-3B-Instruct,CT_0037_8K,CT_0037,8K,CLINICAL_TRIALS,DIRECT_RETRIEVAL,True,1,0,8357,13.028769420523412
llama32_3b,Llama-3.2-3B-Instruct,SEC_0001_4K,SEC_0001,4K,SEC,DIRECT_RETRIEVAL,True,1,0,4313,12.074476000734501
llama32_3b,Llama-3.2-3B-Instruct,FRED_0120_16K,FRED_0120,16K,FRED,UNANSWERABLE,False,0,1,16419,14.003078641928644
llama32_3b,Llama-3.2-3B-Instruct,FRED_0009_64K,FRED_0009,64K,FRED,ENTITY_UNIT_BINDING,False,0,1,64921,15.986397601923468
llama32_3b,Llama-3.2-3B-Instruct,CT_0035_82K,CT_0035,82K,CLINICAL_TRIALS,DIRECT_RETRIEVAL,True,1,0,81795,16.319725035727792
llama32_3b,Llama-3.2-3B-Instruct,FDA_0029_8K,FDA_0029,8K,FDA,DIRECT_RETRIEVAL,True,1,0,8315,13.02150054817463
llama32_3b,Llama-3.2-3B-Instruct,SEC_0099_8K,SEC_0099,8K,SEC,ENTITY_UNIT_BINDING,False,0,1,8373,13.031528909787223
llama32_3b,Llama-3.2-3B-Instruct,FDA_0039_64K,FDA_0039,64K,FDA,DIRECT_RETRIEVAL,True,1,0,65089,15.990126128987145
llama32_3b,Llama-3.2-3B-Instruct,FRED_0104_32K,FRED_0104,32K,FRED,ENTITY_UNIT_BINDING,True,1,0,32586,14.991964648645357
llama32_3b,Llama-3.2-3B-Instruct,FRED_0112_4K,FRED_0112,4K,FRED,UNANSWERABLE,True,1,0,4290,12.066761932386909
llama32_3b,Llama-3.2-3B-Instruct,SEC_0118_64K,SEC_0118,64K,SEC,UNANSWERABLE,False,0,1,65204,15.99267285018913
llama32_3b,Llama-3.2-3B-Instruct,SEC_0057_16K,SEC_0057,16K,SEC,RETRIEVAL_CALCULATION,False,0,1,16434,14.004396051426534
llama32_3b,Llama-3.2-3B-Instruct,FDA_0013_8K,FDA_0013,8K,FDA,RETRIEVAL_CALCULATION,False,0,1,8287,13.016634206836763
llama32_3b,Llama-3.2-3B-Instruct,SEC_0119_32K,SEC_0119,32K,SEC,UNANSWERABLE,True,1,0,32742,14.9988548290938
llama32_3b,Llama-3.2-3B-Instruct,FRED_0089_64K,FRED_0089,64K,FRED,TEMPORAL_VERSION,False,0,1,65020,15.988595935577719
llama32_3b,Llama-3.2-3B-Instruct,FDA_0002_16K,FDA_0002,16K,FDA,DIRECT_RETRIEVAL,True,1,0,16411,14.0023755313252
llama32_3b,Llama-3.2-3B-Instruct,CT_0012_64K,CT_0012,64K,CLINICAL_TRIALS,RETRIEVAL_CALCULATION,False,0,1,65157,15.991632559460157
llama32_3b,Llama-3.2-3B-Instruct,SEC_0039_82K,SEC_0039,82K,SEC,DIRECT_RETRIEVAL,True,1,0,81694,16.317942503353542
llama32_3b,Llama-3.2-3B-Instruct,FRED_0069_82K,FRED_0069,82K,FRED,RETRIEVAL_CALCULATION,False,0,1,81753,16.318984052126044
llama32_3b,Llama-3.2-3B-Instruct,SEC_0068_32K,SEC_0068,32K,SEC,RETRIEVAL_CALCULATION,False,0,1,32783,15.0006602622688
llama32_3b,Llama-3.2-3B-Instruct,FRED_0038_16K,FRED_0038,16K,FRED,DIRECT_RETRIEVAL,True,1,0,16387,14.000264141169616
llama32_3b,Llama-3.2-3B-Instruct,SEC_0041_32K,SEC_0041,32K,SEC,DIRECT_RETRIEVAL,True,1,0,32750,14.999207286199537
llama32_3b,Llama-3.2-3B-Instruct,CT_0076_64K,CT_0076,64K,CLINICAL_TRIALS,ENTITY_UNIT_BINDING,True,1,0,65179,15.992119597442004
llama32_3b,Llama-3.2-3B-Instruct,SEC_0086_8K,SEC_0086,8K,SEC,TEMPORAL_VERSION,False,0,1,8378,13.032390168866524
llama32_3b,Llama-3.2-3B-Instruct,SEC_0116_82K,SEC_0116,82K,SEC,UNANSWERABLE,False,0,1,81750,16.318931110160168
llama32_3b,Llama-3.2-3B-Instruct,FDA_0075_32K,FDA_0075,32K,FDA,RETRIEVAL_CALCULATION,False,0,1,32669,14.995634674021748
llama32_3b,Llama-3.2-3B-Instruct,FRED_0035_4K,FRED_0035,4K,FRED,DIRECT_RETRIEVAL,False,0,1,4280,12.06339508128851
llama32_3b,Llama-3.2-3B-Instruct,SEC_0097_64K,SEC_0097,64K,SEC,ENTITY_UNIT_BINDING,False,0,1,65223,15.993093180427053
llama32_3b,Llama-3.2-3B-Instruct,FDA_0033_16K,FDA_0033,16K,FDA,DIRECT_RETRIEVAL,False,0,1,16475,14.007990844782777
llama32_3b,Llama-3.2-3B-Instruct,CT_0078_64K,CT_0078,64K,CLINICAL_TRIALS,ENTITY_UNIT_BINDING,True,1,0,65165,15.99180968320506
llama32_3b,Llama-3.2-3B-Instruct,FDA_0093_32K,FDA_0093,32K,FDA,ENTITY_UNIT_BINDING,False,0,1,32607,14.9928940918956
llama32_3b,Llama-3.2-3B-Instruct,SEC_0027_16K,SEC_0027,16K,SEC,DIRECT_RETRIEVAL,False,0,1,16511,14.011139880257986
llama32_3b,Llama-3.2-3B-Instruct,CT_0040_82K,CT_0040,82K,CLINICAL_TRIALS,DIRECT_RETRIEVAL,True,1,0,81732,16.31861341755987
llama32_3b,Llama-3.2-3B-Instruct,FRED_0086_16K,FRED_0086,16K,FRED,TEMPORAL_VERSION,True,1,0,16382,13.999823879015725
llama32_3b,Llama-3.2-3B-Instruct,CT_0062_16K,CT_0062,16K,CLINICAL_TRIALS,RETRIEVAL_CALCULATION,False,0,1,16554,14.01489224207443
llama32_3b,Llama-3.2-3B-Instruct,FRED_0085_8K,FRED_0085,8K,FRED,TEMPORAL_VERSION,True,1,0,8321,13.022541203454827
llama32_3b,Llama-3.2-3B-Instruct,SEC_0098_82K,SEC_0098,82K,SEC,ENTITY_UNIT_BINDING,True,1,0,81744,16.3188252203997
llama32_3b,Llama-3.2-3B-Instruct,FRED_0019_32K,FRED_0019,32K,FRED,TEMPORAL_VERSION,True,1,0,32573,14.991388978798355
llama32_3b,Llama-3.2-3B-Instruct,SEC_0125_82K,SEC_0125,82K,SEC,UNANSWERABLE,False,0,1,81732,16.31861341755987
llama32_3b,Llama-3.2-3B-Instruct,FDA_0011_82K,FDA_0011,82K,FDA,RETRIEVAL_CALCULATION,True,1,0,81761,16.319125221204366
llama32_3b,Llama-3.2-3B-Instruct,FDA_0031_16K,FDA_0031,16K,FDA,DIRECT_RETRIEVAL,True,1,0,16392,14.000704269011246
llama32_3b,Llama-3.2-3B-Instruct,FDA_0113_64K,FDA_0113,64K,FDA,UNANSWERABLE,False,0,1,65025,15.988706873717716
llama32_3b,Llama-3.2-3B-Instruct,CT_0085_8K,CT_0085,8K,CLINICAL_TRIALS,ENTITY_UNIT_BINDING,True,1,0,8344,13.026523442519766
llama32_3b,Llama-3.2-3B-Instruct,CT_0089_82K,CT_0089,82K,CLINICAL_TRIALS,ENTITY_UNIT_BINDING,True,1,0,81768,16.319248732817503
llama32_3b,Llama-3.2-3B-Instruct,FRED_0038_4K,FRED_0038,4K,FRED,DIRECT_RETRIEVAL,False,0,1,4270,12.060020354507852
llama32_3b,Llama-3.2-3B-Instruct,FRED_0078_16K,FRED_0078,16K,FRED,TEMPORAL_VERSION,True,1,0,16431,14.004132665749694
llama32_3b,Llama-3.2-3B-Instruct,FRED_0105_82K,FRED_0105,82K,FRED,ENTITY_UNIT_BINDING,False,0,1,81726,16.318507504478234
llama32_3b,Llama-3.2-3B-Instruct,SEC_0010_4K,SEC_0010,4K,SEC,RETRIEVAL_CALCULATION,False,0,1,4254,12.054604317960672
llama32_3b,Llama-3.2-3B-Instruct,CT_0102_32K,CT_0102,32K,CLINICAL_TRIALS,ENTITY_UNIT_BINDING,True,1,0,32728,14.998237821888047
llama32_3b,Llama-3.2-3B-Instruct,FRED_0124_64K,FRED_0124,64K,FRED,UNANSWERABLE,False,0,1,64967,15.987419466524592
llama32_3b,Llama-3.2-3B-Instruct,FDA_0074_4K,FDA_0074,4K,FDA,RETRIEVAL_CALCULATION,False,0,1,4276,12.06204613772049
llama32_3b,Llama-3.2-3B-Instruct,SEC_0074_32K,SEC_0074,32K,SEC,RETRIEVAL_CALCULATION,False,0,1,32763,14.999779845410005
llama32_3b,Llama-3.2-3B-Instruct,FDA_0073_64K,FDA_0073,64K,FDA,RETRIEVAL_CALCULATION,False,0,1,65126,15.99094599947748
llama32_3b,Llama-3.2-3B-Instruct,CT_0070_64K,CT_0070,64K,CLINICAL_TRIALS,RETRIEVAL_CALCULATION,False,0,1,65192,15.992407315348498
llama32_3b,Llama-3.2-3B-Instruct,FRED_0117_82K,FRED_0117,82K,FRED,UNANSWERABLE,False,0,1,81794,16.319707397683167
llama32_3b,Llama-3.2-3B-Instruct,SEC_0002_82K,SEC_0002,82K,SEC,DIRECT_RETRIEVAL,True,1,0,81698,16.31801314059606
llama32_3b,Llama-3.2-3B-Instruct,FDA_0071_4K,FDA_0071,4K,FDA,RETRIEVAL_CALCULATION,False,0,1,4297,12.069114061773938
llama32_3b,Llama-3.2-3B-Instruct,SEC_0042_4K,SEC_0042,4K,SEC,DIRECT_RETRIEVAL,True,1,0,4206,12.03823313473178
llama32_3b,Llama-3.2-3B-Instruct,SEC_0089_8K,SEC_0089,8K,SEC,TEMPORAL_VERSION,False,0,1,8395,13.035314609824393
llama32_3b,Llama-3.2-3B-Instruct,FRED_0083_8K,FRED_0083,8K,FRED,TEMPORAL_VERSION,False,0,1,8366,13.030322282644034
llama32_3b,Llama-3.2-3B-Instruct,CT_0110_82K,CT_0110,82K,CLINICAL_TRIALS,UNANSWERABLE,False,0,1,81782,16.319495724326178
llama32_3b,Llama-3.2-3B-Instruct,FDA_0018_4K,FDA_0018,4K,FDA,TEMPORAL_VERSION,True,1,0,4225,12.044735626056909
llama32_3b,Llama-3.2-3B-Instruct,SEC_0020_32K,SEC_0020,32K,SEC,TEMPORAL_VERSION,True,1,0,32836,15.002990771840553
llama32_3b,Llama-3.2-3B-Instruct,CT_0023_32K,CT_0023,32K,CLINICAL_TRIALS,UNANSWERABLE,False,0,1,32703,14.997135366544942
llama32_3b,Llama-3.2-3B-Instruct,CT_0125_82K,CT_0125,82K,CLINICAL_TRIALS,UNANSWERABLE,False,0,1,81765,16.31919580056379
llama32_3b,Llama-3.2-3B-Instruct,SEC_0035_16K,SEC_0035,16K,SEC,DIRECT_RETRIEVAL,False,0,1,16495,14.009741157452293
llama32_3b,Llama-3.2-3B-Instruct,FDA_0012_16K,FDA_0012,16K,FDA,RETRIEVAL_CALCULATION,True,1,0,16403,14.001672077887289
llama32_3b,Llama-3.2-3B-Instruct,CT_0011_16K,CT_0011,16K,CLINICAL_TRIALS,RETRIEVAL_CALCULATION,False,0,1,16413,14.002551341103736
llama32_3b,Llama-3.2-3B-Instruct,FDA_0050_64K,FDA_0050,64K,FDA,RETRIEVAL_CALCULATION,False,0,1,65027,15.988751246585215
llama32_3b,Llama-3.2-3B-Instruct,FRED_0013_82K,FRED_0013,82K,FRED,RETRIEVAL_CALCULATION,False,0,1,81752,16.31896640501995
llama32_3b,Llama-3.2-3B-Instruct,FRED_0072_8K,FRED_0072,8K,FRED,RETRIEVAL_CALCULATION,False,0,1,8345,13.02669633424996
llama32_3b,Llama-3.2-3B-Instruct,FRED_0023_4K,FRED_0023,4K,FRED,UNANSWERABLE,True,1,0,4276,12.06204613772049
llama32_3b,Llama-3.2-3B-Instruct,FRED_0099_82K,FRED_0099,82K,FRED,ENTITY_UNIT_BINDING,True,1,0,81729,16.31856046199098
llama32_3b,Llama-3.2-3B-Instruct,FRED_0106_16K,FRED_0106,16K,FRED,UNANSWERABLE,False,0,1,16366,13.998414136589261
llama32_3b,Llama-3.2-3B-Instruct,CT_0086_64K,CT_0086,64K,CLINICAL_TRIALS,ENTITY_UNIT_BINDING,True,1,0,65167,15.991853960743686
llama32_3b,Llama-3.2-3B-Instruct,SEC_0066_16K,SEC_0066,16K,SEC,RETRIEVAL_CALCULATION,False,0,1,16537,14.013409916496311
llama32_3b,Llama-3.2-3B-Instruct,CT_0041_82K,CT_0041,82K,CLINICAL_TRIALS,DIRECT_RETRIEVAL,False,0,1,81711,16.318242687751617
llama32_3b,Llama-3.2-3B-Instruct,FRED_0079_82K,FRED_0079,82K,FRED,TEMPORAL_VERSION,False,0,1,81759,16.319089930229783
llama32_3b,Llama-3.2-3B-Instruct,FDA_0032_64K,FDA_0032,64K,FDA,DIRECT_RETRIEVAL,True,1,0,65084,15.990015299933379
llama32_3b,Llama-3.2-3B-Instruct,CT_0125_4K,CT_0125,4K,CLINICAL_TRIALS,UNANSWERABLE,False,0,1,4327,12.079151405421891
llama32_3b,Llama-3.2-3B-Instruct,FDA_0068_64K,FDA_0068,64K,FDA,RETRIEVAL_CALCULATION,False,0,1,65089,15.990126128987145
llama32_3b,Llama-3.2-3B-Instruct,FDA_0086_4K,FDA_0086,4K,FDA,TEMPORAL_VERSION,True,1,0,4257,12.055621374781708
llama32_3b,Llama-3.2-3B-Instruct,FDA_0001_16K,FDA_0001,16K,FDA,DIRECT_RETRIEVAL,True,1,0,16421,14.003254366050772
llama32_3b,Llama-3.2-3B-Instruct,SEC_0082_32K,SEC_0082,32K,SEC,TEMPORAL_VERSION,True,1,0,32675,14.995899615570158
llama32_3b,Llama-3.2-3B-Instruct,SEC_0015_64K,SEC_0015,64K,SEC,RETRIEVAL_CALCULATION,False,0,1,65327,15.995391768186408
llama32_3b,Llama-3.2-3B-Instruct,SEC_0064_16K,SEC_0064,16K,SEC,RETRIEVAL_CALCULATION,False,0,1,16481,14.008516161589487
llama32_3b,Llama-3.2-3B-Instruct,CT_0081_16K,CT_0081,16K,CLINICAL_TRIALS,ENTITY_UNIT_BINDING,True,1,0,16439,14.00483492072718
llama32_3b,Llama-3.2-3B-Instruct,CT_0016_16K,CT_0016,16K,CLINICAL_TRIALS,RETRIEVAL_CALCULATION,False,0,1,16418,14.002990771840553
llama32_3b,Llama-3.2-3B-Instruct,FRED_0063_8K,FRED_0063,8K,FRED,RETRIEVAL_CALCULATION,False,0,1,8317,13.021847516680607
llama32_3b,Llama-3.2-3B-Instruct,SEC_0013_8K,SEC_0013,8K,SEC,RETRIEVAL_CALCULATION,False,0,1,8395,13.035314609824393
llama32_3b,Llama-3.2-3B-Instruct,SEC_0050_16K,SEC_0050,16K,SEC,RETRIEVAL_CALCULATION,False,0,1,16448,14.005624549193879
llama32_3b,Llama-3.2-3B-Instruct,CT_0114_82K,CT_0114,82K,CLINICAL_TRIALS,UNANSWERABLE,False,0,1,81748,16.318895814436896
llama32_3b,Llama-3.2-3B-Instruct,FRED_0090_32K,FRED_0090,32K,FRED,ENTITY_UNIT_BINDING,True,1,0,32590,14.992141731625926
llama32_3b,Llama-3.2-3B-Instruct,SEC_0077_82K,SEC_0077,82K,SEC,RETRIEVAL_CALCULATION,False,0,1,81751,16.318948757697992
llama32_3b,Llama-3.2-3B-Instruct,SEC_0109_82K,SEC_0109,82K,SEC,UNANSWERABLE,False,0,1,81681,16.317712908426888
llama32_3b,Llama-3.2-3B-Instruct,FRED_0089_16K,FRED_0089,16K,FRED,TEMPORAL_VERSION,True,1,0,16460,14.006676715308988
llama32_3b,Llama-3.2-3B-Instruct,FDA_0057_16K,FDA_0057,16K,FDA,RETRIEVAL_CALCULATION,True,1,0,16434,14.004396051426534
llama32_3b,Llama-3.2-3B-Instruct,FRED_0101_64K,FRED_0101,64K,FRED,ENTITY_UNIT_BINDING,True,1,0,64967,15.987419466524592
llama32_3b,Llama-3.2-3B-Instruct,FDA_0123_4K,FDA_0123,4K,FDA,UNANSWERABLE,False,0,1,4229,12.046100845028802
llama32_3b,Llama-3.2-3B-Instruct,FDA_0053_32K,FDA_0053,32K,FDA,RETRIEVAL_CALCULATION,True,1,0,32584,14.991876099003415
llama32_3b,Llama-3.2-3B-Instruct,FDA_0089_64K,FDA_0089,64K,FDA,TEMPORAL_VERSION,False,0,1,65079,15.989904462364976
llama32_3b,Llama-3.2-3B-Instruct,SEC_0122_8K,SEC_0122,8K,SEC,UNANSWERABLE,True,1,0,8282,13.01576348736988
llama32_3b,Llama-3.2-3B-Instruct,FRED_0121_8K,FRED_0121,8K,FRED,UNANSWERABLE,True,1,0,8305,13.019764452849738
llama32_3b,Llama-3.2-3B-Instruct,CT_0034_4K,CT_0034,4K,CLINICAL_TRIALS,DIRECT_RETRIEVAL,True,1,0,4259,12.056299014550337
llama32_3b,Llama-3.2-3B-Instruct,SEC_0099_16K,SEC_0099,16K,SEC,ENTITY_UNIT_BINDING,True,1,0,16507,14.010790326669532
llama32_3b,Llama-3.2-3B-Instruct,FRED_0042_64K,FRED_0042,64K,FRED,DIRECT_RETRIEVAL,True,1,0,64980,15.987708123216846
llama32_3b,Llama-3.2-3B-Instruct,SEC_0035_8K,SEC_0035,8K,SEC,DIRECT_RETRIEVAL,False,0,1,8314,13.021327032624372
llama32_3b,Llama-3.2-3B-Instruct,SEC_0096_16K,SEC_0096,16K,SEC,ENTITY_UNIT_BINDING,False,0,1,16419,14.003078641928644
llama32_3b,Llama-3.2-3B-Instruct,FRED_0120_82K,FRED_0120,82K,FRED,UNANSWERABLE,False,0,1,81759,16.319089930229783
llama32_3b,Llama-3.2-3B-Instruct,CT_0028_82K,CT_0028,82K,CLINICAL_TRIALS,DIRECT_RETRIEVAL,True,1,0,81708,16.318189718572718
llama32_3b,Llama-3.2-3B-Instruct,SEC_0054_82K,SEC_0054,82K,SEC,RETRIEVAL_CALCULATION,False,0,1,81774,16.319354591499057
llama32_3b,Llama-3.2-3B-Instruct,CT_0056_16K,CT_0056,16K,CLINICAL_TRIALS,RETRIEVAL_CALCULATION,False,0,1,16452,14.005975356500382
llama32_3b,Llama-3.2-3B-Instruct,FRED_0032_64K,FRED_0032,64K,FRED,DIRECT_RETRIEVAL,True,1,0,64938,15.986775331858786
llama32_3b,Llama-3.2-3B-Instruct,FDA_0011_16K,FDA_0011,16K,FDA,RETRIEVAL_CALCULATION,True,1,0,16434,14.004396051426534
llama32_3b,Llama-3.2-3B-Instruct,SEC_0125_32K,SEC_0125,32K,SEC,UNANSWERABLE,False,0,1,32755,14.99942752817247
llama32_3b,Llama-3.2-3B-Instruct,CT_0013_16K,CT_0013,16K,CLINICAL_TRIALS,RETRIEVAL_CALCULATION,False,0,1,16514,14.011401989880063
llama32_3b,Llama-3.2-3B-Instruct,FDA_0090_8K,FDA_0090,8K,FDA,ENTITY_UNIT_BINDING,False,0,1,8343,13.026350530067843
llama32_3b,Llama-3.2-3B-Instruct,CT_0098_16K,CT_0098,16K,CLINICAL_TRIALS,ENTITY_UNIT_BINDING,True,1,0,16558,14.01524080333268
llama32_3b,Llama-3.2-3B-Instruct,FDA_0085_8K,FDA_0085,8K,FDA,TEMPORAL_VERSION,True,1,0,8259,13.011751395316717
llama32_3b,Llama-3.2-3B-Instruct,SEC_0019_64K,SEC_0019,64K,SEC,TEMPORAL_VERSION,True,1,0,65284,15.99444183458205
llama32_3b,Llama-3.2-3B-Instruct,CT_0113_4K,CT_0113,4K,CLINICAL_TRIALS,UNANSWERABLE,False,0,1,4282,12.06406908038551
llama32_3b,Llama-3.2-3B-Instruct,CT_0055_82K,CT_0055,82K,CLINICAL_TRIALS,RETRIEVAL_CALCULATION,False,0,1,81794,16.319707397683167
llama32_3b,Llama-3.2-3B-Instruct,CT_0114_64K,CT_0114,64K,CLINICAL_TRIALS,UNANSWERABLE,False,0,1,65157,15.991632559460157
llama32_3b,Llama-3.2-3B-Instruct,CT_0108_16K,CT_0108,16K,CLINICAL_TRIALS,UNANSWERABLE,False,0,1,16409,14.00219970011951
llama32_3b,Llama-3.2-3B-Instruct,FDA_0076_32K,FDA_0076,32K,FDA,RETRIEVAL_CALCULATION,False,0,1,32654,14.994972107207802
llama32_3b,Llama-3.2-3B-Instruct,FDA_0088_82K,FDA_0088,82K,FDA,TEMPORAL_VERSION,False,0,1,81771,16.31930166312921
llama32_3b,Llama-3.2-3B-Instruct,CT_0011_32K,CT_0011,32K,CLINICAL_TRIALS,RETRIEVAL_CALCULATION,False,0,1,32689,14.996517623368986
llama32_3b,Llama-3.2-3B-Instruct,CT_0048_32K,CT_0048,32K,CLINICAL_TRIALS,RETRIEVAL_CALCULATION,False,0,1,32611,14.993071060835794
llama32_3b,Llama-3.2-3B-Instruct,CT_0054_8K,CT_0054,8K,CLINICAL_TRIALS,RETRIEVAL_CALCULATION,False,0,1,8342,13.026177596889225
llama32_3b,Llama-3.2-3B-Instruct,FDA_0047_64K,FDA_0047,64K,FDA,RETRIEVAL_CALCULATION,True,1,0,65061,15.989505376597316
llama32_3b,Llama-3.2-3B-Instruct,FRED_0016_82K,FRED_0016,82K,FRED,RETRIEVAL_CALCULATION,False,0,1,81786,16.31956628556266
llama32_3b,Llama-3.2-3B-Instruct,SEC_0108_16K,SEC_0108,16K,SEC,UNANSWERABLE,False,0,1,16452,14.005975356500382
llama32_3b,Llama-3.2-3B-Instruct,SEC_0112_64K,SEC_0112,64K,SEC,UNANSWERABLE,False,0,1,65229,15.993225890853132
llama32_3b,Llama-3.2-3B-Instruct,SEC_0098_16K,SEC_0098,16K,SEC,ENTITY_UNIT_BINDING,False,0,1,16495,14.009741157452293
llama32_3b,Llama-3.2-3B-Instruct,CT_0039_64K,CT_0039,64K,CLINICAL_TRIALS,DIRECT_RETRIEVAL,True,1,0,65142,15.991300393814852
llama32_3b,Llama-3.2-3B-Instruct,FRED_0003_82K,FRED_0003,82K,FRED,DIRECT_RETRIEVAL,False,0,1,81777,16.31940751792718
llama32_3b,Llama-3.2-3B-Instruct,FDA_0066_82K,FDA_0066,82K,FDA,RETRIEVAL_CALCULATION,False,0,1,81693,16.317924843502503
llama32_3b,Llama-3.2-3B-Instruct,CT_0116_82K,CT_0116,82K,CLINICAL_TRIALS,UNANSWERABLE,False,0,1,81726,16.318507504478234
llama32_3b,Llama-3.2-3B-Instruct,SEC_0044_64K,SEC_0044,64K,SEC,DIRECT_RETRIEVAL,True,1,0,65230,15.993248008070664
llama32_3b,Llama-3.2-3B-Instruct,CT_0021_82K,CT_0021,82K,CLINICAL_TRIALS,UNANSWERABLE,False,0,1,81719,16.318383929388236
llama32_3b,Llama-3.2-3B-Instruct,SEC_0043_16K,SEC_0043,16K,SEC,DIRECT_RETRIEVAL,False,0,1,16482,14.008603695797012
llama32_3b,Llama-3.2-3B-Instruct,FDA_0112_8K,FDA_0112,8K,FDA,UNANSWERABLE,False,0,1,8333,13.024620264759832
llama32_3b,Llama-3.2-3B-Instruct,SEC_0077_4K,SEC_0077,4K,SEC,RETRIEVAL_CALCULATION,False,0,1,4243,12.050868963290736
llama32_3b,Llama-3.2-3B-Instruct,CT_0002_82K,CT_0002,82K,CLINICAL_TRIALS,DIRECT_RETRIEVAL,True,1,0,81735,16.318666371185046
llama32_3b,Llama-3.2-3B-Instruct,CT_0016_64K,CT_0016,64K,CLINICAL_TRIALS,RETRIEVAL_CALCULATION,False,0,1,65109,15.990569360082013
llama32_3b,Llama-3.2-3B-Instruct,SEC_0070_64K,SEC_0070,64K,SEC,RETRIEVAL_CALCULATION,False,0,1,65342,15.995722993277417
llama32_3b,Llama-3.2-3B-Instruct,FDA_0101_8K,FDA_0101,8K,FDA,ENTITY_UNIT_BINDING,False,0,1,8287,13.016634206836763
llama32_3b,Llama-3.2-3B-Instruct,CT_0077_32K,CT_0077,32K,CLINICAL_TRIALS,ENTITY_UNIT_BINDING,True,1,0,32692,14.996650019175894
llama32_3b,Llama-3.2-3B-Instruct,SEC_0029_82K,SEC_0029,82K,SEC,DIRECT_RETRIEVAL,False,0,1,81733,16.318631068984224
llama32_3b,Llama-3.2-3B-Instruct,FDA_0003_82K,FDA_0003,82K,FDA,DIRECT_RETRIEVAL,True,1,0,81722,16.31843689143721
llama32_3b,Llama-3.2-3B-Instruct,CT_0119_64K,CT_0119,64K,CLINICAL_TRIALS,UNANSWERABLE,False,0,1,65144,15.991344686986519
llama32_3b,Llama-3.2-3B-Instruct,FDA_0002_82K,FDA_0002,82K,FDA,DIRECT_RETRIEVAL,True,1,0,81720,16.318401583620588
llama32_3b,Llama-3.2-3B-Instruct,FRED_0044_32K,FRED_0044,32K,FRED,DIRECT_RETRIEVAL,False,0,1,32620,14.993469161599247
llama32_3b,Llama-3.2-3B-Instruct,CT_0012_16K,CT_0012,16K,CLINICAL_TRIALS,RETRIEVAL_CALCULATION,False,0,1,16450,14.005799963509967
llama32_3b,Llama-3.2-3B-Instruct,FRED_0030_16K,FRED_0030,16K,FRED,DIRECT_RETRIEVAL,True,1,0,16399,14.001320222500901
llama32_3b,Llama-3.2-3B-Instruct,FRED_0052_64K,FRED_0052,64K,FRED,RETRIEVAL_CALCULATION,False,0,1,64978,15.98766371825398
llama32_3b,Llama-3.2-3B-Instruct,FRED_0065_82K,FRED_0065,82K,FRED,RETRIEVAL_CALCULATION,False,0,1,81787,16.319583925332562
llama32_3b,Llama-3.2-3B-Instruct,FDA_0032_4K,FDA_0032,4K,FDA,DIRECT_RETRIEVAL,True,1,0,4284,12.064742764750257
llama32_3b,Llama-3.2-3B-Instruct,FRED_0053_82K,FRED_0053,82K,FRED,RETRIEVAL_CALCULATION,True,1,0,81772,16.319319306134915
llama32_3b,Llama-3.2-3B-Instruct,CT_0019_64K,CT_0019,64K,CLINICAL_TRIALS,ENTITY_UNIT_BINDING,False,0,1,65174,15.992008921428289
llama32_3b,Llama-3.2-3B-Instruct,FRED_0042_8K,FRED_0042,8K,FRED,DIRECT_RETRIEVAL,True,1,0,8336,13.025139562278508
llama32_3b,Llama-3.2-3B-Instruct,FDA_0014_4K,FDA_0014,4K,FDA,RETRIEVAL_CALCULATION,True,1,0,4288,12.066089190457772
llama32_3b,Llama-3.2-3B-Instruct,CT_0120_82K,CT_0120,82K,CLINICAL_TRIALS,UNANSWERABLE,False,0,1,81754,16.31900169901628
llama32_3b,Llama-3.2-3B-Instruct,FRED_0062_82K,FRED_0062,82K,FRED,RETRIEVAL_CALCULATION,False,0,1,81787,16.319583925332562
llama32_3b,Llama-3.2-3B-Instruct,SEC_0072_82K,SEC_0072,82K,SEC,RETRIEVAL_CALCULATION,False,0,1,81737,16.318701672522057
llama32_3b,Llama-3.2-3B-Instruct,FDA_0038_16K,FDA_0038,16K,FDA,DIRECT_RETRIEVAL,True,1,0,16456,14.006326078524934
llama32_3b,Llama-3.2-3B-Instruct,SEC_0122_64K,SEC_0122,64K,SEC,UNANSWERABLE,False,0,1,65243,15.993535501047656
llama32_3b,Llama-3.2-3B-Instruct,FDA_0096_16K,FDA_0096,16K,FDA,ENTITY_UNIT_BINDING,True,1,0,16428,14.003869231979056
llama32_3b,Llama-3.2-3B-Instruct,FRED_0088_82K,FRED_0088,82K,FRED,TEMPORAL_VERSION,False,0,1,81735,16.318666371185046
llama32_3b,Llama-3.2-3B-Instruct,FRED_0062_4K,FRED_0062,4K,FRED,RETRIEVAL_CALCULATION,False,0,1,4282,12.06406908038551
llama32_3b,Llama-3.2-3B-Instruct,CT_0039_8K,CT_0039,8K,CLINICAL_TRIALS,DIRECT_RETRIEVAL,True,1,0,8314,13.021327032624372
llama32_3b,Llama-3.2-3B-Instruct,FRED_0017_16K,FRED_0017,16K,FRED,TEMPORAL_VERSION,True,1,0,16382,13.999823879015725
llama32_3b,Llama-3.2-3B-Instruct,SEC_0078_8K,SEC_0078,8K,SEC,TEMPORAL_VERSION,False,0,1,8331,13.024273962540002
llama32_3b,Llama-3.2-3B-Instruct,FDA_0111_64K,FDA_0111,64K,FDA,UNANSWERABLE,False,0,1,65035,15.98892872440874
llama32_3b,Llama-3.2-3B-Instruct,FDA_0054_16K,FDA_0054,16K,FDA,RETRIEVAL_CALCULATION,False,0,1,16443,14.0051859200698
llama32_3b,Llama-3.2-3B-Instruct,SEC_0100_16K,SEC_0100,16K,SEC,ENTITY_UNIT_BINDING,False,0,1,16513,14.011314625297066
llama32_3b,Llama-3.2-3B-Instruct,FRED_0093_64K,FRED_0093,64K,FRED,ENTITY_UNIT_BINDING,False,0,1,64943,15.986886410079743
llama32_3b,Llama-3.2-3B-Instruct,CT_0067_64K,CT_0067,64K,CLINICAL_TRIALS,RETRIEVAL_CALCULATION,False,0,1,65157,15.991632559460157
llama32_3b,Llama-3.2-3B-Instruct,CT_0122_8K,CT_0122,8K,CLINICAL_TRIALS,UNANSWERABLE,False,0,1,8350,13.027560482248777
llama32_3b,Llama-3.2-3B-Instruct,FRED_0082_64K,FRED_0082,64K,FRED,TEMPORAL_VERSION,False,0,1,65041,15.989061818449938
llama32_3b,Llama-3.2-3B-Instruct,SEC_0064_64K,SEC_0064,64K,SEC,RETRIEVAL_CALCULATION,False,0,1,65349,15.995877538966038
llama32_3b,Llama-3.2-3B-Instruct,SEC_0041_16K,SEC_0041,16K,SEC,DIRECT_RETRIEVAL,True,1,0,16522,14.012100716151568
llama32_3b,Llama-3.2-3B-Instruct,CT_0082_16K,CT_0082,16K,CLINICAL_TRIALS,ENTITY_UNIT_BINDING,True,1,0,16388,14.0003521774803
llama32_3b,Llama-3.2-3B-Instruct,CT_0118_64K,CT_0118,64K,CLINICAL_TRIALS,UNANSWERABLE,False,0,1,65130,15.991034606223662
llama32_3b,Llama-3.2-3B-Instruct,SEC_0076_4K,SEC_0076,4K,SEC,RETRIEVAL_CALCULATION,False,0,1,4331,12.080484457067568
llama32_3b,Llama-3.2-3B-Instruct,SEC_0119_64K,SEC_0119,64K,SEC,UNANSWERABLE,False,0,1,65291,15.994596517565713
llama32_3b,Llama-3.2-3B-Instruct,FRED_0049_32K,FRED_0049,32K,FRED,RETRIEVAL_CALCULATION,False,0,1,32616,14.993292241488547
llama32_3b,Llama-3.2-3B-Instruct,FRED_0108_32K,FRED_0108,32K,FRED,UNANSWERABLE,False,0,1,32616,14.993292241488547
llama32_3b,Llama-3.2-3B-Instruct,FDA_0122_32K,FDA_0122,32K,FDA,UNANSWERABLE,False,0,1,32599,14.992540088877933
llama32_3b,Llama-3.2-3B-Instruct,FRED_0114_64K,FRED_0114,64K,FRED,UNANSWERABLE,False,0,1,65009,15.988351841637327
llama32_3b,Llama-3.2-3B-Instruct,FRED_0052_16K,FRED_0052,16K,FRED,RETRIEVAL_CALCULATION,False,0,1,16415,14.002727129460343
llama32_3b,Llama-3.2-3B-Instruct,CT_0064_8K,CT_0064,8K,CLINICAL_TRIALS,RETRIEVAL_CALCULATION,False,0,1,8392,13.034798962577268
llama32_3b,Llama-3.2-3B-Instruct,FRED_0122_8K,FRED_0122,8K,FRED,UNANSWERABLE,True,1,0,8324,13.023061249735335
llama32_3b,Llama-3.2-3B-Instruct,CT_0090_4K,CT_0090,4K,CLINICAL_TRIALS,ENTITY_UNIT_BINDING,True,1,0,4276,12.06204613772049
llama32_3b,Llama-3.2-3B-Instruct,SEC_0116_4K,SEC_0116,4K,SEC,UNANSWERABLE,True,1,0,4308,12.072802534544207
llama32_3b,Llama-3.2-3B-Instruct,CT_0040_64K,CT_0040,64K,CLINICAL_TRIALS,DIRECT_RETRIEVAL,True,1,0,65154,15.991566132449032
llama32_3b,Llama-3.2-3B-Instruct,FDA_0044_8K,FDA_0044,8K,FDA,DIRECT_RETRIEVAL,True,1,0,8337,13.025312619921719
llama32_3b,Llama-3.2-3B-Instruct,SEC_0023_64K,SEC_0023,64K,SEC,UNANSWERABLE,False,0,1,65318,15.995192996623953
llama32_3b,Llama-3.2-3B-Instruct,CT_0105_82K,CT_0105,82K,CLINICAL_TRIALS,ENTITY_UNIT_BINDING,True,1,0,81744,16.3188252203997
llama32_3b,Llama-3.2-3B-Instruct,SEC_0023_16K,SEC_0023,16K,SEC,UNANSWERABLE,True,1,0,16500,14.010178404020541
llama32_3b,Llama-3.2-3B-Instruct,CT_0027_4K,CT_0027,4K,CLINICAL_TRIALS,DIRECT_RETRIEVAL,True,1,0,4303,12.07112712494831
llama32_3b,Llama-3.2-3B-Instruct,FRED_0026_32K,FRED_0026,32K,FRED,DIRECT_RETRIEVAL,True,1,0,32637,14.994220830117564
llama32_3b,Llama-3.2-3B-Instruct,SEC_0048_8K,SEC_0048,8K,SEC,RETRIEVAL_CALCULATION,False,0,1,8343,13.026350530067843
llama32_3b,Llama-3.2-3B-Instruct,FRED_0101_8K,FRED_0101,8K,FRED,ENTITY_UNIT_BINDING,True,1,0,8343,13.026350530067843
llama32_3b,Llama-3.2-3B-Instruct,FRED_0027_82K,FRED_0027,82K,FRED,DIRECT_RETRIEVAL,False,0,1,81782,16.319495724326178
llama32_3b,Llama-3.2-3B-Instruct,FDA_0025_64K,FDA_0025,64K,FDA,UNANSWERABLE,False,0,1,65007,15.988307456483469
llama32_3b,Llama-3.2-3B-Instruct,CT_0009_64K,CT_0009,64K,CLINICAL_TRIALS,ENTITY_UNIT_BINDING,False,0,1,65205,15.992694975886604
llama32_3b,Llama-3.2-3B-Instruct,FRED_0050_32K,FRED_0050,32K,FRED,RETRIEVAL_CALCULATION,True,1,0,32619,14.993424933605532
llama32_3b,Llama-3.2-3B-Instruct,FDA_0091_16K,FDA_0091,16K,FDA,ENTITY_UNIT_BINDING,True,1,0,16445,14.005361387722765
llama32_3b,Llama-3.2-3B-Instruct,FRED_0029_16K,FRED_0029,16K,FRED,DIRECT_RETRIEVAL,False,0,1,16382,13.999823879015725
llama32_3b,Llama-3.2-3B-Instruct,CT_0073_64K,CT_0073,64K,CLINICAL_TRIALS,RETRIEVAL_CALCULATION,False,0,1,65135,15.991145357004118
llama32_3b,Llama-3.2-3B-Instruct,CT_0019_82K,CT_0019,82K,CLINICAL_TRIALS,ENTITY_UNIT_BINDING,False,0,1,81781,16.319478083477808
llama32_3b,Llama-3.2-3B-Instruct,FDA_0025_82K,FDA_0025,82K,FDA,UNANSWERABLE,False,0,1,81730,16.318578114063257
llama32_3b,Llama-3.2-3B-Instruct,FDA_0062_82K,FDA_0062,82K,FDA,RETRIEVAL_CALCULATION,False,0,1,81752,16.31896640501995
llama32_3b,Llama-3.2-3B-Instruct,SEC_0061_8K,SEC_0061,8K,SEC,RETRIEVAL_CALCULATION,False,0,1,8345,13.02669633424996
llama32_3b,Llama-3.2-3B-Instruct,FDA_0004_32K,FDA_0004,32K,FDA,DIRECT_RETRIEVAL,False,0,1,32602,14.99267285018913
llama32_3b,Llama-3.2-3B-Instruct,FRED_0021_16K,FRED_0021,16K,FRED,UNANSWERABLE,False,0,1,16387,14.000264141169616
llama32_3b,Llama-3.2-3B-Instruct,FDA_0053_4K,FDA_0053,4K,FDA,RETRIEVAL_CALCULATION,False,0,1,4269,12.059682447247638
llama32_3b,Llama-3.2-3B-Instruct,CT_0071_4K,CT_0071,4K,CLINICAL_TRIALS,RETRIEVAL_CALCULATION,False,0,1,4301,12.07045641594465
llama32_3b,Llama-3.2-3B-Instruct,FDA_0057_8K,FDA_0057,8K,FDA,RETRIEVAL_CALCULATION,False,0,1,8287,13.016634206836763
llama32_3b,Llama-3.2-3B-Instruct,SEC_0070_4K,SEC_0070,4K,SEC,RETRIEVAL_CALCULATION,False,0,1,4331,12.080484457067568
llama32_3b,Llama-3.2-3B-Instruct,FDA_0100_16K,FDA_0100,16K,FDA,ENTITY_UNIT_BINDING,True,1,0,16381,13.999735810460262
llama32_3b,Llama-3.2-3B-Instruct,FRED_0103_4K,FRED_0103,4K,FRED,ENTITY_UNIT_BINDING,False,0,1,4232,12.047123912114026
llama32_3b,Llama-3.2-3B-Instruct,SEC_0121_4K,SEC_0121,4K,SEC,UNANSWERABLE,True,1,0,4234,12.047805554007589
llama32_3b,Llama-3.2-3B-Instruct,SEC_0015_82K,SEC_0015,82K,SEC,RETRIEVAL_CALCULATION,False,0,1,81755,16.319019345690663
llama32_3b,Llama-3.2-3B-Instruct,FRED_0041_32K,FRED_0041,32K,FRED,DIRECT_RETRIEVAL,True,1,0,32656,14.995060467032719
llama32_3b,Llama-3.2-3B-Instruct,SEC_0090_8K,SEC_0090,8K,SEC,TEMPORAL_VERSION,False,0,1,8407,13.037375357763239
llama32_3b,Llama-3.2-3B-Instruct,FRED_0040_32K,FRED_0040,32K,FRED,DIRECT_RETRIEVAL,False,0,1,32578,14.991610417462953
llama32_3b,Llama-3.2-3B-Instruct,SEC_0073_64K,SEC_0073,64K,SEC,RETRIEVAL_CALCULATION,False,0,1,65303,15.994861649815883
llama32_3b,Llama-3.2-3B-Instruct,CT_0064_82K,CT_0064,82K,CLINICAL_TRIALS,RETRIEVAL_CALCULATION,False,0,1,81740,16.31875462290802
llama32_3b,Llama-3.2-3B-Instruct,CT_0107_82K,CT_0107,82K,CLINICAL_TRIALS,UNANSWERABLE,False,0,1,81739,16.3187369729953
llama32_3b,Llama-3.2-3B-Instruct,SEC_0027_64K,SEC_0027,64K,SEC,DIRECT_RETRIEVAL,True,1,0,65223,15.993093180427053
llama32_3b,Llama-3.2-3B-Instruct,CT_0045_8K,CT_0045,8K,CLINICAL_TRIALS,DIRECT_RETRIEVAL,True,1,0,8342,13.026177596889225
llama32_3b,Llama-3.2-3B-Instruct,SEC_0049_16K,SEC_0049,16K,SEC,RETRIEVAL_CALCULATION,False,0,1,16431,14.004132665749694
llama32_3b,Llama-3.2-3B-Instruct,FDA_0036_16K,FDA_0036,16K,FDA,DIRECT_RETRIEVAL,True,1,0,16419,14.003078641928644
llama32_3b,Llama-3.2-3B-Instruct,FRED_0085_4K,FRED_0085,4K,FRED,TEMPORAL_VERSION,True,1,0,4294,12.068106475858773
llama32_3b,Llama-3.2-3B-Instruct,FDA_0116_32K,FDA_0116,32K,FDA,UNANSWERABLE,False,0,1,32629,14.993867152540114
llama32_3b,Llama-3.2-3B-Instruct,FDA_0122_4K,FDA_0122,4K,FDA,UNANSWERABLE,False,0,1,4227,12.045418397030792
llama32_3b,Llama-3.2-3B-Instruct,CT_0106_16K,CT_0106,16K,CLINICAL_TRIALS,UNANSWERABLE,False,0,1,16485,14.00886626655775
llama32_3b,Llama-3.2-3B-Instruct,CT_0094_16K,CT_0094,16K,CLINICAL_TRIALS,ENTITY_UNIT_BINDING,True,1,0,16498,14.010003521295205
llama32_3b,Llama-3.2-3B-Instruct,SEC_0060_32K,SEC_0060,32K,SEC,RETRIEVAL_CALCULATION,False,0,1,32799,15.001364209117392
llama32_3b,Llama-3.2-3B-Instruct,FRED_0021_8K,FRED_0021,8K,FRED,UNANSWERABLE,True,1,0,8332,13.024447124040647
llama32_3b,Llama-3.2-3B-Instruct,CT_0079_4K,CT_0079,4K,CLINICAL_TRIALS,ENTITY_UNIT_BINDING,True,1,0,4269,12.059682447247638
llama32_3b,Llama-3.2-3B-Instruct,FRED_0008_16K,FRED_0008,16K,FRED,ENTITY_UNIT_BINDING,True,1,0,16406,14.001935913123642
llama32_3b,Llama-3.2-3B-Instruct,FRED_0095_64K,FRED_0095,64K,FRED,ENTITY_UNIT_BINDING,True,1,0,64962,15.987308429339546
llama32_3b,Llama-3.2-3B-Instruct,CT_0087_32K,CT_0087,32K,CLINICAL_TRIALS,ENTITY_UNIT_BINDING,True,1,0,32678,14.99603206810105
llama32_3b,Llama-3.2-3B-Instruct,CT_0078_4K,CT_0078,4K,CLINICAL_TRIALS,ENTITY_UNIT_BINDING,True,1,0,4287,12.065752701816972
llama32_3b,Llama-3.2-3B-Instruct,SEC_0113_82K,SEC_0113,82K,SEC,UNANSWERABLE,False,0,1,81764,16.319178156047638
llama32_3b,Llama-3.2-3B-Instruct,CT_0051_4K,CT_0051,4K,CLINICAL_TRIALS,RETRIEVAL_CALCULATION,True,1,0,4280,12.06339508128851
llama32_3b,Llama-3.2-3B-Instruct,FDA_0084_32K,FDA_0084,32K,FDA,TEMPORAL_VERSION,True,1,0,32589,14.99209746291849
llama32_3b,Llama-3.2-3B-Instruct,FDA_0103_16K,FDA_0103,16K,FDA,ENTITY_UNIT_BINDING,True,1,0,16426,14.003693582737847
llama32_3b,Llama-3.2-3B-Instruct,FDA_0073_8K,FDA_0073,8K,FDA,RETRIEVAL_CALCULATION,False,0,1,8315,13.02150054817463
llama32_3b,Llama-3.2-3B-Instruct,SEC_0087_4K,SEC_0087,4K,SEC,TEMPORAL_VERSION,True,1,0,4330,12.080151309614088
llama32_3b,Llama-3.2-3B-Instruct,FRED_0119_16K,FRED_0119,16K,FRED,UNANSWERABLE,True,1,0,16419,14.003078641928644
llama32_3b,Llama-3.2-3B-Instruct,CT_0110_64K,CT_0110,64K,CLINICAL_TRIALS,UNANSWERABLE,False,0,1,65156,15.991610417462953
llama32_3b,Llama-3.2-3B-Instruct,FDA_0044_82K,FDA_0044,82K,FDA,DIRECT_RETRIEVAL,True,1,0,81724,16.318472198389742
llama32_3b,Llama-3.2-3B-Instruct,SEC_0034_64K,SEC_0034,64K,SEC,DIRECT_RETRIEVAL,True,1,0,65259,15.993889259929052
llama32_3b,Llama-3.2-3B-Instruct,FDA_0021_16K,FDA_0021,16K,FDA,UNANSWERABLE,False,0,1,16428,14.003869231979056
llama32_3b,Llama-3.2-3B-Instruct,SEC_0050_82K,SEC_0050,82K,SEC,RETRIEVAL_CALCULATION,False,0,1,81657,16.317288944851594
llama32_3b,Llama-3.2-3B-Instruct,SEC_0104_4K,SEC_0104,4K,SEC,ENTITY_UNIT_BINDING,True,1,0,4305,12.071797522284207
llama32_3b,Llama-3.2-3B-Instruct,FRED_0026_64K,FRED_0026,64K,FRED,DIRECT_RETRIEVAL,True,1,0,65045,15.989150540989879
llama32_3b,Llama-3.2-3B-Instruct,FRED_0112_64K,FRED_0112,64K,FRED,UNANSWERABLE,False,0,1,64951,15.98706411744639
llama32_3b,Llama-3.2-3B-Instruct,CT_0036_8K,CT_0036,8K,CLINICAL_TRIALS,DIRECT_RETRIEVAL,True,1,0,8376,13.032045726930809
llama32_3b,Llama-3.2-3B-Instruct,SEC_0084_64K,SEC_0084,64K,SEC,TEMPORAL_VERSION,True,1,0,65292,15.994618613781007
llama32_3b,Llama-3.2-3B-Instruct,FDA_0055_82K,FDA_0055,82K,FDA,RETRIEVAL_CALCULATION,True,1,0,81717,16.318348620275408
llama32_3b,Llama-3.2-3B-Instruct,CT_0092_16K,CT_0092,16K,CLINICAL_TRIALS,ENTITY_UNIT_BINDING,True,1,0,16501,14.010265837434154
llama32_3b,Llama-3.2-3B-Instruct,CT_0028_4K,CT_0028,4K,CLINICAL_TRIALS,DIRECT_RETRIEVAL,True,1,0,4265,12.058330026205653
llama32_3b,Llama-3.2-3B-Instruct,CT_0087_8K,CT_0087,8K,CLINICAL_TRIALS,ENTITY_UNIT_BINDING,True,1,0,8368,13.030667136246942
llama32_3b,Llama-3.2-3B-Instruct,SEC_0026_4K,SEC_0026,4K,SEC,DIRECT_RETRIEVAL,False,0,1,4257,12.055621374781708
llama32_3b,Llama-3.2-3B-Instruct,FDA_0081_4K,FDA_0081,4K,FDA,TEMPORAL_VERSION,True,1,0,4279,12.06305796362349
llama32_3b,Llama-3.2-3B-Instruct,FDA_0070_16K,FDA_0070,16K,FDA,RETRIEVAL_CALCULATION,False,0,1,16474,14.007903273382047
llama32_3b,Llama-3.2-3B-Instruct,SEC_0107_16K,SEC_0107,16K,SEC,UNANSWERABLE,True,1,0,16520,14.011926066306808
llama32_3b,Llama-3.2-3B-Instruct,CT_0022_32K,CT_0022,32K,CLINICAL_TRIALS,UNANSWERABLE,False,0,1,32648,14.9947069952581
llama32_3b,Llama-3.2-3B-Instruct,CT_0096_82K,CT_0096,82K,CLINICAL_TRIALS,ENTITY_UNIT_BINDING,True,1,0,81702,16.318083774380206
llama32_3b,Llama-3.2-3B-Instruct,CT_0081_64K,CT_0081,64K,CLINICAL_TRIALS,ENTITY_UNIT_BINDING,False,0,1,65170,15.99192037450376
llama32_3b,Llama-3.2-3B-Instruct,CT_0068_4K,CT_0068,4K,CLINICAL_TRIALS,RETRIEVAL_CALCULATION,False,0,1,4279,12.06305796362349
llama32_3b,Llama-3.2-3B-Instruct,FDA_0047_32K,FDA_0047,32K,FDA,RETRIEVAL_CALCULATION,False,0,1,32581,14.991743264349054
llama32_3b,Llama-3.2-3B-Instruct,CT_0076_82K,CT_0076,82K,CLINICAL_TRIALS,ENTITY_UNIT_BINDING,True,1,0,81712,16.318260343712417
llama32_3b,Llama-3.2-3B-Instruct,FRED_0037_32K,FRED_0037,32K,FRED,DIRECT_RETRIEVAL,False,0,1,32646,14.994618613781007
llama32_3b,Llama-3.2-3B-Instruct,FRED_0055_8K,FRED_0055,8K,FRED,RETRIEVAL_CALCULATION,False,0,1,8373,13.031528909787223
llama32_3b,Llama-3.2-3B-Instruct,SEC_0067_64K,SEC_0067,64K,SEC,RETRIEVAL_CALCULATION,False,0,1,65310,15.995016287796725
llama32_3b,Llama-3.2-3B-Instruct,FRED_0042_32K,FRED_0042,32K,FRED,DIRECT_RETRIEVAL,True,1,0,32605,14.992805599284342
llama32_3b,Llama-3.2-3B-Instruct,FRED_0064_64K,FRED_0064,64K,FRED,RETRIEVAL_CALCULATION,False,0,1,64960,15.987264012072538
llama32_3b,Llama-3.2-3B-Instruct,FRED_0043_32K,FRED_0043,32K,FRED,DIRECT_RETRIEVAL,True,1,0,32622,14.993557613519258
llama32_3b,Llama-3.2-3B-Instruct,CT_0122_82K,CT_0122,82K,CLINICAL_TRIALS,UNANSWERABLE,False,0,1,81698,16.31801314059606
llama32_3b,Llama-3.2-3B-Instruct,FRED_0121_64K,FRED_0121,64K,FRED,UNANSWERABLE,False,0,1,65016,15.98850717892317
llama32_3b,Llama-3.2-3B-Instruct,FDA_0060_4K,FDA_0060,4K,FDA,RETRIEVAL_CALCULATION,False,0,1,4214,12.040974598817305
llama32_3b,Llama-3.2-3B-Instruct,CT_0062_64K,CT_0062,64K,CLINICAL_TRIALS,RETRIEVAL_CALCULATION,False,0,1,65278,15.994309235966044
llama32_3b,Llama-3.2-3B-Instruct,FRED_0074_64K,FRED_0074,64K,FRED,TEMPORAL_VERSION,False,0,1,65045,15.989150540989879
llama32_3b,Llama-3.2-3B-Instruct,SEC_0029_32K,SEC_0029,32K,SEC,DIRECT_RETRIEVAL,True,1,0,32723,14.998017398205644
llama32_3b,Llama-3.2-3B-Instruct,SEC_0011_16K,SEC_0011,16K,SEC,RETRIEVAL_CALCULATION,False,0,1,16470,14.007552934613717
llama32_3b,Llama-3.2-3B-Instruct,FDA_0070_82K,FDA_0070,82K,FDA,RETRIEVAL_CALCULATION,False,0,1,81796,16.319742673556778
llama32_3b,Llama-3.2-3B-Instruct,SEC_0036_82K,SEC_0036,82K,SEC,DIRECT_RETRIEVAL,True,1,0,81705,16.318136747448964
llama32_3b,Llama-3.2-3B-Instruct,SEC_0002_4K,SEC_0002,4K,SEC,DIRECT_RETRIEVAL,True,1,0,4292,12.067434360756522
llama32_3b,Llama-3.2-3B-Instruct,CT_0068_8K,CT_0068,8K,CLINICAL_TRIALS,RETRIEVAL_CALCULATION,False,0,1,8381,13.032906677628251
llama32_3b,Llama-3.2-3B-Instruct,SEC_0044_4K,SEC_0044,4K,SEC,DIRECT_RETRIEVAL,False,0,1,4213,12.040632200562253
llama32_3b,Llama-3.2-3B-Instruct,CT_0020_8K,CT_0020,8K,CLINICAL_TRIALS,ENTITY_UNIT_BINDING,True,1,0,8353,13.028078722704887
llama32_3b,Llama-3.2-3B-Instruct,CT_0058_4K,CT_0058,4K,CLINICAL_TRIALS,RETRIEVAL_CALCULATION,False,0,1,4240,12.049848549450562
llama32_3b,Llama-3.2-3B-Instruct,FRED_0089_32K,FRED_0089,32K,FRED,TEMPORAL_VERSION,False,0,1,32632,14.993999791792524
llama32_3b,Llama-3.2-3B-Instruct,SEC_0043_32K,SEC_0043,32K,SEC,DIRECT_RETRIEVAL,True,1,0,32799,15.001364209117392
llama32_3b,Llama-3.2-3B-Instruct,FDA_0018_8K,FDA_0018,8K,FDA,TEMPORAL_VERSION,True,1,0,8308,13.020285500844647
llama32_3b,Llama-3.2-3B-Instruct,FDA_0121_8K,FDA_0121,8K,FDA,UNANSWERABLE,False,0,1,8276,13.014717929860009
llama32_3b,Llama-3.2-3B-Instruct,CT_0109_4K,CT_0109,4K,CLINICAL_TRIALS,UNANSWERABLE,False,0,1,4238,12.04916787237217
llama32_3b,Llama-3.2-3B-Instruct,CT_0044_82K,CT_0044,82K,CLINICAL_TRIALS,DIRECT_RETRIEVAL,True,1,0,81760,16.319107575824983
llama32_3b,Llama-3.2-3B-Instruct,SEC_0108_64K,SEC_0108,64K,SEC,UNANSWERABLE,False,0,1,65309,15.994994197671385
llama32_3b,Llama-3.2-3B-Instruct,CT_0007_64K,CT_0007,64K,CLINICAL_TRIALS,ENTITY_UNIT_BINDING,True,1,0,65227,15.993181655400843
llama32_3b,Llama-3.2-3B-Instruct,SEC_0018_82K,SEC_0018,82K,SEC,TEMPORAL_VERSION,True,1,0,81718,16.318366274939844
llama32_3b,Llama-3.2-3B-Instruct,FRED_0048_16K,FRED_0048,16K,FRED,RETRIEVAL_CALCULATION,False,0,1,16481,14.008516161589487
llama32_3b,Llama-3.2-3B-Instruct,FDA_0119_8K,FDA_0119,8K,FDA,UNANSWERABLE,False,0,1,8334,13.024793384702548
llama32_3b,Llama-3.2-3B-Instruct,CT_0015_64K,CT_0015,64K,CLINICAL_TRIALS,RETRIEVAL_CALCULATION,False,0,1,65150,15.99147755834286
llama32_3b,Llama-3.2-3B-Instruct,FDA_0106_16K,FDA_0106,16K,FDA,UNANSWERABLE,False,0,1,16414,14.002639237959455
llama32_3b,Llama-3.2-3B-Instruct,FRED_0057_16K,FRED_0057,16K,FRED,RETRIEVAL_CALCULATION,True,1,0,16484,14.0087787482805
llama32_3b,Llama-3.2-3B-Instruct,SEC_0112_16K,SEC_0112,16K,SEC,UNANSWERABLE,True,1,0,16501,14.010265837434154
llama32_3b,Llama-3.2-3B-Instruct,CT_0099_4K,CT_0099,4K,CLINICAL_TRIALS,ENTITY_UNIT_BINDING,True,1,0,4325,12.078484417411449
llama32_3b,Llama-3.2-3B-Instruct,CT_0076_8K,CT_0076,8K,CLINICAL_TRIALS,ENTITY_UNIT_BINDING,True,1,0,8336,13.025139562278508
llama32_3b,Llama-3.2-3B-Instruct,CT_0017_82K,CT_0017,82K,CLINICAL_TRIALS,ENTITY_UNIT_BINDING,True,1,0,81753,16.318984052126044
llama32_3b,Llama-3.2-3B-Instruct,CT_0052_32K,CT_0052,32K,CLINICAL_TRIALS,RETRIEVAL_CALCULATION,False,0,1,32635,14.994132418851395
llama32_3b,Llama-3.2-3B-Instruct,CT_0101_4K,CT_0101,4K,CLINICAL_TRIALS,ENTITY_UNIT_BINDING,True,1,0,4340,12.083479327331842
llama32_3b,Llama-3.2-3B-Instruct,FRED_0028_64K,FRED_0028,64K,FRED,DIRECT_RETRIEVAL,False,0,1,64994,15.988018919693841
llama32_3b,Llama-3.2-3B-Instruct,CT_0029_32K,CT_0029,32K,CLINICAL_TRIALS,DIRECT_RETRIEVAL,True,1,0,32651,14.994839557322626
llama32_3b,Llama-3.2-3B-Instruct,SEC_0081_32K,SEC_0081,32K,SEC,TEMPORAL_VERSION,True,1,0,32749,14.999163233770004
llama32_3b,Llama-3.2-3B-Instruct,FRED_0020_4K,FRED_0020,4K,FRED,TEMPORAL_VERSION,False,0,1,4297,12.069114061773938
llama32_3b,Llama-3.2-3B-Instruct,SEC_0105_8K,SEC_0105,8K,SEC,ENTITY_UNIT_BINDING,False,0,1,8371,13.031184262140842
llama32_3b,Llama-3.2-3B-Instruct,CT_0011_4K,CT_0011,4K,CLINICAL_TRIALS,RETRIEVAL_CALCULATION,False,0,1,4247,12.052228393347402
llama32_3b,Llama-3.2-3B-Instruct,SEC_0038_16K,SEC_0038,16K,SEC,DIRECT_RETRIEVAL,False,0,1,16518,14.011751395316717
llama32_3b,Llama-3.2-3B-Instruct,FRED_0035_8K,FRED_0035,8K,FRED,DIRECT_RETRIEVAL,False,0,1,8328,13.023754353299417
llama32_3b,Llama-3.2-3B-Instruct,CT_0069_64K,CT_0069,64K,CLINICAL_TRIALS,RETRIEVAL_CALCULATION,False,0,1,65190,15.992363054789802
llama32_3b,Llama-3.2-3B-Instruct,SEC_0032_16K,SEC_0032,16K,SEC,DIRECT_RETRIEVAL,False,0,1,16512,14.011227255423254
llama32_3b,Llama-3.2-3B-Instruct,FRED_0034_4K,FRED_0034,4K,FRED,DIRECT_RETRIEVAL,True,1,0,4267,12.059006395201111
llama32_3b,Llama-3.2-3B-Instruct,FDA_0040_16K,FDA_0040,16K,FDA,DIRECT_RETRIEVAL,True,1,0,16448,14.005624549193879
llama32_3b,Llama-3.2-3B-Instruct,FRED_0031_82K,FRED_0031,82K,FRED,DIRECT_RETRIEVAL,False,0,1,81741,16.318772272604818
llama32_3b,Llama-3.2-3B-Instruct,FDA_0063_16K,FDA_0063,16K,FDA,RETRIEVAL_CALCULATION,False,0,1,16390,14.000528233986822
llama32_3b,Llama-3.2-3B-Instruct,SEC_0071_16K,SEC_0071,16K,SEC,RETRIEVAL_CALCULATION,False,0,1,16456,14.006326078524934
llama32_3b,Llama-3.2-3B-Instruct,FDA_0062_16K,FDA_0062,16K,FDA,RETRIEVAL_CALCULATION,False,0,1,16442,14.005098178239706
llama32_3b,Llama-3.2-3B-Instruct,CT_0119_8K,CT_0119,8K,CLINICAL_TRIALS,UNANSWERABLE,False,0,1,8348,13.027214885159834
llama32_3b,Llama-3.2-3B-Instruct,SEC_0057_8K,SEC_0057,8K,SEC,RETRIEVAL_CALCULATION,False,0,1,8323,13.02288792180326
llama32_3b,Llama-3.2-3B-Instruct,FDA_0103_82K,FDA_0103,82K,FDA,ENTITY_UNIT_BINDING,True,1,0,81718,16.318366274939844
llama32_3b,Llama-3.2-3B-Instruct,SEC_0105_82K,SEC_0105,82K,SEC,ENTITY_UNIT_BINDING,False,0,1,81736,16.318684021961523
llama32_3b,Llama-3.2-3B-Instruct,CT_0044_4K,CT_0044,4K,CLINICAL_TRIALS,DIRECT_RETRIEVAL,True,1,0,4231,12.04678297035635
llama32_3b,Llama-3.2-3B-Instruct,CT_0050_8K,CT_0050,8K,CLINICAL_TRIALS,RETRIEVAL_CALCULATION,False,0,1,8270,13.013671614058637
llama32_3b,Llama-3.2-3B-Instruct,SEC_0113_32K,SEC_0113,32K,SEC,UNANSWERABLE,True,1,0,32709,14.997400032669495
llama32_3b,Llama-3.2-3B-Instruct,FDA_0114_64K,FDA_0114,64K,FDA,UNANSWERABLE,False,0,1,65059,15.989461026918836
llama32_3b,Llama-3.2-3B-Instruct,CT_0005_16K,CT_0005,16K,CLINICAL_TRIALS,DIRECT_RETRIEVAL,True,1,0,16468,14.007377733321269
llama32_3b,Llama-3.2-3B-Instruct,SEC_0088_32K,SEC_0088,32K,SEC,TEMPORAL_VERSION,False,0,1,32807,15.001716053777464
llama32_3b,Llama-3.2-3B-Instruct,FRED_0097_64K,FRED_0097,64K,FRED,ENTITY_UNIT_BINDING,False,0,1,64954,15.987130752065896
llama32_3b,Llama-3.2-3B-Instruct,CT_0070_32K,CT_0070,32K,CLINICAL_TRIALS,RETRIEVAL_CALCULATION,False,0,1,32680,14.996120363033047
llama32_3b,Llama-3.2-3B-Instruct,CT_0110_4K,CT_0110,4K,CLINICAL_TRIALS,UNANSWERABLE,False,0,1,4287,12.065752701816972
llama32_3b,Llama-3.2-3B-Instruct,FDA_0075_16K,FDA_0075,16K,FDA,RETRIEVAL_CALCULATION,False,0,1,16509,14.010965114050517
llama32_3b,Llama-3.2-3B-Instruct,SEC_0102_32K,SEC_0102,32K,SEC,ENTITY_UNIT_BINDING,True,1,0,32710,14.99744413897014
llama32_3b,Llama-3.2-3B-Instruct,FDA_0041_64K,FDA_0041,64K,FDA,DIRECT_RETRIEVAL,True,1,0,65016,15.98850717892317
llama32_3b,Llama-3.2-3B-Instruct,FRED_0057_4K,FRED_0057,4K,FRED,RETRIEVAL_CALCULATION,True,1,0,4331,12.080484457067568
llama32_3b,Llama-3.2-3B-Instruct,CT_0106_4K,CT_0106,4K,CLINICAL_TRIALS,UNANSWERABLE,True,1,0,4304,12.071462362556623
llama32_3b,Llama-3.2-3B-Instruct,CT_0016_4K,CT_0016,4K,CLINICAL_TRIALS,RETRIEVAL_CALCULATION,False,0,1,4269,12.059682447247638
llama32_3b,Llama-3.2-3B-Instruct,CT_0112_16K,CT_0112,16K,CLINICAL_TRIALS,UNANSWERABLE,False,0,1,16430,14.004044859837437
llama32_3b,Llama-3.2-3B-Instruct,FRED_0041_16K,FRED_0041,16K,FRED,DIRECT_RETRIEVAL,False,0,1,16457,14.006413745710626
llama32_3b,Llama-3.2-3B-Instruct,FDA_0033_32K,FDA_0033,32K,FDA,DIRECT_RETRIEVAL,True,1,0,32640,14.994353436858859
llama32_3b,Llama-3.2-3B-Instruct,FRED_0094_4K,FRED_0094,4K,FRED,ENTITY_UNIT_BINDING,False,0,1,4259,12.056299014550337
llama32_3b,Llama-3.2-3B-Instruct,FRED_0007_82K,FRED_0007,82K,FRED,ENTITY_UNIT_BINDING,False,0,1,81765,16.31919580056379
llama32_3b,Llama-3.2-3B-Instruct,FDA_0048_16K,FDA_0048,16K,FDA,RETRIEVAL_CALCULATION,True,1,0,16435,14.004483835967672
llama32_3b,Llama-3.2-3B-Instruct,CT_0057_32K,CT_0057,32K,CLINICAL_TRIALS,RETRIEVAL_CALCULATION,False,0,1,32675,14.995899615570158
llama32_3b,Llama-3.2-3B-Instruct,CT_0091_82K,CT_0091,82K,CLINICAL_TRIALS,ENTITY_UNIT_BINDING,True,1,0,81742,16.318789922085692
llama32_3b,Llama-3.2-3B-Instruct,CT_0100_82K,CT_0100,82K,CLINICAL_TRIALS,ENTITY_UNIT_BINDING,False,0,1,81704,16.318119089975497
llama32_3b,Llama-3.2-3B-Instruct,FDA_0104_64K,FDA_0104,64K,FDA,ENTITY_UNIT_BINDING,False,0,1,65114,15.990680146582216
llama32_3b,Llama-3.2-3B-Instruct,FDA_0007_4K,FDA_0007,4K,FDA,ENTITY_UNIT_BINDING,False,0,1,4249,12.052907628313287
llama32_3b,Llama-3.2-3B-Instruct,FDA_0122_8K,FDA_0122,8K,FDA,UNANSWERABLE,False,0,1,8263,13.012449952425579
llama32_3b,Llama-3.2-3B-Instruct,CT_0008_4K,CT_0008,4K,CLINICAL_TRIALS,ENTITY_UNIT_BINDING,True,1,0,4261,12.05697633617822
llama32_3b,Llama-3.2-3B-Instruct,FDA_0046_8K,FDA_0046,8K,FDA,RETRIEVAL_CALCULATION,False,0,1,8296,13.018200178813226
llama32_3b,Llama-3.2-3B-Instruct,FRED_0116_16K,FRED_0116,16K,FRED,UNANSWERABLE,True,1,0,16376,13.99929538702341
llama32_3b,Llama-3.2-3B-Instruct,SEC_0032_32K,SEC_0032,32K,SEC,DIRECT_RETRIEVAL,True,1,0,32795,15.001188254604154
llama32_3b,Llama-3.2-3B-Instruct,CT_0015_82K,CT_0015,82K,CLINICAL_TRIALS,RETRIEVAL_CALCULATION,False,0,1,81776,16.31938987600021
llama32_3b,Llama-3.2-3B-Instruct,FDA_0107_4K,FDA_0107,4K,FDA,UNANSWERABLE,False,0,1,4280,12.06339508128851
llama32_3b,Llama-3.2-3B-Instruct,CT_0118_82K,CT_0118,82K,CLINICAL_TRIALS,UNANSWERABLE,False,0,1,81718,16.318366274939844
llama32_3b,Llama-3.2-3B-Instruct,SEC_0040_8K,SEC_0040,8K,SEC,DIRECT_RETRIEVAL,True,1,0,8284,13.016111838220512
llama32_3b,Llama-3.2-3B-Instruct,CT_0007_16K,CT_0007,16K,CLINICAL_TRIALS,ENTITY_UNIT_BINDING,True,1,0,16509,14.010965114050517
llama32_3b,Llama-3.2-3B-Instruct,CT_0041_64K,CT_0041,64K,CLINICAL_TRIALS,DIRECT_RETRIEVAL,True,1,0,65169,15.991898236923436
llama32_3b,Llama-3.2-3B-Instruct,FDA_0111_16K,FDA_0111,16K,FDA,UNANSWERABLE,False,0,1,16428,14.003869231979056
llama32_3b,Llama-3.2-3B-Instruct,FDA_0082_4K,FDA_0082,4K,FDA,TEMPORAL_VERSION,True,1,0,4245,12.0515488384404
llama32_3b,Llama-3.2-3B-Instruct,CT_0001_4K,CT_0001,4K,CLINICAL_TRIALS,DIRECT_RETRIEVAL,True,1,0,4291,12.067098185748385
llama32_3b,Llama-3.2-3B-Instruct,SEC_0019_32K,SEC_0019,32K,SEC,TEMPORAL_VERSION,True,1,0,32815,15.002067812650534
llama32_3b,Llama-3.2-3B-Instruct,FDA_0101_16K,FDA_0101,16K,FDA,ENTITY_UNIT_BINDING,False,0,1,16405,14.001847973405782
llama32_3b,Llama-3.2-3B-Instruct,FRED_0014_16K,FRED_0014,16K,FRED,RETRIEVAL_CALCULATION,False,0,1,16443,14.0051859200698
llama32_3b,Llama-3.2-3B-Instruct,FDA_0098_4K,FDA_0098,4K,FDA,ENTITY_UNIT_BINDING,True,1,0,4271,12.060358182642142
llama32_3b,Llama-3.2-3B-Instruct,FRED_0109_32K,FRED_0109,32K,FRED,UNANSWERABLE,True,1,0,32612,14.993115299679177
llama32_3b,Llama-3.2-3B-Instruct,SEC_0064_4K,SEC_0064,4K,SEC,RETRIEVAL_CALCULATION,False,0,1,4337,12.082481727863103
llama32_3b,Llama-3.2-3B-Instruct,SEC_0116_64K,SEC_0116,64K,SEC,UNANSWERABLE,False,0,1,65298,15.994751183966342
llama32_3b,Llama-3.2-3B-Instruct,CT_0021_32K,CT_0021,32K,CLINICAL_TRIALS,UNANSWERABLE,False,0,1,32645,14.994574421011988
llama32_3b,Llama-3.2-3B-Instruct,CT_0085_16K,CT_0085,16K,CLINICAL_TRIALS,ENTITY_UNIT_BINDING,True,1,0,16452,14.005975356500382
llama32_3b,Llama-3.2-3B-Instruct,FDA_0051_16K,FDA_0051,16K,FDA,RETRIEVAL_CALCULATION,True,1,0,16419,14.003078641928644
llama32_3b,Llama-3.2-3B-Instruct,CT_0119_4K,CT_0119,4K,CLINICAL_TRIALS,UNANSWERABLE,False,0,1,4235,12.04814625421956
llama32_3b,Llama-3.2-3B-Instruct,CT_0105_64K,CT_0105,64K,CLINICAL_TRIALS,ENTITY_UNIT_BINDING,True,1,0,65264,15.993999791792524
llama32_3b,Llama-3.2-3B-Instruct,FDA_0114_32K,FDA_0114,32K,FDA,UNANSWERABLE,False,0,1,32597,14.992451574549364
llama32_3b,Llama-3.2-3B-Instruct,FRED_0093_82K,FRED_0093,82K,FRED,ENTITY_UNIT_BINDING,False,0,1,81764,16.319178156047638
llama32_3b,Llama-3.2-3B-Instruct,CT_0070_16K,CT_0070,16K,CLINICAL_TRIALS,RETRIEVAL_CALCULATION,False,0,1,16479,14.008341077239649
llama32_3b,Llama-3.2-3B-Instruct,FDA_0030_4K,FDA_0030,4K,FDA,DIRECT_RETRIEVAL,True,1,0,4274,12.061371192659811
llama32_3b,Llama-3.2-3B-Instruct,FDA_0087_82K,FDA_0087,82K,FDA,TEMPORAL_VERSION,False,0,1,81750,16.318931110160168
llama32_3b,Llama-3.2-3B-Instruct,FRED_0100_82K,FRED_0100,82K,FRED,ENTITY_UNIT_BINDING,False,0,1,81725,16.31848985154199
llama32_3b,Llama-3.2-3B-Instruct,FRED_0091_8K,FRED_0091,8K,FRED,ENTITY_UNIT_BINDING,True,1,0,8291,13.017330404240013
llama32_3b,Llama-3.2-3B-Instruct,FDA_0049_4K,FDA_0049,4K,FDA,RETRIEVAL_CALCULATION,False,0,1,4272,12.060695931687555
llama32_3b,Llama-3.2-3B-Instruct,FDA_0123_16K,FDA_0123,16K,FDA,UNANSWERABLE,False,0,1,16366,13.998414136589261
llama32_3b,Llama-3.2-3B-Instruct,CT_0081_4K,CT_0081,4K,CLINICAL_TRIALS,ENTITY_UNIT_BINDING,True,1,0,4247,12.052228393347402
llama32_3b,Llama-3.2-3B-Instruct,FRED_0118_8K,FRED_0118,8K,FRED,UNANSWERABLE,True,1,0,8327,13.023581108623029
llama32_3b,Llama-3.2-3B-Instruct,SEC_0030_4K,SEC_0030,4K,SEC,DIRECT_RETRIEVAL,False,0,1,4287,12.065752701816972
llama32_3b,Llama-3.2-3B-Instruct,FDA_0046_32K,FDA_0046,32K,FDA,RETRIEVAL_CALCULATION,False,0,1,32601,14.992628597776173
llama32_3b,Llama-3.2-3B-Instruct,CT_0032_64K,CT_0032,64K,CLINICAL_TRIALS,DIRECT_RETRIEVAL,True,1,0,65119,15.990790924575627
llama32_3b,Llama-3.2-3B-Instruct,FRED_0103_8K,FRED_0103,8K,FRED,ENTITY_UNIT_BINDING,False,0,1,8326,13.023407843140218
llama32_3b,Llama-3.2-3B-Instruct,FRED_0084_16K,FRED_0084,16K,FRED,TEMPORAL_VERSION,True,1,0,16425,14.003605750097055
llama32_3b,Llama-3.2-3B-Instruct,FRED_0027_4K,FRED_0027,4K,FRED,DIRECT_RETRIEVAL,False,0,1,4292,12.067434360756522
llama32_3b,Llama-3.2-3B-Instruct,FRED_0023_8K,FRED_0023,8K,FRED,UNANSWERABLE,True,1,0,8307,13.020111839088086
llama32_3b,Llama-3.2-3B-Instruct,FRED_0121_82K,FRED_0121,82K,FRED,UNANSWERABLE,False,0,1,81772,16.319319306134915
llama32_3b,Llama-3.2-3B-Instruct,SEC_0098_4K,SEC_0098,4K,SEC,ENTITY_UNIT_BINDING,False,0,1,4227,12.045418397030792
llama32_3b,Llama-3.2-3B-Instruct,SEC_0031_4K,SEC_0031,4K,SEC,DIRECT_RETRIEVAL,True,1,0,4232,12.047123912114026
llama32_3b,Llama-3.2-3B-Instruct,CT_0077_16K,CT_0077,16K,CLINICAL_TRIALS,ENTITY_UNIT_BINDING,True,1,0,16466,14.007202510749742
llama32_3b,Llama-3.2-3B-Instruct,SEC_0084_4K,SEC_0084,4K,SEC,TEMPORAL_VERSION,True,1,0,4252,12.053925881531105
llama32_3b,Llama-3.2-3B-Instruct,FRED_0115_8K,FRED_0115,8K,FRED,UNANSWERABLE,True,1,0,8312,13.020979938904212
llama32_3b,Llama-3.2-3B-Instruct,FRED_0036_4K,FRED_0036,4K,FRED,DIRECT_RETRIEVAL,True,1,0,4241,12.050188767596435
llama32_3b,Llama-3.2-3B-Instruct,FDA_0069_16K,FDA_0069,16K,FDA,RETRIEVAL_CALCULATION,False,0,1,16445,14.005361387722765
llama32_3b,Llama-3.2-3B-Instruct,FDA_0120_32K,FDA_0120,32K,FDA,UNANSWERABLE,False,0,1,32638,14.994265033718973
llama32_3b,Llama-3.2-3B-Instruct,SEC_0065_8K,SEC_0065,8K,SEC,RETRIEVAL_CALCULATION,False,0,1,8348,13.027214885159834
llama32_3b,Llama-3.2-3B-Instruct,SEC_0058_32K,SEC_0058,32K,SEC,RETRIEVAL_CALCULATION,False,0,1,32754,14.999383482467573
llama32_3b,Llama-3.2-3B-Instruct,SEC_0043_82K,SEC_0043,82K,SEC,DIRECT_RETRIEVAL,True,1,0,81670,16.31751860725366
llama32_3b,Llama-3.2-3B-Instruct,FDA_0095_4K,FDA_0095,4K,FDA,ENTITY_UNIT_BINDING,False,0,1,4267,12.059006395201111
llama32_3b,Llama-3.2-3B-Instruct,FDA_0012_32K,FDA_0012,32K,FDA,RETRIEVAL_CALCULATION,False,0,1,32641,14.9943976363975
llama32_3b,Llama-3.2-3B-Instruct,CT_0067_8K,CT_0067,8K,CLINICAL_TRIALS,RETRIEVAL_CALCULATION,False,0,1,8368,13.030667136246942
llama32_3b,Llama-3.2-3B-Instruct,SEC_0074_64K,SEC_0074,64K,SEC,RETRIEVAL_CALCULATION,False,0,1,65347,15.995833384744301
llama32_3b,Llama-3.2-3B-Instruct,CT_0106_8K,CT_0106,8K,CLINICAL_TRIALS,UNANSWERABLE,False,0,1,8364,13.029977346589579
llama32_3b,Llama-3.2-3B-Instruct,SEC_0034_32K,SEC_0034,32K,SEC,DIRECT_RETRIEVAL,True,1,0,32774,15.000264141169616
llama32_3b,Llama-3.2-3B-Instruct,CT_0010_64K,CT_0010,64K,CLINICAL_TRIALS,RETRIEVAL_CALCULATION,False,0,1,65135,15.991145357004118
llama32_3b,Llama-3.2-3B-Instruct,SEC_0010_32K,SEC_0010,32K,SEC,RETRIEVAL_CALCULATION,False,0,1,32689,14.996517623368986
llama32_3b,Llama-3.2-3B-Instruct,FRED_0096_4K,FRED_0096,4K,FRED,ENTITY_UNIT_BINDING,True,1,0,4250,12.053247125912426
llama32_3b,Llama-3.2-3B-Instruct,SEC_0118_82K,SEC_0118,82K,SEC,UNANSWERABLE,False,0,1,81782,16.319495724326178
llama32_3b,Llama-3.2-3B-Instruct,FRED_0019_64K,FRED_0019,64K,FRED,TEMPORAL_VERSION,True,1,0,64902,15.985975316103966
llama32_3b,Llama-3.2-3B-Instruct,CT_0006_82K,CT_0006,82K,CLINICAL_TRIALS,ENTITY_UNIT_BINDING,False,0,1,81780,16.319460442413728
llama32_3b,Llama-3.2-3B-Instruct,FDA_0110_64K,FDA_0110,64K,FDA,UNANSWERABLE,False,0,1,65075,15.989815786178838
llama32_3b,Llama-3.2-3B-Instruct,CT_0013_64K,CT_0013,64K,CLINICAL_TRIALS,RETRIEVAL_CALCULATION,False,0,1,65228,15.993203773296528
llama32_3b,Llama-3.2-3B-Instruct,SEC_0092_8K,SEC_0092,8K,SEC,TEMPORAL_VERSION,False,0,1,8345,13.02669633424996
llama32_3b,Llama-3.2-3B-Instruct,FDA_0051_82K,FDA_0051,82K,FDA,RETRIEVAL_CALCULATION,True,1,0,81723,16.318454545021485
llama32_3b,Llama-3.2-3B-Instruct,FDA_0104_32K,FDA_0104,32K,FDA,ENTITY_UNIT_BINDING,True,1,0,32643,14.994486031412592
llama32_3b,Llama-3.2-3B-Instruct,SEC_0076_82K,SEC_0076,82K,SEC,RETRIEVAL_CALCULATION,False,0,1,81793,16.319689759422904
llama32_3b,Llama-3.2-3B-Instruct,FRED_0050_64K,FRED_0050,64K,FRED,RETRIEVAL_CALCULATION,True,1,0,65018,15.988551557932999
llama32_3b,Llama-3.2-3B-Instruct,FRED_0004_64K,FRED_0004,64K,FRED,DIRECT_RETRIEVAL,False,0,1,64937,15.98675311518828
llama32_3b,Llama-3.2-3B-Instruct,SEC_0115_32K,SEC_0115,32K,SEC,UNANSWERABLE,False,0,1,32700,14.997003015272806
llama32_3b,Llama-3.2-3B-Instruct,CT_0052_4K,CT_0052,4K,CLINICAL_TRIALS,RETRIEVAL_CALCULATION,True,1,0,4223,12.044052531801302
llama32_3b,Llama-3.2-3B-Instruct,FRED_0012_4K,FRED_0012,4K,FRED,RETRIEVAL_CALCULATION,True,1,0,4307,12.072467608241858
llama32_3b,Llama-3.2-3B-Instruct,SEC_0061_32K,SEC_0061,32K,SEC,RETRIEVAL_CALCULATION,False,0,1,32774,15.000264141169616
llama32_3b,Llama-3.2-3B-Instruct,SEC_0020_16K,SEC_0020,16K,SEC,TEMPORAL_VERSION,False,0,1,16496,14.00982861736811
llama32_3b,Llama-3.2-3B-Instruct,SEC_0084_16K,SEC_0084,16K,SEC,TEMPORAL_VERSION,False,0,1,16463,14.006939636982873
llama32_3b,Llama-3.2-3B-Instruct,CT_0107_16K,CT_0107,16K,CLINICAL_TRIALS,UNANSWERABLE,False,0,1,16424,14.003517912108602
llama32_3b,Llama-3.2-3B-Instruct,CT_0062_4K,CT_0062,4K,CLINICAL_TRIALS,RETRIEVAL_CALCULATION,False,0,1,4338,12.082814337672273
llama32_3b,Llama-3.2-3B-Instruct,SEC_0076_32K,SEC_0076,32K,SEC,RETRIEVAL_CALCULATION,False,0,1,32774,15.000264141169616
llama32_3b,Llama-3.2-3B-Instruct,FRED_0112_32K,FRED_0112,32K,FRED,UNANSWERABLE,True,1,0,32628,14.993822936745916
llama32_3b,Llama-3.2-3B-Instruct,CT_0052_82K,CT_0052,82K,CLINICAL_TRIALS,RETRIEVAL_CALCULATION,False,0,1,81738,16.318719322866645
llama32_3b,Llama-3.2-3B-Instruct,SEC_0124_82K,SEC_0124,82K,SEC,UNANSWERABLE,False,0,1,81672,16.317553936686163
llama32_3b,Llama-3.2-3B-Instruct,FRED_0072_4K,FRED_0072,4K,FRED,RETRIEVAL_CALCULATION,False,0,1,4308,12.072802534544207
llama32_3b,Llama-3.2-3B-Instruct,CT_0004_64K,CT_0004,64K,CLINICAL_TRIALS,DIRECT_RETRIEVAL,True,1,0,65153,15.991543989432296
llama32_3b,Llama-3.2-3B-Instruct,FDA_0050_8K,FDA_0050,8K,FDA,RETRIEVAL_CALCULATION,False,0,1,8257,13.011401989880063
llama32_3b,Llama-3.2-3B-Instruct,FDA_0065_8K,FDA_0065,8K,FDA,RETRIEVAL_CALCULATION,False,0,1,8380,13.032734528586714
llama32_3b,Llama-3.2-3B-Instruct,CT_0012_8K,CT_0012,8K,CLINICAL_TRIALS,RETRIEVAL_CALCULATION,False,0,1,8318,13.022020969646356
llama32_3b,Llama-3.2-3B-Instruct,CT_0115_8K,CT_0115,8K,CLINICAL_TRIALS,UNANSWERABLE,False,0,1,8364,13.029977346589579
llama32_3b,Llama-3.2-3B-Instruct,FDA_0034_8K,FDA_0034,8K,FDA,DIRECT_RETRIEVAL,True,1,0,8310,13.020632761657707
llama32_3b,Llama-3.2-3B-Instruct,FDA_0001_8K,FDA_0001,8K,FDA,DIRECT_RETRIEVAL,True,1,0,8336,13.025139562278508
llama32_3b,Llama-3.2-3B-Instruct,FDA_0068_8K,FDA_0068,8K,FDA,RETRIEVAL_CALCULATION,False,0,1,8385,13.033595068451708
llama32_3b,Llama-3.2-3B-Instruct,CT_0100_4K,CT_0100,4K,CLINICAL_TRIALS,ENTITY_UNIT_BINDING,True,1,0,4311,12.073806847178492
llama32_3b,Llama-3.2-3B-Instruct,SEC_0084_82K,SEC_0084,82K,SEC,TEMPORAL_VERSION,False,0,1,81679,16.317677582887196
llama32_3b,Llama-3.2-3B-Instruct,SEC_0081_64K,SEC_0081,64K,SEC,TEMPORAL_VERSION,True,1,0,65306,15.994927925265866
llama32_3b,Llama-3.2-3B-Instruct,FRED_0001_8K,FRED_0001,8K,FRED,DIRECT_RETRIEVAL,True,1,0,8275,13.014543596581943
llama32_3b,Llama-3.2-3B-Instruct,FRED_0109_4K,FRED_0109,4K,FRED,UNANSWERABLE,True,1,0,4261,12.05697633617822
llama32_3b,Llama-3.2-3B-Instruct,SEC_0001_32K,SEC_0001,32K,SEC,DIRECT_RETRIEVAL,True,1,0,32748,14.999119179995297
llama32_3b,Llama-3.2-3B-Instruct,SEC_0006_82K,SEC_0006,82K,SEC,ENTITY_UNIT_BINDING,False,0,1,81708,16.318189718572718
llama32_3b,Llama-3.2-3B-Instruct,FDA_0040_64K,FDA_0040,64K,FDA,DIRECT_RETRIEVAL,True,1,0,65059,15.989461026918836
llama32_3b,Llama-3.2-3B-Instruct,FDA_0027_4K,FDA_0027,4K,FDA,DIRECT_RETRIEVAL,True,1,0,4252,12.053925881531105
llama32_3b,Llama-3.2-3B-Instruct,FRED_0093_8K,FRED_0093,8K,FRED,ENTITY_UNIT_BINDING,False,0,1,8265,13.012799104179676
llama32_3b,Llama-3.2-3B-Instruct,SEC_0110_64K,SEC_0110,64K,SEC,UNANSWERABLE,False,0,1,65241,15.993491275087662
llama32_3b,Llama-3.2-3B-Instruct,SEC_0045_64K,SEC_0045,64K,SEC,DIRECT_RETRIEVAL,False,0,1,65338,15.995634674021748
llama32_3b,Llama-3.2-3B-Instruct,FDA_0009_82K,FDA_0009,82K,FDA,ENTITY_UNIT_BINDING,False,0,1,81800,16.319813222716473
llama32_3b,Llama-3.2-3B-Instruct,CT_0026_4K,CT_0026,4K,CLINICAL_TRIALS,DIRECT_RETRIEVAL,True,1,0,4297,12.069114061773938
llama32_3b,Llama-3.2-3B-Instruct,FDA_0118_32K,FDA_0118,32K,FDA,UNANSWERABLE,False,0,1,32618,14.993380704255898
llama32_3b,Llama-3.2-3B-Instruct,FDA_0059_64K,FDA_0059,64K,FDA,RETRIEVAL_CALCULATION,False,0,1,65022,15.988640311857413
llama32_3b,Llama-3.2-3B-Instruct,CT_0088_8K,CT_0088,8K,CLINICAL_TRIALS,ENTITY_UNIT_BINDING,True,1,0,8334,13.024793384702548
llama32_3b,Llama-3.2-3B-Instruct,CT_0020_32K,CT_0020,32K,CLINICAL_TRIALS,ENTITY_UNIT_BINDING,False,0,1,32717,14.997752845324543
llama32_3b,Llama-3.2-3B-Instruct,CT_0029_64K,CT_0029,64K,CLINICAL_TRIALS,DIRECT_RETRIEVAL,True,1,0,65130,15.991034606223662
llama32_3b,Llama-3.2-3B-Instruct,SEC_0082_8K,SEC_0082,8K,SEC,TEMPORAL_VERSION,False,0,1,8300,13.018895621121649
llama32_3b,Llama-3.2-3B-Instruct,CT_0068_32K,CT_0068,32K,CLINICAL_TRIALS,RETRIEVAL_CALCULATION,False,0,1,32724,14.99806148563642
llama32_3b,Llama-3.2-3B-Instruct,FDA_0093_16K,FDA_0093,16K,FDA,ENTITY_UNIT_BINDING,False,0,1,16377,13.999383482467573
llama32_3b,Llama-3.2-3B-Instruct,CT_0112_32K,CT_0112,32K,CLINICAL_TRIALS,UNANSWERABLE,False,0,1,32680,14.996120363033047
llama32_3b,Llama-3.2-3B-Instruct,CT_0115_4K,CT_0115,4K,CLINICAL_TRIALS,UNANSWERABLE,False,0,1,4238,12.04916787237217
llama32_3b,Llama-3.2-3B-Instruct,CT_0065_32K,CT_0065,32K,CLINICAL_TRIALS,RETRIEVAL_CALCULATION,False,0,1,32721,14.99792921930207
llama32_3b,Llama-3.2-3B-Instruct,FDA_0119_32K,FDA_0119,32K,FDA,UNANSWERABLE,False,0,1,32576,14.991521846075695
llama32_3b,Llama-3.2-3B-Instruct,SEC_0114_8K,SEC_0114,8K,SEC,UNANSWERABLE,True,1,0,8278,13.015066533230291
llama32_3b,Llama-3.2-3B-Instruct,SEC_0024_8K,SEC_0024,8K,SEC,UNANSWERABLE,True,1,0,8285,13.016285982108814
llama32_3b,Llama-3.2-3B-Instruct,FDA_0003_4K,FDA_0003,4K,FDA,DIRECT_RETRIEVAL,True,1,0,4231,12.04678297035635
llama32_3b,Llama-3.2-3B-Instruct,CT_0019_32K,CT_0019,32K,CLINICAL_TRIALS,ENTITY_UNIT_BINDING,True,1,0,32704,14.997179480937621
llama32_3b,Llama-3.2-3B-Instruct,CT_0047_4K,CT_0047,4K,CLINICAL_TRIALS,RETRIEVAL_CALCULATION,False,0,1,4232,12.047123912114026
llama32_3b,Llama-3.2-3B-Instruct,FRED_0085_82K,FRED_0085,82K,FRED,TEMPORAL_VERSION,False,0,1,81778,16.31942515963842
llama32_3b,Llama-3.2-3B-Instruct,CT_0034_32K,CT_0034,32K,CLINICAL_TRIALS,DIRECT_RETRIEVAL,True,1,0,32680,14.996120363033047
llama32_3b,Llama-3.2-3B-Instruct,CT_0064_32K,CT_0064,32K,CLINICAL_TRIALS,RETRIEVAL_CALCULATION,False,0,1,32716,14.99770874846085
llama32_3b,Llama-3.2-3B-Instruct,SEC_0046_82K,SEC_0046,82K,SEC,RETRIEVAL_CALCULATION,False,0,1,81775,16.319372233857504
llama32_3b,Llama-3.2-3B-Instruct,FRED_0071_4K,FRED_0071,4K,FRED,RETRIEVAL_CALCULATION,False,0,1,4265,12.058330026205653
llama32_3b,Llama-3.2-3B-Instruct,CT_0014_8K,CT_0014,8K,CLINICAL_TRIALS,RETRIEVAL_CALCULATION,False,0,1,8367,13.030494719749468
llama32_3b,Llama-3.2-3B-Instruct,CT_0029_82K,CT_0029,82K,CLINICAL_TRIALS,DIRECT_RETRIEVAL,True,1,0,81789,16.319619204225333
llama32_3b,Llama-3.2-3B-Instruct,FRED_0118_64K,FRED_0118,64K,FRED,UNANSWERABLE,False,0,1,65012,15.988418416807852
llama32_3b,Llama-3.2-3B-Instruct,FRED_0079_32K,FRED_0079,32K,FRED,TEMPORAL_VERSION,False,0,1,32617,14.993336473550265
llama32_3b,Llama-3.2-3B-Instruct,SEC_0009_64K,SEC_0009,64K,SEC,RETRIEVAL_CALCULATION,False,0,1,65308,15.994972107207802
llama32_3b,Llama-3.2-3B-Instruct,SEC_0109_16K,SEC_0109,16K,SEC,UNANSWERABLE,True,1,0,16517,14.011664051890573
llama32_3b,Llama-3.2-3B-Instruct,FRED_0087_8K,FRED_0087,8K,FRED,TEMPORAL_VERSION,True,1,0,8318,13.022020969646356
llama32_3b,Llama-3.2-3B-Instruct,SEC_0079_32K,SEC_0079,32K,SEC,TEMPORAL_VERSION,False,0,1,32751,14.99925133728398
llama32_3b,Llama-3.2-3B-Instruct,FDA_0119_64K,FDA_0119,64K,FDA,UNANSWERABLE,False,0,1,65048,15.989217079314361
llama32_3b,Llama-3.2-3B-Instruct,SEC_0069_82K,SEC_0069,82K,SEC,RETRIEVAL_CALCULATION,False,0,1,81674,16.317589265253524
llama32_3b,Llama-3.2-3B-Instruct,FDA_0043_16K,FDA_0043,16K,FDA,DIRECT_RETRIEVAL,True,1,0,16393,14.000792278469312
llama32_3b,Llama-3.2-3B-Instruct,FDA_0069_64K,FDA_0069,64K,FDA,RETRIEVAL_CALCULATION,False,0,1,65062,15.989527550925313
llama32_3b,Llama-3.2-3B-Instruct,SEC_0018_32K,SEC_0018,32K,SEC,TEMPORAL_VERSION,False,0,1,32774,15.000264141169616
llama32_3b,Llama-3.2-3B-Instruct,FRED_0086_4K,FRED_0086,4K,FRED,TEMPORAL_VERSION,True,1,0,4292,12.067434360756522
llama32_3b,Llama-3.2-3B-Instruct,CT_0115_16K,CT_0115,16K,CLINICAL_TRIALS,UNANSWERABLE,False,0,1,16416,14.002815015607053
llama32_3b,Llama-3.2-3B-Instruct,FRED_0060_82K,FRED_0060,82K,FRED,RETRIEVAL_CALCULATION,False,0,1,81713,16.31827799945714
llama32_3b,Llama-3.2-3B-Instruct,SEC_0039_8K,SEC_0039,8K,SEC,DIRECT_RETRIEVAL,False,0,1,8343,13.026350530067843
llama32_3b,Llama-3.2-3B-Instruct,FDA_0107_8K,FDA_0107,8K,FDA,UNANSWERABLE,False,0,1,8324,13.023061249735335
llama32_3b,Llama-3.2-3B-Instruct,SEC_0031_64K,SEC_0031,64K,SEC,DIRECT_RETRIEVAL,False,0,1,65332,15.995502184999761
llama32_3b,Llama-3.2-3B-Instruct,FRED_0017_64K,FRED_0017,64K,FRED,TEMPORAL_VERSION,False,0,1,64976,15.987619311924325
llama32_3b,Llama-3.2-3B-Instruct,FDA_0086_32K,FDA_0086,32K,FDA,TEMPORAL_VERSION,False,0,1,32594,14.99231879287319
llama32_3b,Llama-3.2-3B-Instruct,FRED_0032_4K,FRED_0032,4K,FRED,DIRECT_RETRIEVAL,True,1,0,4292,12.067434360756522
llama32_3b,Llama-3.2-3B-Instruct,CT_0094_64K,CT_0094,64K,CLINICAL_TRIALS,ENTITY_UNIT_BINDING,True,1,0,65214,15.9928940918956
llama32_3b,Llama-3.2-3B-Instruct,SEC_0035_4K,SEC_0035,4K,SEC,DIRECT_RETRIEVAL,False,0,1,4216,12.041659151637214
llama32_3b,Llama-3.2-3B-Instruct,FDA_0030_8K,FDA_0030,8K,FDA,DIRECT_RETRIEVAL,True,1,0,8281,13.015589280397393
llama32_3b,Llama-3.2-3B-Instruct,SEC_0013_4K,SEC_0013,4K,SEC,RETRIEVAL_CALCULATION,False,0,1,4228,12.045759661382682
llama32_3b,Llama-3.2-3B-Instruct,SEC_0045_32K,SEC_0045,32K,SEC,DIRECT_RETRIEVAL,False,0,1,32797,15.001276234543251
llama32_3b,Llama-3.2-3B-Instruct,FRED_0103_82K,FRED_0103,82K,FRED,ENTITY_UNIT_BINDING,True,1,0,81730,16.318578114063257
llama32_3b,Llama-3.2-3B-Instruct,CT_0007_32K,CT_0007,32K,CLINICAL_TRIALS,ENTITY_UNIT_BINDING,True,1,0,32750,14.999207286199537
llama32_3b,Llama-3.2-3B-Instruct,SEC_0065_64K,SEC_0065,64K,SEC,RETRIEVAL_CALCULATION,False,0,1,65326,15.99536968380961
llama32_3b,Llama-3.2-3B-Instruct,SEC_0014_32K,SEC_0014,32K,SEC,RETRIEVAL_CALCULATION,False,0,1,32747,14.999075124875333
llama32_3b,Llama-3.2-3B-Instruct,SEC_0060_16K,SEC_0060,16K,SEC,RETRIEVAL_CALCULATION,False,0,1,16496,14.00982861736811
llama32_3b,Llama-3.2-3B-Instruct,FDA_0083_16K,FDA_0083,16K,FDA,TEMPORAL_VERSION,True,1,0,16365,13.998325981932126
llama32_3b,Llama-3.2-3B-Instruct,SEC_0064_8K,SEC_0064,8K,SEC,RETRIEVAL_CALCULATION,False,0,1,8366,13.030322282644034
llama32_3b,Llama-3.2-3B-Instruct,SEC_0090_82K,SEC_0090,82K,SEC,TEMPORAL_VERSION,False,0,1,81667,16.31746561148267
llama32_3b,Llama-3.2-3B-Instruct,FRED_0005_82K,FRED_0005,82K,FRED,DIRECT_RETRIEVAL,True,1,0,81727,16.318525157198476
llama32_3b,Llama-3.2-3B-Instruct,FRED_0118_82K,FRED_0118,82K,FRED,UNANSWERABLE,False,0,1,81732,16.31861341755987
llama32_3b,Llama-3.2-3B-Instruct,FRED_0036_64K,FRED_0036,64K,FRED,DIRECT_RETRIEVAL,True,1,0,64938,15.986775331858786
llama32_3b,Llama-3.2-3B-Instruct,FRED_0059_82K,FRED_0059,82K,FRED,RETRIEVAL_CALCULATION,False,0,1,81768,16.319248732817503
llama32_3b,Llama-3.2-3B-Instruct,FDA_0125_82K,FDA_0125,82K,FDA,UNANSWERABLE,False,0,1,81784,16.319531005375808
llama32_3b,Llama-3.2-3B-Instruct,FDA_0100_32K,FDA_0100,32K,FDA,ENTITY_UNIT_BINDING,True,1,0,32649,14.994751183966342
llama32_3b,Llama-3.2-3B-Instruct,FDA_0035_82K,FDA_0035,82K,FDA,DIRECT_RETRIEVAL,True,1,0,81784,16.319531005375808
llama32_3b,Llama-3.2-3B-Instruct,CT_0017_4K,CT_0017,4K,CLINICAL_TRIALS,ENTITY_UNIT_BINDING,True,1,0,4226,12.04507705193494
llama32_3b,Llama-3.2-3B-Instruct,CT_0021_16K,CT_0021,16K,CLINICAL_TRIALS,UNANSWERABLE,False,0,1,16449,14.005712259017955
llama32_3b,Llama-3.2-3B-Instruct,FDA_0008_4K,FDA_0008,4K,FDA,ENTITY_UNIT_BINDING,True,1,0,4261,12.05697633617822
llama32_3b,Llama-3.2-3B-Instruct,SEC_0115_4K,SEC_0115,4K,SEC,UNANSWERABLE,True,1,0,4230,12.046441948007311
llama32_3b,Llama-3.2-3B-Instruct,SEC_0085_16K,SEC_0085,16K,SEC,TEMPORAL_VERSION,True,1,0,16479,14.008341077239649
llama32_3b,Llama-3.2-3B-Instruct,FRED_0118_32K,FRED_0118,32K,FRED,UNANSWERABLE,True,1,0,32565,14.991034606223662
llama32_3b,Llama-3.2-3B-Instruct,SEC_0117_4K,SEC_0117,4K,SEC,UNANSWERABLE,True,1,0,4302,12.070791809423062
llama32_3b,Llama-3.2-3B-Instruct,CT_0073_4K,CT_0073,4K,CLINICAL_TRIALS,RETRIEVAL_CALCULATION,False,0,1,4210,12.039604517953759
llama32_3b,Llama-3.2-3B-Instruct,SEC_0064_32K,SEC_0064,32K,SEC,RETRIEVAL_CALCULATION,False,0,1,32727,14.998193739845696
llama32_3b,Llama-3.2-3B-Instruct,FDA_0057_32K,FDA_0057,32K,FDA,RETRIEVAL_CALCULATION,True,1,0,32641,14.9943976363975
llama32_3b,Llama-3.2-3B-Instruct,FRED_0050_8K,FRED_0050,8K,FRED,RETRIEVAL_CALCULATION,False,0,1,8370,13.031011907437707
llama32_3b,Llama-3.2-3B-Instruct,FDA_0087_8K,FDA_0087,8K,FDA,TEMPORAL_VERSION,True,1,0,8315,13.02150054817463
llama32_3b,Llama-3.2-3B-Instruct,CT_0066_82K,CT_0066,82K,CLINICAL_TRIALS,RETRIEVAL_CALCULATION,False,0,1,81766,16.319213444864147
llama32_3b,Llama-3.2-3B-Instruct,FRED_0009_82K,FRED_0009,82K,FRED,ENTITY_UNIT_BINDING,False,0,1,81794,16.319707397683167
llama32_3b,Llama-3.2-3B-Instruct,FDA_0078_82K,FDA_0078,82K,FDA,TEMPORAL_VERSION,False,0,1,81750,16.318931110160168
llama32_3b,Llama-3.2-3B-Instruct,FDA_0027_82K,FDA_0027,82K,FDA,DIRECT_RETRIEVAL,True,1,0,81727,16.318525157198476
llama32_3b,Llama-3.2-3B-Instruct,FRED_0059_8K,FRED_0059,8K,FRED,RETRIEVAL_CALCULATION,False,0,1,8350,13.027560482248777
llama32_3b,Llama-3.2-3B-Instruct,FRED_0113_32K,FRED_0113,32K,FRED,UNANSWERABLE,False,0,1,32617,14.993336473550265
llama32_3b,Llama-3.2-3B-Instruct,FRED_0077_82K,FRED_0077,82K,FRED,TEMPORAL_VERSION,False,0,1,81746,16.318860517850087
llama32_3b,Llama-3.2-3B-Instruct,FDA_0007_64K,FDA_0007,64K,FDA,ENTITY_UNIT_BINDING,False,0,1,65054,15.989350146757621
llama32_3b,Llama-3.2-3B-Instruct,FDA_0115_8K,FDA_0115,8K,FDA,UNANSWERABLE,False,0,1,8332,13.024447124040647
llama32_3b,Llama-3.2-3B-Instruct,CT_0003_16K,CT_0003,16K,CLINICAL_TRIALS,DIRECT_RETRIEVAL,True,1,0,16405,14.001847973405782
llama32_3b,Llama-3.2-3B-Instruct,SEC_0044_8K,SEC_0044,8K,SEC,DIRECT_RETRIEVAL,True,1,0,8331,13.024273962540002
llama32_3b,Llama-3.2-3B-Instruct,FRED_0059_32K,FRED_0059,32K,FRED,RETRIEVAL_CALCULATION,False,0,1,32665,14.995458019288508
llama32_3b,Llama-3.2-3B-Instruct,SEC_0115_8K,SEC_0115,8K,SEC,UNANSWERABLE,True,1,0,8272,13.014020470314934
llama32_3b,Llama-3.2-3B-Instruct,FRED_0113_16K,FRED_0113,16K,FRED,UNANSWERABLE,True,1,0,16422,14.003342220086113
llama32_3b,Llama-3.2-3B-Instruct,FDA_0001_82K,FDA_0001,82K,FDA,DIRECT_RETRIEVAL,True,1,0,81737,16.318701672522057
llama32_3b,Llama-3.2-3B-Instruct,FRED_0087_16K,FRED_0087,16K,FRED,TEMPORAL_VERSION,False,0,1,16460,14.006676715308988
llama32_3b,Llama-3.2-3B-Instruct,FDA_0023_64K,FDA_0023,64K,FDA,UNANSWERABLE,False,0,1,65004,15.98824087619221
llama32_3b,Llama-3.2-3B-Instruct,SEC_0012_64K,SEC_0012,64K,SEC,RETRIEVAL_CALCULATION,False,0,1,65326,15.99536968380961
llama32_3b,Llama-3.2-3B-Instruct,FRED_0088_32K,FRED_0088,32K,FRED,TEMPORAL_VERSION,True,1,0,32629,14.993867152540114
llama32_3b,Llama-3.2-3B-Instruct,CT_0058_82K,CT_0058,82K,CLINICAL_TRIALS,RETRIEVAL_CALCULATION,False,0,1,81732,16.31861341755987
llama32_3b,Llama-3.2-3B-Instruct,CT_0090_32K,CT_0090,32K,CLINICAL_TRIALS,ENTITY_UNIT_BINDING,True,1,0,32756,14.999471572532684
llama32_3b,Llama-3.2-3B-Instruct,FDA_0075_64K,FDA_0075,64K,FDA,RETRIEVAL_CALCULATION,False,0,1,65157,15.991632559460157
llama32_3b,Llama-3.2-3B-Instruct,FRED_0116_8K,FRED_0116,8K,FRED,UNANSWERABLE,True,1,0,8332,13.024447124040647
llama32_3b,Llama-3.2-3B-Instruct,FRED_0093_4K,FRED_0093,4K,FRED,ENTITY_UNIT_BINDING,False,0,1,4230,12.046441948007311
llama32_3b,Llama-3.2-3B-Instruct,FRED_0045_8K,FRED_0045,8K,FRED,DIRECT_RETRIEVAL,True,1,0,8296,13.018200178813226
llama32_3b,Llama-3.2-3B-Instruct,FRED_0033_4K,FRED_0033,4K,FRED,DIRECT_RETRIEVAL,True,1,0,4291,12.067098185748385
llama32_3b,Llama-3.2-3B-Instruct,FDA_0121_64K,FDA_0121,64K,FDA,UNANSWERABLE,False,0,1,65033,15.988884356999662
llama32_3b,Llama-3.2-3B-Instruct,CT_0076_4K,CT_0076,4K,CLINICAL_TRIALS,ENTITY_UNIT_BINDING,True,1,0,4264,12.057991722759176
llama32_3b,Llama-3.2-3B-Instruct,FDA_0038_8K,FDA_0038,8K,FDA,DIRECT_RETRIEVAL,True,1,0,8319,13.022194401760634
llama32_3b,Llama-3.2-3B-Instruct,CT_0066_64K,CT_0066,64K,CLINICAL_TRIALS,RETRIEVAL_CALCULATION,False,0,1,65181,15.992163865470266
llama32_3b,Llama-3.2-3B-Instruct,FRED_0111_32K,FRED_0111,32K,FRED,UNANSWERABLE,True,1,0,32598,14.99249583239248
llama32_3b,Llama-3.2-3B-Instruct,CT_0063_8K,CT_0063,8K,CLINICAL_TRIALS,RETRIEVAL_CALCULATION,False,0,1,8376,13.032045726930809
llama32_3b,Llama-3.2-3B-Instruct,SEC_0052_32K,SEC_0052,32K,SEC,RETRIEVAL_CALCULATION,False,0,1,32779,15.000484221874343
llama32_3b,Llama-3.2-3B-Instruct,FDA_0009_8K,FDA_0009,8K,FDA,ENTITY_UNIT_BINDING,False,0,1,8290,13.017156386383112
llama32_3b,Llama-3.2-3B-Instruct,SEC_0084_32K,SEC_0084,32K,SEC,TEMPORAL_VERSION,True,1,0,32721,14.99792921930207
llama32_3b,Llama-3.2-3B-Instruct,FRED_0124_16K,FRED_0124,16K,FRED,UNANSWERABLE,True,1,0,16431,14.004132665749694
llama32_3b,Llama-3.2-3B-Instruct,CT_0006_4K,CT_0006,4K,CLINICAL_TRIALS,ENTITY_UNIT_BINDING,True,1,0,4301,12.07045641594465
llama32_3b,Llama-3.2-3B-Instruct,CT_0121_82K,CT_0121,82K,CLINICAL_TRIALS,UNANSWERABLE,False,0,1,81728,16.318542809702723
llama32_3b,Llama-3.2-3B-Instruct,FRED_0018_4K,FRED_0018,4K,FRED,TEMPORAL_VERSION,True,1,0,4311,12.073806847178492
llama32_3b,Llama-3.2-3B-Instruct,FRED_0060_32K,FRED_0060,32K,FRED,RETRIEVAL_CALCULATION,False,0,1,32609,14.992982579079195
llama32_3b,Llama-3.2-3B-Instruct,FDA_0011_8K,FDA_0011,8K,FDA,RETRIEVAL_CALCULATION,False,0,1,8285,13.016285982108814
llama32_3b,Llama-3.2-3B-Instruct,SEC_0042_64K,SEC_0042,64K,SEC,DIRECT_RETRIEVAL,True,1,0,65250,15.993690281231972
llama32_3b,Llama-3.2-3B-Instruct,FDA_0071_16K,FDA_0071,16K,FDA,RETRIEVAL_CALCULATION,False,0,1,16414,14.002639237959455
llama32_3b,Llama-3.2-3B-Instruct,SEC_0030_16K,SEC_0030,16K,SEC,DIRECT_RETRIEVAL,False,0,1,16478,14.008253527096048
llama32_3b,Llama-3.2-3B-Instruct,CT_0083_4K,CT_0083,4K,CLINICAL_TRIALS,ENTITY_UNIT_BINDING,True,1,0,4269,12.059682447247638
llama32_3b,Llama-3.2-3B-Instruct,SEC_0036_16K,SEC_0036,16K,SEC,DIRECT_RETRIEVAL,False,0,1,16449,14.005712259017955
llama32_3b,Llama-3.2-3B-Instruct,FRED_0107_8K,FRED_0107,8K,FRED,UNANSWERABLE,False,0,1,8330,13.02410078025291
llama32_3b,Llama-3.2-3B-Instruct,SEC_0095_64K,SEC_0095,64K,SEC,ENTITY_UNIT_BINDING,False,0,1,65320,15.995237170449057
llama32_3b,Llama-3.2-3B-Instruct,CT_0004_32K,CT_0004,32K,CLINICAL_TRIALS,DIRECT_RETRIEVAL,True,1,0,32692,14.996650019175894
llama32_3b,Llama-3.2-3B-Instruct,SEC_0120_16K,SEC_0120,16K,SEC,UNANSWERABLE,True,1,0,16486,14.008953779526196
llama32_3b,Llama-3.2-3B-Instruct,FDA_0016_4K,FDA_0016,4K,FDA,RETRIEVAL_CALCULATION,False,0,1,4307,12.072467608241858
llama32_3b,Llama-3.2-3B-Instruct,FDA_0006_16K,FDA_0006,16K,FDA,ENTITY_UNIT_BINDING,True,1,0,16462,14.006852001748774
llama32_3b,Llama-3.2-3B-Instruct,SEC_0094_82K,SEC_0094,82K,SEC,ENTITY_UNIT_BINDING,False,0,1,81746,16.318860517850087
llama32_3b,Llama-3.2-3B-Instruct,FDA_0026_16K,FDA_0026,16K,FDA,DIRECT_RETRIEVAL,True,1,0,16452,14.005975356500382
llama32_3b,Llama-3.2-3B-Instruct,FRED_0079_8K,FRED_0079,8K,FRED,TEMPORAL_VERSION,True,1,0,8283,13.015937673309226
llama32_3b,Llama-3.2-3B-Instruct,SEC_0026_16K,SEC_0026,16K,SEC,DIRECT_RETRIEVAL,False,0,1,16456,14.006326078524934
llama32_3b,Llama-3.2-3B-Instruct,FDA_0076_64K,FDA_0076,64K,FDA,RETRIEVAL_CALCULATION,False,0,1,65064,15.989571898558868
llama32_3b,Llama-3.2-3B-Instruct,SEC_0010_16K,SEC_0010,16K,SEC,RETRIEVAL_CALCULATION,False,0,1,16474,14.007903273382047
llama32_3b,Llama-3.2-3B-Instruct,CT_0046_4K,CT_0046,4K,CLINICAL_TRIALS,RETRIEVAL_CALCULATION,False,0,1,4261,12.05697633617822
llama32_3b,Llama-3.2-3B-Instruct,FDA_0018_82K,FDA_0018,82K,FDA,TEMPORAL_VERSION,False,0,1,81785,16.31954864557708
llama32_3b,Llama-3.2-3B-Instruct,FRED_0025_64K,FRED_0025,64K,FRED,UNANSWERABLE,False,0,1,64917,15.986308709917038
llama32_3b,Llama-3.2-3B-Instruct,FRED_0006_8K,FRED_0006,8K,FRED,ENTITY_UNIT_BINDING,False,0,1,8329,13.02392757717438
llama32_3b,Llama-3.2-3B-Instruct,CT_0091_4K,CT_0091,4K,CLINICAL_TRIALS,ENTITY_UNIT_BINDING,True,1,0,4359,12.089781488353998
llama32_3b,Llama-3.2-3B-Instruct,CT_0093_64K,CT_0093,64K,CLINICAL_TRIALS,ENTITY_UNIT_BINDING,False,0,1,65221,15.993048940905389
llama32_3b,Llama-3.2-3B-Instruct,CT_0009_32K,CT_0009,32K,CLINICAL_TRIALS,ENTITY_UNIT_BINDING,False,0,1,32705,14.997223593981422
llama32_3b,Llama-3.2-3B-Instruct,CT_0116_64K,CT_0116,64K,CLINICAL_TRIALS,UNANSWERABLE,False,0,1,65167,15.991853960743686
llama32_3b,Llama-3.2-3B-Instruct,FRED_0020_8K,FRED_0020,8K,FRED,TEMPORAL_VERSION,True,1,0,8327,13.023581108623029
llama32_3b,Llama-3.2-3B-Instruct,FRED_0059_4K,FRED_0059,4K,FRED,RETRIEVAL_CALCULATION,False,0,1,4336,12.08214904135387
llama32_3b,Llama-3.2-3B-Instruct,FDA_0024_64K,FDA_0024,64K,FDA,UNANSWERABLE,False,0,1,65075,15.989815786178838
llama32_3b,Llama-3.2-3B-Instruct,SEC_0026_64K,SEC_0026,64K,SEC,DIRECT_RETRIEVAL,False,0,1,65367,15.996274866162405
llama32_3b,Llama-3.2-3B-Instruct,FRED_0011_4K,FRED_0011,4K,FRED,RETRIEVAL_CALCULATION,False,0,1,4334,12.081483438093674
llama32_3b,Llama-3.2-3B-Instruct,SEC_0105_4K,SEC_0105,4K,SEC,ENTITY_UNIT_BINDING,True,1,0,4253,12.054265139625764
llama32_3b,Llama-3.2-3B-Instruct,CT_0017_16K,CT_0017,16K,CLINICAL_TRIALS,ENTITY_UNIT_BINDING,True,1,0,16458,14.006501407569434
llama32_3b,Llama-3.2-3B-Instruct,SEC_0067_16K,SEC_0067,16K,SEC,RETRIEVAL_CALCULATION,False,0,1,16444,14.005273656563938
llama32_3b,Llama-3.2-3B-Instruct,CT_0069_8K,CT_0069,8K,CLINICAL_TRIALS,RETRIEVAL_CALCULATION,False,0,1,8316,13.02167404285837
llama32_3b,Llama-3.2-3B-Instruct,CT_0066_4K,CT_0066,4K,CLINICAL_TRIALS,RETRIEVAL_CALCULATION,False,0,1,4269,12.059682447247638
llama32_3b,Llama-3.2-3B-Instruct,FDA_0024_8K,FDA_0024,8K,FDA,UNANSWERABLE,False,0,1,8269,13.013497154291704
llama32_3b,Llama-3.2-3B-Instruct,FRED_0025_4K,FRED_0025,4K,FRED,UNANSWERABLE,True,1,0,4240,12.049848549450562
llama32_3b,Llama-3.2-3B-Instruct,FDA_0087_32K,FDA_0087,32K,FDA,TEMPORAL_VERSION,True,1,0,32656,14.995060467032719
llama32_3b,Llama-3.2-3B-Instruct,CT_0019_8K,CT_0019,8K,CLINICAL_TRIALS,ENTITY_UNIT_BINDING,True,1,0,8367,13.030494719749468
llama32_3b,Llama-3.2-3B-Instruct,FDA_0120_16K,FDA_0120,16K,FDA,UNANSWERABLE,False,0,1,16377,13.999383482467573
llama32_3b,Llama-3.2-3B-Instruct,FRED_0069_8K,FRED_0069,8K,FRED,RETRIEVAL_CALCULATION,False,0,1,8370,13.031011907437707
llama32_3b,Llama-3.2-3B-Instruct,FDA_0088_8K,FDA_0088,8K,FDA,TEMPORAL_VERSION,True,1,0,8272,13.014020470314934
llama32_3b,Llama-3.2-3B-Instruct,CT_0037_82K,CT_0037,82K,CLINICAL_TRIALS,DIRECT_RETRIEVAL,True,1,0,81731,16.31859576591955
llama32_3b,Llama-3.2-3B-Instruct,SEC_0106_64K,SEC_0106,64K,SEC,UNANSWERABLE,False,0,1,65290,15.994574421011988
llama32_3b,Llama-3.2-3B-Instruct,SEC_0073_82K,SEC_0073,82K,SEC,RETRIEVAL_CALCULATION,False,0,1,81694,16.317942503353542
llama32_3b,Llama-3.2-3B-Instruct,FRED_0025_8K,FRED_0025,8K,FRED,UNANSWERABLE,True,1,0,8299,13.018721791970178
llama32_3b,Llama-3.2-3B-Instruct,CT_0001_64K,CT_0001,64K,CLINICAL_TRIALS,DIRECT_RETRIEVAL,True,1,0,65191,15.992385185238884
llama32_3b,Llama-3.2-3B-Instruct,FDA_0052_64K,FDA_0052,64K,FDA,RETRIEVAL_CALCULATION,False,0,1,65075,15.989815786178838
llama32_3b,Llama-3.2-3B-Instruct,FRED_0001_32K,FRED_0001,32K,FRED,DIRECT_RETRIEVAL,True,1,0,32584,14.991876099003415
llama32_3b,Llama-3.2-3B-Instruct,SEC_0009_82K,SEC_0009,82K,SEC,RETRIEVAL_CALCULATION,False,0,1,81733,16.318631068984224
llama32_3b,Llama-3.2-3B-Instruct,SEC_0024_16K,SEC_0024,16K,SEC,UNANSWERABLE,True,1,0,16471,14.007640527281902
llama32_3b,Llama-3.2-3B-Instruct,SEC_0037_32K,SEC_0037,32K,SEC,DIRECT_RETRIEVAL,True,1,0,32772,15.000176099486442
llama32_3b,Llama-3.2-3B-Instruct,FDA_0094_8K,FDA_0094,8K,FDA,ENTITY_UNIT_BINDING,True,1,0,8300,13.018895621121649
llama32_3b,Llama-3.2-3B-Instruct,FRED_0031_4K,FRED_0031,4K,FRED,DIRECT_RETRIEVAL,False,0,1,4244,12.051208940914766
llama32_3b,Llama-3.2-3B-Instruct,SEC_0065_4K,SEC_0065,4K,SEC,RETRIEVAL_CALCULATION,False,0,1,4336,12.08214904135387
llama32_3b,Llama-3.2-3B-Instruct,CT_0064_16K,CT_0064,16K,CLINICAL_TRIALS,RETRIEVAL_CALCULATION,False,0,1,16488,14.009128789539256
llama32_3b,Llama-3.2-3B-Instruct,SEC_0109_32K,SEC_0109,32K,SEC,UNANSWERABLE,False,0,1,32703,14.997135366544942
llama32_3b,Llama-3.2-3B-Instruct,SEC_0037_8K,SEC_0037,8K,SEC,DIRECT_RETRIEVAL,False,0,1,8298,13.01854794187165
llama32_3b,Llama-3.2-3B-Instruct,FRED_0040_4K,FRED_0040,4K,FRED,DIRECT_RETRIEVAL,True,1,0,4269,12.059682447247638
llama32_3b,Llama-3.2-3B-Instruct,FRED_0054_82K,FRED_0054,82K,FRED,RETRIEVAL_CALCULATION,False,0,1,81788,16.31960156488678
llama32_3b,Llama-3.2-3B-Instruct,FRED_0045_64K,FRED_0045,64K,FRED,DIRECT_RETRIEVAL,True,1,0,64923,15.986442045872854
llama32_3b,Llama-3.2-3B-Instruct,CT_0049_64K,CT_0049,64K,CLINICAL_TRIALS,RETRIEVAL_CALCULATION,False,0,1,65144,15.991344686986519
llama32_3b,Llama-3.2-3B-Instruct,FDA_0110_16K,FDA_0110,16K,FDA,UNANSWERABLE,False,0,1,16413,14.002551341103736
llama32_3b,Llama-3.2-3B-Instruct,SEC_0109_4K,SEC_0109,4K,SEC,UNANSWERABLE,True,1,0,4255,12.054943416573325
llama32_3b,Llama-3.2-3B-Instruct,FRED_0090_82K,FRED_0090,82K,FRED,ENTITY_UNIT_BINDING,False,0,1,81730,16.318578114063257
llama32_3b,Llama-3.2-3B-Instruct,FDA_0105_8K,FDA_0105,8K,FDA,ENTITY_UNIT_BINDING,False,0,1,8340,13.025831668332026
llama32_3b,Llama-3.2-3B-Instruct,FDA_0078_64K,FDA_0078,64K,FDA,TEMPORAL_VERSION,False,0,1,65019,15.988573746925992
llama32_3b,Llama-3.2-3B-Instruct,CT_0089_64K,CT_0089,64K,CLINICAL_TRIALS,ENTITY_UNIT_BINDING,True,1,0,65122,15.990857387288958
llama32_3b,Llama-3.2-3B-Instruct,SEC_0061_64K,SEC_0061,64K,SEC,RETRIEVAL_CALCULATION,False,0,1,65302,15.994839557322626
llama32_3b,Llama-3.2-3B-Instruct,SEC_0063_32K,SEC_0063,32K,SEC,RETRIEVAL_CALCULATION,False,0,1,32804,15.00158412208535
llama32_3b,Llama-3.2-3B-Instruct,CT_0112_4K,CT_0112,4K,CLINICAL_TRIALS,UNANSWERABLE,False,0,1,4244,12.051208940914766
llama32_3b,Llama-3.2-3B-Instruct,SEC_0015_4K,SEC_0015,4K,SEC,RETRIEVAL_CALCULATION,False,0,1,4254,12.054604317960672
llama32_3b,Llama-3.2-3B-Instruct,FRED_0023_82K,FRED_0023,82K,FRED,UNANSWERABLE,False,0,1,81795,16.319725035727792
llama32_3b,Llama-3.2-3B-Instruct,SEC_0005_64K,SEC_0005,64K,SEC,DIRECT_RETRIEVAL,True,1,0,65322,15.995281342921647
llama32_3b,Llama-3.2-3B-Instruct,FDA_0080_82K,FDA_0080,82K,FDA,TEMPORAL_VERSION,False,0,1,81782,16.319495724326178
llama32_3b,Llama-3.2-3B-Instruct,FDA_0100_82K,FDA_0100,82K,FDA,ENTITY_UNIT_BINDING,True,1,0,81725,16.31848985154199
llama32_3b,Llama-3.2-3B-Instruct,CT_0098_64K,CT_0098,64K,CLINICAL_TRIALS,ENTITY_UNIT_BINDING,False,0,1,65255,15.993800828340634
llama32_3b,Llama-3.2-3B-Instruct,SEC_0078_64K,SEC_0078,64K,SEC,TEMPORAL_VERSION,False,0,1,65212,15.99284984626847
llama32_3b,Llama-3.2-3B-Instruct,FDA_0124_16K,FDA_0124,16K,FDA,UNANSWERABLE,False,0,1,16381,13.999735810460262
llama32_3b,Llama-3.2-3B-Instruct,FDA_0015_16K,FDA_0015,16K,FDA,RETRIEVAL_CALCULATION,False,0,1,16446,14.00544911354693
llama32_3b,Llama-3.2-3B-Instruct,FDA_0116_8K,FDA_0116,8K,FDA,UNANSWERABLE,False,0,1,8332,13.024447124040647
llama32_3b,Llama-3.2-3B-Instruct,SEC_0071_4K,SEC_0071,4K,SEC,RETRIEVAL_CALCULATION,False,0,1,4311,12.073806847178492
llama32_3b,Llama-3.2-3B-Instruct,FDA_0010_82K,FDA_0010,82K,FDA,RETRIEVAL_CALCULATION,True,1,0,81779,16.319442801133935
llama32_3b,Llama-3.2-3B-Instruct,FRED_0083_32K,FRED_0083,32K,FRED,TEMPORAL_VERSION,False,0,1,32652,14.994883741970835
llama32_3b,Llama-3.2-3B-Instruct,FRED_0003_16K,FRED_0003,16K,FRED,DIRECT_RETRIEVAL,False,0,1,16411,14.0023755313252
llama32_3b,Llama-3.2-3B-Instruct,FRED_0036_32K,FRED_0036,32K,FRED,DIRECT_RETRIEVAL,False,0,1,32605,14.992805599284342
llama32_3b,Llama-3.2-3B-Instruct,CT_0088_16K,CT_0088,16K,CLINICAL_TRIALS,ENTITY_UNIT_BINDING,True,1,0,16383,13.99991194219542
llama32_3b,Llama-3.2-3B-Instruct,FDA_0059_4K,FDA_0059,4K,FDA,RETRIEVAL_CALCULATION,False,0,1,4239,12.049508251055096
llama32_3b,Llama-3.2-3B-Instruct,FDA_0015_32K,FDA_0015,32K,FDA,RETRIEVAL_CALCULATION,False,0,1,32627,14.993778719596548
llama32_3b,Llama-3.2-3B-Instruct,SEC_0022_32K,SEC_0022,32K,SEC,UNANSWERABLE,True,1,0,32759,14.99960369754606
llama32_3b,Llama-3.2-3B-Instruct,CT_0046_16K,CT_0046,16K,CLINICAL_TRIALS,RETRIEVAL_CALCULATION,False,0,1,16448,14.005624549193879
llama32_3b,Llama-3.2-3B-Instruct,FRED_0049_16K,FRED_0049,16K,FRED,RETRIEVAL_CALCULATION,False,0,1,16456,14.006326078524934
llama32_3b,Llama-3.2-3B-Instruct,FDA_0012_82K,FDA_0012,82K,FDA,RETRIEVAL_CALCULATION,False,0,1,81754,16.31900169901628
llama32_3b,Llama-3.2-3B-Instruct,SEC_0055_16K,SEC_0055,16K,SEC,RETRIEVAL_CALCULATION,False,0,1,16430,14.004044859837437
llama32_3b,Llama-3.2-3B-Instruct,CT_0090_64K,CT_0090,64K,CLINICAL_TRIALS,ENTITY_UNIT_BINDING,True,1,0,65189,15.99234092400124
llama32_3b,Llama-3.2-3B-Instruct,CT_0050_4K,CT_0050,4K,CLINICAL_TRIALS,RETRIEVAL_CALCULATION,False,0,1,4243,12.050868963290736
llama32_3b,Llama-3.2-3B-Instruct,FDA_0071_82K,FDA_0071,82K,FDA,RETRIEVAL_CALCULATION,False,0,1,81753,16.318984052126044
llama32_3b,Llama-3.2-3B-Instruct,FRED_0098_64K,FRED_0098,64K,FRED,ENTITY_UNIT_BINDING,False,0,1,64967,15.987419466524592
llama32_3b,Llama-3.2-3B-Instruct,FRED_0087_82K,FRED_0087,82K,FRED,TEMPORAL_VERSION,False,0,1,81707,16.318172061747568
llama32_3b,Llama-3.2-3B-Instruct,CT_0095_82K,CT_0095,82K,CLINICAL_TRIALS,ENTITY_UNIT_BINDING,True,1,0,81799,16.319795585749976
llama32_3b,Llama-3.2-3B-Instruct,CT_0090_82K,CT_0090,82K,CLINICAL_TRIALS,ENTITY_UNIT_BINDING,True,1,0,81717,16.318348620275408
llama32_3b,Llama-3.2-3B-Instruct,SEC_0022_8K,SEC_0022,8K,SEC,UNANSWERABLE,True,1,0,8284,13.016111838220512
llama32_3b,Llama-3.2-3B-Instruct,FDA_0117_8K,FDA_0117,8K,FDA,UNANSWERABLE,False,0,1,8298,13.01854794187165
llama32_3b,Llama-3.2-3B-Instruct,SEC_0097_82K,SEC_0097,82K,SEC,ENTITY_UNIT_BINDING,False,0,1,81707,16.318172061747568
llama32_3b,Llama-3.2-3B-Instruct,FRED_0123_82K,FRED_0123,82K,FRED,UNANSWERABLE,False,0,1,81773,16.31933694892486
llama32_3b,Llama-3.2-3B-Instruct,FDA_0019_32K,FDA_0019,32K,FDA,TEMPORAL_VERSION,True,1,0,32589,14.99209746291849
llama32_3b,Llama-3.2-3B-Instruct,FRED_0002_4K,FRED_0002,4K,FRED,DIRECT_RETRIEVAL,False,0,1,4233,12.04746477331842
llama32_3b,Llama-3.2-3B-Instruct,FDA_0034_64K,FDA_0034,64K,FDA,DIRECT_RETRIEVAL,True,1,0,65052,15.989305792306912
llama32_3b,Llama-3.2-3B-Instruct,SEC_0075_82K,SEC_0075,82K,SEC,RETRIEVAL_CALCULATION,False,0,1,81725,16.31848985154199
llama32_3b,Llama-3.2-3B-Instruct,SEC_0036_8K,SEC_0036,8K,SEC,DIRECT_RETRIEVAL,False,0,1,8353,13.028078722704887
llama32_3b,Llama-3.2-3B-Instruct,SEC_0089_82K,SEC_0089,82K,SEC,TEMPORAL_VERSION,False,0,1,81725,16.31848985154199
llama32_3b,Llama-3.2-3B-Instruct,FDA_0072_32K,FDA_0072,32K,FDA,RETRIEVAL_CALCULATION,False,0,1,32673,14.995811307126665
llama32_3b,Llama-3.2-3B-Instruct,CT_0009_8K,CT_0009,8K,CLINICAL_TRIALS,ENTITY_UNIT_BINDING,True,1,0,8394,13.03514274788591
llama32_3b,Llama-3.2-3B-Instruct,CT_0124_16K,CT_0124,16K,CLINICAL_TRIALS,UNANSWERABLE,False,0,1,16458,14.006501407569434
llama32_3b,Llama-3.2-3B-Instruct,FRED_0070_82K,FRED_0070,82K,FRED,RETRIEVAL_CALCULATION,False,0,1,81731,16.31859576591955
llama32_3b,Llama-3.2-3B-Instruct,FRED_0083_4K,FRED_0083,4K,FRED,TEMPORAL_VERSION,True,1,0,4279,12.06305796362349
llama32_3b,Llama-3.2-3B-Instruct,FDA_0071_64K,FDA_0071,64K,FDA,RETRIEVAL_CALCULATION,False,0,1,65084,15.990015299933379
llama32_3b,Llama-3.2-3B-Instruct,FDA_0060_32K,FDA_0060,32K,FDA,RETRIEVAL_CALCULATION,True,1,0,32655,14.995016287796725
llama32_3b,Llama-3.2-3B-Instruct,FDA_0068_82K,FDA_0068,82K,FDA,RETRIEVAL_CALCULATION,False,0,1,81753,16.318984052126044
llama32_3b,Llama-3.2-3B-Instruct,FDA_0088_64K,FDA_0088,64K,FDA,TEMPORAL_VERSION,False,0,1,65060,15.989483201928493
llama32_3b,Llama-3.2-3B-Instruct,SEC_0081_4K,SEC_0081,4K,SEC,TEMPORAL_VERSION,True,1,0,4310,12.07347215397646
llama32_3b,Llama-3.2-3B-Instruct,FRED_0097_4K,FRED_0097,4K,FRED,ENTITY_UNIT_BINDING,True,1,0,4219,12.042685372219351
llama32_3b,Llama-3.2-3B-Instruct,FRED_0092_64K,FRED_0092,64K,FRED,ENTITY_UNIT_BINDING,True,1,0,65016,15.98850717892317
llama32_3b,Llama-3.2-3B-Instruct,CT_0118_4K,CT_0118,4K,CLINICAL_TRIALS,UNANSWERABLE,False,0,1,4284,12.064742764750257
llama32_3b,Llama-3.2-3B-Instruct,CT_0083_64K,CT_0083,64K,CLINICAL_TRIALS,ENTITY_UNIT_BINDING,False,0,1,65207,15.992739226263595
llama32_3b,Llama-3.2-3B-Instruct,CT_0010_8K,CT_0010,8K,CLINICAL_TRIALS,RETRIEVAL_CALCULATION,False,0,1,8273,13.014194866814499
llama32_3b,Llama-3.2-3B-Instruct,FDA_0124_82K,FDA_0124,82K,FDA,UNANSWERABLE,False,0,1,81791,16.319654482255434
llama32_3b,Llama-3.2-3B-Instruct,CT_0097_64K,CT_0097,64K,CLINICAL_TRIALS,ENTITY_UNIT_BINDING,True,1,0,65288,15.99453022688921
llama32_3b,Llama-3.2-3B-Instruct,SEC_0108_4K,SEC_0108,4K,SEC,UNANSWERABLE,True,1,0,4232,12.047123912114026
llama32_3b,Llama-3.2-3B-Instruct,CT_0040_32K,CT_0040,32K,CLINICAL_TRIALS,DIRECT_RETRIEVAL,True,1,0,32697,14.996870651857797
llama32_3b,Llama-3.2-3B-Instruct,SEC_0013_32K,SEC_0013,32K,SEC,RETRIEVAL_CALCULATION,False,0,1,32696,14.996826528020659
llama32_3b,Llama-3.2-3B-Instruct,FRED_0033_8K,FRED_0033,8K,FRED,DIRECT_RETRIEVAL,True,1,0,8356,13.028596777067108
llama32_3b,Llama-3.2-3B-Instruct,FDA_0120_82K,FDA_0120,82K,FDA,UNANSWERABLE,False,0,1,81765,16.31919580056379
llama32_3b,Llama-3.2-3B-Instruct,FRED_0057_82K,FRED_0057,82K,FRED,RETRIEVAL_CALCULATION,False,0,1,81770,16.319284019907744
llama32_3b,Llama-3.2-3B-Instruct,CT_0036_32K,CT_0036,32K,CLINICAL_TRIALS,DIRECT_RETRIEVAL,True,1,0,32729,14.998281902583495
llama32_3b,Llama-3.2-3B-Instruct,CT_0050_16K,CT_0050,16K,CLINICAL_TRIALS,RETRIEVAL_CALCULATION,False,0,1,16401,14.00149616092074
llama32_3b,Llama-3.2-3B-Instruct,SEC_0063_82K,SEC_0063,82K,SEC,RETRIEVAL_CALCULATION,False,0,1,81755,16.319019345690663
llama32_3b,Llama-3.2-3B-Instruct,SEC_0062_64K,SEC_0062,64K,SEC,RETRIEVAL_CALCULATION,False,0,1,65296,15.9947069952581
llama32_3b,Llama-3.2-3B-Instruct,FDA_0084_8K,FDA_0084,8K,FDA,TEMPORAL_VERSION,True,1,0,8321,13.022541203454827
llama32_3b,Llama-3.2-3B-Instruct,CT_0054_16K,CT_0054,16K,CLINICAL_TRIALS,RETRIEVAL_CALCULATION,False,0,1,16429,14.003957048580775
llama32_3b,Llama-3.2-3B-Instruct,FRED_0119_8K,FRED_0119,8K,FRED,UNANSWERABLE,True,1,0,8290,13.017156386383112
llama32_3b,Llama-3.2-3B-Instruct,SEC_0100_82K,SEC_0100,82K,SEC,ENTITY_UNIT_BINDING,True,1,0,81800,16.319813222716473
llama32_3b,Llama-3.2-3B-Instruct,CT_0094_82K,CT_0094,82K,CLINICAL_TRIALS,ENTITY_UNIT_BINDING,True,1,0,81677,16.31764225648251
llama32_3b,Llama-3.2-3B-Instruct,FDA_0075_82K,FDA_0075,82K,FDA,RETRIEVAL_CALCULATION,False,0,1,81780,16.319460442413728
llama32_3b,Llama-3.2-3B-Instruct,FRED_0029_32K,FRED_0029,32K,FRED,DIRECT_RETRIEVAL,True,1,0,32549,14.990325599831218
llama32_3b,Llama-3.2-3B-Instruct,SEC_0074_4K,SEC_0074,4K,SEC,RETRIEVAL_CALCULATION,False,0,1,4323,12.077817120895904
llama32_3b,Llama-3.2-3B-Instruct,CT_0078_8K,CT_0078,8K,CLINICAL_TRIALS,ENTITY_UNIT_BINDING,True,1,0,8349,13.027387694052763
llama32_3b,Llama-3.2-3B-Instruct,FDA_0092_82K,FDA_0092,82K,FDA,ENTITY_UNIT_BINDING,False,0,1,81721,16.318419237636913
llama32_3b,Llama-3.2-3B-Instruct,FRED_0105_32K,FRED_0105,32K,FRED,ENTITY_UNIT_BINDING,True,1,0,32595,14.992363054789802
llama32_3b,Llama-3.2-3B-Instruct,SEC_0008_32K,SEC_0008,32K,SEC,ENTITY_UNIT_BINDING,True,1,0,32786,15.000792278469312
llama32_3b,Llama-3.2-3B-Instruct,SEC_0026_32K,SEC_0026,32K,SEC,DIRECT_RETRIEVAL,False,0,1,32773,15.000220120999632
llama32_3b,Llama-3.2-3B-Instruct,FDA_0122_82K,FDA_0122,82K,FDA,UNANSWERABLE,False,0,1,81756,16.3190369921492
llama32_3b,Llama-3.2-3B-Instruct,CT_0079_32K,CT_0079,32K,CLINICAL_TRIALS,ENTITY_UNIT_BINDING,True,1,0,32681,14.996164508472711
llama32_3b,Llama-3.2-3B-Instruct,FRED_0066_64K,FRED_0066,64K,FRED,RETRIEVAL_CALCULATION,False,0,1,65014,15.988462798548149
llama32_3b,Llama-3.2-3B-Instruct,FDA_0005_8K,FDA_0005,8K,FDA,DIRECT_RETRIEVAL,True,1,0,8294,13.017852331905962
llama32_3b,Llama-3.2-3B-Instruct,FDA_0015_8K,FDA_0015,8K,FDA,RETRIEVAL_CALCULATION,False,0,1,8294,13.017852331905962
llama32_3b,Llama-3.2-3B-Instruct,SEC_0054_4K,SEC_0054,4K,SEC,RETRIEVAL_CALCULATION,False,0,1,4285,12.065079488999862
llama32_3b,Llama-3.2-3B-Instruct,FRED_0073_82K,FRED_0073,82K,FRED,RETRIEVAL_CALCULATION,False,0,1,81741,16.318772272604818
llama32_3b,Llama-3.2-3B-Instruct,FRED_0068_32K,FRED_0068,32K,FRED,RETRIEVAL_CALCULATION,False,0,1,32612,14.993115299679177
llama32_3b,Llama-3.2-3B-Instruct,FRED_0043_64K,FRED_0043,64K,FRED,DIRECT_RETRIEVAL,False,0,1,64948,15.98699747974905
llama32_3b,Llama-3.2-3B-Instruct,CT_0061_32K,CT_0061,32K,CLINICAL_TRIALS,RETRIEVAL_CALCULATION,False,0,1,32694,14.996738276297684
llama32_3b,Llama-3.2-3B-Instruct,SEC_0021_32K,SEC_0021,32K,SEC,UNANSWERABLE,True,1,0,32723,14.998017398205644
llama32_3b,Llama-3.2-3B-Instruct,CT_0097_82K,CT_0097,82K,CLINICAL_TRIALS,ENTITY_UNIT_BINDING,True,1,0,81758,16.319072284418755
llama32_3b,Llama-3.2-3B-Instruct,FDA_0083_64K,FDA_0083,64K,FDA,TEMPORAL_VERSION,True,1,0,65031,15.988839988226104
llama32_3b,Llama-3.2-3B-Instruct,FDA_0062_32K,FDA_0062,32K,FDA,RETRIEVAL_CALCULATION,False,0,1,32695,14.996782402833981
llama32_3b,Llama-3.2-3B-Instruct,FRED_0024_64K,FRED_0024,64K,FRED,UNANSWERABLE,False,0,1,64996,15.988063313725414
llama32_3b,Llama-3.2-3B-Instruct,SEC_0068_82K,SEC_0068,82K,SEC,RETRIEVAL_CALCULATION,False,0,1,81737,16.318701672522057
llama32_3b,Llama-3.2-3B-Instruct,FDA_0020_82K,FDA_0020,82K,FDA,TEMPORAL_VERSION,False,0,1,81740,16.31875462290802
llama32_3b,Llama-3.2-3B-Instruct,FRED_0057_32K,FRED_0057,32K,FRED,RETRIEVAL_CALCULATION,True,1,0,32649,14.994751183966342
llama32_3b,Llama-3.2-3B-Instruct,SEC_0070_82K,SEC_0070,82K,SEC,RETRIEVAL_CALCULATION,False,0,1,81770,16.319284019907744
llama32_3b,Llama-3.2-3B-Instruct,SEC_0116_8K,SEC_0116,8K,SEC,UNANSWERABLE,True,1,0,8342,13.026177596889225
llama32_3b,Llama-3.2-3B-Instruct,FDA_0027_16K,FDA_0027,16K,FDA,DIRECT_RETRIEVAL,True,1,0,16439,14.00483492072718
llama32_3b,Llama-3.2-3B-Instruct,SEC_0056_64K,SEC_0056,64K,SEC,RETRIEVAL_CALCULATION,False,0,1,65261,15.993933473690651
llama32_3b,Llama-3.2-3B-Instruct,FRED_0100_64K,FRED_0100,64K,FRED,ENTITY_UNIT_BINDING,False,0,1,64968,15.98744167293612
llama32_3b,Llama-3.2-3B-Instruct,CT_0033_32K,CT_0033,32K,CLINICAL_TRIALS,DIRECT_RETRIEVAL,True,1,0,32676,14.995943767764953
llama32_3b,Llama-3.2-3B-Instruct,CT_0088_32K,CT_0088,32K,CLINICAL_TRIALS,ENTITY_UNIT_BINDING,True,1,0,32690,14.996561756654629
llama32_3b,Llama-3.2-3B-Instruct,CT_0066_16K,CT_0066,16K,CLINICAL_TRIALS,RETRIEVAL_CALCULATION,False,0,1,16476,14.008078410868256
llama32_3b,Llama-3.2-3B-Instruct,CT_0039_4K,CT_0039,4K,CLINICAL_TRIALS,DIRECT_RETRIEVAL,True,1,0,4241,12.050188767596435
llama32_3b,Llama-3.2-3B-Instruct,FRED_0082_82K,FRED_0082,82K,FRED,TEMPORAL_VERSION,True,1,0,81728,16.318542809702723
llama32_3b,Llama-3.2-3B-Instruct,FDA_0035_16K,FDA_0035,16K,FDA,DIRECT_RETRIEVAL,True,1,0,16445,14.005361387722765
llama32_3b,Llama-3.2-3B-Instruct,FDA_0092_8K,FDA_0092,8K,FDA,ENTITY_UNIT_BINDING,False,0,1,8303,13.019416982944184
llama32_3b,Llama-3.2-3B-Instruct,CT_0052_8K,CT_0052,8K,CLINICAL_TRIALS,RETRIEVAL_CALCULATION,False,0,1,8307,13.020111839088086
llama32_3b,Llama-3.2-3B-Instruct,FRED_0006_16K,FRED_0006,16K,FRED,ENTITY_UNIT_BINDING,True,1,0,16390,14.000528233986822
llama32_3b,Llama-3.2-3B-Instruct,CT_0029_4K,CT_0029,4K,CLINICAL_TRIALS,DIRECT_RETRIEVAL,True,1,0,4245,12.0515488384404
llama32_3b,Llama-3.2-3B-Instruct,FRED_0024_16K,FRED_0024,16K,FRED,UNANSWERABLE,True,1,0,16389,14.000440208419151
llama32_3b,Llama-3.2-3B-Instruct,SEC_0074_16K,SEC_0074,16K,SEC,RETRIEVAL_CALCULATION,False,0,1,16472,14.007728114632254
llama32_3b,Llama-3.2-3B-Instruct,FDA_0039_82K,FDA_0039,82K,FDA,DIRECT_RETRIEVAL,True,1,0,81776,16.31938987600021
llama32_3b,Llama-3.2-3B-Instruct,FDA_0049_64K,FDA_0049,64K,FDA,RETRIEVAL_CALCULATION,False,0,1,65078,15.989882293829424
llama32_3b,Llama-3.2-3B-Instruct,SEC_0021_16K,SEC_0021,16K,SEC,UNANSWERABLE,True,1,0,16417,14.00290289640024
llama32_3b,Llama-3.2-3B-Instruct,SEC_0097_8K,SEC_0097,8K,SEC,ENTITY_UNIT_BINDING,False,0,1,8374,13.031701202740303
llama32_3b,Llama-3.2-3B-Instruct,FDA_0078_4K,FDA_0078,4K,FDA,TEMPORAL_VERSION,True,1,0,4245,12.0515488384404
llama32_3b,Llama-3.2-3B-Instruct,CT_0028_8K,CT_0028,8K,CLINICAL_TRIALS,DIRECT_RETRIEVAL,True,1,0,8394,13.03514274788591
llama32_3b,Llama-3.2-3B-Instruct,SEC_0110_32K,SEC_0110,32K,SEC,UNANSWERABLE,False,0,1,32764,14.999823879015725
llama32_3b,Llama-3.2-3B-Instruct,FRED_0067_4K,FRED_0067,4K,FRED,RETRIEVAL_CALCULATION,False,0,1,4312,12.074141462752506
llama32_3b,Llama-3.2-3B-Instruct,FRED_0067_82K,FRED_0067,82K,FRED,RETRIEVAL_CALCULATION,False,0,1,81739,16.3187369729953
llama32_3b,Llama-3.2-3B-Instruct,CT_0038_16K,CT_0038,16K,CLINICAL_TRIALS,DIRECT_RETRIEVAL,True,1,0,16401,14.00149616092074
llama32_3b,Llama-3.2-3B-Instruct,SEC_0033_64K,SEC_0033,64K,SEC,DIRECT_RETRIEVAL,False,0,1,65314,15.995104644915866
llama32_3b,Llama-3.2-3B-Instruct,CT_0101_82K,CT_0101,82K,CLINICAL_TRIALS,ENTITY_UNIT_BINDING,True,1,0,81748,16.318895814436896
llama32_3b,Llama-3.2-3B-Instruct,FDA_0066_32K,FDA_0066,32K,FDA,RETRIEVAL_CALCULATION,False,0,1,32673,14.995811307126665
llama32_3b,Llama-3.2-3B-Instruct,FDA_0063_32K,FDA_0063,32K,FDA,RETRIEVAL_CALCULATION,False,0,1,32685,14.996341076724425
llama32_3b,Llama-3.2-3B-Instruct,FRED_0045_16K,FRED_0045,16K,FRED,DIRECT_RETRIEVAL,False,0,1,16384,14.0
llama32_3b,Llama-3.2-3B-Instruct,FRED_0044_4K,FRED_0044,4K,FRED,DIRECT_RETRIEVAL,True,1,0,4274,12.061371192659811
llama32_3b,Llama-3.2-3B-Instruct,FDA_0031_32K,FDA_0031,32K,FDA,DIRECT_RETRIEVAL,True,1,0,32652,14.994883741970835
llama32_3b,Llama-3.2-3B-Instruct,SEC_0121_16K,SEC_0121,16K,SEC,UNANSWERABLE,True,1,0,16438,14.004747157546761
llama32_3b,Llama-3.2-3B-Instruct,CT_0115_32K,CT_0115,32K,CLINICAL_TRIALS,UNANSWERABLE,False,0,1,32647,14.99466280519635
llama32_3b,Llama-3.2-3B-Instruct,SEC_0112_4K,SEC_0112,4K,SEC,UNANSWERABLE,True,1,0,4243,12.050868963290736
llama32_3b,Llama-3.2-3B-Instruct,FRED_0022_8K,FRED_0022,8K,FRED,UNANSWERABLE,True,1,0,8286,13.016460104979208
llama32_3b,Llama-3.2-3B-Instruct,FRED_0029_4K,FRED_0029,4K,FRED,DIRECT_RETRIEVAL,False,0,1,4299,12.069785394983302
llama32_3b,Llama-3.2-3B-Instruct,SEC_0011_4K,SEC_0011,4K,SEC,RETRIEVAL_CALCULATION,False,0,1,4226,12.04507705193494
llama32_3b,Llama-3.2-3B-Instruct,FDA_0103_32K,FDA_0103,32K,FDA,ENTITY_UNIT_BINDING,True,1,0,32674,14.99585546202409
llama32_3b,Llama-3.2-3B-Instruct,CT_0065_8K,CT_0065,8K,CLINICAL_TRIALS,RETRIEVAL_CALCULATION,False,0,1,8350,13.027560482248777
llama32_3b,Llama-3.2-3B-Instruct,FRED_0077_32K,FRED_0077,32K,FRED,TEMPORAL_VERSION,False,0,1,32661,14.995281342921647
llama32_3b,Llama-3.2-3B-Instruct,CT_0014_64K,CT_0014,64K,CLINICAL_TRIALS,RETRIEVAL_CALCULATION,False,0,1,65158,15.991654701117541
llama32_3b,Llama-3.2-3B-Instruct,FRED_0113_82K,FRED_0113,82K,FRED,UNANSWERABLE,False,0,1,81731,16.31859576591955
llama32_3b,Llama-3.2-3B-Instruct,FRED_0014_82K,FRED_0014,82K,FRED,RETRIEVAL_CALCULATION,False,0,1,81768,16.319248732817503
llama32_3b,Llama-3.2-3B-Instruct,SEC_0108_8K,SEC_0108,8K,SEC,UNANSWERABLE,True,1,0,8310,13.020632761657707
llama32_3b,Llama-3.2-3B-Instruct,SEC_0008_82K,SEC_0008,82K,SEC,ENTITY_UNIT_BINDING,True,1,0,81689,16.317854201936544
llama32_3b,Llama-3.2-3B-Instruct,CT_0053_64K,CT_0053,64K,CLINICAL_TRIALS,RETRIEVAL_CALCULATION,False,0,1,65116,15.990724458800322
llama32_3b,Llama-3.2-3B-Instruct,FDA_0096_82K,FDA_0096,82K,FDA,ENTITY_UNIT_BINDING,False,0,1,81771,16.31930166312921
llama32_3b,Llama-3.2-3B-Instruct,FRED_0005_4K,FRED_0005,4K,FRED,DIRECT_RETRIEVAL,True,1,0,4256,12.055282435501189
llama32_3b,Llama-3.2-3B-Instruct,SEC_0122_32K,SEC_0122,32K,SEC,UNANSWERABLE,True,1,0,32748,14.999119179995297
llama32_3b,Llama-3.2-3B-Instruct,SEC_0040_82K,SEC_0040,82K,SEC,DIRECT_RETRIEVAL,False,0,1,81698,16.31801314059606
llama32_3b,Llama-3.2-3B-Instruct,SEC_0037_16K,SEC_0037,16K,SEC,DIRECT_RETRIEVAL,True,1,0,16492,14.009478745888066
llama32_3b,Llama-3.2-3B-Instruct,FRED_0037_64K,FRED_0037,64K,FRED,DIRECT_RETRIEVAL,False,0,1,65023,15.988662499485402
llama32_3b,Llama-3.2-3B-Instruct,CT_0060_64K,CT_0060,64K,CLINICAL_TRIALS,RETRIEVAL_CALCULATION,False,0,1,65203,15.992650724152323
llama32_3b,Llama-3.2-3B-Instruct,CT_0105_32K,CT_0105,32K,CLINICAL_TRIALS,ENTITY_UNIT_BINDING,True,1,0,32766,14.99991194219542
llama32_3b,Llama-3.2-3B-Instruct,FRED_0046_8K,FRED_0046,8K,FRED,RETRIEVAL_CALCULATION,False,0,1,8373,13.031528909787223
llama32_3b,Llama-3.2-3B-Instruct,FRED_0062_8K,FRED_0062,8K,FRED,RETRIEVAL_CALCULATION,False,0,1,8394,13.03514274788591
llama32_3b,Llama-3.2-3B-Instruct,FDA_0036_64K,FDA_0036,64K,FDA,DIRECT_RETRIEVAL,True,1,0,65031,15.988839988226104
llama32_3b,Llama-3.2-3B-Instruct,FDA_0063_8K,FDA_0063,8K,FDA,RETRIEVAL_CALCULATION,False,0,1,8274,13.014369242235137
llama32_3b,Llama-3.2-3B-Instruct,CT_0079_8K,CT_0079,8K,CLINICAL_TRIALS,ENTITY_UNIT_BINDING,True,1,0,8303,13.019416982944184
llama32_3b,Llama-3.2-3B-Instruct,CT_0002_64K,CT_0002,64K,CLINICAL_TRIALS,DIRECT_RETRIEVAL,True,1,0,65112,15.990635833003022
llama32_3b,Llama-3.2-3B-Instruct,FRED_0105_4K,FRED_0105,4K,FRED,ENTITY_UNIT_BINDING,True,1,0,4273,12.061033601681112
llama32_3b,Llama-3.2-3B-Instruct,SEC_0059_82K,SEC_0059,82K,SEC,RETRIEVAL_CALCULATION,False,0,1,81775,16.319372233857504
llama32_3b,Llama-3.2-3B-Instruct,SEC_0011_64K,SEC_0011,64K,SEC,RETRIEVAL_CALCULATION,False,0,1,65258,15.993867152540114
llama32_3b,Llama-3.2-3B-Instruct,FDA_0029_82K,FDA_0029,82K,FDA,DIRECT_RETRIEVAL,True,1,0,81776,16.31938987600021
llama32_3b,Llama-3.2-3B-Instruct,SEC_0085_32K,SEC_0085,32K,SEC,TEMPORAL_VERSION,False,0,1,32787,15.000836281185094
llama32_3b,Llama-3.2-3B-Instruct,CT_0065_82K,CT_0065,82K,CLINICAL_TRIALS,RETRIEVAL_CALCULATION,False,0,1,81668,16.317483276955972
llama32_3b,Llama-3.2-3B-Instruct,CT_0041_16K,CT_0041,16K,CLINICAL_TRIALS,DIRECT_RETRIEVAL,True,1,0,16452,14.005975356500382
llama32_3b,Llama-3.2-3B-Instruct,CT_0016_32K,CT_0016,32K,CLINICAL_TRIALS,RETRIEVAL_CALCULATION,False,0,1,32670,14.995678834325425
llama32_3b,Llama-3.2-3B-Instruct,FDA_0085_32K,FDA_0085,32K,FDA,TEMPORAL_VERSION,True,1,0,32644,14.99453022688921
llama32_3b,Llama-3.2-3B-Instruct,CT_0002_32K,CT_0002,32K,CLINICAL_TRIALS,DIRECT_RETRIEVAL,True,1,0,32671,14.995722993277417
llama32_3b,Llama-3.2-3B-Instruct,FRED_0064_16K,FRED_0064,16K,FRED,RETRIEVAL_CALCULATION,False,0,1,16423,14.003430068771838
llama32_3b,Llama-3.2-3B-Instruct,FRED_0057_64K,FRED_0057,64K,FRED,RETRIEVAL_CALCULATION,False,0,1,64969,15.987463879005844
llama32_3b,Llama-3.2-3B-Instruct,SEC_0009_32K,SEC_0009,32K,SEC,RETRIEVAL_CALCULATION,False,0,1,32785,15.00074827441139
llama32_3b,Llama-3.2-3B-Instruct,CT_0075_8K,CT_0075,8K,CLINICAL_TRIALS,ENTITY_UNIT_BINDING,True,1,0,8350,13.027560482248777
llama32_3b,Llama-3.2-3B-Instruct,CT_0025_8K,CT_0025,8K,CLINICAL_TRIALS,UNANSWERABLE,False,0,1,8347,13.027042055565033
llama32_3b,Llama-3.2-3B-Instruct,CT_0123_8K,CT_0123,8K,CLINICAL_TRIALS,UNANSWERABLE,False,0,1,8286,13.016460104979208
llama32_3b,Llama-3.2-3B-Instruct,CT_0069_82K,CT_0069,82K,CLINICAL_TRIALS,RETRIEVAL_CALCULATION,False,0,1,81717,16.318348620275408
llama32_3b,Llama-3.2-3B-Instruct,FRED_0058_16K,FRED_0058,16K,FRED,RETRIEVAL_CALCULATION,False,0,1,16417,14.00290289640024
llama32_3b,Llama-3.2-3B-Instruct,SEC_0017_4K,SEC_0017,4K,SEC,TEMPORAL_VERSION,False,0,1,4222,12.043710863347156
llama32_3b,Llama-3.2-3B-Instruct,FRED_0015_64K,FRED_0015,64K,FRED,RETRIEVAL_CALCULATION,False,0,1,64969,15.987463879005844
llama32_3b,Llama-3.2-3B-Instruct,CT_0069_4K,CT_0069,4K,CLINICAL_TRIALS,RETRIEVAL_CALCULATION,False,0,1,4242,12.050528905530555
llama32_3b,Llama-3.2-3B-Instruct,CT_0071_8K,CT_0071,8K,CLINICAL_TRIALS,RETRIEVAL_CALCULATION,False,0,1,8416,13.038918989292302
llama32_3b,Llama-3.2-3B-Instruct,SEC_0066_32K,SEC_0066,32K,SEC,RETRIEVAL_CALCULATION,False,0,1,32752,14.99929538702341
llama32_3b,Llama-3.2-3B-Instruct,FDA_0019_4K,FDA_0019,4K,FDA,TEMPORAL_VERSION,True,1,0,4209,12.039261794341055
llama32_3b,Llama-3.2-3B-Instruct,CT_0003_4K,CT_0003,4K,CLINICAL_TRIALS,DIRECT_RETRIEVAL,True,1,0,4289,12.066425600635556
llama32_3b,Llama-3.2-3B-Instruct,FRED_0076_64K,FRED_0076,64K,FRED,TEMPORAL_VERSION,False,0,1,64967,15.987419466524592
llama32_3b,Llama-3.2-3B-Instruct,FRED_0090_8K,FRED_0090,8K,FRED,ENTITY_UNIT_BINDING,True,1,0,8327,13.023581108623029
llama32_3b,Llama-3.2-3B-Instruct,FDA_0057_82K,FDA_0057,82K,FDA,RETRIEVAL_CALCULATION,True,1,0,81732,16.31861341755987
llama32_3b,Llama-3.2-3B-Instruct,SEC_0027_4K,SEC_0027,4K,SEC,DIRECT_RETRIEVAL,True,1,0,4212,12.040289721025717
llama32_3b,Llama-3.2-3B-Instruct,FDA_0031_8K,FDA_0031,8K,FDA,DIRECT_RETRIEVAL,True,1,0,8316,13.02167404285837
llama32_3b,Llama-3.2-3B-Instruct,FDA_0055_4K,FDA_0055,4K,FDA,RETRIEVAL_CALCULATION,True,1,0,4261,12.05697633617822
llama32_3b,Llama-3.2-3B-Instruct,SEC_0004_32K,SEC_0004,32K,SEC,DIRECT_RETRIEVAL,False,0,1,32770,15.000088052430122
llama32_3b,Llama-3.2-3B-Instruct,FDA_0017_4K,FDA_0017,4K,FDA,RETRIEVAL_CALCULATION,False,0,1,4294,12.068106475858773
llama32_3b,Llama-3.2-3B-Instruct,FRED_0125_82K,FRED_0125,82K,FRED,UNANSWERABLE,False,0,1,81795,16.319725035727792
llama32_3b,Llama-3.2-3B-Instruct,FDA_0121_32K,FDA_0121,32K,FDA,UNANSWERABLE,False,0,1,32627,14.993778719596548
llama32_3b,Llama-3.2-3B-Instruct,FRED_0012_32K,FRED_0012,32K,FRED,RETRIEVAL_CALCULATION,True,1,0,32583,14.991831822144238
llama32_3b,Llama-3.2-3B-Instruct,CT_0037_4K,CT_0037,4K,CLINICAL_TRIALS,DIRECT_RETRIEVAL,True,1,0,4249,12.052907628313287
llama32_3b,Llama-3.2-3B-Instruct,CT_0031_82K,CT_0031,82K,CLINICAL_TRIALS,DIRECT_RETRIEVAL,True,1,0,81715,16.318313310298393
llama32_3b,Llama-3.2-3B-Instruct,FDA_0067_64K,FDA_0067,64K,FDA,RETRIEVAL_CALCULATION,False,0,1,65065,15.989594071864447
llama32_3b,Llama-3.2-3B-Instruct,FRED_0025_32K,FRED_0025,32K,FRED,UNANSWERABLE,True,1,0,32542,14.990015299933379
llama32_3b,Llama-3.2-3B-Instruct,CT_0029_8K,CT_0029,8K,CLINICAL_TRIALS,DIRECT_RETRIEVAL,True,1,0,8298,13.01854794187165
llama32_3b,Llama-3.2-3B-Instruct,FRED_0114_4K,FRED_0114,4K,FRED,UNANSWERABLE,True,1,0,4241,12.050188767596435
llama32_3b,Llama-3.2-3B-Instruct,SEC_0017_8K,SEC_0017,8K,SEC,TEMPORAL_VERSION,True,1,0,8373,13.031528909787223
llama32_3b,Llama-3.2-3B-Instruct,SEC_0015_16K,SEC_0015,16K,SEC,RETRIEVAL_CALCULATION,False,0,1,16464,14.007027266893969
llama32_3b,Llama-3.2-3B-Instruct,FDA_0050_4K,FDA_0050,4K,FDA,RETRIEVAL_CALCULATION,False,0,1,4258,12.055960234452295
llama32_3b,Llama-3.2-3B-Instruct,FDA_0108_4K,FDA_0108,4K,FDA,UNANSWERABLE,False,0,1,4224,12.044394119358454
llama32_3b,Llama-3.2-3B-Instruct,CT_0101_8K,CT_0101,8K,CLINICAL_TRIALS,ENTITY_UNIT_BINDING,False,0,1,8396,13.035486451292154
llama32_3b,Llama-3.2-3B-Instruct,FDA_0038_82K,FDA_0038,82K,FDA,DIRECT_RETRIEVAL,True,1,0,81733,16.318631068984224
llama32_3b,Llama-3.2-3B-Instruct,FRED_0002_16K,FRED_0002,16K,FRED,DIRECT_RETRIEVAL,True,1,0,16408,14.002111776479852
llama32_3b,Llama-3.2-3B-Instruct,SEC_0063_4K,SEC_0063,4K,SEC,RETRIEVAL_CALCULATION,False,0,1,4227,12.045418397030792
llama32_3b,Llama-3.2-3B-Instruct,FRED_0050_4K,FRED_0050,4K,FRED,RETRIEVAL_CALCULATION,False,0,1,4307,12.072467608241858
llama32_3b,Llama-3.2-3B-Instruct,SEC_0028_8K,SEC_0028,8K,SEC,DIRECT_RETRIEVAL,False,0,1,8278,13.015066533230291
llama32_3b,Llama-3.2-3B-Instruct,CT_0033_64K,CT_0033,64K,CLINICAL_TRIALS,DIRECT_RETRIEVAL,True,1,0,65163,15.991765404307479
llama32_3b,Llama-3.2-3B-Instruct,FDA_0099_16K,FDA_0099,16K,FDA,ENTITY_UNIT_BINDING,True,1,0,16415,14.002727129460343
llama32_3b,Llama-3.2-3B-Instruct,FRED_0020_32K,FRED_0020,32K,FRED,TEMPORAL_VERSION,False,0,1,32592,14.992230264965889
llama32_3b,Llama-3.2-3B-Instruct,FDA_0081_82K,FDA_0081,82K,FDA,TEMPORAL_VERSION,True,1,0,81745,16.318842869232842
llama32_3b,Llama-3.2-3B-Instruct,FDA_0053_64K,FDA_0053,64K,FDA,RETRIEVAL_CALCULATION,False,0,1,65069,15.98968276167903
llama32_3b,Llama-3.2-3B-Instruct,CT_0059_82K,CT_0059,82K,CLINICAL_TRIALS,RETRIEVAL_CALCULATION,False,0,1,81777,16.31940751792718
llama32_3b,Llama-3.2-3B-Instruct,FRED_0116_82K,FRED_0116,82K,FRED,UNANSWERABLE,False,0,1,81798,16.319777948567868
llama32_3b,Llama-3.2-3B-Instruct,CT_0096_32K,CT_0096,32K,CLINICAL_TRIALS,ENTITY_UNIT_BINDING,True,1,0,32707,14.99731181602272
llama32_3b,Llama-3.2-3B-Instruct,FRED_0092_32K,FRED_0092,32K,FRED,ENTITY_UNIT_BINDING,True,1,0,32649,14.994751183966342
llama32_3b,Llama-3.2-3B-Instruct,FDA_0022_82K,FDA_0022,82K,FDA,UNANSWERABLE,False,0,1,81785,16.31954864557708
llama32_3b,Llama-3.2-3B-Instruct,SEC_0015_32K,SEC_0015,32K,SEC,RETRIEVAL_CALCULATION,False,0,1,32796,15.001232245244363
llama32_3b,Llama-3.2-3B-Instruct,SEC_0108_82K,SEC_0108,82K,SEC,UNANSWERABLE,False,0,1,81730,16.318578114063257
llama32_3b,Llama-3.2-3B-Instruct,FDA_0037_16K,FDA_0037,16K,FDA,DIRECT_RETRIEVAL,False,0,1,16429,14.003957048580775
llama32_3b,Llama-3.2-3B-Instruct,SEC_0081_82K,SEC_0081,82K,SEC,TEMPORAL_VERSION,True,1,0,81796,16.319742673556778
llama32_3b,Llama-3.2-3B-Instruct,FRED_0072_16K,FRED_0072,16K,FRED,RETRIEVAL_CALCULATION,False,0,1,16409,14.00219970011951
llama32_3b,Llama-3.2-3B-Instruct,SEC_0080_32K,SEC_0080,32K,SEC,TEMPORAL_VERSION,True,1,0,32776,15.0003521774803
llama32_3b,Llama-3.2-3B-Instruct,FRED_0020_64K,FRED_0020,64K,FRED,TEMPORAL_VERSION,False,0,1,65000,15.988152097690541
llama32_3b,Llama-3.2-3B-Instruct,FRED_0067_32K,FRED_0067,32K,FRED,RETRIEVAL_CALCULATION,False,0,1,32590,14.992141731625926
llama32_3b,Llama-3.2-3B-Instruct,CT_0050_64K,CT_0050,64K,CLINICAL_TRIALS,RETRIEVAL_CALCULATION,False,0,1,65156,15.991610417462953
llama32_3b,Llama-3.2-3B-Instruct,CT_0115_82K,CT_0115,82K,CLINICAL_TRIALS,UNANSWERABLE,False,0,1,81727,16.318525157198476
llama32_3b,Llama-3.2-3B-Instruct,CT_0113_82K,CT_0113,82K,CLINICAL_TRIALS,UNANSWERABLE,False,0,1,81799,16.319795585749976
llama32_3b,Llama-3.2-3B-Instruct,SEC_0125_64K,SEC_0125,64K,SEC,UNANSWERABLE,False,0,1,65290,15.994574421011988
llama32_3b,Llama-3.2-3B-Instruct,CT_0059_16K,CT_0059,16K,CLINICAL_TRIALS,RETRIEVAL_CALCULATION,False,0,1,16461,14.00676436119103
llama32_3b,Llama-3.2-3B-Instruct,FRED_0081_32K,FRED_0081,32K,FRED,TEMPORAL_VERSION,False,0,1,32606,14.99284984626847
llama32_3b,Llama-3.2-3B-Instruct,FDA_0015_4K,FDA_0015,4K,FDA,RETRIEVAL_CALCULATION,False,0,1,4295,12.068442416025826
llama32_3b,Llama-3.2-3B-Instruct,FDA_0097_8K,FDA_0097,8K,FDA,ENTITY_UNIT_BINDING,False,0,1,8281,13.015589280397393
llama32_3b,Llama-3.2-3B-Instruct,SEC_0003_82K,SEC_0003,82K,SEC,DIRECT_RETRIEVAL,False,0,1,81785,16.31954864557708
llama32_3b,Llama-3.2-3B-Instruct,FRED_0097_32K,FRED_0097,32K,FRED,ENTITY_UNIT_BINDING,False,0,1,32609,14.992982579079195
llama32_3b,Llama-3.2-3B-Instruct,SEC_0087_82K,SEC_0087,82K,SEC,TEMPORAL_VERSION,False,0,1,81755,16.319019345690663
llama32_3b,Llama-3.2-3B-Instruct,FRED_0084_82K,FRED_0084,82K,FRED,TEMPORAL_VERSION,False,0,1,81744,16.3188252203997
llama32_3b,Llama-3.2-3B-Instruct,SEC_0001_8K,SEC_0001,8K,SEC,DIRECT_RETRIEVAL,True,1,0,8323,13.02288792180326
llama32_3b,Llama-3.2-3B-Instruct,FRED_0016_32K,FRED_0016,32K,FRED,RETRIEVAL_CALCULATION,False,0,1,32624,14.993646060016596
llama32_3b,Llama-3.2-3B-Instruct,FRED_0055_64K,FRED_0055,64K,FRED,RETRIEVAL_CALCULATION,False,0,1,64973,15.987552699866926
llama32_3b,Llama-3.2-3B-Instruct,FDA_0106_32K,FDA_0106,32K,FDA,UNANSWERABLE,False,0,1,32588,14.992053192852639
llama32_3b,Llama-3.2-3B-Instruct,SEC_0102_64K,SEC_0102,64K,SEC,ENTITY_UNIT_BINDING,False,0,1,65224,15.993115299679177
llama32_3b,Llama-3.2-3B-Instruct,FRED_0024_8K,FRED_0024,8K,FRED,UNANSWERABLE,True,1,0,8278,13.015066533230291
llama32_3b,Llama-3.2-3B-Instruct,CT_0088_64K,CT_0088,64K,CLINICAL_TRIALS,ENTITY_UNIT_BINDING,True,1,0,65162,15.991743264349054
llama32_3b,Llama-3.2-3B-Instruct,SEC_0057_64K,SEC_0057,64K,SEC,RETRIEVAL_CALCULATION,False,0,1,65294,15.99466280519635
llama32_3b,Llama-3.2-3B-Instruct,CT_0055_64K,CT_0055,64K,CLINICAL_TRIALS,RETRIEVAL_CALCULATION,False,0,1,65099,15.990347761556004
llama32_3b,Llama-3.2-3B-Instruct,SEC_0078_16K,SEC_0078,16K,SEC,TEMPORAL_VERSION,False,0,1,16491,14.009391264758918
llama32_3b,Llama-3.2-3B-Instruct,SEC_0024_64K,SEC_0024,64K,SEC,UNANSWERABLE,False,0,1,65301,15.994817464491053
llama32_3b,Llama-3.2-3B-Instruct,SEC_0020_82K,SEC_0020,82K,SEC,TEMPORAL_VERSION,False,0,1,81732,16.31861341755987
llama32_3b,Llama-3.2-3B-Instruct,FDA_0091_82K,FDA_0091,82K,FDA,ENTITY_UNIT_BINDING,True,1,0,81764,16.319178156047638
llama32_3b,Llama-3.2-3B-Instruct,FRED_0112_8K,FRED_0112,8K,FRED,UNANSWERABLE,True,1,0,8309,13.020459141699511
llama32_3b,Llama-3.2-3B-Instruct,SEC_0012_82K,SEC_0012,82K,SEC,RETRIEVAL_CALCULATION,False,0,1,81716,16.318330965394928
llama32_3b,Llama-3.2-3B-Instruct,FDA_0059_8K,FDA_0059,8K,FDA,RETRIEVAL_CALCULATION,False,0,1,8314,13.021327032624372
llama32_3b,Llama-3.2-3B-Instruct,CT_0034_8K,CT_0034,8K,CLINICAL_TRIALS,DIRECT_RETRIEVAL,True,1,0,8289,13.016982347533649
llama32_3b,Llama-3.2-3B-Instruct,SEC_0012_32K,SEC_0012,32K,SEC,RETRIEVAL_CALCULATION,False,0,1,32743,14.998898890941275
llama32_3b,Llama-3.2-3B-Instruct,FRED_0037_82K,FRED_0037,82K,FRED,DIRECT_RETRIEVAL,False,0,1,81776,16.31938987600021
llama32_3b,Llama-3.2-3B-Instruct,SEC_0049_4K,SEC_0049,4K,SEC,RETRIEVAL_CALCULATION,False,0,1,4265,12.058330026205653
llama32_3b,Llama-3.2-3B-Instruct,FDA_0109_32K,FDA_0109,32K,FDA,UNANSWERABLE,False,0,1,32599,14.992540088877933
llama32_3b,Llama-3.2-3B-Instruct,CT_0020_64K,CT_0020,64K,CLINICAL_TRIALS,ENTITY_UNIT_BINDING,False,0,1,65188,15.99231879287319
llama32_3b,Llama-3.2-3B-Instruct,FDA_0115_4K,FDA_0115,4K,FDA,UNANSWERABLE,False,0,1,4237,12.04882741336389
llama32_3b,Llama-3.2-3B-Instruct,FDA_0015_64K,FDA_0015,64K,FDA,RETRIEVAL_CALCULATION,False,0,1,65111,15.990613675702992
llama32_3b,Llama-3.2-3B-Instruct,CT_0060_32K,CT_0060,32K,CLINICAL_TRIALS,RETRIEVAL_CALCULATION,False,0,1,32720,14.997885127829111
llama32_3b,Llama-3.2-3B-Instruct,SEC_0099_32K,SEC_0099,32K,SEC,ENTITY_UNIT_BINDING,False,0,1,32690,14.996561756654629
llama32_3b,Llama-3.2-3B-Instruct,FDA_0013_4K,FDA_0013,4K,FDA,RETRIEVAL_CALCULATION,False,0,1,4231,12.04678297035635
llama32_3b,Llama-3.2-3B-Instruct,SEC_0066_4K,SEC_0066,4K,SEC,RETRIEVAL_CALCULATION,False,0,1,4309,12.073137383110383
llama32_3b,Llama-3.2-3B-Instruct,FDA_0087_4K,FDA_0087,4K,FDA,TEMPORAL_VERSION,True,1,0,4273,12.061033601681112
llama32_3b,Llama-3.2-3B-Instruct,CT_0112_8K,CT_0112,8K,CLINICAL_TRIALS,UNANSWERABLE,False,0,1,8277,13.01489224207443
llama32_3b,Llama-3.2-3B-Instruct,FRED_0101_16K,FRED_0101,16K,FRED,ENTITY_UNIT_BINDING,True,1,0,16441,14.005010431073003
llama32_3b,Llama-3.2-3B-Instruct,CT_0084_64K,CT_0084,64K,CLINICAL_TRIALS,ENTITY_UNIT_BINDING,False,0,1,65178,15.99209746291849
llama32_3b,Llama-3.2-3B-Instruct,CT_0046_64K,CT_0046,64K,CLINICAL_TRIALS,RETRIEVAL_CALCULATION,False,0,1,65141,15.991278246719054
llama32_3b,Llama-3.2-3B-Instruct,CT_0033_8K,CT_0033,8K,CLINICAL_TRIALS,DIRECT_RETRIEVAL,True,1,0,8309,13.020459141699511
llama32_3b,Llama-3.2-3B-Instruct,FDA_0062_64K,FDA_0062,64K,FDA,RETRIEVAL_CALCULATION,False,0,1,65134,15.991123207528172
llama32_3b,Llama-3.2-3B-Instruct,SEC_0087_32K,SEC_0087,32K,SEC,TEMPORAL_VERSION,False,0,1,32717,14.997752845324543
llama32_3b,Llama-3.2-3B-Instruct,SEC_0087_16K,SEC_0087,16K,SEC,TEMPORAL_VERSION,True,1,0,16542,14.013846052731347
llama32_3b,Llama-3.2-3B-Instruct,FRED_0026_82K,FRED_0026,82K,FRED,DIRECT_RETRIEVAL,True,1,0,81757,16.319054638391897
llama32_3b,Llama-3.2-3B-Instruct,CT_0092_8K,CT_0092,8K,CLINICAL_TRIALS,ENTITY_UNIT_BINDING,True,1,0,8359,13.02911464546904
llama32_3b,Llama-3.2-3B-Instruct,FDA_0094_4K,FDA_0094,4K,FDA,ENTITY_UNIT_BINDING,True,1,0,4297,12.069114061773938
llama32_3b,Llama-3.2-3B-Instruct,FRED_0014_32K,FRED_0014,32K,FRED,RETRIEVAL_CALCULATION,False,0,1,32634,14.99408821118647
llama32_3b,Llama-3.2-3B-Instruct,FDA_0001_64K,FDA_0001,64K,FDA,DIRECT_RETRIEVAL,True,1,0,65077,15.989860124953223
llama32_3b,Llama-3.2-3B-Instruct,CT_0120_32K,CT_0120,32K,CLINICAL_TRIALS,UNANSWERABLE,False,0,1,32654,14.994972107207802
llama32_3b,Llama-3.2-3B-Instruct,FRED_0117_32K,FRED_0117,32K,FRED,UNANSWERABLE,True,1,0,32573,14.991388978798355
llama32_3b,Llama-3.2-3B-Instruct,FRED_0026_4K,FRED_0026,4K,FRED,DIRECT_RETRIEVAL,True,1,0,4288,12.066089190457772
llama32_3b,Llama-3.2-3B-Instruct,FRED_0038_82K,FRED_0038,82K,FRED,DIRECT_RETRIEVAL,False,0,1,81789,16.319619204225333
llama32_3b,Llama-3.2-3B-Instruct,FDA_0047_16K,FDA_0047,16K,FDA,RETRIEVAL_CALCULATION,False,0,1,16383,13.99991194219542
llama32_3b,Llama-3.2-3B-Instruct,SEC_0059_16K,SEC_0059,16K,SEC,RETRIEVAL_CALCULATION,False,0,1,16469,14.007465336627055
llama32_3b,Llama-3.2-3B-Instruct,FDA_0009_64K,FDA_0009,64K,FDA,ENTITY_UNIT_BINDING,False,0,1,65104,15.99045856507371
llama32_3b,Llama-3.2-3B-Instruct,FRED_0125_32K,FRED_0125,32K,FRED,UNANSWERABLE,False,0,1,32607,14.9928940918956
llama32_3b,Llama-3.2-3B-Instruct,SEC_0103_4K,SEC_0103,4K,SEC,ENTITY_UNIT_BINDING,False,0,1,4301,12.07045641594465
llama32_3b,Llama-3.2-3B-Instruct,SEC_0118_4K,SEC_0118,4K,SEC,UNANSWERABLE,True,1,0,4301,12.07045641594465
llama32_3b,Llama-3.2-3B-Instruct,CT_0105_16K,CT_0105,16K,CLINICAL_TRIALS,ENTITY_UNIT_BINDING,True,1,0,16504,14.010528105886484
llama32_3b,Llama-3.2-3B-Instruct,CT_0095_16K,CT_0095,16K,CLINICAL_TRIALS,ENTITY_UNIT_BINDING,True,1,0,16516,14.011576703176177
llama32_3b,Llama-3.2-3B-Instruct,CT_0035_4K,CT_0035,4K,CLINICAL_TRIALS,DIRECT_RETRIEVAL,True,1,0,4275,12.061708704660623
llama32_3b,Llama-3.2-3B-Instruct,FDA_0049_32K,FDA_0049,32K,FDA,RETRIEVAL_CALCULATION,False,0,1,32650,14.994795371321155
llama32_3b,Llama-3.2-3B-Instruct,FDA_0065_4K,FDA_0065,4K,FDA,RETRIEVAL_CALCULATION,False,0,1,4290,12.066761932386909
llama32_3b,Llama-3.2-3B-Instruct,CT_0120_16K,CT_0120,16K,CLINICAL_TRIALS,UNANSWERABLE,False,0,1,16430,14.004044859837437
llama32_3b,Llama-3.2-3B-Instruct,FDA_0082_64K,FDA_0082,64K,FDA,TEMPORAL_VERSION,True,1,0,65072,15.989749275462133
llama32_3b,Llama-3.2-3B-Instruct,FDA_0026_8K,FDA_0026,8K,FDA,DIRECT_RETRIEVAL,True,1,0,8296,13.018200178813226
llama32_3b,Llama-3.2-3B-Instruct,CT_0104_16K,CT_0104,16K,CLINICAL_TRIALS,ENTITY_UNIT_BINDING,True,1,0,16495,14.009741157452293
llama32_3b,Llama-3.2-3B-Instruct,CT_0088_4K,CT_0088,4K,CLINICAL_TRIALS,ENTITY_UNIT_BINDING,True,1,0,4243,12.050868963290736
llama32_3b,Llama-3.2-3B-Instruct,FRED_0111_64K,FRED_0111,64K,FRED,UNANSWERABLE,False,0,1,65002,15.988196487624267
llama32_3b,Llama-3.2-3B-Instruct,SEC_0005_32K,SEC_0005,32K,SEC,DIRECT_RETRIEVAL,False,0,1,32687,14.996429352747269
llama32_3b,Llama-3.2-3B-Instruct,FDA_0006_64K,FDA_0006,64K,FDA,ENTITY_UNIT_BINDING,True,1,0,65066,15.989616244829243
llama32_3b,Llama-3.2-3B-Instruct,SEC_0028_32K,SEC_0028,32K,SEC,DIRECT_RETRIEVAL,False,0,1,32786,15.000792278469312
llama32_3b,Llama-3.2-3B-Instruct,FDA_0016_8K,FDA_0016,8K,FDA,RETRIEVAL_CALCULATION,False,0,1,8361,13.029459787824965
llama32_3b,Llama-3.2-3B-Instruct,CT_0117_16K,CT_0117,16K,CLINICAL_TRIALS,UNANSWERABLE,False,0,1,16452,14.005975356500382
llama32_3b,Llama-3.2-3B-Instruct,CT_0020_4K,CT_0020,4K,CLINICAL_TRIALS,ENTITY_UNIT_BINDING,True,1,0,4296,12.068778277985412
llama32_3b,Llama-3.2-3B-Instruct,SEC_0005_4K,SEC_0005,4K,SEC,DIRECT_RETRIEVAL,False,0,1,4216,12.041659151637214
llama32_3b,Llama-3.2-3B-Instruct,CT_0005_82K,CT_0005,82K,CLINICAL_TRIALS,DIRECT_RETRIEVAL,True,1,0,81743,16.31880757135065
llama32_3b,Llama-3.2-3B-Instruct,FRED_0101_82K,FRED_0101,82K,FRED,ENTITY_UNIT_BINDING,True,1,0,81763,16.319160511315687
llama32_3b,Llama-3.2-3B-Instruct,CT_0106_32K,CT_0106,32K,CLINICAL_TRIALS,UNANSWERABLE,False,0,1,32724,14.99806148563642
llama32_3b,Llama-3.2-3B-Instruct,CT_0048_8K,CT_0048,8K,CLINICAL_TRIALS,RETRIEVAL_CALCULATION,False,0,1,8293,13.017678376996377
llama32_3b,Llama-3.2-3B-Instruct,SEC_0083_82K,SEC_0083,82K,SEC,TEMPORAL_VERSION,False,0,1,81715,16.318313310298393
llama32_3b,Llama-3.2-3B-Instruct,FRED_0043_4K,FRED_0043,4K,FRED,DIRECT_RETRIEVAL,True,1,0,4262,12.057314877782703
llama32_3b,Llama-3.2-3B-Instruct,CT_0092_82K,CT_0092,82K,CLINICAL_TRIALS,ENTITY_UNIT_BINDING,True,1,0,81749,16.31891346240647
llama32_3b,Llama-3.2-3B-Instruct,FDA_0026_64K,FDA_0026,64K,FDA,DIRECT_RETRIEVAL,True,1,0,65041,15.989061818449938
llama32_3b,Llama-3.2-3B-Instruct,CT_0120_64K,CT_0120,64K,CLINICAL_TRIALS,UNANSWERABLE,False,0,1,65099,15.990347761556004
llama32_3b,Llama-3.2-3B-Instruct,FDA_0055_64K,FDA_0055,64K,FDA,RETRIEVAL_CALCULATION,True,1,0,65053,15.989327969702721
llama32_3b,Llama-3.2-3B-Instruct,FRED_0001_16K,FRED_0001,16K,FRED,DIRECT_RETRIEVAL,True,1,0,16425,14.003605750097055
llama32_3b,Llama-3.2-3B-Instruct,FRED_0011_64K,FRED_0011,64K,FRED,RETRIEVAL_CALCULATION,False,0,1,65075,15.989815786178838
llama32_3b,Llama-3.2-3B-Instruct,FDA_0111_4K,FDA_0111,4K,FDA,UNANSWERABLE,False,0,1,4283,12.064405961891042
llama32_3b,Llama-3.2-3B-Instruct,CT_0056_82K,CT_0056,82K,CLINICAL_TRIALS,RETRIEVAL_CALCULATION,False,0,1,81720,16.318401583620588
llama32_3b,Llama-3.2-3B-Instruct,FRED_0002_32K,FRED_0002,32K,FRED,DIRECT_RETRIEVAL,False,0,1,32551,14.99041424468783
llama32_3b,Llama-3.2-3B-Instruct,FRED_0070_8K,FRED_0070,8K,FRED,RETRIEVAL_CALCULATION,False,0,1,8381,13.032906677628251
llama32_3b,Llama-3.2-3B-Instruct,FRED_0014_4K,FRED_0014,4K,FRED,RETRIEVAL_CALCULATION,False,0,1,4284,12.064742764750257
llama32_3b,Llama-3.2-3B-Instruct,FDA_0064_64K,FDA_0064,64K,FDA,RETRIEVAL_CALCULATION,False,0,1,65126,15.99094599947748
llama32_3b,Llama-3.2-3B-Instruct,FRED_0120_8K,FRED_0120,8K,FRED,UNANSWERABLE,True,1,0,8325,13.023234556845987
llama32_3b,Llama-3.2-3B-Instruct,CT_0005_4K,CT_0005,4K,CLINICAL_TRIALS,DIRECT_RETRIEVAL,True,1,0,4223,12.044052531801302
llama32_3b,Llama-3.2-3B-Instruct,FRED_0034_64K,FRED_0034,64K,FRED,DIRECT_RETRIEVAL,True,1,0,64902,15.985975316103966
llama32_3b,Llama-3.2-3B-Instruct,SEC_0017_16K,SEC_0017,16K,SEC,TEMPORAL_VERSION,False,0,1,16509,14.010965114050517
llama32_3b,Llama-3.2-3B-Instruct,FDA_0075_4K,FDA_0075,4K,FDA,RETRIEVAL_CALCULATION,False,0,1,4297,12.069114061773938
llama32_3b,Llama-3.2-3B-Instruct,CT_0008_82K,CT_0008,82K,CLINICAL_TRIALS,ENTITY_UNIT_BINDING,True,1,0,81697,16.317995481609668
llama32_3b,Llama-3.2-3B-Instruct,FRED_0092_8K,FRED_0092,8K,FRED,ENTITY_UNIT_BINDING,True,1,0,8349,13.027387694052763
llama32_3b,Llama-3.2-3B-Instruct,FRED_0111_4K,FRED_0111,4K,FRED,UNANSWERABLE,True,1,0,4284,12.064742764750257
llama32_3b,Llama-3.2-3B-Instruct,SEC_0054_8K,SEC_0054,8K,SEC,RETRIEVAL_CALCULATION,False,0,1,8406,13.037203741151973
llama32_3b,Llama-3.2-3B-Instruct,CT_0029_16K,CT_0029,16K,CLINICAL_TRIALS,DIRECT_RETRIEVAL,True,1,0,16454,14.00615072817031
llama32_3b,Llama-3.2-3B-Instruct,SEC_0091_32K,SEC_0091,32K,SEC,TEMPORAL_VERSION,False,0,1,32800,15.001408194392809
llama32_3b,Llama-3.2-3B-Instruct,SEC_0058_4K,SEC_0058,4K,SEC,RETRIEVAL_CALCULATION,False,0,1,4333,12.08115052127187
llama32_3b,Llama-3.2-3B-Instruct,FRED_0087_4K,FRED_0087,4K,FRED,TEMPORAL_VERSION,True,1,0,4318,12.076147528022505
llama32_3b,Llama-3.2-3B-Instruct,FDA_0025_32K,FDA_0025,32K,FDA,UNANSWERABLE,False,0,1,32600,14.992584344005802
llama32_3b,Llama-3.2-3B-Instruct,FRED_0015_32K,FRED_0015,32K,FRED,RETRIEVAL_CALCULATION,False,0,1,32621,14.993513388237128
llama32_3b,Llama-3.2-3B-Instruct,FRED_0079_4K,FRED_0079,4K,FRED,TEMPORAL_VERSION,True,1,0,4278,12.062720767165045
llama32_3b,Llama-3.2-3B-Instruct,FDA_0095_82K,FDA_0095,82K,FDA,ENTITY_UNIT_BINDING,False,0,1,81799,16.319795585749976
llama32_3b,Llama-3.2-3B-Instruct,CT_0017_32K,CT_0017,32K,CLINICAL_TRIALS,ENTITY_UNIT_BINDING,True,1,0,32644,14.99453022688921
llama32_3b,Llama-3.2-3B-Instruct,SEC_0080_8K,SEC_0080,8K,SEC,TEMPORAL_VERSION,True,1,0,8326,13.023407843140218
llama32_3b,Llama-3.2-3B-Instruct,SEC_0005_16K,SEC_0005,16K,SEC,DIRECT_RETRIEVAL,False,0,1,16502,14.010353265549254
llama32_3b,Llama-3.2-3B-Instruct,CT_0103_8K,CT_0103,8K,CLINICAL_TRIALS,ENTITY_UNIT_BINDING,True,1,0,8390,13.034455095327186
llama32_3b,Llama-3.2-3B-Instruct,FDA_0034_4K,FDA_0034,4K,FDA,DIRECT_RETRIEVAL,True,1,0,4271,12.060358182642142
llama32_3b,Llama-3.2-3B-Instruct,SEC_0033_4K,SEC_0033,4K,SEC,DIRECT_RETRIEVAL,False,0,1,4286,12.065416134676548
llama32_3b,Llama-3.2-3B-Instruct,FDA_0032_32K,FDA_0032,32K,FDA,DIRECT_RETRIEVAL,True,1,0,32595,14.992363054789802
llama32_3b,Llama-3.2-3B-Instruct,CT_0047_8K,CT_0047,8K,CLINICAL_TRIALS,RETRIEVAL_CALCULATION,False,0,1,8304,13.019590728357882
llama32_3b,Llama-3.2-3B-Instruct,SEC_0080_4K,SEC_0080,4K,SEC,TEMPORAL_VERSION,True,1,0,4303,12.07112712494831
llama32_3b,Llama-3.2-3B-Instruct,FRED_0058_82K,FRED_0058,82K,FRED,RETRIEVAL_CALCULATION,False,0,1,81762,16.31914286636793
llama32_3b,Llama-3.2-3B-Instruct,FDA_0017_32K,FDA_0017,32K,FDA,RETRIEVAL_CALCULATION,False,0,1,32679,14.99607621624252
llama32_3b,Llama-3.2-3B-Instruct,FDA_0016_82K,FDA_0016,82K,FDA,RETRIEVAL_CALCULATION,False,0,1,81794,16.319707397683167
llama32_3b,Llama-3.2-3B-Instruct,FDA_0011_32K,FDA_0011,32K,FDA,RETRIEVAL_CALCULATION,True,1,0,32574,14.99143326925044
llama32_3b,Llama-3.2-3B-Instruct,CT_0018_16K,CT_0018,16K,CLINICAL_TRIALS,ENTITY_UNIT_BINDING,True,1,0,16457,14.006413745710626
llama32_3b,Llama-3.2-3B-Instruct,SEC_0065_16K,SEC_0065,16K,SEC,RETRIEVAL_CALCULATION,False,0,1,16535,14.013235425078477
llama32_3b,Llama-3.2-3B-Instruct,SEC_0089_4K,SEC_0089,4K,SEC,TEMPORAL_VERSION,False,0,1,4255,12.054943416573325
llama32_3b,Llama-3.2-3B-Instruct,CT_0032_8K,CT_0032,8K,CLINICAL_TRIALS,DIRECT_RETRIEVAL,True,1,0,8327,13.023581108623029
llama32_3b,Llama-3.2-3B-Instruct,FRED_0050_16K,FRED_0050,16K,FRED,RETRIEVAL_CALCULATION,True,1,0,16402,14.00158412208535
llama32_3b,Llama-3.2-3B-Instruct,FDA_0059_16K,FDA_0059,16K,FDA,RETRIEVAL_CALCULATION,False,0,1,16382,13.999823879015725
llama32_3b,Llama-3.2-3B-Instruct,FDA_0023_82K,FDA_0023,82K,FDA,UNANSWERABLE,False,0,1,81775,16.319372233857504
llama32_3b,Llama-3.2-3B-Instruct,FRED_0059_64K,FRED_0059,64K,FRED,RETRIEVAL_CALCULATION,False,0,1,65033,15.988884356999662
llama32_3b,Llama-3.2-3B-Instruct,CT_0051_32K,CT_0051,32K,CLINICAL_TRIALS,RETRIEVAL_CALCULATION,False,0,1,32648,14.9947069952581
llama32_3b,Llama-3.2-3B-Instruct,CT_0054_82K,CT_0054,82K,CLINICAL_TRIALS,RETRIEVAL_CALCULATION,False,0,1,81790,16.319636843348214
llama32_3b,Llama-3.2-3B-Instruct,FDA_0078_8K,FDA_0078,8K,FDA,TEMPORAL_VERSION,True,1,0,8275,13.014543596581943
llama32_3b,Llama-3.2-3B-Instruct,FDA_0036_8K,FDA_0036,8K,FDA,DIRECT_RETRIEVAL,True,1,0,8328,13.023754353299417
llama32_3b,Llama-3.2-3B-Instruct,SEC_0007_64K,SEC_0007,64K,SEC,ENTITY_UNIT_BINDING,True,1,0,65314,15.995104644915866
llama32_3b,Llama-3.2-3B-Instruct,CT_0123_64K,CT_0123,64K,CLINICAL_TRIALS,UNANSWERABLE,False,0,1,65126,15.99094599947748
llama32_3b,Llama-3.2-3B-Instruct,CT_0017_64K,CT_0017,64K,CLINICAL_TRIALS,ENTITY_UNIT_BINDING,True,1,0,65126,15.99094599947748
llama32_3b,Llama-3.2-3B-Instruct,SEC_0079_82K,SEC_0079,82K,SEC,TEMPORAL_VERSION,True,1,0,81791,16.319654482255434
llama32_3b,Llama-3.2-3B-Instruct,FDA_0013_82K,FDA_0013,82K,FDA,RETRIEVAL_CALCULATION,False,0,1,81719,16.318383929388236
llama32_3b,Llama-3.2-3B-Instruct,FRED_0016_8K,FRED_0016,8K,FRED,RETRIEVAL_CALCULATION,False,0,1,8352,13.027905996569885
llama32_3b,Llama-3.2-3B-Instruct,FDA_0022_32K,FDA_0022,32K,FDA,UNANSWERABLE,False,0,1,32644,14.99453022688921
llama32_3b,Llama-3.2-3B-Instruct,FDA_0080_64K,FDA_0080,64K,FDA,TEMPORAL_VERSION,False,0,1,65060,15.989483201928493
llama32_3b,Llama-3.2-3B-Instruct,CT_0032_16K,CT_0032,16K,CLINICAL_TRIALS,DIRECT_RETRIEVAL,True,1,0,16450,14.005799963509967
llama32_3b,Llama-3.2-3B-Instruct,SEC_0044_32K,SEC_0044,32K,SEC,DIRECT_RETRIEVAL,True,1,0,32765,14.999867911277503
llama32_3b,Llama-3.2-3B-Instruct,CT_0081_32K,CT_0081,32K,CLINICAL_TRIALS,ENTITY_UNIT_BINDING,False,0,1,32667,14.995546349359
llama32_3b,Llama-3.2-3B-Instruct,CT_0111_4K,CT_0111,4K,CLINICAL_TRIALS,UNANSWERABLE,False,0,1,4260,12.056637715113201
llama32_3b,Llama-3.2-3B-Instruct,SEC_0114_82K,SEC_0114,82K,SEC,UNANSWERABLE,False,0,1,81756,16.3190369921492
llama32_3b,Llama-3.2-3B-Instruct,SEC_0080_82K,SEC_0080,82K,SEC,TEMPORAL_VERSION,False,0,1,81663,16.317394947426287
llama32_3b,Llama-3.2-3B-Instruct,SEC_0124_4K,SEC_0124,4K,SEC,UNANSWERABLE,True,1,0,4260,12.056637715113201
llama32_3b,Llama-3.2-3B-Instruct,FDA_0107_32K,FDA_0107,32K,FDA,UNANSWERABLE,False,0,1,32625,14.993690281231972
llama32_3b,Llama-3.2-3B-Instruct,FDA_0095_8K,FDA_0095,8K,FDA,ENTITY_UNIT_BINDING,False,0,1,8330,13.02410078025291
llama32_3b,Llama-3.2-3B-Instruct,FDA_0014_16K,FDA_0014,16K,FDA,RETRIEVAL_CALCULATION,False,0,1,16418,14.002990771840553
llama32_3b,Llama-3.2-3B-Instruct,FDA_0055_16K,FDA_0055,16K,FDA,RETRIEVAL_CALCULATION,True,1,0,16444,14.005273656563938
llama32_3b,Llama-3.2-3B-Instruct,SEC_0095_4K,SEC_0095,4K,SEC,ENTITY_UNIT_BINDING,True,1,0,4229,12.046100845028802
llama32_3b,Llama-3.2-3B-Instruct,SEC_0087_8K,SEC_0087,8K,SEC,TEMPORAL_VERSION,False,0,1,8408,13.037546953962178
llama32_3b,Llama-3.2-3B-Instruct,FDA_0072_16K,FDA_0072,16K,FDA,RETRIEVAL_CALCULATION,False,0,1,16393,14.000792278469312
llama32_3b,Llama-3.2-3B-Instruct,CT_0027_16K,CT_0027,16K,CLINICAL_TRIALS,DIRECT_RETRIEVAL,True,1,0,16416,14.002815015607053
llama32_3b,Llama-3.2-3B-Instruct,CT_0015_4K,CT_0015,4K,CLINICAL_TRIALS,RETRIEVAL_CALCULATION,False,0,1,4251,12.053586543639176
llama32_3b,Llama-3.2-3B-Instruct,CT_0035_32K,CT_0035,32K,CLINICAL_TRIALS,DIRECT_RETRIEVAL,True,1,0,32719,14.997841035008591
llama32_3b,Llama-3.2-3B-Instruct,FDA_0057_4K,FDA_0057,4K,FDA,RETRIEVAL_CALCULATION,False,0,1,4280,12.06339508128851
llama32_3b,Llama-3.2-3B-Instruct,FDA_0038_32K,FDA_0038,32K,FDA,DIRECT_RETRIEVAL,True,1,0,32646,14.994618613781007
llama32_3b,Llama-3.2-3B-Instruct,FRED_0104_82K,FRED_0104,82K,FRED,ENTITY_UNIT_BINDING,False,0,1,81772,16.319319306134915
llama32_3b,Llama-3.2-3B-Instruct,FRED_0053_32K,FRED_0053,32K,FRED,RETRIEVAL_CALCULATION,True,1,0,32652,14.994883741970835
llama32_3b,Llama-3.2-3B-Instruct,FDA_0035_8K,FDA_0035,8K,FDA,DIRECT_RETRIEVAL,True,1,0,8272,13.014020470314934
llama32_3b,Llama-3.2-3B-Instruct,SEC_0047_32K,SEC_0047,32K,SEC,RETRIEVAL_CALCULATION,False,0,1,32736,14.99859042974533
llama32_3b,Llama-3.2-3B-Instruct,FRED_0038_8K,FRED_0038,8K,FRED,DIRECT_RETRIEVAL,False,0,1,8306,13.019938156424795
llama32_3b,Llama-3.2-3B-Instruct,CT_0051_82K,CT_0051,82K,CLINICAL_TRIALS,RETRIEVAL_CALCULATION,False,0,1,81724,16.318472198389742
llama32_3b,Llama-3.2-3B-Instruct,CT_0110_8K,CT_0110,8K,CLINICAL_TRIALS,UNANSWERABLE,False,0,1,8314,13.021327032624372
llama32_3b,Llama-3.2-3B-Instruct,SEC_0079_4K,SEC_0079,4K,SEC,TEMPORAL_VERSION,True,1,0,4300,12.070120944476823
llama32_3b,Llama-3.2-3B-Instruct,FDA_0114_8K,FDA_0114,8K,FDA,UNANSWERABLE,False,0,1,8307,13.020111839088086
llama32_3b,Llama-3.2-3B-Instruct,FDA_0051_8K,FDA_0051,8K,FDA,RETRIEVAL_CALCULATION,False,0,1,8325,13.023234556845987
llama32_3b,Llama-3.2-3B-Instruct,FRED_0117_16K,FRED_0117,16K,FRED,UNANSWERABLE,True,1,0,16426,14.003693582737847
llama32_3b,Llama-3.2-3B-Instruct,FDA_0017_16K,FDA_0017,16K,FDA,RETRIEVAL_CALCULATION,False,0,1,16450,14.005799963509967
llama32_3b,Llama-3.2-3B-Instruct,CT_0101_32K,CT_0101,32K,CLINICAL_TRIALS,ENTITY_UNIT_BINDING,True,1,0,32737,14.998634499668533
llama32_3b,Llama-3.2-3B-Instruct,CT_0054_64K,CT_0054,64K,CLINICAL_TRIALS,RETRIEVAL_CALCULATION,False,0,1,65176,15.992053192852639
llama32_3b,Llama-3.2-3B-Instruct,SEC_0124_32K,SEC_0124,32K,SEC,UNANSWERABLE,False,0,1,32733,14.99845821189793
llama32_3b,Llama-3.2-3B-Instruct,FRED_0068_64K,FRED_0068,64K,FRED,RETRIEVAL_CALCULATION,False,0,1,64927,15.986530929664388
llama32_3b,Llama-3.2-3B-Instruct,CT_0028_32K,CT_0028,32K,CLINICAL_TRIALS,DIRECT_RETRIEVAL,True,1,0,32753,14.999339435417914
llama32_3b,Llama-3.2-3B-Instruct,SEC_0057_82K,SEC_0057,82K,SEC,RETRIEVAL_CALCULATION,False,0,1,81661,16.317359614100113
llama32_3b,Llama-3.2-3B-Instruct,FDA_0004_64K,FDA_0004,64K,FDA,DIRECT_RETRIEVAL,False,0,1,65071,15.989727104541824
llama32_3b,Llama-3.2-3B-Instruct,FRED_0108_64K,FRED_0108,64K,FRED,UNANSWERABLE,False,0,1,64993,15.987996722165768
llama32_3b,Llama-3.2-3B-Instruct,FRED_0060_64K,FRED_0060,64K,FRED,RETRIEVAL_CALCULATION,False,0,1,65029,15.988795618087984
llama32_3b,Llama-3.2-3B-Instruct,CT_0030_4K,CT_0030,4K,CLINICAL_TRIALS,DIRECT_RETRIEVAL,True,1,0,4298,12.069449767427784
llama32_3b,Llama-3.2-3B-Instruct,CT_0048_16K,CT_0048,16K,CLINICAL_TRIALS,RETRIEVAL_CALCULATION,False,0,1,16406,14.001935913123642
llama32_3b,Llama-3.2-3B-Instruct,FDA_0050_32K,FDA_0050,32K,FDA,RETRIEVAL_CALCULATION,False,0,1,32600,14.992584344005802
llama32_3b,Llama-3.2-3B-Instruct,CT_0073_32K,CT_0073,32K,CLINICAL_TRIALS,RETRIEVAL_CALCULATION,False,0,1,32676,14.995943767764953
llama32_3b,Llama-3.2-3B-Instruct,SEC_0099_64K,SEC_0099,64K,SEC,ENTITY_UNIT_BINDING,True,1,0,65236,15.993380704255898
llama32_3b,Llama-3.2-3B-Instruct,FRED_0099_8K,FRED_0099,8K,FRED,ENTITY_UNIT_BINDING,True,1,0,8280,13.015415052386688
llama32_3b,Llama-3.2-3B-Instruct,FRED_0069_4K,FRED_0069,4K,FRED,RETRIEVAL_CALCULATION,False,0,1,4278,12.062720767165045
llama32_3b,Llama-3.2-3B-Instruct,FDA_0089_4K,FDA_0089,4K,FDA,TEMPORAL_VERSION,True,1,0,4280,12.06339508128851
llama32_3b,Llama-3.2-3B-Instruct,SEC_0068_64K,SEC_0068,64K,SEC,RETRIEVAL_CALCULATION,False,0,1,65323,15.995303428650773
llama32_3b,Llama-3.2-3B-Instruct,CT_0116_16K,CT_0116,16K,CLINICAL_TRIALS,UNANSWERABLE,False,0,1,16448,14.005624549193879
llama32_3b,Llama-3.2-3B-Instruct,FRED_0122_32K,FRED_0122,32K,FRED,UNANSWERABLE,False,0,1,32560,14.99081307915361
llama32_3b,Llama-3.2-3B-Instruct,SEC_0110_8K,SEC_0110,8K,SEC,UNANSWERABLE,True,1,0,8364,13.029977346589579
llama32_3b,Llama-3.2-3B-Instruct,FDA_0025_8K,FDA_0025,8K,FDA,UNANSWERABLE,False,0,1,8330,13.02410078025291
llama32_3b,Llama-3.2-3B-Instruct,FRED_0051_32K,FRED_0051,32K,FRED,RETRIEVAL_CALCULATION,False,0,1,32642,14.99444183458205
llama32_3b,Llama-3.2-3B-Instruct,SEC_0087_64K,SEC_0087,64K,SEC,TEMPORAL_VERSION,False,0,1,65282,15.9943976363975
llama32_3b,Llama-3.2-3B-Instruct,FRED_0032_82K,FRED_0032,82K,FRED,DIRECT_RETRIEVAL,True,1,0,81793,16.319689759422904
llama32_3b,Llama-3.2-3B-Instruct,FDA_0113_32K,FDA_0113,32K,FDA,UNANSWERABLE,False,0,1,32587,14.992008921428289
llama32_3b,Llama-3.2-3B-Instruct,FDA_0069_4K,FDA_0069,4K,FDA,RETRIEVAL_CALCULATION,False,0,1,4232,12.047123912114026
llama32_3b,Llama-3.2-3B-Instruct,FRED_0119_32K,FRED_0119,32K,FRED,UNANSWERABLE,True,1,0,32625,14.993690281231972
llama32_3b,Llama-3.2-3B-Instruct,SEC_0051_4K,SEC_0051,4K,SEC,RETRIEVAL_CALCULATION,False,0,1,4329,12.079818085212354
llama32_3b,Llama-3.2-3B-Instruct,CT_0064_4K,CT_0064,4K,CLINICAL_TRIALS,RETRIEVAL_CALCULATION,False,0,1,4334,12.081483438093674
llama32_3b,Llama-3.2-3B-Instruct,FDA_0102_16K,FDA_0102,16K,FDA,ENTITY_UNIT_BINDING,True,1,0,16448,14.005624549193879
llama32_3b,Llama-3.2-3B-Instruct,SEC_0107_64K,SEC_0107,64K,SEC,UNANSWERABLE,False,0,1,65241,15.993491275087662
llama32_3b,Llama-3.2-3B-Instruct,SEC_0012_8K,SEC_0012,8K,SEC,RETRIEVAL_CALCULATION,False,0,1,8389,13.034283130961896
llama32_3b,Llama-3.2-3B-Instruct,FRED_0005_16K,FRED_0005,16K,FRED,DIRECT_RETRIEVAL,True,1,0,16423,14.003430068771838
llama32_3b,Llama-3.2-3B-Instruct,FRED_0039_82K,FRED_0039,82K,FRED,DIRECT_RETRIEVAL,False,0,1,81753,16.318984052126044
llama32_3b,Llama-3.2-3B-Instruct,CT_0044_8K,CT_0044,8K,CLINICAL_TRIALS,DIRECT_RETRIEVAL,True,1,0,8341,13.026004642978943
llama32_3b,Llama-3.2-3B-Instruct,FRED_0046_32K,FRED_0046,32K,FRED,RETRIEVAL_CALCULATION,False,0,1,32609,14.992982579079195
llama32_3b,Llama-3.2-3B-Instruct,SEC_0027_82K,SEC_0027,82K,SEC,DIRECT_RETRIEVAL,False,0,1,81760,16.319107575824983
llama32_3b,Llama-3.2-3B-Instruct,CT_0124_32K,CT_0124,32K,CLINICAL_TRIALS,UNANSWERABLE,False,0,1,32646,14.994618613781007
llama32_3b,Llama-3.2-3B-Instruct,FRED_0052_8K,FRED_0052,8K,FRED,RETRIEVAL_CALCULATION,False,0,1,8371,13.031184262140842
llama32_3b,Llama-3.2-3B-Instruct,FRED_0034_16K,FRED_0034,16K,FRED,DIRECT_RETRIEVAL,True,1,0,16361,13.997973309427556
llama32_3b,Llama-3.2-3B-Instruct,SEC_0052_82K,SEC_0052,82K,SEC,RETRIEVAL_CALCULATION,False,0,1,81774,16.319354591499057
llama32_3b,Llama-3.2-3B-Instruct,FDA_0117_4K,FDA_0117,4K,FDA,UNANSWERABLE,False,0,1,4248,12.052568050804153
llama32_3b,Llama-3.2-3B-Instruct,FDA_0049_16K,FDA_0049,16K,FDA,RETRIEVAL_CALCULATION,False,0,1,16393,14.000792278469312
llama32_3b,Llama-3.2-3B-Instruct,CT_0025_32K,CT_0025,32K,CLINICAL_TRIALS,UNANSWERABLE,False,0,1,32696,14.996826528020659
llama32_3b,Llama-3.2-3B-Instruct,CT_0031_4K,CT_0031,4K,CLINICAL_TRIALS,DIRECT_RETRIEVAL,True,1,0,4276,12.06204613772049
llama32_3b,Llama-3.2-3B-Instruct,FRED_0001_4K,FRED_0001,4K,FRED,DIRECT_RETRIEVAL,True,1,0,4260,12.056637715113201
llama32_3b,Llama-3.2-3B-Instruct,SEC_0017_32K,SEC_0017,32K,SEC,TEMPORAL_VERSION,True,1,0,32782,15.000616254183969
llama32_3b,Llama-3.2-3B-Instruct,CT_0074_8K,CT_0074,8K,CLINICAL_TRIALS,ENTITY_UNIT_BINDING,True,1,0,8338,13.025485656808389
llama32_3b,Llama-3.2-3B-Instruct,SEC_0081_16K,SEC_0081,16K,SEC,TEMPORAL_VERSION,True,1,0,16421,14.003254366050772
llama32_3b,Llama-3.2-3B-Instruct,SEC_0009_4K,SEC_0009,4K,SEC,RETRIEVAL_CALCULATION,False,0,1,4299,12.069785394983302
llama32_3b,Llama-3.2-3B-Instruct,SEC_0075_32K,SEC_0075,32K,SEC,RETRIEVAL_CALCULATION,False,0,1,32743,14.998898890941275
llama32_3b,Llama-3.2-3B-Instruct,FDA_0048_8K,FDA_0048,8K,FDA,RETRIEVAL_CALCULATION,False,0,1,8296,13.018200178813226
llama32_3b,Llama-3.2-3B-Instruct,CT_0086_16K,CT_0086,16K,CLINICAL_TRIALS,ENTITY_UNIT_BINDING,True,1,0,16453,14.006063045000083
llama32_3b,Llama-3.2-3B-Instruct,SEC_0085_8K,SEC_0085,8K,SEC,TEMPORAL_VERSION,True,1,0,8273,13.014194866814499
llama32_3b,Llama-3.2-3B-Instruct,FRED_0068_16K,FRED_0068,16K,FRED,RETRIEVAL_CALCULATION,False,0,1,16411,14.0023755313252
llama32_3b,Llama-3.2-3B-Instruct,FRED_0030_4K,FRED_0030,4K,FRED,DIRECT_RETRIEVAL,True,1,0,4258,12.055960234452295
llama32_3b,Llama-3.2-3B-Instruct,FDA_0037_82K,FDA_0037,82K,FDA,DIRECT_RETRIEVAL,True,1,0,81781,16.319478083477808
llama32_3b,Llama-3.2-3B-Instruct,SEC_0022_64K,SEC_0022,64K,SEC,UNANSWERABLE,False,0,1,65297,15.994729089781405
llama32_3b,Llama-3.2-3B-Instruct,SEC_0048_4K,SEC_0048,4K,SEC,RETRIEVAL_CALCULATION,False,0,1,4300,12.070120944476823
llama32_3b,Llama-3.2-3B-Instruct,CT_0094_4K,CT_0094,4K,CLINICAL_TRIALS,ENTITY_UNIT_BINDING,True,1,0,4326,12.078817949961978
llama32_3b,Llama-3.2-3B-Instruct,FRED_0091_4K,FRED_0091,4K,FRED,ENTITY_UNIT_BINDING,True,1,0,4269,12.059682447247638
llama32_3b,Llama-3.2-3B-Instruct,CT_0112_82K,CT_0112,82K,CLINICAL_TRIALS,UNANSWERABLE,False,0,1,81790,16.319636843348214
llama32_3b,Llama-3.2-3B-Instruct,SEC_0007_16K,SEC_0007,16K,SEC,ENTITY_UNIT_BINDING,False,0,1,16425,14.003605750097055
llama32_3b,Llama-3.2-3B-Instruct,SEC_0106_82K,SEC_0106,82K,SEC,UNANSWERABLE,False,0,1,81766,16.319213444864147
llama32_3b,Llama-3.2-3B-Instruct,FDA_0091_64K,FDA_0091,64K,FDA,ENTITY_UNIT_BINDING,False,0,1,65045,15.989150540989879
llama32_3b,Llama-3.2-3B-Instruct,CT_0118_32K,CT_0118,32K,CLINICAL_TRIALS,UNANSWERABLE,False,0,1,32668,14.9955905123663
llama32_3b,Llama-3.2-3B-Instruct,FRED_0034_82K,FRED_0034,82K,FRED,DIRECT_RETRIEVAL,True,1,0,81778,16.31942515963842
llama32_3b,Llama-3.2-3B-Instruct,FDA_0090_4K,FDA_0090,4K,FDA,ENTITY_UNIT_BINDING,False,0,1,4289,12.066425600635556
llama32_3b,Llama-3.2-3B-Instruct,SEC_0113_64K,SEC_0113,64K,SEC,UNANSWERABLE,True,1,0,65256,15.993822936745916
llama32_3b,Llama-3.2-3B-Instruct,FRED_0094_16K,FRED_0094,16K,FRED,ENTITY_UNIT_BINDING,False,0,1,16414,14.002639237959455
llama32_3b,Llama-3.2-3B-Instruct,FRED_0055_4K,FRED_0055,4K,FRED,RETRIEVAL_CALCULATION,False,0,1,4275,12.061708704660623
llama32_3b,Llama-3.2-3B-Instruct,SEC_0053_32K,SEC_0053,32K,SEC,RETRIEVAL_CALCULATION,False,0,1,32795,15.001188254604154
llama32_3b,Llama-3.2-3B-Instruct,SEC_0020_8K,SEC_0020,8K,SEC,TEMPORAL_VERSION,False,0,1,8426,13.040632200562253
llama32_3b,Llama-3.2-3B-Instruct,SEC_0008_16K,SEC_0008,16K,SEC,ENTITY_UNIT_BINDING,False,0,1,16474,14.007903273382047
llama32_3b,Llama-3.2-3B-Instruct,FDA_0105_64K,FDA_0105,64K,FDA,ENTITY_UNIT_BINDING,False,0,1,65085,15.99003746642526
llama32_3b,Llama-3.2-3B-Instruct,FDA_0056_4K,FDA_0056,4K,FDA,RETRIEVAL_CALCULATION,False,0,1,4202,12.036860446673046
llama32_3b,Llama-3.2-3B-Instruct,CT_0087_16K,CT_0087,16K,CLINICAL_TRIALS,ENTITY_UNIT_BINDING,True,1,0,16449,14.005712259017955
llama32_3b,Llama-3.2-3B-Instruct,FDA_0094_64K,FDA_0094,64K,FDA,ENTITY_UNIT_BINDING,True,1,0,65095,15.990259112614188
llama32_3b,Llama-3.2-3B-Instruct,FDA_0054_64K,FDA_0054,64K,FDA,RETRIEVAL_CALCULATION,True,1,0,65075,15.989815786178838
llama32_3b,Llama-3.2-3B-Instruct,FRED_0088_16K,FRED_0088,16K,FRED,TEMPORAL_VERSION,False,0,1,16430,14.004044859837437
llama32_3b,Llama-3.2-3B-Instruct,FDA_0044_64K,FDA_0044,64K,FDA,DIRECT_RETRIEVAL,True,1,0,65069,15.98968276167903
llama32_3b,Llama-3.2-3B-Instruct,CT_0081_82K,CT_0081,82K,CLINICAL_TRIALS,ENTITY_UNIT_BINDING,False,0,1,81755,16.319019345690663
llama32_3b,Llama-3.2-3B-Instruct,FRED_0023_16K,FRED_0023,16K,FRED,UNANSWERABLE,True,1,0,16412,14.002463438892535
llama32_3b,Llama-3.2-3B-Instruct,FRED_0120_64K,FRED_0120,64K,FRED,UNANSWERABLE,False,0,1,65001,15.988174292828132
llama32_3b,Llama-3.2-3B-Instruct,CT_0024_16K,CT_0024,16K,CLINICAL_TRIALS,UNANSWERABLE,False,0,1,16395,14.000968281280423
llama32_3b,Llama-3.2-3B-Instruct,CT_0095_8K,CT_0095,8K,CLINICAL_TRIALS,ENTITY_UNIT_BINDING,True,1,0,8343,13.026350530067843
llama32_3b,Llama-3.2-3B-Instruct,FDA_0092_64K,FDA_0092,64K,FDA,ENTITY_UNIT_BINDING,False,0,1,65052,15.989305792306912
llama32_3b,Llama-3.2-3B-Instruct,FDA_0110_4K,FDA_0110,4K,FDA,UNANSWERABLE,False,0,1,4260,12.056637715113201
llama32_3b,Llama-3.2-3B-Instruct,SEC_0018_4K,SEC_0018,4K,SEC,TEMPORAL_VERSION,True,1,0,4207,12.03857610276879
llama32_3b,Llama-3.2-3B-Instruct,FRED_0097_82K,FRED_0097,82K,FRED,ENTITY_UNIT_BINDING,True,1,0,81723,16.318454545021485
llama32_3b,Llama-3.2-3B-Instruct,CT_0096_16K,CT_0096,16K,CLINICAL_TRIALS,ENTITY_UNIT_BINDING,True,1,0,16457,14.006413745710626
llama32_3b,Llama-3.2-3B-Instruct,CT_0108_82K,CT_0108,82K,CLINICAL_TRIALS,UNANSWERABLE,False,0,1,81795,16.319725035727792
llama32_3b,Llama-3.2-3B-Instruct,FRED_0113_64K,FRED_0113,64K,FRED,UNANSWERABLE,False,0,1,64999,15.988129902211485
llama32_3b,Llama-3.2-3B-Instruct,FRED_0011_16K,FRED_0011,16K,FRED,RETRIEVAL_CALCULATION,False,0,1,16504,14.010528105886484
llama32_3b,Llama-3.2-3B-Instruct,SEC_0107_8K,SEC_0107,8K,SEC,UNANSWERABLE,True,1,0,8386,13.03376711484639
llama32_3b,Llama-3.2-3B-Instruct,FRED_0039_32K,FRED_0039,32K,FRED,DIRECT_RETRIEVAL,False,0,1,32651,14.994839557322626
llama32_3b,Llama-3.2-3B-Instruct,FDA_0073_4K,FDA_0073,4K,FDA,RETRIEVAL_CALCULATION,False,0,1,4259,12.056299014550337
llama32_3b,Llama-3.2-3B-Instruct,FRED_0040_8K,FRED_0040,8K,FRED,DIRECT_RETRIEVAL,True,1,0,8327,13.023581108623029
llama32_3b,Llama-3.2-3B-Instruct,FDA_0105_4K,FDA_0105,4K,FDA,ENTITY_UNIT_BINDING,True,1,0,4289,12.066425600635556
llama32_3b,Llama-3.2-3B-Instruct,CT_0102_4K,CT_0102,4K,CLINICAL_TRIALS,ENTITY_UNIT_BINDING,True,1,0,4324,12.07815080773465
llama32_3b,Llama-3.2-3B-Instruct,FRED_0080_16K,FRED_0080,16K,FRED,TEMPORAL_VERSION,True,1,0,16391,14.000616254183969
llama32_3b,Llama-3.2-3B-Instruct,SEC_0084_8K,SEC_0084,8K,SEC,TEMPORAL_VERSION,True,1,0,8378,13.032390168866524
llama32_3b,Llama-3.2-3B-Instruct,SEC_0124_64K,SEC_0124,64K,SEC,UNANSWERABLE,False,0,1,65308,15.994972107207802
llama32_3b,Llama-3.2-3B-Instruct,SEC_0053_8K,SEC_0053,8K,SEC,RETRIEVAL_CALCULATION,False,0,1,8329,13.02392757717438
llama32_3b,Llama-3.2-3B-Instruct,FRED_0012_64K,FRED_0012,64K,FRED,RETRIEVAL_CALCULATION,False,0,1,64974,15.987574904227795
llama32_3b,Llama-3.2-3B-Instruct,SEC_0095_82K,SEC_0095,82K,SEC,ENTITY_UNIT_BINDING,False,0,1,81747,16.318878166251434
llama32_3b,Llama-3.2-3B-Instruct,FRED_0046_64K,FRED_0046,64K,FRED,RETRIEVAL_CALCULATION,False,0,1,64989,15.987907928637965
llama32_3b,Llama-3.2-3B-Instruct,FDA_0118_64K,FDA_0118,64K,FDA,UNANSWERABLE,False,0,1,65075,15.989815786178838
llama32_3b,Llama-3.2-3B-Instruct,SEC_0026_8K,SEC_0026,8K,SEC,DIRECT_RETRIEVAL,False,0,1,8380,13.032734528586714
llama32_3b,Llama-3.2-3B-Instruct,FRED_0011_32K,FRED_0011,32K,FRED,RETRIEVAL_CALCULATION,False,0,1,32697,14.996870651857797
llama32_3b,Llama-3.2-3B-Instruct,CT_0074_82K,CT_0074,82K,CLINICAL_TRIALS,ENTITY_UNIT_BINDING,True,1,0,81775,16.319372233857504
llama32_3b,Llama-3.2-3B-Instruct,FRED_0124_32K,FRED_0124,32K,FRED,UNANSWERABLE,True,1,0,32628,14.993822936745916
llama32_3b,Llama-3.2-3B-Instruct,CT_0023_8K,CT_0023,8K,CLINICAL_TRIALS,UNANSWERABLE,False,0,1,8334,13.024793384702548
llama32_3b,Llama-3.2-3B-Instruct,FDA_0092_16K,FDA_0092,16K,FDA,ENTITY_UNIT_BINDING,False,0,1,16448,14.005624549193879
llama32_3b,Llama-3.2-3B-Instruct,FDA_0048_32K,FDA_0048,32K,FDA,RETRIEVAL_CALCULATION,True,1,0,32590,14.992141731625926
llama32_3b,Llama-3.2-3B-Instruct,FRED_0028_16K,FRED_0028,16K,FRED,DIRECT_RETRIEVAL,True,1,0,16457,14.006413745710626
llama32_3b,Llama-3.2-3B-Instruct,CT_0053_16K,CT_0053,16K,CLINICAL_TRIALS,RETRIEVAL_CALCULATION,False,0,1,16384,14.0
llama32_3b,Llama-3.2-3B-Instruct,CT_0013_82K,CT_0013,82K,CLINICAL_TRIALS,RETRIEVAL_CALCULATION,False,0,1,81732,16.31861341755987
llama32_3b,Llama-3.2-3B-Instruct,FRED_0098_82K,FRED_0098,82K,FRED,ENTITY_UNIT_BINDING,False,0,1,81737,16.318701672522057
llama32_3b,Llama-3.2-3B-Instruct,SEC_0101_32K,SEC_0101,32K,SEC,ENTITY_UNIT_BINDING,True,1,0,32764,14.999823879015725
llama32_3b,Llama-3.2-3B-Instruct,FDA_0079_4K,FDA_0079,4K,FDA,TEMPORAL_VERSION,True,1,0,4281,12.063732120196919
llama32_3b,Llama-3.2-3B-Instruct,CT_0024_64K,CT_0024,64K,CLINICAL_TRIALS,UNANSWERABLE,False,0,1,65113,15.99065798996276
llama32_3b,Llama-3.2-3B-Instruct,FRED_0008_8K,FRED_0008,8K,FRED,ENTITY_UNIT_BINDING,True,1,0,8315,13.02150054817463
llama32_3b,Llama-3.2-3B-Instruct,CT_0108_4K,CT_0108,4K,CLINICAL_TRIALS,UNANSWERABLE,False,0,1,4226,12.04507705193494
llama32_3b,Llama-3.2-3B-Instruct,CT_0082_64K,CT_0082,64K,CLINICAL_TRIALS,ENTITY_UNIT_BINDING,False,0,1,65154,15.991566132449032
llama32_3b,Llama-3.2-3B-Instruct,FRED_0029_64K,FRED_0029,64K,FRED,DIRECT_RETRIEVAL,True,1,0,64917,15.986308709917038
llama32_3b,Llama-3.2-3B-Instruct,SEC_0038_64K,SEC_0038,64K,SEC,DIRECT_RETRIEVAL,False,0,1,65227,15.993181655400843
llama32_3b,Llama-3.2-3B-Instruct,CT_0030_82K,CT_0030,82K,CLINICAL_TRIALS,DIRECT_RETRIEVAL,True,1,0,81795,16.319725035727792
llama32_3b,Llama-3.2-3B-Instruct,SEC_0002_64K,SEC_0002,64K,SEC,DIRECT_RETRIEVAL,True,1,0,65236,15.993380704255898
llama32_3b,Llama-3.2-3B-Instruct,FDA_0018_16K,FDA_0018,16K,FDA,TEMPORAL_VERSION,True,1,0,16423,14.003430068771838
llama32_3b,Llama-3.2-3B-Instruct,SEC_0035_64K,SEC_0035,64K,SEC,DIRECT_RETRIEVAL,False,0,1,65298,15.994751183966342
llama32_3b,Llama-3.2-3B-Instruct,FRED_0006_82K,FRED_0006,82K,FRED,ENTITY_UNIT_BINDING,True,1,0,81754,16.31900169901628
llama32_3b,Llama-3.2-3B-Instruct,SEC_0019_4K,SEC_0019,4K,SEC,TEMPORAL_VERSION,True,1,0,4348,12.086136225027309
llama32_3b,Llama-3.2-3B-Instruct,SEC_0100_8K,SEC_0100,8K,SEC,ENTITY_UNIT_BINDING,False,0,1,8322,13.022714573044759
llama32_3b,Llama-3.2-3B-Instruct,FDA_0080_8K,FDA_0080,8K,FDA,TEMPORAL_VERSION,True,1,0,8310,13.020632761657707
llama32_3b,Llama-3.2-3B-Instruct,FRED_0117_8K,FRED_0117,8K,FRED,UNANSWERABLE,True,1,0,8329,13.02392757717438
llama32_3b,Llama-3.2-3B-Instruct,FDA_0121_4K,FDA_0121,4K,FDA,UNANSWERABLE,False,0,1,4268,12.059344460824425
llama32_3b,Llama-3.2-3B-Instruct,FRED_0025_16K,FRED_0025,16K,FRED,UNANSWERABLE,True,1,0,16393,14.000792278469312
llama32_3b,Llama-3.2-3B-Instruct,FDA_0072_82K,FDA_0072,82K,FDA,RETRIEVAL_CALCULATION,False,0,1,81783,16.31951336495884
llama32_3b,Llama-3.2-3B-Instruct,FRED_0110_64K,FRED_0110,64K,FRED,UNANSWERABLE,False,0,1,64976,15.987619311924325
llama32_3b,Llama-3.2-3B-Instruct,FDA_0039_32K,FDA_0039,32K,FDA,DIRECT_RETRIEVAL,True,1,0,32629,14.993867152540114
llama32_3b,Llama-3.2-3B-Instruct,FDA_0080_16K,FDA_0080,16K,FDA,TEMPORAL_VERSION,True,1,0,16390,14.000528233986822
llama32_3b,Llama-3.2-3B-Instruct,SEC_0120_8K,SEC_0120,8K,SEC,UNANSWERABLE,True,1,0,8276,13.014717929860009
llama32_3b,Llama-3.2-3B-Instruct,FDA_0066_64K,FDA_0066,64K,FDA,RETRIEVAL_CALCULATION,False,0,1,65108,15.990547201761041
llama32_3b,Llama-3.2-3B-Instruct,FDA_0035_4K,FDA_0035,4K,FDA,DIRECT_RETRIEVAL,True,1,0,4261,12.05697633617822
llama32_3b,Llama-3.2-3B-Instruct,SEC_0031_16K,SEC_0031,16K,SEC,DIRECT_RETRIEVAL,False,0,1,16523,14.012188033146051
llama32_3b,Llama-3.2-3B-Instruct,FDA_0088_16K,FDA_0088,16K,FDA,TEMPORAL_VERSION,False,0,1,16435,14.004483835967672
llama32_3b,Llama-3.2-3B-Instruct,CT_0047_16K,CT_0047,16K,CLINICAL_TRIALS,RETRIEVAL_CALCULATION,False,0,1,16456,14.006326078524934
llama32_3b,Llama-3.2-3B-Instruct,FDA_0093_4K,FDA_0093,4K,FDA,ENTITY_UNIT_BINDING,False,0,1,4284,12.064742764750257
llama32_3b,Llama-3.2-3B-Instruct,FDA_0010_32K,FDA_0010,32K,FDA,RETRIEVAL_CALCULATION,True,1,0,32635,14.994132418851395
llama32_3b,Llama-3.2-3B-Instruct,SEC_0052_4K,SEC_0052,4K,SEC,RETRIEVAL_CALCULATION,False,0,1,4333,12.08115052127187
llama32_3b,Llama-3.2-3B-Instruct,FRED_0038_32K,FRED_0038,32K,FRED,DIRECT_RETRIEVAL,True,1,0,32584,14.991876099003415
llama32_3b,Llama-3.2-3B-Instruct,FRED_0092_16K,FRED_0092,16K,FRED,ENTITY_UNIT_BINDING,False,0,1,16454,14.00615072817031
llama32_3b,Llama-3.2-3B-Instruct,FDA_0083_8K,FDA_0083,8K,FDA,TEMPORAL_VERSION,True,1,0,8311,13.020806360724265
llama32_3b,Llama-3.2-3B-Instruct,FRED_0110_32K,FRED_0110,32K,FRED,UNANSWERABLE,True,1,0,32625,14.993690281231972
llama32_3b,Llama-3.2-3B-Instruct,FRED_0021_32K,FRED_0021,32K,FRED,UNANSWERABLE,False,0,1,32568,14.99116750614001
llama32_3b,Llama-3.2-3B-Instruct,SEC_0096_4K,SEC_0096,4K,SEC,ENTITY_UNIT_BINDING,False,0,1,4283,12.064405961891042
llama32_3b,Llama-3.2-3B-Instruct,FRED_0054_4K,FRED_0054,4K,FRED,RETRIEVAL_CALCULATION,False,0,1,4293,12.067770457447823
llama32_3b,Llama-3.2-3B-Instruct,CT_0093_4K,CT_0093,4K,CLINICAL_TRIALS,ENTITY_UNIT_BINDING,True,1,0,4321,12.077149515589733
llama32_3b,Llama-3.2-3B-Instruct,FRED_0104_64K,FRED_0104,64K,FRED,ENTITY_UNIT_BINDING,True,1,0,64894,15.985797474562752
llama32_3b,Llama-3.2-3B-Instruct,FRED_0002_82K,FRED_0002,82K,FRED,DIRECT_RETRIEVAL,False,0,1,81798,16.319777948567868
llama32_3b,Llama-3.2-3B-Instruct,CT_0075_4K,CT_0075,4K,CLINICAL_TRIALS,ENTITY_UNIT_BINDING,True,1,0,4276,12.06204613772049
llama32_3b,Llama-3.2-3B-Instruct,CT_0055_16K,CT_0055,16K,CLINICAL_TRIALS,RETRIEVAL_CALCULATION,False,0,1,16429,14.003957048580775
llama32_3b,Llama-3.2-3B-Instruct,SEC_0103_8K,SEC_0103,8K,SEC,ENTITY_UNIT_BINDING,False,0,1,8374,13.031701202740303
llama32_3b,Llama-3.2-3B-Instruct,FDA_0122_16K,FDA_0122,16K,FDA,UNANSWERABLE,False,0,1,16396,14.001056274634779
llama32_3b,Llama-3.2-3B-Instruct,CT_0061_82K,CT_0061,82K,CLINICAL_TRIALS,RETRIEVAL_CALCULATION,False,0,1,81622,16.31667044122033
llama32_3b,Llama-3.2-3B-Instruct,FRED_0106_32K,FRED_0106,32K,FRED,UNANSWERABLE,False,0,1,32596,14.992407315348498
llama32_3b,Llama-3.2-3B-Instruct,CT_0059_64K,CT_0059,64K,CLINICAL_TRIALS,RETRIEVAL_CALCULATION,False,0,1,65183,15.992208132140236
llama32_3b,Llama-3.2-3B-Instruct,FDA_0112_64K,FDA_0112,64K,FDA,UNANSWERABLE,False,0,1,65064,15.989571898558868
llama32_3b,Llama-3.2-3B-Instruct,SEC_0013_82K,SEC_0013,82K,SEC,RETRIEVAL_CALCULATION,False,0,1,81750,16.318931110160168
llama32_3b,Llama-3.2-3B-Instruct,FRED_0021_64K,FRED_0021,64K,FRED,UNANSWERABLE,False,0,1,65009,15.988351841637327
llama32_3b,Llama-3.2-3B-Instruct,FRED_0026_8K,FRED_0026,8K,FRED,DIRECT_RETRIEVAL,True,1,0,8350,13.027560482248777
llama32_3b,Llama-3.2-3B-Instruct,FDA_0109_64K,FDA_0109,64K,FDA,UNANSWERABLE,False,0,1,65063,15.989549724912493
llama32_3b,Llama-3.2-3B-Instruct,FDA_0042_82K,FDA_0042,82K,FDA,DIRECT_RETRIEVAL,True,1,0,81763,16.319160511315687
llama32_3b,Llama-3.2-3B-Instruct,FDA_0102_8K,FDA_0102,8K,FDA,ENTITY_UNIT_BINDING,True,1,0,8320,13.022367813028454
llama32_3b,Llama-3.2-3B-Instruct,FRED_0109_82K,FRED_0109,82K,FRED,UNANSWERABLE,True,1,0,81724,16.318472198389742
llama32_3b,Llama-3.2-3B-Instruct,SEC_0040_4K,SEC_0040,4K,SEC,DIRECT_RETRIEVAL,True,1,0,4312,12.074141462752506
llama32_3b,Llama-3.2-3B-Instruct,CT_0117_64K,CT_0117,64K,CLINICAL_TRIALS,UNANSWERABLE,False,0,1,65198,15.992540088877933
llama32_3b,Llama-3.2-3B-Instruct,FRED_0066_8K,FRED_0066,8K,FRED,RETRIEVAL_CALCULATION,False,0,1,8354,13.028251428162793
llama32_3b,Llama-3.2-3B-Instruct,FRED_0006_32K,FRED_0006,32K,FRED,ENTITY_UNIT_BINDING,False,0,1,32605,14.992805599284342
llama32_3b,Llama-3.2-3B-Instruct,FDA_0008_8K,FDA_0008,8K,FDA,ENTITY_UNIT_BINDING,False,0,1,8342,13.026177596889225
llama32_3b,Llama-3.2-3B-Instruct,CT_0071_64K,CT_0071,64K,CLINICAL_TRIALS,RETRIEVAL_CALCULATION,False,0,1,65255,15.993800828340634
llama32_3b,Llama-3.2-3B-Instruct,FRED_0031_64K,FRED_0031,64K,FRED,DIRECT_RETRIEVAL,False,0,1,64970,15.987486084733778
llama32_3b,Llama-3.2-3B-Instruct,CT_0014_32K,CT_0014,32K,CLINICAL_TRIALS,RETRIEVAL_CALCULATION,False,0,1,32722,14.997973309427556
llama32_3b,Llama-3.2-3B-Instruct,FDA_0067_16K,FDA_0067,16K,FDA,RETRIEVAL_CALCULATION,False,0,1,16462,14.006852001748774
llama32_3b,Llama-3.2-3B-Instruct,FRED_0048_82K,FRED_0048,82K,FRED,RETRIEVAL_CALCULATION,False,0,1,81724,16.318472198389742
llama32_3b,Llama-3.2-3B-Instruct,FDA_0061_8K,FDA_0061,8K,FDA,RETRIEVAL_CALCULATION,False,0,1,8327,13.023581108623029
llama32_3b,Llama-3.2-3B-Instruct,SEC_0036_4K,SEC_0036,4K,SEC,DIRECT_RETRIEVAL,False,0,1,4322,12.077483356859508
llama32_3b,Llama-3.2-3B-Instruct,CT_0043_64K,CT_0043,64K,CLINICAL_TRIALS,DIRECT_RETRIEVAL,True,1,0,65175,15.992031057310282
llama32_3b,Llama-3.2-3B-Instruct,CT_0077_4K,CT_0077,4K,CLINICAL_TRIALS,ENTITY_UNIT_BINDING,True,1,0,4280,12.06339508128851
llama32_3b,Llama-3.2-3B-Instruct,SEC_0081_8K,SEC_0081,8K,SEC,TEMPORAL_VERSION,True,1,0,8271,13.013846052731347
llama32_3b,Llama-3.2-3B-Instruct,CT_0063_4K,CT_0063,4K,CLINICAL_TRIALS,RETRIEVAL_CALCULATION,False,0,1,4323,12.077817120895904
llama32_3b,Llama-3.2-3B-Instruct,CT_0092_4K,CT_0092,4K,CLINICAL_TRIALS,ENTITY_UNIT_BINDING,True,1,0,4325,12.078484417411449
llama32_3b,Llama-3.2-3B-Instruct,FDA_0113_4K,FDA_0113,4K,FDA,UNANSWERABLE,False,0,1,4218,12.042343379793692
llama32_3b,Llama-3.2-3B-Instruct,FDA_0125_4K,FDA_0125,4K,FDA,UNANSWERABLE,False,0,1,4242,12.050528905530555
llama32_3b,Llama-3.2-3B-Instruct,SEC_0046_32K,SEC_0046,32K,SEC,RETRIEVAL_CALCULATION,False,0,1,32678,14.99603206810105
llama32_3b,Llama-3.2-3B-Instruct,FDA_0049_8K,FDA_0049,8K,FDA,RETRIEVAL_CALCULATION,False,0,1,8269,13.013497154291704
llama32_3b,Llama-3.2-3B-Instruct,SEC_0025_82K,SEC_0025,82K,SEC,UNANSWERABLE,False,0,1,81707,16.318172061747568
llama32_3b,Llama-3.2-3B-Instruct,FRED_0004_16K,FRED_0004,16K,FRED,DIRECT_RETRIEVAL,False,0,1,16386,14.000176099486442
llama32_3b,Llama-3.2-3B-Instruct,SEC_0054_16K,SEC_0054,16K,SEC,RETRIEVAL_CALCULATION,False,0,1,16510,14.01105249980062
llama32_3b,Llama-3.2-3B-Instruct,FRED_0010_16K,FRED_0010,16K,FRED,RETRIEVAL_CALCULATION,False,0,1,16458,14.006501407569434
llama32_3b,Llama-3.2-3B-Instruct,FRED_0004_4K,FRED_0004,4K,FRED,DIRECT_RETRIEVAL,False,0,1,4260,12.056637715113201
llama32_3b,Llama-3.2-3B-Instruct,FRED_0115_16K,FRED_0115,16K,FRED,UNANSWERABLE,False,0,1,16388,14.0003521774803
llama32_3b,Llama-3.2-3B-Instruct,SEC_0083_32K,SEC_0083,32K,SEC,TEMPORAL_VERSION,False,0,1,32787,15.000836281185094
llama32_3b,Llama-3.2-3B-Instruct,FRED_0042_16K,FRED_0042,16K,FRED,DIRECT_RETRIEVAL,True,1,0,16417,14.00290289640024
llama32_3b,Llama-3.2-3B-Instruct,CT_0084_4K,CT_0084,4K,CLINICAL_TRIALS,ENTITY_UNIT_BINDING,True,1,0,4294,12.068106475858773
llama32_3b,Llama-3.2-3B-Instruct,SEC_0051_82K,SEC_0051,82K,SEC,RETRIEVAL_CALCULATION,False,0,1,81759,16.319089930229783
llama32_3b,Llama-3.2-3B-Instruct,SEC_0078_82K,SEC_0078,82K,SEC,TEMPORAL_VERSION,False,0,1,81699,16.318030799366305
llama32_3b,Llama-3.2-3B-Instruct,CT_0121_8K,CT_0121,8K,CLINICAL_TRIALS,UNANSWERABLE,False,0,1,8336,13.025139562278508
llama32_3b,Llama-3.2-3B-Instruct,FDA_0117_32K,FDA_0117,32K,FDA,UNANSWERABLE,False,0,1,32642,14.99444183458205
llama32_3b,Llama-3.2-3B-Instruct,CT_0057_64K,CT_0057,64K,CLINICAL_TRIALS,RETRIEVAL_CALCULATION,False,0,1,65170,15.99192037450376
llama32_3b,Llama-3.2-3B-Instruct,FDA_0074_16K,FDA_0074,16K,FDA,RETRIEVAL_CALCULATION,False,0,1,16477,14.008165971639132
llama32_3b,Llama-3.2-3B-Instruct,FRED_0031_16K,FRED_0031,16K,FRED,DIRECT_RETRIEVAL,False,0,1,16396,14.001056274634779
llama32_3b,Llama-3.2-3B-Instruct,FDA_0038_64K,FDA_0038,64K,FDA,DIRECT_RETRIEVAL,True,1,0,65050,15.98926143649252
llama32_3b,Llama-3.2-3B-Instruct,SEC_0068_4K,SEC_0068,4K,SEC,RETRIEVAL_CALCULATION,False,0,1,4290,12.066761932386909
llama32_3b,Llama-3.2-3B-Instruct,FRED_0088_4K,FRED_0088,4K,FRED,TEMPORAL_VERSION,True,1,0,4273,12.061033601681112
llama32_3b,Llama-3.2-3B-Instruct,CT_0099_8K,CT_0099,8K,CLINICAL_TRIALS,ENTITY_UNIT_BINDING,True,1,0,8390,13.034455095327186
llama32_3b,Llama-3.2-3B-Instruct,SEC_0056_4K,SEC_0056,4K,SEC,RETRIEVAL_CALCULATION,False,0,1,4252,12.053925881531105
llama32_3b,Llama-3.2-3B-Instruct,SEC_0042_82K,SEC_0042,82K,SEC,DIRECT_RETRIEVAL,False,0,1,81723,16.318454545021485
llama32_3b,Llama-3.2-3B-Instruct,CT_0077_64K,CT_0077,64K,CLINICAL_TRIALS,ENTITY_UNIT_BINDING,True,1,0,65162,15.991743264349054
llama32_3b,Llama-3.2-3B-Instruct,FDA_0106_82K,FDA_0106,82K,FDA,UNANSWERABLE,False,0,1,81762,16.31914286636793
llama32_3b,Llama-3.2-3B-Instruct,FDA_0108_64K,FDA_0108,64K,FDA,UNANSWERABLE,False,0,1,65008,15.988329649231089
llama32_3b,Llama-3.2-3B-Instruct,FRED_0018_64K,FRED_0018,64K,FRED,TEMPORAL_VERSION,True,1,0,65004,15.98824087619221
llama32_3b,Llama-3.2-3B-Instruct,FDA_0123_8K,FDA_0123,8K,FDA,UNANSWERABLE,False,0,1,8328,13.023754353299417
llama32_3b,Llama-3.2-3B-Instruct,FRED_0094_32K,FRED_0094,32K,FRED,ENTITY_UNIT_BINDING,False,0,1,32604,14.99276135094313
llama32_3b,Llama-3.2-3B-Instruct,SEC_0117_82K,SEC_0117,82K,SEC,UNANSWERABLE,False,0,1,81729,16.31856046199098
llama32_3b,Llama-3.2-3B-Instruct,FDA_0088_4K,FDA_0088,4K,FDA,TEMPORAL_VERSION,True,1,0,4218,12.042343379793692
llama32_3b,Llama-3.2-3B-Instruct,CT_0008_16K,CT_0008,16K,CLINICAL_TRIALS,ENTITY_UNIT_BINDING,True,1,0,16476,14.008078410868256
llama32_3b,Llama-3.2-3B-Instruct,SEC_0057_32K,SEC_0057,32K,SEC,RETRIEVAL_CALCULATION,False,0,1,32715,14.99766465024927
llama32_3b,Llama-3.2-3B-Instruct,SEC_0079_16K,SEC_0079,16K,SEC,TEMPORAL_VERSION,False,0,1,16419,14.003078641928644
llama32_3b,Llama-3.2-3B-Instruct,SEC_0047_8K,SEC_0047,8K,SEC,RETRIEVAL_CALCULATION,False,0,1,8373,13.031528909787223
llama32_3b,Llama-3.2-3B-Instruct,SEC_0003_16K,SEC_0003,16K,SEC,DIRECT_RETRIEVAL,True,1,0,16454,14.00615072817031
llama32_3b,Llama-3.2-3B-Instruct,FRED_0093_32K,FRED_0093,32K,FRED,ENTITY_UNIT_BINDING,False,0,1,32581,14.991743264349054
llama32_3b,Llama-3.2-3B-Instruct,FDA_0020_32K,FDA_0020,32K,FDA,TEMPORAL_VERSION,False,0,1,32639,14.994309235966044
llama32_3b,Llama-3.2-3B-Instruct,CT_0123_4K,CT_0123,4K,CLINICAL_TRIALS,UNANSWERABLE,False,0,1,4278,12.062720767165045
llama32_3b,Llama-3.2-3B-Instruct,CT_0033_82K,CT_0033,82K,CLINICAL_TRIALS,DIRECT_RETRIEVAL,True,1,0,81705,16.318136747448964
llama32_3b,Llama-3.2-3B-Instruct,SEC_0013_64K,SEC_0013,64K,SEC,RETRIEVAL_CALCULATION,False,0,1,65243,15.993535501047656
llama32_3b,Llama-3.2-3B-Instruct,SEC_0106_16K,SEC_0106,16K,SEC,UNANSWERABLE,True,1,0,16437,14.004659389027136
llama32_3b,Llama-3.2-3B-Instruct,CT_0049_4K,CT_0049,4K,CLINICAL_TRIALS,RETRIEVAL_CALCULATION,False,0,1,4219,12.042685372219351
llama32_3b,Llama-3.2-3B-Instruct,FDA_0093_8K,FDA_0093,8K,FDA,ENTITY_UNIT_BINDING,False,0,1,8285,13.016285982108814
llama32_3b,Llama-3.2-3B-Instruct,CT_0061_16K,CT_0061,16K,CLINICAL_TRIALS,RETRIEVAL_CALCULATION,False,0,1,16483,14.008691224693802
llama32_3b,Llama-3.2-3B-Instruct,FDA_0117_64K,FDA_0117,64K,FDA,UNANSWERABLE,False,0,1,65058,15.989438851568329
llama32_3b,Llama-3.2-3B-Instruct,CT_0084_8K,CT_0084,8K,CLINICAL_TRIALS,ENTITY_UNIT_BINDING,False,0,1,8298,13.01854794187165
llama32_3b,Llama-3.2-3B-Instruct,FDA_0042_64K,FDA_0042,64K,FDA,DIRECT_RETRIEVAL,True,1,0,65033,15.988884356999662
llama32_3b,Llama-3.2-3B-Instruct,FDA_0061_64K,FDA_0061,64K,FDA,RETRIEVAL_CALCULATION,False,0,1,65072,15.989749275462133
llama32_3b,Llama-3.2-3B-Instruct,CT_0096_8K,CT_0096,8K,CLINICAL_TRIALS,ENTITY_UNIT_BINDING,True,1,0,8365,13.030149824925715
llama32_3b,Llama-3.2-3B-Instruct,CT_0045_4K,CT_0045,4K,CLINICAL_TRIALS,DIRECT_RETRIEVAL,True,1,0,4290,12.066761932386909
llama32_3b,Llama-3.2-3B-Instruct,SEC_0026_82K,SEC_0026,82K,SEC,DIRECT_RETRIEVAL,False,0,1,81742,16.318789922085692
llama32_3b,Llama-3.2-3B-Instruct,SEC_0054_32K,SEC_0054,32K,SEC,RETRIEVAL_CALCULATION,False,0,1,32780,15.000528233986822
llama32_3b,Llama-3.2-3B-Instruct,SEC_0065_82K,SEC_0065,82K,SEC,RETRIEVAL_CALCULATION,False,0,1,81673,16.317571601077983
llama32_3b,Llama-3.2-3B-Instruct,FDA_0010_4K,FDA_0010,4K,FDA,RETRIEVAL_CALCULATION,False,0,1,4209,12.039261794341055
llama32_3b,Llama-3.2-3B-Instruct,CT_0037_64K,CT_0037,64K,CLINICAL_TRIALS,DIRECT_RETRIEVAL,True,1,0,65128,15.990990303530822
llama32_3b,Llama-3.2-3B-Instruct,CT_0014_16K,CT_0014,16K,CLINICAL_TRIALS,RETRIEVAL_CALCULATION,False,0,1,16451,14.00588766267056
llama32_3b,Llama-3.2-3B-Instruct,FDA_0101_82K,FDA_0101,82K,FDA,ENTITY_UNIT_BINDING,False,0,1,81755,16.319019345690663
llama32_3b,Llama-3.2-3B-Instruct,CT_0067_82K,CT_0067,82K,CLINICAL_TRIALS,RETRIEVAL_CALCULATION,False,0,1,81694,16.317942503353542
llama32_3b,Llama-3.2-3B-Instruct,FDA_0099_82K,FDA_0099,82K,FDA,ENTITY_UNIT_BINDING,True,1,0,81777,16.31940751792718
llama32_3b,Llama-3.2-3B-Instruct,CT_0079_82K,CT_0079,82K,CLINICAL_TRIALS,ENTITY_UNIT_BINDING,False,0,1,81738,16.318719322866645
llama32_3b,Llama-3.2-3B-Instruct,FDA_0102_32K,FDA_0102,32K,FDA,ENTITY_UNIT_BINDING,True,1,0,32633,14.994044002166873
llama32_3b,Llama-3.2-3B-Instruct,CT_0083_82K,CT_0083,82K,CLINICAL_TRIALS,ENTITY_UNIT_BINDING,False,0,1,81764,16.319178156047638
llama32_3b,Llama-3.2-3B-Instruct,FDA_0106_64K,FDA_0106,64K,FDA,UNANSWERABLE,False,0,1,65026,15.988729060322061
llama32_3b,Llama-3.2-3B-Instruct,CT_0061_64K,CT_0061,64K,CLINICAL_TRIALS,RETRIEVAL_CALCULATION,False,0,1,65210,15.992805599284342
llama32_3b,Llama-3.2-3B-Instruct,SEC_0093_32K,SEC_0093,32K,SEC,TEMPORAL_VERSION,True,1,0,32796,15.001232245244363
llama32_3b,Llama-3.2-3B-Instruct,SEC_0090_64K,SEC_0090,64K,SEC,TEMPORAL_VERSION,False,0,1,65306,15.994927925265866
llama32_3b,Llama-3.2-3B-Instruct,SEC_0088_82K,SEC_0088,82K,SEC,TEMPORAL_VERSION,False,0,1,81738,16.318719322866645
llama32_3b,Llama-3.2-3B-Instruct,FDA_0032_8K,FDA_0032,8K,FDA,DIRECT_RETRIEVAL,True,1,0,8265,13.012799104179676
llama32_3b,Llama-3.2-3B-Instruct,FDA_0044_32K,FDA_0044,32K,FDA,DIRECT_RETRIEVAL,True,1,0,32618,14.993380704255898
llama32_3b,Llama-3.2-3B-Instruct,CT_0113_8K,CT_0113,8K,CLINICAL_TRIALS,UNANSWERABLE,False,0,1,8351,13.027733249752831
llama32_3b,Llama-3.2-3B-Instruct,SEC_0123_32K,SEC_0123,32K,SEC,UNANSWERABLE,False,0,1,32770,15.000088052430122
llama32_3b,Llama-3.2-3B-Instruct,SEC_0111_32K,SEC_0111,32K,SEC,UNANSWERABLE,False,0,1,32760,14.99964773652837
llama32_3b,Llama-3.2-3B-Instruct,FDA_0099_8K,FDA_0099,8K,FDA,ENTITY_UNIT_BINDING,True,1,0,8344,13.026523442519766
llama32_3b,Llama-3.2-3B-Instruct,FDA_0124_8K,FDA_0124,8K,FDA,UNANSWERABLE,False,0,1,8318,13.022020969646356
llama32_3b,Llama-3.2-3B-Instruct,FRED_0110_82K,FRED_0110,82K,FRED,UNANSWERABLE,True,1,0,81750,16.318931110160168
llama32_3b,Llama-3.2-3B-Instruct,SEC_0098_32K,SEC_0098,32K,SEC,ENTITY_UNIT_BINDING,False,0,1,32778,15.000440208419151
llama32_3b,Llama-3.2-3B-Instruct,SEC_0101_64K,SEC_0101,64K,SEC,ENTITY_UNIT_BINDING,False,0,1,65244,15.993557613519258
llama32_3b,Llama-3.2-3B-Instruct,CT_0074_64K,CT_0074,64K,CLINICAL_TRIALS,ENTITY_UNIT_BINDING,True,1,0,65184,15.992230264965889
llama32_3b,Llama-3.2-3B-Instruct,FRED_0075_8K,FRED_0075,8K,FRED,TEMPORAL_VERSION,False,0,1,8284,13.016111838220512
llama32_3b,Llama-3.2-3B-Instruct,FDA_0110_32K,FDA_0110,32K,FDA,UNANSWERABLE,False,0,1,32647,14.99466280519635
llama32_3b,Llama-3.2-3B-Instruct,SEC_0038_8K,SEC_0038,8K,SEC,DIRECT_RETRIEVAL,False,0,1,8361,13.029459787824965
llama32_3b,Llama-3.2-3B-Instruct,FRED_0018_16K,FRED_0018,16K,FRED,TEMPORAL_VERSION,False,0,1,16436,14.004571615167656
llama32_3b,Llama-3.2-3B-Instruct,SEC_0069_8K,SEC_0069,8K,SEC,RETRIEVAL_CALCULATION,False,0,1,8392,13.034798962577268
llama32_3b,Llama-3.2-3B-Instruct,FRED_0058_4K,FRED_0058,4K,FRED,RETRIEVAL_CALCULATION,False,0,1,4282,12.06406908038551
llama32_3b,Llama-3.2-3B-Instruct,CT_0023_16K,CT_0023,16K,CLINICAL_TRIALS,UNANSWERABLE,False,0,1,16397,14.00114426262254
llama32_3b,Llama-3.2-3B-Instruct,FRED_0050_82K,FRED_0050,82K,FRED,RETRIEVAL_CALCULATION,True,1,0,81755,16.319019345690663
llama32_3b,Llama-3.2-3B-Instruct,CT_0048_64K,CT_0048,64K,CLINICAL_TRIALS,RETRIEVAL_CALCULATION,False,0,1,65085,15.99003746642526
llama32_3b,Llama-3.2-3B-Instruct,FRED_0061_82K,FRED_0061,82K,FRED,RETRIEVAL_CALCULATION,False,0,1,81775,16.319372233857504
llama32_3b,Llama-3.2-3B-Instruct,CT_0026_32K,CT_0026,32K,CLINICAL_TRIALS,DIRECT_RETRIEVAL,True,1,0,32685,14.996341076724425
llama32_3b,Llama-3.2-3B-Instruct,FRED_0039_64K,FRED_0039,64K,FRED,DIRECT_RETRIEVAL,True,1,0,65045,15.989150540989879
llama32_3b,Llama-3.2-3B-Instruct,SEC_0101_82K,SEC_0101,82K,SEC,ENTITY_UNIT_BINDING,True,1,0,81724,16.318472198389742
llama32_3b,Llama-3.2-3B-Instruct,SEC_0121_8K,SEC_0121,8K,SEC,UNANSWERABLE,True,1,0,8377,13.03221795817806
llama32_3b,Llama-3.2-3B-Instruct,CT_0053_32K,CT_0053,32K,CLINICAL_TRIALS,RETRIEVAL_CALCULATION,False,0,1,32689,14.996517623368986
llama32_3b,Llama-3.2-3B-Instruct,FRED_0102_16K,FRED_0102,16K,FRED,ENTITY_UNIT_BINDING,True,1,0,16351,13.997091250803301
llama32_3b,Llama-3.2-3B-Instruct,SEC_0103_32K,SEC_0103,32K,SEC,ENTITY_UNIT_BINDING,True,1,0,32774,15.000264141169616
llama32_3b,Llama-3.2-3B-Instruct,CT_0057_82K,CT_0057,82K,CLINICAL_TRIALS,RETRIEVAL_CALCULATION,False,0,1,81730,16.318578114063257
llama32_3b,Llama-3.2-3B-Instruct,SEC_0083_4K,SEC_0083,4K,SEC,TEMPORAL_VERSION,True,1,0,4300,12.070120944476823
llama32_3b,Llama-3.2-3B-Instruct,FRED_0034_32K,FRED_0034,32K,FRED,DIRECT_RETRIEVAL,True,1,0,32580,14.99169898341288
llama32_3b,Llama-3.2-3B-Instruct,FDA_0040_4K,FDA_0040,4K,FDA,DIRECT_RETRIEVAL,True,1,0,4279,12.06305796362349
llama32_3b,Llama-3.2-3B-Instruct,FDA_0118_8K,FDA_0118,8K,FDA,UNANSWERABLE,False,0,1,8331,13.024273962540002
llama32_3b,Llama-3.2-3B-Instruct,CT_0098_82K,CT_0098,82K,CLINICAL_TRIALS,ENTITY_UNIT_BINDING,True,1,0,81755,16.319019345690663
llama32_3b,Llama-3.2-3B-Instruct,FDA_0025_4K,FDA_0025,4K,FDA,UNANSWERABLE,False,0,1,4253,12.054265139625764
llama32_3b,Llama-3.2-3B-Instruct,SEC_0119_8K,SEC_0119,8K,SEC,UNANSWERABLE,True,1,0,8322,13.022714573044759
llama32_3b,Llama-3.2-3B-Instruct,FDA_0082_82K,FDA_0082,82K,FDA,TEMPORAL_VERSION,True,1,0,81747,16.318878166251434
llama32_3b,Llama-3.2-3B-Instruct,FRED_0083_16K,FRED_0083,16K,FRED,TEMPORAL_VERSION,False,0,1,16412,14.002463438892535
llama32_3b,Llama-3.2-3B-Instruct,CT_0090_16K,CT_0090,16K,CLINICAL_TRIALS,ENTITY_UNIT_BINDING,True,1,0,16478,14.008253527096048
llama32_3b,Llama-3.2-3B-Instruct,SEC_0119_16K,SEC_0119,16K,SEC,UNANSWERABLE,True,1,0,16407,14.002023847481446
llama32_3b,Llama-3.2-3B-Instruct,SEC_0050_8K,SEC_0050,8K,SEC,RETRIEVAL_CALCULATION,False,0,1,8329,13.02392757717438
llama32_3b,Llama-3.2-3B-Instruct,CT_0123_32K,CT_0123,32K,CLINICAL_TRIALS,UNANSWERABLE,False,0,1,32691,14.996605888590237
llama32_3b,Llama-3.2-3B-Instruct,FRED_0036_8K,FRED_0036,8K,FRED,DIRECT_RETRIEVAL,True,1,0,8299,13.018721791970178
llama32_3b,Llama-3.2-3B-Instruct,CT_0084_32K,CT_0084,32K,CLINICAL_TRIALS,ENTITY_UNIT_BINDING,False,0,1,32645,14.994574421011988
llama32_3b,Llama-3.2-3B-Instruct,SEC_0001_16K,SEC_0001,16K,SEC,DIRECT_RETRIEVAL,True,1,0,16471,14.007640527281902
llama32_3b,Llama-3.2-3B-Instruct,SEC_0033_8K,SEC_0033,8K,SEC,DIRECT_RETRIEVAL,False,0,1,8386,13.03376711484639
llama32_3b,Llama-3.2-3B-Instruct,FDA_0034_82K,FDA_0034,82K,FDA,DIRECT_RETRIEVAL,True,1,0,81765,16.31919580056379
llama32_3b,Llama-3.2-3B-Instruct,CT_0063_16K,CT_0063,16K,CLINICAL_TRIALS,RETRIEVAL_CALCULATION,False,0,1,16477,14.008165971639132
llama32_3b,Llama-3.2-3B-Instruct,CT_0020_82K,CT_0020,82K,CLINICAL_TRIALS,ENTITY_UNIT_BINDING,False,0,1,81720,16.318401583620588
llama32_3b,Llama-3.2-3B-Instruct,SEC_0030_82K,SEC_0030,82K,SEC,DIRECT_RETRIEVAL,False,0,1,81671,16.31753627207806
llama32_3b,Llama-3.2-3B-Instruct,FDA_0115_32K,FDA_0115,32K,FDA,UNANSWERABLE,False,0,1,32648,14.9947069952581
llama32_3b,Llama-3.2-3B-Instruct,CT_0093_8K,CT_0093,8K,CLINICAL_TRIALS,ENTITY_UNIT_BINDING,True,1,0,8379,13.032562359001107
llama32_3b,Llama-3.2-3B-Instruct,FDA_0043_32K,FDA_0043,32K,FDA,DIRECT_RETRIEVAL,True,1,0,32655,14.995016287796725
llama32_3b,Llama-3.2-3B-Instruct,SEC_0008_64K,SEC_0008,64K,SEC,ENTITY_UNIT_BINDING,True,1,0,65228,15.993203773296528
llama32_3b,Llama-3.2-3B-Instruct,SEC_0117_8K,SEC_0117,8K,SEC,UNANSWERABLE,True,1,0,8361,13.029459787824965
llama32_3b,Llama-3.2-3B-Instruct,CT_0103_16K,CT_0103,16K,CLINICAL_TRIALS,ENTITY_UNIT_BINDING,True,1,0,16505,14.010615518109898
llama32_3b,Llama-3.2-3B-Instruct,SEC_0028_16K,SEC_0028,16K,SEC,DIRECT_RETRIEVAL,False,0,1,16434,14.004396051426534
llama32_3b,Llama-3.2-3B-Instruct,SEC_0069_64K,SEC_0069,64K,SEC,RETRIEVAL_CALCULATION,False,0,1,65318,15.995192996623953
llama32_3b,Llama-3.2-3B-Instruct,FDA_0070_8K,FDA_0070,8K,FDA,RETRIEVAL_CALCULATION,False,0,1,8299,13.018721791970178
llama32_3b,Llama-3.2-3B-Instruct,SEC_0008_8K,SEC_0008,8K,SEC,ENTITY_UNIT_BINDING,False,0,1,8329,13.02392757717438
llama32_3b,Llama-3.2-3B-Instruct,FRED_0017_82K,FRED_0017,82K,FRED,TEMPORAL_VERSION,True,1,0,81768,16.319248732817503
llama32_3b,Llama-3.2-3B-Instruct,CT_0044_16K,CT_0044,16K,CLINICAL_TRIALS,DIRECT_RETRIEVAL,True,1,0,16436,14.004571615167656
llama32_3b,Llama-3.2-3B-Instruct,FRED_0048_4K,FRED_0048,4K,FRED,RETRIEVAL_CALCULATION,False,0,1,4294,12.068106475858773
llama32_3b,Llama-3.2-3B-Instruct,FRED_0027_32K,FRED_0027,32K,FRED,DIRECT_RETRIEVAL,False,0,1,32606,14.99284984626847
llama32_3b,Llama-3.2-3B-Instruct,CT_0046_32K,CT_0046,32K,CLINICAL_TRIALS,RETRIEVAL_CALCULATION,False,0,1,32670,14.995678834325425
llama32_3b,Llama-3.2-3B-Instruct,FDA_0103_8K,FDA_0103,8K,FDA,ENTITY_UNIT_BINDING,True,1,0,8342,13.026177596889225
llama32_3b,Llama-3.2-3B-Instruct,FDA_0051_32K,FDA_0051,32K,FDA,RETRIEVAL_CALCULATION,False,0,1,32614,14.993203773296528
llama32_3b,Llama-3.2-3B-Instruct,FRED_0055_82K,FRED_0055,82K,FRED,RETRIEVAL_CALCULATION,False,0,1,81791,16.319654482255434
llama32_3b,Llama-3.2-3B-Instruct,SEC_0031_82K,SEC_0031,82K,SEC,DIRECT_RETRIEVAL,False,0,1,81769,16.31926637647051
llama32_3b,Llama-3.2-3B-Instruct,FDA_0079_16K,FDA_0079,16K,FDA,TEMPORAL_VERSION,False,0,1,16381,13.999735810460262
llama32_3b,Llama-3.2-3B-Instruct,FRED_0060_16K,FRED_0060,16K,FRED,RETRIEVAL_CALCULATION,False,0,1,16471,14.007640527281902
llama32_3b,Llama-3.2-3B-Instruct,FRED_0099_4K,FRED_0099,4K,FRED,ENTITY_UNIT_BINDING,True,1,0,4215,12.041316915829444
llama32_3b,Llama-3.2-3B-Instruct,FDA_0007_32K,FDA_0007,32K,FDA,ENTITY_UNIT_BINDING,False,0,1,32628,14.993822936745916
llama32_3b,Llama-3.2-3B-Instruct,SEC_0076_16K,SEC_0076,16K,SEC,RETRIEVAL_CALCULATION,False,0,1,16512,14.011227255423254
llama32_3b,Llama-3.2-3B-Instruct,FRED_0042_82K,FRED_0042,82K,FRED,DIRECT_RETRIEVAL,True,1,0,81736,16.318684021961523
llama32_3b,Llama-3.2-3B-Instruct,SEC_0083_16K,SEC_0083,16K,SEC,TEMPORAL_VERSION,True,1,0,16452,14.005975356500382
llama32_3b,Llama-3.2-3B-Instruct,SEC_0046_4K,SEC_0046,4K,SEC,RETRIEVAL_CALCULATION,False,0,1,4260,12.056637715113201
llama32_3b,Llama-3.2-3B-Instruct,FRED_0083_82K,FRED_0083,82K,FRED,TEMPORAL_VERSION,False,0,1,81777,16.31940751792718
llama32_3b,Llama-3.2-3B-Instruct,SEC_0123_82K,SEC_0123,82K,SEC,UNANSWERABLE,False,0,1,81651,16.317182934487754
llama32_3b,Llama-3.2-3B-Instruct,FDA_0056_32K,FDA_0056,32K,FDA,RETRIEVAL_CALCULATION,True,1,0,32625,14.993690281231972
llama32_3b,Llama-3.2-3B-Instruct,FRED_0041_64K,FRED_0041,64K,FRED,DIRECT_RETRIEVAL,True,1,0,65002,15.988196487624267
llama32_3b,Llama-3.2-3B-Instruct,FRED_0049_64K,FRED_0049,64K,FRED,RETRIEVAL_CALCULATION,False,0,1,64938,15.986775331858786
llama32_3b,Llama-3.2-3B-Instruct,SEC_0019_8K,SEC_0019,8K,SEC,TEMPORAL_VERSION,True,1,0,8343,13.026350530067843
llama32_3b,Llama-3.2-3B-Instruct,FRED_0047_32K,FRED_0047,32K,FRED,RETRIEVAL_CALCULATION,False,0,1,32662,14.995325514041804
llama32_3b,Llama-3.2-3B-Instruct,FDA_0020_8K,FDA_0020,8K,FDA,TEMPORAL_VERSION,True,1,0,8259,13.011751395316717
llama32_3b,Llama-3.2-3B-Instruct,FRED_0114_82K,FRED_0114,82K,FRED,UNANSWERABLE,False,0,1,81759,16.319089930229783
llama32_3b,Llama-3.2-3B-Instruct,CT_0108_8K,CT_0108,8K,CLINICAL_TRIALS,UNANSWERABLE,False,0,1,8346,13.026869205263395
llama32_3b,Llama-3.2-3B-Instruct,FDA_0019_82K,FDA_0019,82K,FDA,TEMPORAL_VERSION,False,0,1,81731,16.31859576591955
llama32_3b,Llama-3.2-3B-Instruct,FRED_0014_8K,FRED_0014,8K,FRED,RETRIEVAL_CALCULATION,False,0,1,8332,13.024447124040647
llama32_3b,Llama-3.2-3B-Instruct,CT_0106_82K,CT_0106,82K,CLINICAL_TRIALS,UNANSWERABLE,False,0,1,81656,16.317271276998564
llama32_3b,Llama-3.2-3B-Instruct,FDA_0029_4K,FDA_0029,4K,FDA,DIRECT_RETRIEVAL,True,1,0,4272,12.060695931687555
llama32_3b,Llama-3.2-3B-Instruct,CT_0081_8K,CT_0081,8K,CLINICAL_TRIALS,ENTITY_UNIT_BINDING,True,1,0,8374,13.031701202740303
llama32_3b,Llama-3.2-3B-Instruct,CT_0022_64K,CT_0022,64K,CLINICAL_TRIALS,UNANSWERABLE,False,0,1,65148,15.99143326925044
llama32_3b,Llama-3.2-3B-Instruct,FDA_0108_8K,FDA_0108,8K,FDA,UNANSWERABLE,False,0,1,8335,13.02496648387378
llama32_3b,Llama-3.2-3B-Instruct,FRED_0071_16K,FRED_0071,16K,FRED,RETRIEVAL_CALCULATION,False,0,1,16461,14.00676436119103
llama32_3b,Llama-3.2-3B-Instruct,FDA_0081_8K,FDA_0081,8K,FDA,TEMPORAL_VERSION,True,1,0,8330,13.02410078025291
llama32_3b,Llama-3.2-3B-Instruct,CT_0097_4K,CT_0097,4K,CLINICAL_TRIALS,ENTITY_UNIT_BINDING,True,1,0,4355,12.088457003486226
llama32_3b,Llama-3.2-3B-Instruct,SEC_0075_64K,SEC_0075,64K,SEC,RETRIEVAL_CALCULATION,False,0,1,65276,15.994265033718973
llama32_3b,Llama-3.2-3B-Instruct,CT_0030_32K,CT_0030,32K,CLINICAL_TRIALS,DIRECT_RETRIEVAL,True,1,0,32659,14.995192996623953
llama32_3b,Llama-3.2-3B-Instruct,FRED_0064_32K,FRED_0064,32K,FRED,RETRIEVAL_CALCULATION,False,0,1,32574,14.99143326925044
llama32_3b,Llama-3.2-3B-Instruct,CT_0005_32K,CT_0005,32K,CLINICAL_TRIALS,DIRECT_RETRIEVAL,True,1,0,32694,14.996738276297684
llama32_3b,Llama-3.2-3B-Instruct,FRED_0043_8K,FRED_0043,8K,FRED,DIRECT_RETRIEVAL,True,1,0,8345,13.02669633424996
llama32_3b,Llama-3.2-3B-Instruct,FDA_0058_4K,FDA_0058,4K,FDA,RETRIEVAL_CALCULATION,False,0,1,4249,12.052907628313287
llama32_3b,Llama-3.2-3B-Instruct,SEC_0075_8K,SEC_0075,8K,SEC,RETRIEVAL_CALCULATION,False,0,1,8393,13.034970865471827
llama32_3b,Llama-3.2-3B-Instruct,SEC_0069_32K,SEC_0069,32K,SEC,RETRIEVAL_CALCULATION,False,0,1,32798,15.001320222500901
llama32_3b,Llama-3.2-3B-Instruct,FDA_0115_82K,FDA_0115,82K,FDA,UNANSWERABLE,False,0,1,81747,16.318878166251434
llama32_3b,Llama-3.2-3B-Instruct,FDA_0065_64K,FDA_0065,64K,FDA,RETRIEVAL_CALCULATION,False,0,1,65147,15.99141112419436
llama32_3b,Llama-3.2-3B-Instruct,CT_0042_64K,CT_0042,64K,CLINICAL_TRIALS,DIRECT_RETRIEVAL,True,1,0,65102,15.99041424468783
llama32_3b,Llama-3.2-3B-Instruct,FRED_0106_64K,FRED_0106,64K,FRED,UNANSWERABLE,False,0,1,64997,15.988085510228933
llama32_3b,Llama-3.2-3B-Instruct,SEC_0037_4K,SEC_0037,4K,SEC,DIRECT_RETRIEVAL,True,1,0,4226,12.04507705193494
llama32_3b,Llama-3.2-3B-Instruct,SEC_0004_8K,SEC_0004,8K,SEC,DIRECT_RETRIEVAL,False,0,1,8328,13.023754353299417
llama32_3b,Llama-3.2-3B-Instruct,FRED_0045_4K,FRED_0045,4K,FRED,DIRECT_RETRIEVAL,True,1,0,4235,12.04814625421956
llama32_3b,Llama-3.2-3B-Instruct,FRED_0077_64K,FRED_0077,64K,FRED,TEMPORAL_VERSION,False,0,1,65042,15.98908399959645
llama32_3b,Llama-3.2-3B-Instruct,FDA_0100_64K,FDA_0100,64K,FDA,ENTITY_UNIT_BINDING,True,1,0,65116,15.990724458800322
llama32_3b,Llama-3.2-3B-Instruct,SEC_0070_32K,SEC_0070,32K,SEC,RETRIEVAL_CALCULATION,False,0,1,32805,15.001628100656612
llama32_3b,Llama-3.2-3B-Instruct,SEC_0096_82K,SEC_0096,82K,SEC,ENTITY_UNIT_BINDING,False,0,1,81771,16.31930166312921
llama32_3b,Llama-3.2-3B-Instruct,CT_0009_16K,CT_0009,16K,CLINICAL_TRIALS,ENTITY_UNIT_BINDING,True,1,0,16486,14.008953779526196
llama32_3b,Llama-3.2-3B-Instruct,CT_0117_32K,CT_0117,32K,CLINICAL_TRIALS,UNANSWERABLE,False,0,1,32699,14.99695889548379
llama32_3b,Llama-3.2-3B-Instruct,CT_0006_16K,CT_0006,16K,CLINICAL_TRIALS,ENTITY_UNIT_BINDING,True,1,0,16473,14.007815696665421
llama32_3b,Llama-3.2-3B-Instruct,CT_0101_16K,CT_0101,16K,CLINICAL_TRIALS,ENTITY_UNIT_BINDING,True,1,0,16501,14.010265837434154
llama32_3b,Llama-3.2-3B-Instruct,FDA_0072_8K,FDA_0072,8K,FDA,RETRIEVAL_CALCULATION,False,0,1,8332,13.024447124040647
llama32_3b,Llama-3.2-3B-Instruct,FDA_0063_4K,FDA_0063,4K,FDA,RETRIEVAL_CALCULATION,False,0,1,4296,12.068778277985412
llama32_3b,Llama-3.2-3B-Instruct,CT_0043_8K,CT_0043,8K,CLINICAL_TRIALS,DIRECT_RETRIEVAL,True,1,0,8362,13.029632328044137
llama32_3b,Llama-3.2-3B-Instruct,CT_0063_64K,CT_0063,64K,CLINICAL_TRIALS,RETRIEVAL_CALCULATION,False,0,1,65275,15.994242932087566
llama32_3b,Llama-3.2-3B-Instruct,FDA_0045_82K,FDA_0045,82K,FDA,DIRECT_RETRIEVAL,True,1,0,81733,16.318631068984224
llama32_3b,Llama-3.2-3B-Instruct,SEC_0062_16K,SEC_0062,16K,SEC,RETRIEVAL_CALCULATION,False,0,1,16463,14.006939636982873
llama32_3b,Llama-3.2-3B-Instruct,FDA_0030_16K,FDA_0030,16K,FDA,DIRECT_RETRIEVAL,True,1,0,16444,14.005273656563938
llama32_3b,Llama-3.2-3B-Instruct,CT_0025_64K,CT_0025,64K,CLINICAL_TRIALS,UNANSWERABLE,False,0,1,65117,15.990746614398994
llama32_3b,Llama-3.2-3B-Instruct,FDA_0023_8K,FDA_0023,8K,FDA,UNANSWERABLE,False,0,1,8318,13.022020969646356
llama32_3b,Llama-3.2-3B-Instruct,CT_0086_32K,CT_0086,32K,CLINICAL_TRIALS,ENTITY_UNIT_BINDING,True,1,0,32683,14.996252795299792
llama32_3b,Llama-3.2-3B-Instruct,CT_0098_8K,CT_0098,8K,CLINICAL_TRIALS,ENTITY_UNIT_BINDING,True,1,0,8459,13.046271406599123
llama32_3b,Llama-3.2-3B-Instruct,FDA_0105_32K,FDA_0105,32K,FDA,ENTITY_UNIT_BINDING,False,0,1,32674,14.99585546202409
llama32_3b,Llama-3.2-3B-Instruct,SEC_0024_82K,SEC_0024,82K,SEC,UNANSWERABLE,False,0,1,81779,16.319442801133935
llama32_3b,Llama-3.2-3B-Instruct,CT_0053_82K,CT_0053,82K,CLINICAL_TRIALS,RETRIEVAL_CALCULATION,False,0,1,81790,16.319636843348214
llama32_3b,Llama-3.2-3B-Instruct,FRED_0100_8K,FRED_0100,8K,FRED,ENTITY_UNIT_BINDING,False,0,1,8267,13.01314817145476
llama32_3b,Llama-3.2-3B-Instruct,FDA_0022_4K,FDA_0022,4K,FDA,UNANSWERABLE,False,0,1,4264,12.057991722759176
llama32_3b,Llama-3.2-3B-Instruct,FRED_0089_8K,FRED_0089,8K,FRED,TEMPORAL_VERSION,True,1,0,8337,13.025312619921719
llama32_3b,Llama-3.2-3B-Instruct,CT_0037_32K,CT_0037,32K,CLINICAL_TRIALS,DIRECT_RETRIEVAL,True,1,0,32720,14.997885127829111
llama32_3b,Llama-3.2-3B-Instruct,CT_0024_82K,CT_0024,82K,CLINICAL_TRIALS,UNANSWERABLE,False,0,1,81730,16.318578114063257
llama32_3b,Llama-3.2-3B-Instruct,FDA_0058_16K,FDA_0058,16K,FDA,RETRIEVAL_CALCULATION,False,0,1,16444,14.005273656563938
llama32_3b,Llama-3.2-3B-Instruct,SEC_0109_8K,SEC_0109,8K,SEC,UNANSWERABLE,True,1,0,8380,13.032734528586714
llama32_3b,Llama-3.2-3B-Instruct,FRED_0086_82K,FRED_0086,82K,FRED,TEMPORAL_VERSION,True,1,0,81794,16.319707397683167
llama32_3b,Llama-3.2-3B-Instruct,FDA_0018_64K,FDA_0018,64K,FDA,TEMPORAL_VERSION,False,0,1,65018,15.988551557932999
llama32_3b,Llama-3.2-3B-Instruct,SEC_0085_4K,SEC_0085,4K,SEC,TEMPORAL_VERSION,False,0,1,4268,12.059344460824425
llama32_3b,Llama-3.2-3B-Instruct,FDA_0125_8K,FDA_0125,8K,FDA,UNANSWERABLE,False,0,1,8318,13.022020969646356
llama32_3b,Llama-3.2-3B-Instruct,SEC_0093_82K,SEC_0093,82K,SEC,TEMPORAL_VERSION,False,0,1,81757,16.319054638391897
llama32_3b,Llama-3.2-3B-Instruct,CT_0116_8K,CT_0116,8K,CLINICAL_TRIALS,UNANSWERABLE,False,0,1,8306,13.019938156424795
llama32_3b,Llama-3.2-3B-Instruct,FDA_0028_82K,FDA_0028,82K,FDA,DIRECT_RETRIEVAL,True,1,0,81756,16.3190369921492
llama32_3b,Llama-3.2-3B-Instruct,FDA_0120_64K,FDA_0120,64K,FDA,UNANSWERABLE,False,0,1,65004,15.98824087619221
llama32_3b,Llama-3.2-3B-Instruct,FDA_0123_32K,FDA_0123,32K,FDA,UNANSWERABLE,False,0,1,32607,14.9928940918956
llama32_3b,Llama-3.2-3B-Instruct,CT_0075_16K,CT_0075,16K,CLINICAL_TRIALS,ENTITY_UNIT_BINDING,True,1,0,16470,14.007552934613717
llama32_3b,Llama-3.2-3B-Instruct,CT_0021_4K,CT_0021,4K,CLINICAL_TRIALS,UNANSWERABLE,False,0,1,4225,12.044735626056909
llama32_3b,Llama-3.2-3B-Instruct,CT_0074_32K,CT_0074,32K,CLINICAL_TRIALS,ENTITY_UNIT_BINDING,True,1,0,32669,14.995634674021748
llama32_3b,Llama-3.2-3B-Instruct,SEC_0118_8K,SEC_0118,8K,SEC,UNANSWERABLE,True,1,0,8331,13.024273962540002
llama32_3b,Llama-3.2-3B-Instruct,SEC_0061_4K,SEC_0061,4K,SEC,RETRIEVAL_CALCULATION,False,0,1,4331,12.080484457067568
llama32_3b,Llama-3.2-3B-Instruct,FDA_0034_32K,FDA_0034,32K,FDA,DIRECT_RETRIEVAL,True,1,0,32645,14.994574421011988
llama32_3b,Llama-3.2-3B-Instruct,FRED_0092_82K,FRED_0092,82K,FRED,ENTITY_UNIT_BINDING,True,1,0,81748,16.318895814436896
llama32_3b,Llama-3.2-3B-Instruct,FRED_0110_8K,FRED_0110,8K,FRED,UNANSWERABLE,True,1,0,8311,13.020806360724265
llama32_3b,Llama-3.2-3B-Instruct,FRED_0066_82K,FRED_0066,82K,FRED,RETRIEVAL_CALCULATION,False,0,1,81786,16.31956628556266
llama32_3b,Llama-3.2-3B-Instruct,FRED_0015_8K,FRED_0015,8K,FRED,RETRIEVAL_CALCULATION,True,1,0,8333,13.024620264759832
llama32_3b,Llama-3.2-3B-Instruct,FDA_0061_82K,FDA_0061,82K,FDA,RETRIEVAL_CALCULATION,True,1,0,81740,16.31875462290802
llama32_3b,Llama-3.2-3B-Instruct,SEC_0104_8K,SEC_0104,8K,SEC,ENTITY_UNIT_BINDING,False,0,1,8284,13.016111838220512
llama32_3b,Llama-3.2-3B-Instruct,SEC_0073_16K,SEC_0073,16K,SEC,RETRIEVAL_CALCULATION,False,0,1,16543,14.013933264158963
llama32_3b,Llama-3.2-3B-Instruct,FRED_0012_16K,FRED_0012,16K,FRED,RETRIEVAL_CALCULATION,True,1,0,16434,14.004396051426534
llama32_3b,Llama-3.2-3B-Instruct,FDA_0111_32K,FDA_0111,32K,FDA,UNANSWERABLE,False,0,1,32645,14.994574421011988
llama32_3b,Llama-3.2-3B-Instruct,SEC_0063_8K,SEC_0063,8K,SEC,RETRIEVAL_CALCULATION,False,0,1,8293,13.017678376996377
llama32_3b,Llama-3.2-3B-Instruct,FDA_0074_64K,FDA_0074,64K,FDA,RETRIEVAL_CALCULATION,False,0,1,65148,15.99143326925044
llama32_3b,Llama-3.2-3B-Instruct,SEC_0001_64K,SEC_0001,64K,SEC,DIRECT_RETRIEVAL,False,0,1,65307,15.994950016405966
llama32_3b,Llama-3.2-3B-Instruct,FRED_0074_4K,FRED_0074,4K,FRED,TEMPORAL_VERSION,True,1,0,4290,12.066761932386909
llama32_3b,Llama-3.2-3B-Instruct,FDA_0116_64K,FDA_0116,64K,FDA,UNANSWERABLE,False,0,1,65018,15.988551557932999
llama32_3b,Llama-3.2-3B-Instruct,FRED_0071_82K,FRED_0071,82K,FRED,RETRIEVAL_CALCULATION,False,0,1,81748,16.318895814436896
llama32_3b,Llama-3.2-3B-Instruct,CT_0124_82K,CT_0124,82K,CLINICAL_TRIALS,UNANSWERABLE,False,0,1,81749,16.31891346240647
llama32_3b,Llama-3.2-3B-Instruct,CT_0109_82K,CT_0109,82K,CLINICAL_TRIALS,UNANSWERABLE,False,0,1,81745,16.318842869232842
llama32_3b,Llama-3.2-3B-Instruct,FRED_0001_64K,FRED_0001,64K,FRED,DIRECT_RETRIEVAL,True,1,0,64965,15.987375052676088
llama32_3b,Llama-3.2-3B-Instruct,FRED_0056_8K,FRED_0056,8K,FRED,RETRIEVAL_CALCULATION,False,0,1,8347,13.027042055565033
llama32_3b,Llama-3.2-3B-Instruct,CT_0026_16K,CT_0026,16K,CLINICAL_TRIALS,DIRECT_RETRIEVAL,True,1,0,16431,14.004132665749694
llama32_3b,Llama-3.2-3B-Instruct,FRED_0065_32K,FRED_0065,32K,FRED,RETRIEVAL_CALCULATION,False,0,1,32657,14.995104644915866
llama32_3b,Llama-3.2-3B-Instruct,FDA_0079_82K,FDA_0079,82K,FDA,TEMPORAL_VERSION,True,1,0,81767,16.31923108894872
llama32_3b,Llama-3.2-3B-Instruct,FDA_0066_8K,FDA_0066,8K,FDA,RETRIEVAL_CALCULATION,False,0,1,8331,13.024273962540002
llama32_3b,Llama-3.2-3B-Instruct,CT_0011_82K,CT_0011,82K,CLINICAL_TRIALS,RETRIEVAL_CALCULATION,False,0,1,81734,16.318648720192613
llama32_3b,Llama-3.2-3B-Instruct,SEC_0048_16K,SEC_0048,16K,SEC,RETRIEVAL_CALCULATION,False,0,1,16442,14.005098178239706
llama32_3b,Llama-3.2-3B-Instruct,FDA_0070_32K,FDA_0070,32K,FDA,RETRIEVAL_CALCULATION,False,0,1,32696,14.996826528020659
llama32_3b,Llama-3.2-3B-Instruct,FDA_0061_32K,FDA_0061,32K,FDA,RETRIEVAL_CALCULATION,True,1,0,32653,14.994927925265866
llama32_3b,Llama-3.2-3B-Instruct,FRED_0119_64K,FRED_0119,64K,FRED,UNANSWERABLE,False,0,1,65012,15.988418416807852
llama32_3b,Llama-3.2-3B-Instruct,SEC_0033_82K,SEC_0033,82K,SEC,DIRECT_RETRIEVAL,False,0,1,81741,16.318772272604818
llama32_3b,Llama-3.2-3B-Instruct,CT_0047_32K,CT_0047,32K,CLINICAL_TRIALS,RETRIEVAL_CALCULATION,False,0,1,32658,14.99514882144625
llama32_3b,Llama-3.2-3B-Instruct,SEC_0114_4K,SEC_0114,4K,SEC,UNANSWERABLE,True,1,0,4283,12.064405961891042
llama32_3b,Llama-3.2-3B-Instruct,SEC_0077_8K,SEC_0077,8K,SEC,RETRIEVAL_CALCULATION,False,0,1,8315,13.02150054817463
llama32_3b,Llama-3.2-3B-Instruct,SEC_0052_64K,SEC_0052,64K,SEC,RETRIEVAL_CALCULATION,False,0,1,65339,15.995656754342553
llama32_3b,Llama-3.2-3B-Instruct,CT_0100_8K,CT_0100,8K,CLINICAL_TRIALS,ENTITY_UNIT_BINDING,True,1,0,8355,13.02842411294855
llama32_3b,Llama-3.2-3B-Instruct,FRED_0034_8K,FRED_0034,8K,FRED,DIRECT_RETRIEVAL,True,1,0,8330,13.02410078025291
llama32_3b,Llama-3.2-3B-Instruct,FDA_0012_64K,FDA_0012,64K,FDA,RETRIEVAL_CALCULATION,False,0,1,65065,15.989594071864447
llama32_3b,Llama-3.2-3B-Instruct,FDA_0075_8K,FDA_0075,8K,FDA,RETRIEVAL_CALCULATION,False,0,1,8345,13.02669633424996
llama32_3b,Llama-3.2-3B-Instruct,FDA_0043_64K,FDA_0043,64K,FDA,DIRECT_RETRIEVAL,True,1,0,65056,15.989394499844732
llama32_3b,Llama-3.2-3B-Instruct,FDA_0102_64K,FDA_0102,64K,FDA,ENTITY_UNIT_BINDING,True,1,0,65105,15.99048072475608
llama32_3b,Llama-3.2-3B-Instruct,FDA_0045_32K,FDA_0045,32K,FDA,DIRECT_RETRIEVAL,True,1,0,32635,14.994132418851395
llama32_3b,Llama-3.2-3B-Instruct,FDA_0112_16K,FDA_0112,16K,FDA,UNANSWERABLE,False,0,1,16371,13.9988548290938
llama32_3b,Llama-3.2-3B-Instruct,SEC_0024_4K,SEC_0024,4K,SEC,UNANSWERABLE,True,1,0,4284,12.064742764750257
llama32_3b,Llama-3.2-3B-Instruct,FRED_0082_8K,FRED_0082,8K,FRED,TEMPORAL_VERSION,True,1,0,8311,13.020806360724265
llama32_3b,Llama-3.2-3B-Instruct,FDA_0110_8K,FDA_0110,8K,FDA,UNANSWERABLE,False,0,1,8259,13.011751395316717
llama32_3b,Llama-3.2-3B-Instruct,CT_0096_64K,CT_0096,64K,CLINICAL_TRIALS,ENTITY_UNIT_BINDING,True,1,0,65238,15.993424933605532
llama32_3b,Llama-3.2-3B-Instruct,FDA_0022_8K,FDA_0022,8K,FDA,UNANSWERABLE,False,0,1,8299,13.018721791970178
llama32_3b,Llama-3.2-3B-Instruct,SEC_0055_32K,SEC_0055,32K,SEC,RETRIEVAL_CALCULATION,False,0,1,32696,14.996826528020659
llama32_3b,Llama-3.2-3B-Instruct,FRED_0105_64K,FRED_0105,64K,FRED,ENTITY_UNIT_BINDING,False,0,1,64906,15.986064228654277
llama32_3b,Llama-3.2-3B-Instruct,FRED_0017_32K,FRED_0017,32K,FRED,TEMPORAL_VERSION,False,0,1,32580,14.99169898341288
llama32_3b,Llama-3.2-3B-Instruct,SEC_0120_82K,SEC_0120,82K,SEC,UNANSWERABLE,False,0,1,81767,16.31923108894872
llama32_3b,Llama-3.2-3B-Instruct,FRED_0123_8K,FRED_0123,8K,FRED,UNANSWERABLE,True,1,0,8329,13.02392757717438
llama32_3b,Llama-3.2-3B-Instruct,FRED_0104_4K,FRED_0104,4K,FRED,ENTITY_UNIT_BINDING,True,1,0,4226,12.04507705193494
llama32_3b,Llama-3.2-3B-Instruct,SEC_0049_8K,SEC_0049,8K,SEC,RETRIEVAL_CALCULATION,False,0,1,8364,13.029977346589579
llama32_3b,Llama-3.2-3B-Instruct,FDA_0072_64K,FDA_0072,64K,FDA,RETRIEVAL_CALCULATION,False,0,1,65113,15.99065798996276
llama32_3b,Llama-3.2-3B-Instruct,CT_0056_8K,CT_0056,8K,CLINICAL_TRIALS,RETRIEVAL_CALCULATION,False,0,1,8313,13.021153496202572
llama32_3b,Llama-3.2-3B-Instruct,SEC_0120_4K,SEC_0120,4K,SEC,UNANSWERABLE,True,1,0,4300,12.070120944476823
llama32_3b,Llama-3.2-3B-Instruct,SEC_0044_82K,SEC_0044,82K,SEC,DIRECT_RETRIEVAL,True,1,0,81689,16.317854201936544
llama32_3b,Llama-3.2-3B-Instruct,FDA_0058_82K,FDA_0058,82K,FDA,RETRIEVAL_CALCULATION,False,0,1,81784,16.319531005375808
llama32_3b,Llama-3.2-3B-Instruct,FRED_0062_32K,FRED_0062,32K,FRED,RETRIEVAL_CALCULATION,False,0,1,32632,14.993999791792524
llama32_3b,Llama-3.2-3B-Instruct,SEC_0092_4K,SEC_0092,4K,SEC,TEMPORAL_VERSION,True,1,0,4227,12.045418397030792
llama32_3b,Llama-3.2-3B-Instruct,SEC_0094_32K,SEC_0094,32K,SEC,ENTITY_UNIT_BINDING,False,0,1,32756,14.999471572532684
llama32_3b,Llama-3.2-3B-Instruct,SEC_0124_16K,SEC_0124,16K,SEC,UNANSWERABLE,True,1,0,16406,14.001935913123642
llama32_3b,Llama-3.2-3B-Instruct,CT_0039_16K,CT_0039,16K,CLINICAL_TRIALS,DIRECT_RETRIEVAL,True,1,0,16417,14.00290289640024
llama32_3b,Llama-3.2-3B-Instruct,SEC_0120_64K,SEC_0120,64K,SEC,UNANSWERABLE,False,0,1,65216,15.992938336165814
llama32_3b,Llama-3.2-3B-Instruct,CT_0091_16K,CT_0091,16K,CLINICAL_TRIALS,ENTITY_UNIT_BINDING,True,1,0,16554,14.01489224207443
llama32_3b,Llama-3.2-3B-Instruct,CT_0122_64K,CT_0122,64K,CLINICAL_TRIALS,UNANSWERABLE,False,0,1,65179,15.992119597442004
llama32_3b,Llama-3.2-3B-Instruct,SEC_0046_16K,SEC_0046,16K,SEC,RETRIEVAL_CALCULATION,False,0,1,16490,14.00930377832483
llama32_3b,Llama-3.2-3B-Instruct,SEC_0034_4K,SEC_0034,4K,SEC,DIRECT_RETRIEVAL,True,1,0,4254,12.054604317960672
llama32_3b,Llama-3.2-3B-Instruct,FRED_0015_4K,FRED_0015,4K,FRED,RETRIEVAL_CALCULATION,False,0,1,4298,12.069449767427784
llama32_3b,Llama-3.2-3B-Instruct,CT_0118_16K,CT_0118,16K,CLINICAL_TRIALS,UNANSWERABLE,False,0,1,16464,14.007027266893969
llama32_3b,Llama-3.2-3B-Instruct,SEC_0010_64K,SEC_0010,64K,SEC,RETRIEVAL_CALCULATION,False,0,1,65305,15.994905833787492
llama32_3b,Llama-3.2-3B-Instruct,FRED_0113_8K,FRED_0113,8K,FRED,UNANSWERABLE,True,1,0,8321,13.022541203454827
llama32_3b,Llama-3.2-3B-Instruct,SEC_0083_8K,SEC_0083,8K,SEC,TEMPORAL_VERSION,True,1,0,8351,13.027733249752831
llama32_3b,Llama-3.2-3B-Instruct,SEC_0048_82K,SEC_0048,82K,SEC,RETRIEVAL_CALCULATION,False,0,1,81687,16.31781887985641
llama32_3b,Llama-3.2-3B-Instruct,FDA_0042_8K,FDA_0042,8K,FDA,DIRECT_RETRIEVAL,True,1,0,8342,13.026177596889225
llama32_3b,Llama-3.2-3B-Instruct,CT_0006_8K,CT_0006,8K,CLINICAL_TRIALS,ENTITY_UNIT_BINDING,True,1,0,8319,13.022194401760634
llama32_3b,Llama-3.2-3B-Instruct,SEC_0041_4K,SEC_0041,4K,SEC,DIRECT_RETRIEVAL,True,1,0,4311,12.073806847178492
llama32_3b,Llama-3.2-3B-Instruct,FRED_0018_8K,FRED_0018,8K,FRED,TEMPORAL_VERSION,True,1,0,8332,13.024447124040647
llama32_3b,Llama-3.2-3B-Instruct,FDA_0014_82K,FDA_0014,82K,FDA,RETRIEVAL_CALCULATION,False,0,1,81791,16.319654482255434
llama32_3b,Llama-3.2-3B-Instruct,FRED_0030_64K,FRED_0030,64K,FRED,DIRECT_RETRIEVAL,False,0,1,64985,15.987819129644853
llama32_3b,Llama-3.2-3B-Instruct,SEC_0060_8K,SEC_0060,8K,SEC,RETRIEVAL_CALCULATION,False,0,1,8390,13.034455095327186
llama32_3b,Llama-3.2-3B-Instruct,FDA_0085_4K,FDA_0085,4K,FDA,TEMPORAL_VERSION,True,1,0,4252,12.053925881531105
llama32_3b,Llama-3.2-3B-Instruct,FDA_0050_16K,FDA_0050,16K,FDA,RETRIEVAL_CALCULATION,False,0,1,16426,14.003693582737847
llama32_3b,Llama-3.2-3B-Instruct,CT_0122_4K,CT_0122,4K,CLINICAL_TRIALS,UNANSWERABLE,True,1,0,4291,12.067098185748385
llama32_3b,Llama-3.2-3B-Instruct,CT_0067_32K,CT_0067,32K,CLINICAL_TRIALS,RETRIEVAL_CALCULATION,False,0,1,32741,14.998810765900574
llama32_3b,Llama-3.2-3B-Instruct,CT_0068_82K,CT_0068,82K,CLINICAL_TRIALS,RETRIEVAL_CALCULATION,False,0,1,81723,16.318454545021485
llama32_3b,Llama-3.2-3B-Instruct,SEC_0012_16K,SEC_0012,16K,SEC,RETRIEVAL_CALCULATION,False,0,1,16430,14.004044859837437
llama32_3b,Llama-3.2-3B-Instruct,FRED_0069_32K,FRED_0069,32K,FRED,RETRIEVAL_CALCULATION,False,0,1,32615,14.993248008070664
llama32_3b,Llama-3.2-3B-Instruct,CT_0089_32K,CT_0089,32K,CLINICAL_TRIALS,ENTITY_UNIT_BINDING,True,1,0,32626,14.993734501091927
llama32_3b,Llama-3.2-3B-Instruct,SEC_0111_16K,SEC_0111,16K,SEC,UNANSWERABLE,True,1,0,16496,14.00982861736811
llama32_3b,Llama-3.2-3B-Instruct,CT_0024_4K,CT_0024,4K,CLINICAL_TRIALS,UNANSWERABLE,False,0,1,4218,12.042343379793692
llama32_3b,Llama-3.2-3B-Instruct,SEC_0059_4K,SEC_0059,4K,SEC,RETRIEVAL_CALCULATION,False,0,1,4334,12.081483438093674
llama32_3b,Llama-3.2-3B-Instruct,FRED_0101_32K,FRED_0101,32K,FRED,ENTITY_UNIT_BINDING,False,0,1,32596,14.992407315348498
llama32_3b,Llama-3.2-3B-Instruct,FDA_0095_64K,FDA_0095,64K,FDA,ENTITY_UNIT_BINDING,False,0,1,65072,15.989749275462133
llama32_3b,Llama-3.2-3B-Instruct,FDA_0070_4K,FDA_0070,4K,FDA,RETRIEVAL_CALCULATION,False,0,1,4278,12.062720767165045
llama32_3b,Llama-3.2-3B-Instruct,FDA_0110_82K,FDA_0110,82K,FDA,UNANSWERABLE,False,0,1,81734,16.318648720192613
llama32_3b,Llama-3.2-3B-Instruct,CT_0048_82K,CT_0048,82K,CLINICAL_TRIALS,RETRIEVAL_CALCULATION,False,0,1,81735,16.318666371185046
llama32_3b,Llama-3.2-3B-Instruct,FRED_0100_16K,FRED_0100,16K,FRED,ENTITY_UNIT_BINDING,True,1,0,16416,14.002815015607053
llama32_3b,Llama-3.2-3B-Instruct,FDA_0051_4K,FDA_0051,4K,FDA,RETRIEVAL_CALCULATION,False,0,1,4257,12.055621374781708
llama32_3b,Llama-3.2-3B-Instruct,SEC_0030_32K,SEC_0030,32K,SEC,DIRECT_RETRIEVAL,False,0,1,32728,14.998237821888047
llama32_3b,Llama-3.2-3B-Instruct,FDA_0062_4K,FDA_0062,4K,FDA,RETRIEVAL_CALCULATION,False,0,1,4300,12.070120944476823
llama32_3b,Llama-3.2-3B-Instruct,CT_0033_16K,CT_0033,16K,CLINICAL_TRIALS,DIRECT_RETRIEVAL,True,1,0,16403,14.001672077887289
llama32_3b,Llama-3.2-3B-Instruct,FRED_0075_16K,FRED_0075,16K,FRED,TEMPORAL_VERSION,False,0,1,16431,14.004132665749694
llama32_3b,Llama-3.2-3B-Instruct,FRED_0086_64K,FRED_0086,64K,FRED,TEMPORAL_VERSION,True,1,0,64952,15.987086329328193
llama32_3b,Llama-3.2-3B-Instruct,CT_0060_4K,CT_0060,4K,CLINICAL_TRIALS,RETRIEVAL_CALCULATION,False,0,1,4315,12.075144844066317
llama32_3b,Llama-3.2-3B-Instruct,SEC_0040_16K,SEC_0040,16K,SEC,DIRECT_RETRIEVAL,False,0,1,16526,14.012449952425579
llama32_3b,Llama-3.2-3B-Instruct,SEC_0018_16K,SEC_0018,16K,SEC,TEMPORAL_VERSION,True,1,0,16401,14.00149616092074
llama32_3b,Llama-3.2-3B-Instruct,FDA_0060_16K,FDA_0060,16K,FDA,RETRIEVAL_CALCULATION,False,0,1,16445,14.005361387722765
llama32_3b,Llama-3.2-3B-Instruct,FRED_0003_4K,FRED_0003,4K,FRED,DIRECT_RETRIEVAL,True,1,0,4307,12.072467608241858
llama32_3b,Llama-3.2-3B-Instruct,CT_0045_82K,CT_0045,82K,CLINICAL_TRIALS,DIRECT_RETRIEVAL,True,1,0,81656,16.317271276998564
llama32_3b,Llama-3.2-3B-Instruct,SEC_0080_64K,SEC_0080,64K,SEC,TEMPORAL_VERSION,True,1,0,65313,15.995082556143393
llama32_3b,Llama-3.2-3B-Instruct,FDA_0093_64K,FDA_0093,64K,FDA,ENTITY_UNIT_BINDING,False,0,1,65080,15.98992663055989
llama32_3b,Llama-3.2-3B-Instruct,CT_0049_8K,CT_0049,8K,CLINICAL_TRIALS,RETRIEVAL_CALCULATION,False,0,1,8283,13.015937673309226
llama32_3b,Llama-3.2-3B-Instruct,FRED_0030_32K,FRED_0030,32K,FRED,DIRECT_RETRIEVAL,False,0,1,32599,14.992540088877933
llama32_3b,Llama-3.2-3B-Instruct,SEC_0069_4K,SEC_0069,4K,SEC,RETRIEVAL_CALCULATION,False,0,1,4295,12.068442416025826
llama32_3b,Llama-3.2-3B-Instruct,FDA_0023_16K,FDA_0023,16K,FDA,UNANSWERABLE,False,0,1,16440,14.004922678569045
llama32_3b,Llama-3.2-3B-Instruct,SEC_0042_8K,SEC_0042,8K,SEC,DIRECT_RETRIEVAL,True,1,0,8309,13.020459141699511
llama32_3b,Llama-3.2-3B-Instruct,FDA_0048_4K,FDA_0048,4K,FDA,RETRIEVAL_CALCULATION,False,0,1,4224,12.044394119358454
llama32_3b,Llama-3.2-3B-Instruct,FRED_0015_16K,FRED_0015,16K,FRED,RETRIEVAL_CALCULATION,False,0,1,16439,14.00483492072718
llama32_3b,Llama-3.2-3B-Instruct,FDA_0090_82K,FDA_0090,82K,FDA,ENTITY_UNIT_BINDING,False,0,1,81779,16.319442801133935
llama32_3b,Llama-3.2-3B-Instruct,FRED_0035_32K,FRED_0035,32K,FRED,DIRECT_RETRIEVAL,False,0,1,32602,14.99267285018913
llama32_3b,Llama-3.2-3B-Instruct,SEC_0077_16K,SEC_0077,16K,SEC,RETRIEVAL_CALCULATION,False,0,1,16511,14.011139880257986
llama32_3b,Llama-3.2-3B-Instruct,FDA_0112_32K,FDA_0112,32K,FDA,UNANSWERABLE,False,0,1,32599,14.992540088877933
llama32_3b,Llama-3.2-3B-Instruct,CT_0051_64K,CT_0051,64K,CLINICAL_TRIALS,RETRIEVAL_CALCULATION,False,0,1,65118,15.990768769657425
llama32_3b,Llama-3.2-3B-Instruct,SEC_0058_8K,SEC_0058,8K,SEC,RETRIEVAL_CALCULATION,False,0,1,8295,13.018026265843226
llama32_3b,Llama-3.2-3B-Instruct,FRED_0079_64K,FRED_0079,64K,FRED,TEMPORAL_VERSION,True,1,0,64964,15.987352845239087
llama32_3b,Llama-3.2-3B-Instruct,FDA_0064_16K,FDA_0064,16K,FDA,RETRIEVAL_CALCULATION,False,0,1,16425,14.003605750097055
llama32_3b,Llama-3.2-3B-Instruct,FDA_0085_64K,FDA_0085,64K,FDA,TEMPORAL_VERSION,True,1,0,65047,15.989194900213844
llama32_3b,Llama-3.2-3B-Instruct,FRED_0061_32K,FRED_0061,32K,FRED,RETRIEVAL_CALCULATION,False,0,1,32670,14.995678834325425
llama32_3b,Llama-3.2-3B-Instruct,SEC_0107_82K,SEC_0107,82K,SEC,UNANSWERABLE,False,0,1,81744,16.3188252203997
llama32_3b,Llama-3.2-3B-Instruct,FDA_0100_4K,FDA_0100,4K,FDA,ENTITY_UNIT_BINDING,True,1,0,4287,12.065752701816972
llama32_3b,Llama-3.2-3B-Instruct,SEC_0077_32K,SEC_0077,32K,SEC,RETRIEVAL_CALCULATION,False,0,1,32740,14.998766701361516
llama32_3b,Llama-3.2-3B-Instruct,SEC_0025_4K,SEC_0025,4K,SEC,UNANSWERABLE,True,1,0,4288,12.066089190457772
qwen35_2b,Qwen3.5-2B,SEC_0110_8K,SEC_0110,8K,SEC,UNANSWERABLE,True,1,0,11220,13.453785055496155
qwen35_2b,Qwen3.5-2B,FDA_0096_64K,FDA_0096,64K,FDA,ENTITY_UNIT_BINDING,False,0,1,76832,16.229419688230415
qwen35_2b,Qwen3.5-2B,CT_0118_32K,CT_0118,32K,CLINICAL_TRIALS,UNANSWERABLE,False,0,1,37988,15.213256138247942
qwen35_2b,Qwen3.5-2B,SEC_0011_64K,SEC_0011,64K,SEC,RETRIEVAL_CALCULATION,False,0,1,88064,16.4262647547021
qwen35_2b,Qwen3.5-2B,SEC_0076_82K,SEC_0076,82K,SEC,RETRIEVAL_CALCULATION,False,0,1,110568,16.754574383325366
qwen35_2b,Qwen3.5-2B,FRED_0015_4K,FRED_0015,4K,FRED,RETRIEVAL_CALCULATION,False,0,1,4911,12.261801107195309
qwen35_2b,Qwen3.5-2B,FDA_0030_16K,FDA_0030,16K,FDA,DIRECT_RETRIEVAL,True,1,0,19502,14.251334464658857
qwen35_2b,Qwen3.5-2B,SEC_0017_32K,SEC_0017,32K,SEC,TEMPORAL_VERSION,False,0,1,43969,15.424199100832178
qwen35_2b,Qwen3.5-2B,FDA_0035_82K,FDA_0035,82K,FDA,DIRECT_RETRIEVAL,True,1,0,97168,16.568193653850074
qwen35_2b,Qwen3.5-2B,FRED_0098_16K,FRED_0098,16K,FRED,ENTITY_UNIT_BINDING,False,0,1,18878,14.204418308289435
qwen35_2b,Qwen3.5-2B,CT_0076_32K,CT_0076,32K,CLINICAL_TRIALS,ENTITY_UNIT_BINDING,False,0,1,38255,15.223360702616871
qwen35_2b,Qwen3.5-2B,FRED_0112_64K,FRED_0112,64K,FRED,UNANSWERABLE,True,1,0,76114,16.215874219256293
qwen35_2b,Qwen3.5-2B,FDA_0034_32K,FDA_0034,32K,FDA,DIRECT_RETRIEVAL,True,1,0,38893,15.247222900466996
qwen35_2b,Qwen3.5-2B,FRED_0032_32K,FRED_0032,32K,FRED,DIRECT_RETRIEVAL,False,0,1,38015,15.21428117062147
qwen35_2b,Qwen3.5-2B,FRED_0007_8K,FRED_0007,8K,FRED,ENTITY_UNIT_BINDING,False,0,1,9638,13.234518085739989
qwen35_2b,Qwen3.5-2B,CT_0060_32K,CT_0060,32K,CLINICAL_TRIALS,RETRIEVAL_CALCULATION,False,0,1,38505,15.232758176183937
qwen35_2b,Qwen3.5-2B,FDA_0040_32K,FDA_0040,32K,FDA,DIRECT_RETRIEVAL,True,1,0,38760,15.242280950302444
qwen35_2b,Qwen3.5-2B,CT_0102_64K,CT_0102,64K,CLINICAL_TRIALS,ENTITY_UNIT_BINDING,True,1,0,75550,16.205144134939555
qwen35_2b,Qwen3.5-2B,FRED_0051_64K,FRED_0051,64K,FRED,RETRIEVAL_CALCULATION,False,0,1,75386,16.20200900376056
qwen35_2b,Qwen3.5-2B,FDA_0050_82K,FDA_0050,82K,FDA,RETRIEVAL_CALCULATION,False,0,1,97187,16.56847572743567
qwen35_2b,Qwen3.5-2B,FDA_0122_64K,FDA_0122,64K,FDA,UNANSWERABLE,True,1,0,77529,16.24244843613444
qwen35_2b,Qwen3.5-2B,SEC_0070_4K,SEC_0070,4K,SEC,RETRIEVAL_CALCULATION,False,0,1,5734,12.485326189240524
qwen35_2b,Qwen3.5-2B,FRED_0030_16K,FRED_0030,16K,FRED,DIRECT_RETRIEVAL,False,0,1,19266,14.233769450446927
qwen35_2b,Qwen3.5-2B,FDA_0016_64K,FDA_0016,64K,FDA,RETRIEVAL_CALCULATION,False,0,1,76903,16.230752258629945
qwen35_2b,Qwen3.5-2B,FRED_0095_4K,FRED_0095,4K,FRED,ENTITY_UNIT_BINDING,True,1,0,4928,12.266786540694902
qwen35_2b,Qwen3.5-2B,CT_0033_64K,CT_0033,64K,CLINICAL_TRIALS,DIRECT_RETRIEVAL,False,0,1,75972,16.21318018094459
qwen35_2b,Qwen3.5-2B,CT_0030_32K,CT_0030,32K,CLINICAL_TRIALS,DIRECT_RETRIEVAL,True,1,0,37986,15.21318018094459
qwen35_2b,Qwen3.5-2B,FDA_0091_82K,FDA_0091,82K,FDA,ENTITY_UNIT_BINDING,False,0,1,96593,16.559631021703616
qwen35_2b,Qwen3.5-2B,SEC_0031_16K,SEC_0031,16K,SEC,DIRECT_RETRIEVAL,True,1,0,22241,14.440934035533854
qwen35_2b,Qwen3.5-2B,FDA_0035_4K,FDA_0035,4K,FDA,DIRECT_RETRIEVAL,True,1,0,5049,12.301781962051106
qwen35_2b,Qwen3.5-2B,FDA_0028_4K,FDA_0028,4K,FDA,DIRECT_RETRIEVAL,True,1,0,5081,12.310896748797713
qwen35_2b,Qwen3.5-2B,FDA_0006_64K,FDA_0006,64K,FDA,ENTITY_UNIT_BINDING,False,0,1,76802,16.22885626019005
qwen35_2b,Qwen3.5-2B,FDA_0001_8K,FDA_0001,8K,FDA,DIRECT_RETRIEVAL,True,1,0,9880,13.27029532647204
qwen35_2b,Qwen3.5-2B,SEC_0007_16K,SEC_0007,16K,SEC,ENTITY_UNIT_BINDING,False,0,1,22136,14.434106928609955
qwen35_2b,Qwen3.5-2B,FDA_0082_82K,FDA_0082,82K,FDA,TEMPORAL_VERSION,False,0,1,97925,16.57938960272547
qwen35_2b,Qwen3.5-2B,CT_0108_4K,CT_0108,4K,CLINICAL_TRIALS,UNANSWERABLE,False,0,1,4851,12.244066464194818
qwen35_2b,Qwen3.5-2B,FRED_0035_16K,FRED_0035,16K,FRED,DIRECT_RETRIEVAL,True,1,0,19298,14.236163717219272
qwen35_2b,Qwen3.5-2B,FDA_0077_4K,FDA_0077,4K,FDA,RETRIEVAL_CALCULATION,False,0,1,5040,12.29920801838728
qwen35_2b,Qwen3.5-2B,CT_0067_32K,CT_0067,32K,CLINICAL_TRIALS,RETRIEVAL_CALCULATION,False,0,1,38577,15.23545333389011
qwen35_2b,Qwen3.5-2B,FRED_0018_8K,FRED_0018,8K,FRED,TEMPORAL_VERSION,False,0,1,9756,13.252074042796185
qwen35_2b,Qwen3.5-2B,FDA_0100_16K,FDA_0100,16K,FDA,ENTITY_UNIT_BINDING,False,0,1,19282,14.234967080517478
qwen35_2b,Qwen3.5-2B,CT_0054_32K,CT_0054,32K,CLINICAL_TRIALS,RETRIEVAL_CALCULATION,False,0,1,37778,15.205258705773934
qwen35_2b,Qwen3.5-2B,FRED_0111_16K,FRED_0111,16K,FRED,UNANSWERABLE,True,1,0,19183,14.2275407384182
qwen35_2b,Qwen3.5-2B,CT_0053_16K,CT_0053,16K,CLINICAL_TRIALS,RETRIEVAL_CALCULATION,False,0,1,19131,14.223624666580811
qwen35_2b,Qwen3.5-2B,SEC_0075_64K,SEC_0075,64K,SEC,RETRIEVAL_CALCULATION,False,0,1,87769,16.421423849566196
qwen35_2b,Qwen3.5-2B,FDA_0017_82K,FDA_0017,82K,FDA,RETRIEVAL_CALCULATION,False,0,1,96413,16.55694006719807
qwen35_2b,Qwen3.5-2B,CT_0017_4K,CT_0017,4K,CLINICAL_TRIALS,ENTITY_UNIT_BINDING,True,1,0,4974,12.280190792216906
qwen35_2b,Qwen3.5-2B,FRED_0090_82K,FRED_0090,82K,FRED,ENTITY_UNIT_BINDING,False,0,1,94889,16.53395323217773
qwen35_2b,Qwen3.5-2B,FRED_0102_64K,FRED_0102,64K,FRED,ENTITY_UNIT_BINDING,False,0,1,75111,16.19673658533612
qwen35_2b,Qwen3.5-2B,FDA_0068_32K,FDA_0068,32K,FDA,RETRIEVAL_CALCULATION,False,0,1,38624,15.237209960755022
qwen35_2b,Qwen3.5-2B,CT_0054_8K,CT_0054,8K,CLINICAL_TRIALS,RETRIEVAL_CALCULATION,False,0,1,9663,13.23825544610397
qwen35_2b,Qwen3.5-2B,FRED_0100_4K,FRED_0100,4K,FRED,ENTITY_UNIT_BINDING,False,0,1,4933,12.268249571994492
qwen35_2b,Qwen3.5-2B,FRED_0034_4K,FRED_0034,4K,FRED,DIRECT_RETRIEVAL,True,1,0,4896,12.257387842692651
qwen35_2b,Qwen3.5-2B,FRED_0019_82K,FRED_0019,82K,FRED,TEMPORAL_VERSION,False,0,1,94381,16.52620883696824
qwen35_2b,Qwen3.5-2B,SEC_0071_8K,SEC_0071,8K,SEC,RETRIEVAL_CALCULATION,False,0,1,11216,13.453270634010623
qwen35_2b,Qwen3.5-2B,FDA_0029_64K,FDA_0029,64K,FDA,DIRECT_RETRIEVAL,True,1,0,77411,16.240250965529842
qwen35_2b,Qwen3.5-2B,FRED_0118_8K,FRED_0118,8K,FRED,UNANSWERABLE,True,1,0,9711,13.245404150930328
qwen35_2b,Qwen3.5-2B,FRED_0025_4K,FRED_0025,4K,FRED,UNANSWERABLE,True,1,0,4857,12.245849771023723
qwen35_2b,Qwen3.5-2B,CT_0061_82K,CT_0061,82K,CLINICAL_TRIALS,RETRIEVAL_CALCULATION,False,0,1,96062,16.551678225185412
qwen35_2b,Qwen3.5-2B,FRED_0075_82K,FRED_0075,82K,FRED,TEMPORAL_VERSION,True,1,0,95550,16.54396825275218
qwen35_2b,Qwen3.5-2B,FDA_0104_8K,FDA_0104,8K,FDA,ENTITY_UNIT_BINDING,True,1,0,9899,13.273067075722095
qwen35_2b,Qwen3.5-2B,CT_0018_8K,CT_0018,8K,CLINICAL_TRIALS,ENTITY_UNIT_BINDING,True,1,0,9783,13.25606122646962
qwen35_2b,Qwen3.5-2B,FRED_0007_32K,FRED_0007,32K,FRED,ENTITY_UNIT_BINDING,False,0,1,37843,15.207738842263858
qwen35_2b,Qwen3.5-2B,SEC_0058_32K,SEC_0058,32K,SEC,RETRIEVAL_CALCULATION,False,0,1,43928,15.422853195944265
qwen35_2b,Qwen3.5-2B,FDA_0071_32K,FDA_0071,32K,FDA,RETRIEVAL_CALCULATION,False,0,1,38575,15.23537853634546
qwen35_2b,Qwen3.5-2B,FRED_0044_64K,FRED_0044,64K,FRED,DIRECT_RETRIEVAL,False,0,1,76363,16.220586161182144
qwen35_2b,Qwen3.5-2B,SEC_0087_4K,SEC_0087,4K,SEC,TEMPORAL_VERSION,True,1,0,5789,12.49909844122888
qwen35_2b,Qwen3.5-2B,SEC_0077_4K,SEC_0077,4K,SEC,RETRIEVAL_CALCULATION,False,0,1,5620,12.456354415108288
qwen35_2b,Qwen3.5-2B,CT_0074_32K,CT_0074,32K,CLINICAL_TRIALS,ENTITY_UNIT_BINDING,True,1,0,38044,15.215381320721084
qwen35_2b,Qwen3.5-2B,CT_0007_8K,CT_0007,8K,CLINICAL_TRIALS,ENTITY_UNIT_BINDING,True,1,0,9660,13.237807473723135
qwen35_2b,Qwen3.5-2B,SEC_0055_16K,SEC_0055,16K,SEC,RETRIEVAL_CALCULATION,False,0,1,22116,14.43280285635187
qwen35_2b,Qwen3.5-2B,SEC_0114_82K,SEC_0114,82K,SEC,UNANSWERABLE,True,1,0,110100,16.748454943339095
qwen35_2b,Qwen3.5-2B,FDA_0001_16K,FDA_0001,16K,FDA,DIRECT_RETRIEVAL,True,1,0,19533,14.253625923896452
qwen35_2b,Qwen3.5-2B,FDA_0028_16K,FDA_0028,16K,FDA,DIRECT_RETRIEVAL,True,1,0,19452,14.247630876238699
qwen35_2b,Qwen3.5-2B,SEC_0099_4K,SEC_0099,4K,SEC,ENTITY_UNIT_BINDING,False,0,1,5764,12.492854620174748
qwen35_2b,Qwen3.5-2B,CT_0068_8K,CT_0068,8K,CLINICAL_TRIALS,RETRIEVAL_CALCULATION,False,0,1,9730,13.248224089668474
qwen35_2b,Qwen3.5-2B,FDA_0049_16K,FDA_0049,16K,FDA,RETRIEVAL_CALCULATION,False,0,1,19441,14.24681480929231
qwen35_2b,Qwen3.5-2B,FRED_0072_32K,FRED_0072,32K,FRED,RETRIEVAL_CALCULATION,False,0,1,37673,15.201243303007033
qwen35_2b,Qwen3.5-2B,FDA_0079_8K,FDA_0079,8K,FDA,TEMPORAL_VERSION,False,0,1,9990,13.286268962679781
qwen35_2b,Qwen3.5-2B,SEC_0006_4K,SEC_0006,4K,SEC,ENTITY_UNIT_BINDING,False,0,1,5712,12.479780264029099
qwen35_2b,Qwen3.5-2B,FDA_0095_32K,FDA_0095,32K,FDA,ENTITY_UNIT_BINDING,False,0,1,38719,15.240754071994832
qwen35_2b,Qwen3.5-2B,FDA_0020_16K,FDA_0020,16K,FDA,TEMPORAL_VERSION,False,0,1,19824,14.274960472140602
qwen35_2b,Qwen3.5-2B,CT_0125_4K,CT_0125,4K,CLINICAL_TRIALS,UNANSWERABLE,True,1,0,4883,12.253552062637464
qwen35_2b,Qwen3.5-2B,SEC_0081_4K,SEC_0081,4K,SEC,TEMPORAL_VERSION,True,1,0,5695,12.475480126595475
qwen35_2b,Qwen3.5-2B,CT_0066_16K,CT_0066,16K,CLINICAL_TRIALS,RETRIEVAL_CALCULATION,False,0,1,19372,14.241685287601625
qwen35_2b,Qwen3.5-2B,CT_0100_32K,CT_0100,32K,CLINICAL_TRIALS,ENTITY_UNIT_BINDING,True,1,0,38022,15.214546800915006
qwen35_2b,Qwen3.5-2B,FRED_0070_64K,FRED_0070,64K,FRED,RETRIEVAL_CALCULATION,False,0,1,75525,16.204666658502667
qwen35_2b,Qwen3.5-2B,CT_0028_8K,CT_0028,8K,CLINICAL_TRIALS,DIRECT_RETRIEVAL,True,1,0,9642,13.23511671439625
qwen35_2b,Qwen3.5-2B,FDA_0002_32K,FDA_0002,32K,FDA,DIRECT_RETRIEVAL,True,1,0,38690,15.239673108330578
qwen35_2b,Qwen3.5-2B,CT_0006_16K,CT_0006,16K,CLINICAL_TRIALS,ENTITY_UNIT_BINDING,True,1,0,18990,14.21295228503686
qwen35_2b,Qwen3.5-2B,FRED_0079_64K,FRED_0079,64K,FRED,TEMPORAL_VERSION,False,0,1,75777,16.20947240444759
qwen35_2b,Qwen3.5-2B,FRED_0046_8K,FRED_0046,8K,FRED,RETRIEVAL_CALCULATION,False,0,1,9798,13.258271576282851
qwen35_2b,Qwen3.5-2B,FRED_0065_82K,FRED_0065,82K,FRED,RETRIEVAL_CALCULATION,False,0,1,94996,16.535579146659803
qwen35_2b,Qwen3.5-2B,SEC_0054_64K,SEC_0054,64K,SEC,RETRIEVAL_CALCULATION,False,0,1,87422,16.415708763359103
qwen35_2b,Qwen3.5-2B,FRED_0085_16K,FRED_0085,16K,FRED,TEMPORAL_VERSION,True,1,0,19125,14.223172127354738
qwen35_2b,Qwen3.5-2B,CT_0102_82K,CT_0102,82K,CLINICAL_TRIALS,ENTITY_UNIT_BINDING,True,1,0,94683,16.530817797668398
qwen35_2b,Qwen3.5-2B,FDA_0099_82K,FDA_0099,82K,FDA,ENTITY_UNIT_BINDING,False,0,1,96713,16.5614222069451
qwen35_2b,Qwen3.5-2B,FDA_0016_16K,FDA_0016,16K,FDA,RETRIEVAL_CALCULATION,False,0,1,19437,14.246517943188914
qwen35_2b,Qwen3.5-2B,FRED_0020_32K,FRED_0020,32K,FRED,TEMPORAL_VERSION,False,0,1,38225,15.22222888113553
qwen35_2b,Qwen3.5-2B,FDA_0081_82K,FDA_0081,82K,FDA,TEMPORAL_VERSION,True,1,0,97694,16.575982339531702
qwen35_2b,Qwen3.5-2B,FRED_0080_64K,FRED_0080,64K,FRED,TEMPORAL_VERSION,False,0,1,75019,16.194968411614997
qwen35_2b,Qwen3.5-2B,FDA_0086_64K,FDA_0086,64K,FDA,TEMPORAL_VERSION,True,1,0,77959,16.250427964446256
qwen35_2b,Qwen3.5-2B,SEC_0060_4K,SEC_0060,4K,SEC,RETRIEVAL_CALCULATION,False,0,1,5781,12.497103357016877
qwen35_2b,Qwen3.5-2B,CT_0097_16K,CT_0097,16K,CLINICAL_TRIALS,ENTITY_UNIT_BINDING,False,0,1,19131,14.223624666580811
qwen35_2b,Qwen3.5-2B,FDA_0057_82K,FDA_0057,82K,FDA,RETRIEVAL_CALCULATION,False,0,1,97089,16.567020229834327
qwen35_2b,Qwen3.5-2B,FRED_0032_64K,FRED_0032,64K,FRED,DIRECT_RETRIEVAL,False,0,1,75752,16.208996358590372
qwen35_2b,Qwen3.5-2B,CT_0002_32K,CT_0002,32K,CLINICAL_TRIALS,DIRECT_RETRIEVAL,True,1,0,38128,15.21856323619027
qwen35_2b,Qwen3.5-2B,FRED_0109_32K,FRED_0109,32K,FRED,UNANSWERABLE,True,1,0,38262,15.223624666580811
qwen35_2b,Qwen3.5-2B,FDA_0093_8K,FDA_0093,8K,FDA,ENTITY_UNIT_BINDING,False,0,1,9733,13.248668839723136
qwen35_2b,Qwen3.5-2B,FDA_0038_8K,FDA_0038,8K,FDA,DIRECT_RETRIEVAL,True,1,0,9849,13.265761535294137
qwen35_2b,Qwen3.5-2B,FDA_0013_32K,FDA_0013,32K,FDA,RETRIEVAL_CALCULATION,False,0,1,38810,15.24414081267281
qwen35_2b,Qwen3.5-2B,FRED_0044_16K,FRED_0044,16K,FRED,DIRECT_RETRIEVAL,False,0,1,19278,14.234667766192569
qwen35_2b,Qwen3.5-2B,CT_0032_32K,CT_0032,32K,CLINICAL_TRIALS,DIRECT_RETRIEVAL,False,0,1,38096,15.217351905270334
qwen35_2b,Qwen3.5-2B,CT_0094_64K,CT_0094,64K,CLINICAL_TRIALS,ENTITY_UNIT_BINDING,True,1,0,75561,16.205354174519435
qwen35_2b,Qwen3.5-2B,CT_0119_64K,CT_0119,64K,CLINICAL_TRIALS,UNANSWERABLE,True,1,0,75633,16.206728224426126
qwen35_2b,Qwen3.5-2B,CT_0109_16K,CT_0109,16K,CLINICAL_TRIALS,UNANSWERABLE,False,0,1,19172,14.226713224618962
qwen35_2b,Qwen3.5-2B,FDA_0093_16K,FDA_0093,16K,FDA,ENTITY_UNIT_BINDING,False,0,1,19320,14.237807473723135
qwen35_2b,Qwen3.5-2B,FDA_0010_16K,FDA_0010,16K,FDA,RETRIEVAL_CALCULATION,False,0,1,19475,14.249335707836394
qwen35_2b,Qwen3.5-2B,FDA_0121_16K,FDA_0121,16K,FDA,UNANSWERABLE,False,0,1,19541,14.254216677875487
qwen35_2b,Qwen3.5-2B,FRED_0003_8K,FRED_0003,8K,FRED,DIRECT_RETRIEVAL,False,0,1,9722,13.247037418788581
qwen35_2b,Qwen3.5-2B,SEC_0070_16K,SEC_0070,16K,SEC,RETRIEVAL_CALCULATION,False,0,1,22156,14.43540982316332
qwen35_2b,Qwen3.5-2B,FRED_0052_4K,FRED_0052,4K,FRED,RETRIEVAL_CALCULATION,False,0,1,4930,12.267371931265274
qwen35_2b,Qwen3.5-2B,FRED_0036_4K,FRED_0036,4K,FRED,DIRECT_RETRIEVAL,True,1,0,4933,12.268249571994492
qwen35_2b,Qwen3.5-2B,FRED_0119_64K,FRED_0119,64K,FRED,UNANSWERABLE,True,1,0,76450,16.22222888113553
qwen35_2b,Qwen3.5-2B,SEC_0012_32K,SEC_0012,32K,SEC,RETRIEVAL_CALCULATION,False,0,1,44174,15.430909855325313
qwen35_2b,Qwen3.5-2B,FDA_0112_32K,FDA_0112,32K,FDA,UNANSWERABLE,False,0,1,38757,15.242169282278015
qwen35_2b,Qwen3.5-2B,SEC_0042_82K,SEC_0042,82K,SEC,DIRECT_RETRIEVAL,False,0,1,110046,16.747747180910793
qwen35_2b,Qwen3.5-2B,FDA_0015_16K,FDA_0015,16K,FDA,RETRIEVAL_CALCULATION,False,0,1,19458,14.248075809176962
qwen35_2b,Qwen3.5-2B,FRED_0053_32K,FRED_0053,32K,FRED,RETRIEVAL_CALCULATION,False,0,1,37703,15.202391701794763
qwen35_2b,Qwen3.5-2B,FDA_0028_32K,FDA_0028,32K,FDA,DIRECT_RETRIEVAL,True,1,0,38681,15.239337472099264
qwen35_2b,Qwen3.5-2B,SEC_0106_16K,SEC_0106,16K,SEC,UNANSWERABLE,True,1,0,22159,14.435605155900737
qwen35_2b,Qwen3.5-2B,SEC_0034_8K,SEC_0034,8K,SEC,DIRECT_RETRIEVAL,True,1,0,11225,13.454427824515871
qwen35_2b,Qwen3.5-2B,FRED_0052_32K,FRED_0052,32K,FRED,RETRIEVAL_CALCULATION,False,0,1,37542,15.196217889420494
qwen35_2b,Qwen3.5-2B,FRED_0068_64K,FRED_0068,64K,FRED,RETRIEVAL_CALCULATION,False,0,1,74885,16.192389145058115
qwen35_2b,Qwen3.5-2B,SEC_0051_82K,SEC_0051,82K,SEC,RETRIEVAL_CALCULATION,False,0,1,110502,16.75371295594465
qwen35_2b,Qwen3.5-2B,SEC_0001_8K,SEC_0001,8K,SEC,DIRECT_RETRIEVAL,True,1,0,11213,13.452884697486617
qwen35_2b,Qwen3.5-2B,FDA_0086_8K,FDA_0086,8K,FDA,TEMPORAL_VERSION,True,1,0,9955,13.281205600607866
qwen35_2b,Qwen3.5-2B,SEC_0102_32K,SEC_0102,32K,SEC,ENTITY_UNIT_BINDING,True,1,0,44299,15.434986511482691
qwen35_2b,Qwen3.5-2B,CT_0114_32K,CT_0114,32K,CLINICAL_TRIALS,UNANSWERABLE,False,0,1,37922,15.210747433289654
qwen35_2b,Qwen3.5-2B,CT_0123_32K,CT_0123,32K,CLINICAL_TRIALS,UNANSWERABLE,False,0,1,37887,15.209415287237897
qwen35_2b,Qwen3.5-2B,CT_0056_64K,CT_0056,64K,CLINICAL_TRIALS,RETRIEVAL_CALCULATION,False,0,1,75853,16.21091862000242
qwen35_2b,Qwen3.5-2B,FDA_0058_8K,FDA_0058,8K,FDA,RETRIEVAL_CALCULATION,False,0,1,9695,13.243025182994154
qwen35_2b,Qwen3.5-2B,SEC_0058_4K,SEC_0058,4K,SEC,RETRIEVAL_CALCULATION,False,0,1,5721,12.482051629033913
qwen35_2b,Qwen3.5-2B,FDA_0087_32K,FDA_0087,32K,FDA,TEMPORAL_VERSION,True,1,0,39256,15.260625556068227
qwen35_2b,Qwen3.5-2B,CT_0101_64K,CT_0101,64K,CLINICAL_TRIALS,ENTITY_UNIT_BINDING,False,0,1,75591,16.205926854362176
qwen35_2b,Qwen3.5-2B,FDA_0087_16K,FDA_0087,16K,FDA,TEMPORAL_VERSION,True,1,0,19795,14.27284844691746
qwen35_2b,Qwen3.5-2B,SEC_0043_82K,SEC_0043,82K,SEC,DIRECT_RETRIEVAL,False,0,1,109487,16.740400055231916
qwen35_2b,Qwen3.5-2B,SEC_0039_64K,SEC_0039,64K,SEC,DIRECT_RETRIEVAL,True,1,0,87976,16.4248223873518
qwen35_2b,Qwen3.5-2B,CT_0028_32K,CT_0028,32K,CLINICAL_TRIALS,DIRECT_RETRIEVAL,True,1,0,37952,15.211888294546004
qwen35_2b,Qwen3.5-2B,FRED_0010_64K,FRED_0010,64K,FRED,RETRIEVAL_CALCULATION,False,0,1,75364,16.20158791863784
qwen35_2b,Qwen3.5-2B,FDA_0096_32K,FDA_0096,32K,FDA,ENTITY_UNIT_BINDING,False,0,1,38575,15.23537853634546
qwen35_2b,Qwen3.5-2B,FDA_0103_82K,FDA_0103,82K,FDA,ENTITY_UNIT_BINDING,False,0,1,96583,16.559481655835995
qwen35_2b,Qwen3.5-2B,SEC_0112_4K,SEC_0112,4K,SEC,UNANSWERABLE,True,1,0,5700,12.476746203939467
qwen35_2b,Qwen3.5-2B,CT_0053_4K,CT_0053,4K,CLINICAL_TRIALS,RETRIEVAL_CALCULATION,False,0,1,5023,12.294333559671829
qwen35_2b,Qwen3.5-2B,FRED_0056_64K,FRED_0056,64K,FRED,RETRIEVAL_CALCULATION,False,0,1,75469,16.203596537491315
qwen35_2b,Qwen3.5-2B,FRED_0119_32K,FRED_0119,32K,FRED,UNANSWERABLE,True,1,0,38323,15.225922882056548
qwen35_2b,Qwen3.5-2B,FDA_0092_64K,FDA_0092,64K,FDA,ENTITY_UNIT_BINDING,False,0,1,76893,16.23056464711301
qwen35_2b,Qwen3.5-2B,CT_0049_64K,CT_0049,64K,CLINICAL_TRIALS,RETRIEVAL_CALCULATION,False,0,1,76138,16.216329053101077
qwen35_2b,Qwen3.5-2B,FRED_0052_82K,FRED_0052,82K,FRED,RETRIEVAL_CALCULATION,False,0,1,94483,16.527767153094953
qwen35_2b,Qwen3.5-2B,FDA_0013_82K,FDA_0013,82K,FDA,RETRIEVAL_CALCULATION,False,0,1,97147,16.567881824130527
qwen35_2b,Qwen3.5-2B,SEC_0010_4K,SEC_0010,4K,SEC,RETRIEVAL_CALCULATION,False,0,1,5733,12.485074563698612
qwen35_2b,Qwen3.5-2B,FRED_0061_4K,FRED_0061,4K,FRED,RETRIEVAL_CALCULATION,False,0,1,5006,12.289442575688332
qwen35_2b,Qwen3.5-2B,CT_0022_4K,CT_0022,4K,CLINICAL_TRIALS,UNANSWERABLE,False,0,1,4906,12.260331518557601
qwen35_2b,Qwen3.5-2B,SEC_0046_4K,SEC_0046,4K,SEC,RETRIEVAL_CALCULATION,False,0,1,5711,12.479527669256347
qwen35_2b,Qwen3.5-2B,FRED_0028_8K,FRED_0028,8K,FRED,DIRECT_RETRIEVAL,False,0,1,9809,13.259890349895821
qwen35_2b,Qwen3.5-2B,SEC_0116_82K,SEC_0116,82K,SEC,UNANSWERABLE,True,1,0,110168,16.749345706099884
qwen35_2b,Qwen3.5-2B,FRED_0057_16K,FRED_0057,16K,FRED,RETRIEVAL_CALCULATION,True,1,0,19148,14.224906090719767
qwen35_2b,Qwen3.5-2B,CT_0010_32K,CT_0010,32K,CLINICAL_TRIALS,RETRIEVAL_CALCULATION,False,0,1,38206,15.221511601331745
qwen35_2b,Qwen3.5-2B,FRED_0031_32K,FRED_0031,32K,FRED,DIRECT_RETRIEVAL,False,0,1,38062,15.216063750784947
qwen35_2b,Qwen3.5-2B,FRED_0023_64K,FRED_0023,64K,FRED,UNANSWERABLE,True,1,0,76370,16.220718403268574
qwen35_2b,Qwen3.5-2B,FDA_0040_8K,FDA_0040,8K,FDA,DIRECT_RETRIEVAL,True,1,0,9802,13.258860431409756
qwen35_2b,Qwen3.5-2B,FRED_0022_32K,FRED_0022,32K,FRED,UNANSWERABLE,True,1,0,37617,15.199097176371668
qwen35_2b,Qwen3.5-2B,FDA_0071_82K,FDA_0071,82K,FDA,RETRIEVAL_CALCULATION,False,0,1,96707,16.561332700479916
qwen35_2b,Qwen3.5-2B,FRED_0021_32K,FRED_0021,32K,FRED,UNANSWERABLE,True,1,0,38227,15.222304363531867
qwen35_2b,Qwen3.5-2B,FDA_0110_4K,FDA_0110,4K,FDA,UNANSWERABLE,False,0,1,5049,12.301781962051106
qwen35_2b,Qwen3.5-2B,FDA_0002_8K,FDA_0002,8K,FDA,DIRECT_RETRIEVAL,True,1,0,9825,13.262241692033331
qwen35_2b,Qwen3.5-2B,CT_0021_32K,CT_0021,32K,CLINICAL_TRIALS,UNANSWERABLE,False,0,1,37760,15.204571144249204
qwen35_2b,Qwen3.5-2B,CT_0029_82K,CT_0029,82K,CLINICAL_TRIALS,DIRECT_RETRIEVAL,True,1,0,95433,16.542200604941637
qwen35_2b,Qwen3.5-2B,FDA_0091_16K,FDA_0091,16K,FDA,ENTITY_UNIT_BINDING,False,0,1,19451,14.247556707406412
qwen35_2b,Qwen3.5-2B,FDA_0082_8K,FDA_0082,8K,FDA,TEMPORAL_VERSION,True,1,0,9942,13.279320387942608
qwen35_2b,Qwen3.5-2B,FDA_0022_64K,FDA_0022,64K,FDA,UNANSWERABLE,False,0,1,77415,16.240325510892568
qwen35_2b,Qwen3.5-2B,SEC_0007_82K,SEC_0007,82K,SEC,ENTITY_UNIT_BINDING,False,0,1,110557,16.75443084780959
qwen35_2b,Qwen3.5-2B,FRED_0071_8K,FRED_0071,8K,FRED,RETRIEVAL_CALCULATION,False,0,1,9644,13.235415935602527
qwen35_2b,Qwen3.5-2B,CT_0043_8K,CT_0043,8K,CLINICAL_TRIALS,DIRECT_RETRIEVAL,True,1,0,9622,13.232121084082221
qwen35_2b,Qwen3.5-2B,SEC_0115_82K,SEC_0115,82K,SEC,UNANSWERABLE,True,1,0,110047,16.747760290778356
qwen35_2b,Qwen3.5-2B,FRED_0064_8K,FRED_0064,8K,FRED,RETRIEVAL_CALCULATION,False,0,1,9518,13.216442739160492
qwen35_2b,Qwen3.5-2B,FRED_0100_32K,FRED_0100,32K,FRED,ENTITY_UNIT_BINDING,False,0,1,37719,15.203003807572932
qwen35_2b,Qwen3.5-2B,CT_0076_4K,CT_0076,4K,CLINICAL_TRIALS,ENTITY_UNIT_BINDING,True,1,0,4969,12.27873982655011
qwen35_2b,Qwen3.5-2B,CT_0082_8K,CT_0082,8K,CLINICAL_TRIALS,ENTITY_UNIT_BINDING,False,0,1,9775,13.254880987082077
qwen35_2b,Qwen3.5-2B,FDA_0122_4K,FDA_0122,4K,FDA,UNANSWERABLE,False,0,1,4981,12.282219695672588
qwen35_2b,Qwen3.5-2B,SEC_0039_16K,SEC_0039,16K,SEC,DIRECT_RETRIEVAL,False,0,1,22157,14.435474937014387
qwen35_2b,Qwen3.5-2B,CT_0023_64K,CT_0023,64K,CLINICAL_TRIALS,UNANSWERABLE,True,1,0,75330,16.200936908880017
qwen35_2b,Qwen3.5-2B,CT_0054_4K,CT_0054,4K,CLINICAL_TRIALS,RETRIEVAL_CALCULATION,False,0,1,4931,12.267664537501119
qwen35_2b,Qwen3.5-2B,SEC_0068_64K,SEC_0068,64K,SEC,RETRIEVAL_CALCULATION,False,0,1,88088,16.42665787747329
qwen35_2b,Qwen3.5-2B,FDA_0004_82K,FDA_0004,82K,FDA,DIRECT_RETRIEVAL,True,1,0,97062,16.56661896724639
qwen35_2b,Qwen3.5-2B,SEC_0040_64K,SEC_0040,64K,SEC,DIRECT_RETRIEVAL,False,0,1,87697,16.420239870347725
qwen35_2b,Qwen3.5-2B,FDA_0050_16K,FDA_0050,16K,FDA,RETRIEVAL_CALCULATION,False,0,1,19570,14.256356135514165
qwen35_2b,Qwen3.5-2B,FDA_0061_4K,FDA_0061,4K,FDA,RETRIEVAL_CALCULATION,False,0,1,5040,12.29920801838728
qwen35_2b,Qwen3.5-2B,FRED_0116_82K,FRED_0116,82K,FRED,UNANSWERABLE,True,1,0,96086,16.552038621142295
qwen35_2b,Qwen3.5-2B,FRED_0089_16K,FRED_0089,16K,FRED,TEMPORAL_VERSION,False,0,1,19295,14.235939423428617
qwen35_2b,Qwen3.5-2B,CT_0028_16K,CT_0028,16K,CLINICAL_TRIALS,DIRECT_RETRIEVAL,True,1,0,19044,14.217048913556338
qwen35_2b,Qwen3.5-2B,CT_0114_82K,CT_0114,82K,CLINICAL_TRIALS,UNANSWERABLE,True,1,0,95140,16.537764404849817
qwen35_2b,Qwen3.5-2B,CT_0113_32K,CT_0113,32K,CLINICAL_TRIALS,UNANSWERABLE,False,0,1,37853,15.208120023581042
qwen35_2b,Qwen3.5-2B,FDA_0103_8K,FDA_0103,8K,FDA,ENTITY_UNIT_BINDING,False,0,1,9778,13.255323690008137
qwen35_2b,Qwen3.5-2B,SEC_0027_82K,SEC_0027,82K,SEC,DIRECT_RETRIEVAL,False,0,1,110406,16.752459051761516
qwen35_2b,Qwen3.5-2B,SEC_0036_82K,SEC_0036,82K,SEC,DIRECT_RETRIEVAL,False,0,1,110204,16.749817063821684
qwen35_2b,Qwen3.5-2B,FRED_0021_64K,FRED_0021,64K,FRED,UNANSWERABLE,True,1,0,76332,16.22000037190441
qwen35_2b,Qwen3.5-2B,SEC_0064_32K,SEC_0064,32K,SEC,RETRIEVAL_CALCULATION,False,0,1,44042,15.426592364450057
qwen35_2b,Qwen3.5-2B,FDA_0090_8K,FDA_0090,8K,FDA,ENTITY_UNIT_BINDING,True,1,0,9836,13.263856019596082
qwen35_2b,Qwen3.5-2B,FDA_0116_64K,FDA_0116,64K,FDA,UNANSWERABLE,False,0,1,77386,16.23978496972455
qwen35_2b,Qwen3.5-2B,FDA_0047_64K,FDA_0047,64K,FDA,RETRIEVAL_CALCULATION,False,0,1,77254,16.237322013288317
qwen35_2b,Qwen3.5-2B,SEC_0045_82K,SEC_0045,82K,SEC,DIRECT_RETRIEVAL,False,0,1,109948,16.746461835643565
qwen35_2b,Qwen3.5-2B,FRED_0030_8K,FRED_0030,8K,FRED,DIRECT_RETRIEVAL,True,1,0,9715,13.245998280472707
qwen35_2b,Qwen3.5-2B,SEC_0125_32K,SEC_0125,32K,SEC,UNANSWERABLE,True,1,0,44129,15.429439434559086
qwen35_2b,Qwen3.5-2B,FRED_0004_16K,FRED_0004,16K,FRED,DIRECT_RETRIEVAL,True,1,0,19268,14.233919208586977
qwen35_2b,Qwen3.5-2B,SEC_0007_4K,SEC_0007,4K,SEC,ENTITY_UNIT_BINDING,True,1,0,5626,12.4578938373147
qwen35_2b,Qwen3.5-2B,SEC_0030_32K,SEC_0030,32K,SEC,DIRECT_RETRIEVAL,False,0,1,43876,15.421144386530184
qwen35_2b,Qwen3.5-2B,FRED_0063_82K,FRED_0063,82K,FRED,RETRIEVAL_CALCULATION,False,0,1,94632,16.530040495828974
qwen35_2b,Qwen3.5-2B,CT_0115_32K,CT_0115,32K,CLINICAL_TRIALS,UNANSWERABLE,False,0,1,37801,15.206136780026432
qwen35_2b,Qwen3.5-2B,FDA_0100_8K,FDA_0100,8K,FDA,ENTITY_UNIT_BINDING,False,0,1,9711,13.245404150930328
qwen35_2b,Qwen3.5-2B,SEC_0060_32K,SEC_0060,32K,SEC,RETRIEVAL_CALCULATION,False,0,1,44146,15.429995103004247
qwen35_2b,Qwen3.5-2B,FDA_0027_16K,FDA_0027,16K,FDA,DIRECT_RETRIEVAL,True,1,0,19542,14.25429050511706
qwen35_2b,Qwen3.5-2B,CT_0081_16K,CT_0081,16K,CLINICAL_TRIALS,ENTITY_UNIT_BINDING,True,1,0,19217,14.230095511554056
qwen35_2b,Qwen3.5-2B,SEC_0085_82K,SEC_0085,82K,SEC,TEMPORAL_VERSION,False,0,1,109636,16.74236207285876
qwen35_2b,Qwen3.5-2B,CT_0121_82K,CT_0121,82K,CLINICAL_TRIALS,UNANSWERABLE,True,1,0,94521,16.52834727216431
qwen35_2b,Qwen3.5-2B,SEC_0100_82K,SEC_0100,82K,SEC,ENTITY_UNIT_BINDING,False,0,1,109756,16.74394028375224
qwen35_2b,Qwen3.5-2B,SEC_0026_8K,SEC_0026,8K,SEC,DIRECT_RETRIEVAL,True,1,0,11079,13.43554004792677
qwen35_2b,Qwen3.5-2B,SEC_0120_82K,SEC_0120,82K,SEC,UNANSWERABLE,True,1,0,109567,16.741453819220723
qwen35_2b,Qwen3.5-2B,CT_0069_32K,CT_0069,32K,CLINICAL_TRIALS,RETRIEVAL_CALCULATION,False,0,1,38718,15.240716810865374
qwen35_2b,Qwen3.5-2B,FDA_0021_64K,FDA_0021,64K,FDA,UNANSWERABLE,True,1,0,77408,16.240195053979924
qwen35_2b,Qwen3.5-2B,SEC_0049_8K,SEC_0049,8K,SEC,RETRIEVAL_CALCULATION,False,0,1,11182,13.448890629629261
qwen35_2b,Qwen3.5-2B,FDA_0041_4K,FDA_0041,4K,FDA,DIRECT_RETRIEVAL,True,1,0,5081,12.310896748797713
qwen35_2b,Qwen3.5-2B,FDA_0073_82K,FDA_0073,82K,FDA,RETRIEVAL_CALCULATION,False,0,1,96586,16.559526467220046
qwen35_2b,Qwen3.5-2B,CT_0068_16K,CT_0068,16K,CLINICAL_TRIALS,RETRIEVAL_CALCULATION,False,0,1,19238,14.231671202562785
qwen35_2b,Qwen3.5-2B,FDA_0069_8K,FDA_0069,8K,FDA,RETRIEVAL_CALCULATION,False,0,1,9808,13.259743263690781
qwen35_2b,Qwen3.5-2B,FDA_0013_64K,FDA_0013,64K,FDA,RETRIEVAL_CALCULATION,False,0,1,77304,16.23825544610397
qwen35_2b,Qwen3.5-2B,CT_0111_16K,CT_0111,16K,CLINICAL_TRIALS,UNANSWERABLE,False,0,1,19053,14.217730555449902
qwen35_2b,Qwen3.5-2B,FDA_0093_4K,FDA_0093,4K,FDA,ENTITY_UNIT_BINDING,False,0,1,5032,12.296916206879288
qwen35_2b,Qwen3.5-2B,SEC_0043_16K,SEC_0043,16K,SEC,DIRECT_RETRIEVAL,False,0,1,22079,14.430387210736564
qwen35_2b,Qwen3.5-2B,CT_0089_16K,CT_0089,16K,CLINICAL_TRIALS,ENTITY_UNIT_BINDING,True,1,0,19428,14.245849771023723
qwen35_2b,Qwen3.5-2B,FRED_0104_8K,FRED_0104,8K,FRED,ENTITY_UNIT_BINDING,True,1,0,9459,13.207471955404491
qwen35_2b,Qwen3.5-2B,FDA_0060_8K,FDA_0060,8K,FDA,RETRIEVAL_CALCULATION,False,0,1,9825,13.262241692033331
qwen35_2b,Qwen3.5-2B,FDA_0083_64K,FDA_0083,64K,FDA,TEMPORAL_VERSION,True,1,0,78210,16.255065463144074
qwen35_2b,Qwen3.5-2B,CT_0057_8K,CT_0057,8K,CLINICAL_TRIALS,RETRIEVAL_CALCULATION,False,0,1,9679,13.24064228571925
qwen35_2b,Qwen3.5-2B,FRED_0017_82K,FRED_0017,82K,FRED,TEMPORAL_VERSION,False,0,1,95472,16.5427900615549
qwen35_2b,Qwen3.5-2B,FDA_0111_32K,FDA_0111,32K,FDA,UNANSWERABLE,False,0,1,38829,15.244846932182956
qwen35_2b,Qwen3.5-2B,FDA_0046_8K,FDA_0046,8K,FDA,RETRIEVAL_CALCULATION,False,0,1,9842,13.26473580113014
qwen35_2b,Qwen3.5-2B,FDA_0106_8K,FDA_0106,8K,FDA,UNANSWERABLE,False,0,1,9904,13.273795599214264
qwen35_2b,Qwen3.5-2B,FDA_0032_82K,FDA_0032,82K,FDA,DIRECT_RETRIEVAL,True,1,0,97122,16.567510510372582
qwen35_2b,Qwen3.5-2B,FRED_0082_32K,FRED_0082,32K,FRED,TEMPORAL_VERSION,True,1,0,38248,15.223096690347695
qwen35_2b,Qwen3.5-2B,FDA_0089_64K,FDA_0089,64K,FDA,TEMPORAL_VERSION,True,1,0,78205,16.254973228061672
qwen35_2b,Qwen3.5-2B,FDA_0046_82K,FDA_0046,82K,FDA,RETRIEVAL_CALCULATION,False,0,1,97077,16.56684190468458
qwen35_2b,Qwen3.5-2B,FRED_0010_4K,FRED_0010,4K,FRED,RETRIEVAL_CALCULATION,False,0,1,4952,12.273795599214264
qwen35_2b,Qwen3.5-2B,CT_0085_64K,CT_0085,64K,CLINICAL_TRIALS,ENTITY_UNIT_BINDING,False,0,1,76325,16.219868063981504
qwen35_2b,Qwen3.5-2B,FDA_0111_64K,FDA_0111,64K,FDA,UNANSWERABLE,True,1,0,77451,16.240996245881625
qwen35_2b,Qwen3.5-2B,FRED_0091_82K,FRED_0091,82K,FRED,ENTITY_UNIT_BINDING,False,0,1,94800,16.532599438672985
qwen35_2b,Qwen3.5-2B,FRED_0092_8K,FRED_0092,8K,FRED,ENTITY_UNIT_BINDING,False,0,1,9746,13.250594507192316
qwen35_2b,Qwen3.5-2B,SEC_0098_32K,SEC_0098,32K,SEC,ENTITY_UNIT_BINDING,True,1,0,44169,15.430746549229479
qwen35_2b,Qwen3.5-2B,SEC_0031_4K,SEC_0031,4K,SEC,DIRECT_RETRIEVAL,True,1,0,5642,12.461990950585571
qwen35_2b,Qwen3.5-2B,FDA_0025_4K,FDA_0025,4K,FDA,UNANSWERABLE,False,0,1,5025,12.294907880953653
qwen35_2b,Qwen3.5-2B,FDA_0059_16K,FDA_0059,16K,FDA,RETRIEVAL_CALCULATION,False,0,1,19428,14.245849771023723
qwen35_2b,Qwen3.5-2B,CT_0032_4K,CT_0032,4K,CLINICAL_TRIALS,DIRECT_RETRIEVAL,True,1,0,5013,12.291458518782344
qwen35_2b,Qwen3.5-2B,CT_0094_8K,CT_0094,8K,CLINICAL_TRIALS,ENTITY_UNIT_BINDING,True,1,0,9781,13.255766257128808
qwen35_2b,Qwen3.5-2B,FDA_0113_82K,FDA_0113,82K,FDA,UNANSWERABLE,False,0,1,97376,16.571278618514597
qwen35_2b,Qwen3.5-2B,SEC_0088_64K,SEC_0088,64K,SEC,TEMPORAL_VERSION,False,0,1,88076,16.42646132947804
qwen35_2b,Qwen3.5-2B,FDA_0118_8K,FDA_0118,8K,FDA,UNANSWERABLE,False,0,1,9891,13.271900672391544
qwen35_2b,Qwen3.5-2B,FDA_0085_82K,FDA_0085,82K,FDA,TEMPORAL_VERSION,True,1,0,98020,16.58078852629712
qwen35_2b,Qwen3.5-2B,FDA_0083_82K,FDA_0083,82K,FDA,TEMPORAL_VERSION,False,0,1,98348,16.585608093777502
qwen35_2b,Qwen3.5-2B,CT_0122_16K,CT_0122,16K,CLINICAL_TRIALS,UNANSWERABLE,True,1,0,18905,14.206480228874597
qwen35_2b,Qwen3.5-2B,SEC_0067_4K,SEC_0067,4K,SEC,RETRIEVAL_CALCULATION,False,0,1,5734,12.485326189240524
qwen35_2b,Qwen3.5-2B,SEC_0106_4K,SEC_0106,4K,SEC,UNANSWERABLE,True,1,0,5775,12.495605231190781
qwen35_2b,Qwen3.5-2B,FDA_0092_82K,FDA_0092,82K,FDA,ENTITY_UNIT_BINDING,False,0,1,96619,16.560019300602335
qwen35_2b,Qwen3.5-2B,SEC_0111_32K,SEC_0111,32K,SEC,UNANSWERABLE,True,1,0,44120,15.429145170478744
qwen35_2b,Qwen3.5-2B,FRED_0015_16K,FRED_0015,16K,FRED,RETRIEVAL_CALCULATION,False,0,1,18966,14.211127820625654
qwen35_2b,Qwen3.5-2B,CT_0053_32K,CT_0053,32K,CLINICAL_TRIALS,RETRIEVAL_CALCULATION,False,0,1,38123,15.218374032764354
qwen35_2b,Qwen3.5-2B,CT_0049_8K,CT_0049,8K,CLINICAL_TRIALS,RETRIEVAL_CALCULATION,False,0,1,9814,13.260625556068227
qwen35_2b,Qwen3.5-2B,FDA_0003_8K,FDA_0003,8K,FDA,DIRECT_RETRIEVAL,True,1,0,9888,13.271463027904375
qwen35_2b,Qwen3.5-2B,FRED_0071_16K,FRED_0071,16K,FRED,RETRIEVAL_CALCULATION,False,0,1,18989,14.212876311733654
qwen35_2b,Qwen3.5-2B,SEC_0030_64K,SEC_0030,64K,SEC,DIRECT_RETRIEVAL,False,0,1,87653,16.41951584886918
qwen35_2b,Qwen3.5-2B,FRED_0050_32K,FRED_0050,32K,FRED,RETRIEVAL_CALCULATION,False,0,1,37706,15.202506491412048
qwen35_2b,Qwen3.5-2B,SEC_0118_8K,SEC_0118,8K,SEC,UNANSWERABLE,True,1,0,11164,13.446566409066067
qwen35_2b,Qwen3.5-2B,FDA_0042_82K,FDA_0042,82K,FDA,DIRECT_RETRIEVAL,True,1,0,97139,16.567763014125344
qwen35_2b,Qwen3.5-2B,FRED_0049_82K,FRED_0049,82K,FRED,RETRIEVAL_CALCULATION,False,0,1,94328,16.525398458669613
qwen35_2b,Qwen3.5-2B,FRED_0120_82K,FRED_0120,82K,FRED,UNANSWERABLE,True,1,0,96052,16.551528033628088
qwen35_2b,Qwen3.5-2B,FRED_0032_82K,FRED_0032,82K,FRED,DIRECT_RETRIEVAL,False,0,1,95461,16.54262382894485
qwen35_2b,Qwen3.5-2B,FRED_0030_64K,FRED_0030,64K,FRED,DIRECT_RETRIEVAL,False,0,1,76325,16.219868063981504
qwen35_2b,Qwen3.5-2B,FRED_0056_8K,FRED_0056,8K,FRED,RETRIEVAL_CALCULATION,False,0,1,9647,13.23586465108203
qwen35_2b,Qwen3.5-2B,SEC_0019_82K,SEC_0019,82K,SEC,TEMPORAL_VERSION,True,1,0,110065,16.74799624802552
qwen35_2b,Qwen3.5-2B,FRED_0118_4K,FRED_0118,4K,FRED,UNANSWERABLE,True,1,0,4943,12.271171191139773
qwen35_2b,Qwen3.5-2B,FDA_0039_82K,FDA_0039,82K,FDA,DIRECT_RETRIEVAL,True,1,0,97033,16.566187857156002
qwen35_2b,Qwen3.5-2B,FRED_0076_82K,FRED_0076,82K,FRED,TEMPORAL_VERSION,False,0,1,95425,16.542079660990282
qwen35_2b,Qwen3.5-2B,CT_0117_82K,CT_0117,82K,CLINICAL_TRIALS,UNANSWERABLE,True,1,0,94821,16.53291898762571
qwen35_2b,Qwen3.5-2B,SEC_0101_32K,SEC_0101,32K,SEC,ENTITY_UNIT_BINDING,True,1,0,44411,15.438629436303659
qwen35_2b,Qwen3.5-2B,FRED_0030_32K,FRED_0030,32K,FRED,DIRECT_RETRIEVAL,False,0,1,38261,15.2235869603999
qwen35_2b,Qwen3.5-2B,CT_0027_8K,CT_0027,8K,CLINICAL_TRIALS,DIRECT_RETRIEVAL,True,1,0,9631,13.233469887522077
qwen35_2b,Qwen3.5-2B,SEC_0079_16K,SEC_0079,16K,SEC,TEMPORAL_VERSION,True,1,0,22033,14.427378324450006
qwen35_2b,Qwen3.5-2B,FDA_0071_4K,FDA_0071,4K,FDA,RETRIEVAL_CALCULATION,False,0,1,5076,12.309476353841106
qwen35_2b,Qwen3.5-2B,FRED_0076_4K,FRED_0076,4K,FRED,TEMPORAL_VERSION,True,1,0,4927,12.266493756312183
qwen35_2b,Qwen3.5-2B,SEC_0085_8K,SEC_0085,8K,SEC,TEMPORAL_VERSION,True,1,0,11056,13.432541900388259
qwen35_2b,Qwen3.5-2B,SEC_0058_82K,SEC_0058,82K,SEC,RETRIEVAL_CALCULATION,False,0,1,109900,16.745831860723957
qwen35_2b,Qwen3.5-2B,CT_0038_82K,CT_0038,82K,CLINICAL_TRIALS,DIRECT_RETRIEVAL,False,0,1,95184,16.538431462950005
qwen35_2b,Qwen3.5-2B,SEC_0110_32K,SEC_0110,32K,SEC,UNANSWERABLE,True,1,0,44240,15.43306376512207
qwen35_2b,Qwen3.5-2B,CT_0117_4K,CT_0117,4K,CLINICAL_TRIALS,UNANSWERABLE,False,0,1,5008,12.290018846932618
qwen35_2b,Qwen3.5-2B,FDA_0024_16K,FDA_0024,16K,FDA,UNANSWERABLE,False,0,1,19558,14.255471227467067
qwen35_2b,Qwen3.5-2B,CT_0032_82K,CT_0032,82K,CLINICAL_TRIALS,DIRECT_RETRIEVAL,False,0,1,95078,16.536823935538788
qwen35_2b,Qwen3.5-2B,SEC_0099_16K,SEC_0099,16K,SEC,ENTITY_UNIT_BINDING,True,1,0,22322,14.446178674674245
qwen35_2b,Qwen3.5-2B,CT_0056_82K,CT_0056,82K,CLINICAL_TRIALS,RETRIEVAL_CALCULATION,False,0,1,95178,16.538340518641284
qwen35_2b,Qwen3.5-2B,FRED_0083_64K,FRED_0083,64K,FRED,TEMPORAL_VERSION,False,0,1,76362,16.220567268465942
qwen35_2b,Qwen3.5-2B,SEC_0001_32K,SEC_0001,32K,SEC,DIRECT_RETRIEVAL,False,0,1,44344,15.436451292286975
qwen35_2b,Qwen3.5-2B,CT_0026_64K,CT_0026,64K,CLINICAL_TRIALS,DIRECT_RETRIEVAL,True,1,0,75924,16.212268381236004
qwen35_2b,Qwen3.5-2B,CT_0010_4K,CT_0010,4K,CLINICAL_TRIALS,RETRIEVAL_CALCULATION,False,0,1,4985,12.283377789285558
qwen35_2b,Qwen3.5-2B,FRED_0027_16K,FRED_0027,16K,FRED,DIRECT_RETRIEVAL,False,0,1,19126,14.223247560417468
qwen35_2b,Qwen3.5-2B,FDA_0048_82K,FDA_0048,82K,FDA,RETRIEVAL_CALCULATION,False,0,1,97083,16.5669310700147
qwen35_2b,Qwen3.5-2B,CT_0013_64K,CT_0013,64K,CLINICAL_TRIALS,RETRIEVAL_CALCULATION,False,0,1,76533,16.223794332200587
qwen35_2b,Qwen3.5-2B,SEC_0020_8K,SEC_0020,8K,SEC,TEMPORAL_VERSION,True,1,0,11149,13.444626694202688
qwen35_2b,Qwen3.5-2B,FRED_0118_64K,FRED_0118,64K,FRED,UNANSWERABLE,True,1,0,76358,16.22049169512696
qwen35_2b,Qwen3.5-2B,CT_0090_16K,CT_0090,16K,CLINICAL_TRIALS,ENTITY_UNIT_BINDING,True,1,0,18986,14.212648367816252
qwen35_2b,Qwen3.5-2B,FRED_0041_4K,FRED_0041,4K,FRED,DIRECT_RETRIEVAL,True,1,0,5000,12.287712379549449
qwen35_2b,Qwen3.5-2B,FRED_0082_82K,FRED_0082,82K,FRED,TEMPORAL_VERSION,False,0,1,96050,16.55149799344025
qwen35_2b,Qwen3.5-2B,FDA_0020_32K,FDA_0020,32K,FDA,TEMPORAL_VERSION,False,0,1,39320,15.262975701227942
qwen35_2b,Qwen3.5-2B,SEC_0007_32K,SEC_0007,32K,SEC,ENTITY_UNIT_BINDING,False,0,1,44252,15.433455039827054
qwen35_2b,Qwen3.5-2B,SEC_0093_8K,SEC_0093,8K,SEC,TEMPORAL_VERSION,True,1,0,11081,13.435800462194786
qwen35_2b,Qwen3.5-2B,FDA_0097_4K,FDA_0097,4K,FDA,ENTITY_UNIT_BINDING,True,1,0,4998,12.287135186086704
qwen35_2b,Qwen3.5-2B,SEC_0098_82K,SEC_0098,82K,SEC,ENTITY_UNIT_BINDING,False,0,1,110068,16.748035570481697
qwen35_2b,Qwen3.5-2B,FRED_0046_64K,FRED_0046,64K,FRED,RETRIEVAL_CALCULATION,False,0,1,75877,16.211375018621943
qwen35_2b,Qwen3.5-2B,CT_0082_4K,CT_0082,4K,CLINICAL_TRIALS,ENTITY_UNIT_BINDING,True,1,0,5027,12.295481973695367
qwen35_2b,Qwen3.5-2B,SEC_0072_82K,SEC_0072,82K,SEC,RETRIEVAL_CALCULATION,False,0,1,110029,16.74752429493334
qwen35_2b,Qwen3.5-2B,SEC_0121_82K,SEC_0121,82K,SEC,UNANSWERABLE,True,1,0,109439,16.739767427192557
qwen35_2b,Qwen3.5-2B,CT_0077_64K,CT_0077,64K,CLINICAL_TRIALS,ENTITY_UNIT_BINDING,False,0,1,76334,16.220038171939542
qwen35_2b,Qwen3.5-2B,FDA_0035_8K,FDA_0035,8K,FDA,DIRECT_RETRIEVAL,True,1,0,9828,13.262682142362165
qwen35_2b,Qwen3.5-2B,SEC_0048_4K,SEC_0048,4K,SEC,RETRIEVAL_CALCULATION,False,0,1,5772,12.494855584491198
qwen35_2b,Qwen3.5-2B,CT_0094_4K,CT_0094,4K,CLINICAL_TRIALS,ENTITY_UNIT_BINDING,True,1,0,5040,12.29920801838728
qwen35_2b,Qwen3.5-2B,FDA_0107_4K,FDA_0107,4K,FDA,UNANSWERABLE,False,0,1,5068,12.30720080914081
qwen35_2b,Qwen3.5-2B,FDA_0054_8K,FDA_0054,8K,FDA,RETRIEVAL_CALCULATION,False,0,1,9829,13.262828929261705
qwen35_2b,Qwen3.5-2B,CT_0056_8K,CT_0056,8K,CLINICAL_TRIALS,RETRIEVAL_CALCULATION,False,0,1,9737,13.249261626599843
qwen35_2b,Qwen3.5-2B,SEC_0037_82K,SEC_0037,82K,SEC,DIRECT_RETRIEVAL,False,0,1,110488,16.753530162781164
qwen35_2b,Qwen3.5-2B,FDA_0121_82K,FDA_0121,82K,FDA,UNANSWERABLE,False,0,1,97438,16.572196900522613
qwen35_2b,Qwen3.5-2B,FRED_0018_4K,FRED_0018,4K,FRED,TEMPORAL_VERSION,True,1,0,5023,12.294333559671829
qwen35_2b,Qwen3.5-2B,CT_0118_82K,CT_0118,82K,CLINICAL_TRIALS,UNANSWERABLE,True,1,0,94809,16.53273639689098
qwen35_2b,Qwen3.5-2B,FDA_0036_4K,FDA_0036,4K,FDA,DIRECT_RETRIEVAL,True,1,0,5081,12.310896748797713
qwen35_2b,Qwen3.5-2B,CT_0084_16K,CT_0084,16K,CLINICAL_TRIALS,ENTITY_UNIT_BINDING,False,0,1,19398,14.243620292847242
qwen35_2b,Qwen3.5-2B,FDA_0008_64K,FDA_0008,64K,FDA,ENTITY_UNIT_BINDING,True,1,0,76802,16.22885626019005
qwen35_2b,Qwen3.5-2B,FRED_0048_64K,FRED_0048,64K,FRED,RETRIEVAL_CALCULATION,False,0,1,75350,16.20131989137255
qwen35_2b,Qwen3.5-2B,FDA_0079_32K,FDA_0079,32K,FDA,TEMPORAL_VERSION,True,1,0,39218,15.259228343849179
qwen35_2b,Qwen3.5-2B,SEC_0104_32K,SEC_0104,32K,SEC,ENTITY_UNIT_BINDING,False,0,1,44024,15.426002613329361
qwen35_2b,Qwen3.5-2B,FDA_0027_64K,FDA_0027,64K,FDA,DIRECT_RETRIEVAL,True,1,0,77254,16.237322013288317
qwen35_2b,Qwen3.5-2B,FRED_0037_32K,FRED_0037,32K,FRED,DIRECT_RETRIEVAL,False,0,1,38299,15.22501910293009
qwen35_2b,Qwen3.5-2B,SEC_0057_8K,SEC_0057,8K,SEC,RETRIEVAL_CALCULATION,False,0,1,11137,13.443073042388653
qwen35_2b,Qwen3.5-2B,FDA_0036_8K,FDA_0036,8K,FDA,DIRECT_RETRIEVAL,True,1,0,9878,13.270003253378444
qwen35_2b,Qwen3.5-2B,SEC_0122_64K,SEC_0122,64K,SEC,UNANSWERABLE,True,1,0,88006,16.425314265517134
qwen35_2b,Qwen3.5-2B,FDA_0116_32K,FDA_0116,32K,FDA,UNANSWERABLE,False,0,1,38789,15.243359962491796
qwen35_2b,Qwen3.5-2B,SEC_0086_8K,SEC_0086,8K,SEC,TEMPORAL_VERSION,True,1,0,11127,13.441777053224166
qwen35_2b,Qwen3.5-2B,FDA_0052_8K,FDA_0052,8K,FDA,RETRIEVAL_CALCULATION,False,0,1,9854,13.266493756312183
qwen35_2b,Qwen3.5-2B,FRED_0051_8K,FRED_0051,8K,FRED,RETRIEVAL_CALCULATION,False,0,1,9629,13.233170262382705
qwen35_2b,Qwen3.5-2B,SEC_0086_16K,SEC_0086,16K,SEC,TEMPORAL_VERSION,True,1,0,21950,14.421933319310083
qwen35_2b,Qwen3.5-2B,SEC_0070_82K,SEC_0070,82K,SEC,RETRIEVAL_CALCULATION,False,0,1,109912,16.745989380245256
qwen35_2b,Qwen3.5-2B,CT_0115_82K,CT_0115,82K,CLINICAL_TRIALS,UNANSWERABLE,True,1,0,94813,16.532797263036937
qwen35_2b,Qwen3.5-2B,FRED_0073_4K,FRED_0073,4K,FRED,RETRIEVAL_CALCULATION,False,0,1,4918,12.263856019596082
qwen35_2b,Qwen3.5-2B,FRED_0091_32K,FRED_0091,32K,FRED,ENTITY_UNIT_BINDING,False,0,1,37707,15.202544752588265
qwen35_2b,Qwen3.5-2B,FDA_0030_8K,FDA_0030,8K,FDA,DIRECT_RETRIEVAL,True,1,0,9804,13.25915476886684
qwen35_2b,Qwen3.5-2B,FDA_0079_16K,FDA_0079,16K,FDA,TEMPORAL_VERSION,False,0,1,19660,14.262975701227942
qwen35_2b,Qwen3.5-2B,FRED_0041_32K,FRED_0041,32K,FRED,DIRECT_RETRIEVAL,False,0,1,38357,15.227202267414002
qwen35_2b,Qwen3.5-2B,FDA_0010_64K,FDA_0010,64K,FDA,RETRIEVAL_CALCULATION,False,0,1,77265,16.23752742033181
qwen35_2b,Qwen3.5-2B,SEC_0090_82K,SEC_0090,82K,SEC,TEMPORAL_VERSION,False,0,1,110329,16.75145252789666
qwen35_2b,Qwen3.5-2B,CT_0089_32K,CT_0089,32K,CLINICAL_TRIALS,ENTITY_UNIT_BINDING,True,1,0,38230,15.222417579722011
qwen35_2b,Qwen3.5-2B,FRED_0032_8K,FRED_0032,8K,FRED,DIRECT_RETRIEVAL,False,0,1,9665,13.238554017098599
qwen35_2b,Qwen3.5-2B,SEC_0012_82K,SEC_0012,82K,SEC,RETRIEVAL_CALCULATION,False,0,1,110243,16.75032752762642
qwen35_2b,Qwen3.5-2B,FRED_0051_32K,FRED_0051,32K,FRED,RETRIEVAL_CALCULATION,False,0,1,37788,15.205640542856566
qwen35_2b,Qwen3.5-2B,CT_0059_82K,CT_0059,82K,CLINICAL_TRIALS,RETRIEVAL_CALCULATION,False,0,1,95833,16.548234911694234
qwen35_2b,Qwen3.5-2B,FRED_0055_32K,FRED_0055,32K,FRED,RETRIEVAL_CALCULATION,False,0,1,38261,15.2235869603999
qwen35_2b,Qwen3.5-2B,SEC_0017_8K,SEC_0017,8K,SEC,TEMPORAL_VERSION,True,1,0,11178,13.448374459662794
qwen35_2b,Qwen3.5-2B,FDA_0100_64K,FDA_0100,64K,FDA,ENTITY_UNIT_BINDING,False,0,1,76847,16.229701319756938
qwen35_2b,Qwen3.5-2B,SEC_0019_64K,SEC_0019,64K,SEC,TEMPORAL_VERSION,True,1,0,87904,16.423641195075856
qwen35_2b,Qwen3.5-2B,FRED_0072_64K,FRED_0072,64K,FRED,RETRIEVAL_CALCULATION,False,0,1,75116,16.196832619673582
qwen35_2b,Qwen3.5-2B,SEC_0028_82K,SEC_0028,82K,SEC,DIRECT_RETRIEVAL,False,0,1,110193,16.7496730541894
qwen35_2b,Qwen3.5-2B,SEC_0072_16K,SEC_0072,16K,SEC,RETRIEVAL_CALCULATION,False,0,1,22223,14.439765966437301
qwen35_2b,Qwen3.5-2B,FDA_0043_4K,FDA_0043,4K,FDA,DIRECT_RETRIEVAL,True,1,0,5052,12.302638923787553
qwen35_2b,Qwen3.5-2B,FRED_0107_4K,FRED_0107,4K,FRED,UNANSWERABLE,True,1,0,4947,12.272338184158624
qwen35_2b,Qwen3.5-2B,FRED_0066_82K,FRED_0066,82K,FRED,RETRIEVAL_CALCULATION,False,0,1,94613,16.529750805682664
qwen35_2b,Qwen3.5-2B,FDA_0118_64K,FDA_0118,64K,FDA,UNANSWERABLE,False,0,1,77537,16.242597296108094
qwen35_2b,Qwen3.5-2B,FRED_0014_82K,FRED_0014,82K,FRED,RETRIEVAL_CALCULATION,False,0,1,94815,16.53282769514698
qwen35_2b,Qwen3.5-2B,SEC_0022_82K,SEC_0022,82K,SEC,UNANSWERABLE,True,1,0,110268,16.75065465304127
qwen35_2b,Qwen3.5-2B,FRED_0090_32K,FRED_0090,32K,FRED,ENTITY_UNIT_BINDING,False,0,1,37746,15.204036147538904
qwen35_2b,Qwen3.5-2B,SEC_0092_8K,SEC_0092,8K,SEC,TEMPORAL_VERSION,True,1,0,11161,13.446178674674245
qwen35_2b,Qwen3.5-2B,CT_0031_16K,CT_0031,16K,CLINICAL_TRIALS,DIRECT_RETRIEVAL,True,1,0,19143,14.224529319402984
qwen35_2b,Qwen3.5-2B,SEC_0024_82K,SEC_0024,82K,SEC,UNANSWERABLE,True,1,0,110106,16.748533562180064
qwen35_2b,Qwen3.5-2B,FRED_0116_4K,FRED_0116,4K,FRED,UNANSWERABLE,True,1,0,4946,12.272046524389937
qwen35_2b,Qwen3.5-2B,SEC_0016_8K,SEC_0016,8K,SEC,RETRIEVAL_CALCULATION,False,0,1,11055,13.432411404703588
qwen35_2b,Qwen3.5-2B,CT_0040_32K,CT_0040,32K,CLINICAL_TRIALS,DIRECT_RETRIEVAL,True,1,0,38187,15.220793964733048
qwen35_2b,Qwen3.5-2B,FDA_0123_4K,FDA_0123,4K,FDA,UNANSWERABLE,False,0,1,5038,12.298635406734242
qwen35_2b,Qwen3.5-2B,FRED_0022_64K,FRED_0022,64K,FRED,UNANSWERABLE,True,1,0,75118,16.19687103161871
qwen35_2b,Qwen3.5-2B,FDA_0013_8K,FDA_0013,8K,FDA,RETRIEVAL_CALCULATION,False,0,1,9887,13.271317116901379
qwen35_2b,Qwen3.5-2B,SEC_0021_16K,SEC_0021,16K,SEC,UNANSWERABLE,True,1,0,22135,14.434041752985229
qwen35_2b,Qwen3.5-2B,CT_0037_8K,CT_0037,8K,CLINICAL_TRIALS,DIRECT_RETRIEVAL,True,1,0,9683,13.24123837912341
qwen35_2b,Qwen3.5-2B,SEC_0052_32K,SEC_0052,32K,SEC,RETRIEVAL_CALCULATION,False,0,1,44067,15.427411063493064
qwen35_2b,Qwen3.5-2B,SEC_0023_8K,SEC_0023,8K,SEC,UNANSWERABLE,True,1,0,11086,13.436451292286975
qwen35_2b,Qwen3.5-2B,CT_0053_8K,CT_0053,8K,CLINICAL_TRIALS,RETRIEVAL_CALCULATION,False,0,1,9712,13.245552706255681
qwen35_2b,Qwen3.5-2B,FRED_0046_4K,FRED_0046,4K,FRED,RETRIEVAL_CALCULATION,False,0,1,5064,12.306061689428342
qwen35_2b,Qwen3.5-2B,SEC_0051_8K,SEC_0051,8K,SEC,RETRIEVAL_CALCULATION,False,0,1,11265,13.45955969312279
qwen35_2b,Qwen3.5-2B,FRED_0123_64K,FRED_0123,64K,FRED,UNANSWERABLE,True,1,0,76431,16.221870285810827
qwen35_2b,Qwen3.5-2B,FRED_0093_8K,FRED_0093,8K,FRED,ENTITY_UNIT_BINDING,True,1,0,9541,13.219924768862814
qwen35_2b,Qwen3.5-2B,CT_0026_8K,CT_0026,8K,CLINICAL_TRIALS,DIRECT_RETRIEVAL,True,1,0,9633,13.233769450446927
qwen35_2b,Qwen3.5-2B,CT_0097_64K,CT_0097,64K,CLINICAL_TRIALS,ENTITY_UNIT_BINDING,False,0,1,75508,16.204341884237458
qwen35_2b,Qwen3.5-2B,FDA_0072_8K,FDA_0072,8K,FDA,RETRIEVAL_CALCULATION,False,0,1,9863,13.267810818367241
qwen35_2b,Qwen3.5-2B,FRED_0074_82K,FRED_0074,82K,FRED,TEMPORAL_VERSION,False,0,1,96004,16.55080689642431
qwen35_2b,Qwen3.5-2B,FDA_0014_4K,FDA_0014,4K,FDA,RETRIEVAL_CALCULATION,False,0,1,5084,12.311748315004959
qwen35_2b,Qwen3.5-2B,FDA_0100_82K,FDA_0100,82K,FDA,ENTITY_UNIT_BINDING,False,0,1,96516,16.558480505424875
qwen35_2b,Qwen3.5-2B,SEC_0016_32K,SEC_0016,32K,SEC,RETRIEVAL_CALCULATION,False,0,1,43953,15.42367401903447
qwen35_2b,Qwen3.5-2B,SEC_0123_32K,SEC_0123,32K,SEC,UNANSWERABLE,True,1,0,44294,15.434823666219248
qwen35_2b,Qwen3.5-2B,CT_0106_32K,CT_0106,32K,CLINICAL_TRIALS,UNANSWERABLE,False,0,1,37908,15.210214722468029
qwen35_2b,Qwen3.5-2B,FDA_0026_32K,FDA_0026,32K,FDA,DIRECT_RETRIEVAL,True,1,0,38741,15.241573573460181
qwen35_2b,Qwen3.5-2B,FRED_0039_32K,FRED_0039,32K,FRED,DIRECT_RETRIEVAL,False,0,1,38356,15.227164654622403
qwen35_2b,Qwen3.5-2B,FRED_0117_32K,FRED_0117,32K,FRED,UNANSWERABLE,True,1,0,38214,15.22181365734769
qwen35_2b,Qwen3.5-2B,FDA_0080_64K,FDA_0080,64K,FDA,TEMPORAL_VERSION,False,0,1,77981,16.250835035000446
qwen35_2b,Qwen3.5-2B,FDA_0039_8K,FDA_0039,8K,FDA,DIRECT_RETRIEVAL,True,1,0,9842,13.26473580113014
qwen35_2b,Qwen3.5-2B,FDA_0055_64K,FDA_0055,64K,FDA,RETRIEVAL_CALCULATION,False,0,1,77083,16.23412510064986
qwen35_2b,Qwen3.5-2B,FDA_0104_4K,FDA_0104,4K,FDA,ENTITY_UNIT_BINDING,True,1,0,5099,12.315998622628559
qwen35_2b,Qwen3.5-2B,CT_0010_16K,CT_0010,16K,CLINICAL_TRIALS,RETRIEVAL_CALCULATION,False,0,1,19257,14.233095346373815
qwen35_2b,Qwen3.5-2B,SEC_0018_16K,SEC_0018,16K,SEC,TEMPORAL_VERSION,True,1,0,22154,14.435279586644082
qwen35_2b,Qwen3.5-2B,CT_0046_64K,CT_0046,64K,CLINICAL_TRIALS,RETRIEVAL_CALCULATION,False,0,1,75903,16.211869287582676
qwen35_2b,Qwen3.5-2B,FDA_0045_82K,FDA_0045,82K,FDA,DIRECT_RETRIEVAL,False,0,1,97075,16.5668121816832
qwen35_2b,Qwen3.5-2B,FRED_0105_8K,FRED_0105,8K,FRED,ENTITY_UNIT_BINDING,False,0,1,9563,13.223247560417468
qwen35_2b,Qwen3.5-2B,FRED_0092_64K,FRED_0092,64K,FRED,ENTITY_UNIT_BINDING,False,0,1,76359,16.220510588832845
qwen35_2b,Qwen3.5-2B,FRED_0087_32K,FRED_0087,32K,FRED,TEMPORAL_VERSION,False,0,1,38247,15.223058970364924
qwen35_2b,Qwen3.5-2B,CT_0057_4K,CT_0057,4K,CLINICAL_TRIALS,RETRIEVAL_CALCULATION,False,0,1,4994,12.285980105928212
qwen35_2b,Qwen3.5-2B,SEC_0065_4K,SEC_0065,4K,SEC,RETRIEVAL_CALCULATION,False,0,1,5722,12.482303782323182
qwen35_2b,Qwen3.5-2B,SEC_0026_32K,SEC_0026,32K,SEC,DIRECT_RETRIEVAL,False,0,1,43679,15.414652206696513
qwen35_2b,Qwen3.5-2B,SEC_0005_32K,SEC_0005,32K,SEC,DIRECT_RETRIEVAL,False,0,1,44144,15.429929741353273
qwen35_2b,Qwen3.5-2B,SEC_0006_16K,SEC_0006,16K,SEC,ENTITY_UNIT_BINDING,False,0,1,22117,14.432868087968135
qwen35_2b,Qwen3.5-2B,SEC_0048_32K,SEC_0048,32K,SEC,RETRIEVAL_CALCULATION,False,0,1,44274,15.43417210129042
qwen35_2b,Qwen3.5-2B,FRED_0011_16K,FRED_0011,16K,FRED,RETRIEVAL_CALCULATION,False,0,1,19338,14.239150973780701
qwen35_2b,Qwen3.5-2B,FRED_0006_82K,FRED_0006,82K,FRED,ENTITY_UNIT_BINDING,False,0,1,95460,16.542608715939565
qwen35_2b,Qwen3.5-2B,SEC_0037_4K,SEC_0037,4K,SEC,DIRECT_RETRIEVAL,True,1,0,5660,12.466586337719244
qwen35_2b,Qwen3.5-2B,CT_0101_82K,CT_0101,82K,CLINICAL_TRIALS,ENTITY_UNIT_BINDING,False,0,1,94748,16.531807869846002
qwen35_2b,Qwen3.5-2B,SEC_0068_32K,SEC_0068,32K,SEC,RETRIEVAL_CALCULATION,False,0,1,44195,15.431595539138165
qwen35_2b,Qwen3.5-2B,FDA_0057_4K,FDA_0057,4K,FDA,RETRIEVAL_CALCULATION,False,0,1,5049,12.301781962051106
qwen35_2b,Qwen3.5-2B,SEC_0068_82K,SEC_0068,82K,SEC,RETRIEVAL_CALCULATION,False,0,1,110203,16.74980397263092
qwen35_2b,Qwen3.5-2B,SEC_0021_32K,SEC_0021,32K,SEC,UNANSWERABLE,True,1,0,44127,15.429374047727997
qwen35_2b,Qwen3.5-2B,CT_0031_32K,CT_0031,32K,CLINICAL_TRIALS,DIRECT_RETRIEVAL,True,1,0,38111,15.217919843278464
qwen35_2b,Qwen3.5-2B,FRED_0020_8K,FRED_0020,8K,FRED,TEMPORAL_VERSION,True,1,0,9743,13.250150350472438
qwen35_2b,Qwen3.5-2B,CT_0026_32K,CT_0026,32K,CLINICAL_TRIALS,DIRECT_RETRIEVAL,True,1,0,38034,15.215002053377253
qwen35_2b,Qwen3.5-2B,SEC_0008_82K,SEC_0008,82K,SEC,ENTITY_UNIT_BINDING,False,0,1,109693,16.74311193830457
qwen35_2b,Qwen3.5-2B,FRED_0062_4K,FRED_0062,4K,FRED,RETRIEVAL_CALCULATION,False,0,1,4918,12.263856019596082
qwen35_2b,Qwen3.5-2B,SEC_0119_8K,SEC_0119,8K,SEC,UNANSWERABLE,True,1,0,11236,13.455840909126398
qwen35_2b,Qwen3.5-2B,CT_0104_82K,CT_0104,82K,CLINICAL_TRIALS,ENTITY_UNIT_BINDING,True,1,0,94766,16.53208192359205
qwen35_2b,Qwen3.5-2B,FDA_0074_8K,FDA_0074,8K,FDA,RETRIEVAL_CALCULATION,False,0,1,9794,13.257682480708766
qwen35_2b,Qwen3.5-2B,SEC_0089_4K,SEC_0089,4K,SEC,TEMPORAL_VERSION,True,1,0,5687,12.473452088952232
qwen35_2b,Qwen3.5-2B,FRED_0094_8K,FRED_0094,8K,FRED,ENTITY_UNIT_BINDING,False,0,1,9670,13.239300174364203
qwen35_2b,Qwen3.5-2B,FDA_0114_32K,FDA_0114,32K,FDA,UNANSWERABLE,False,0,1,38787,15.243285573761199
qwen35_2b,Qwen3.5-2B,FDA_0104_82K,FDA_0104,82K,FDA,ENTITY_UNIT_BINDING,True,1,0,96622,16.560064095290034
qwen35_2b,Qwen3.5-2B,FDA_0024_4K,FDA_0024,4K,FDA,UNANSWERABLE,False,0,1,5059,12.30463652380727
qwen35_2b,Qwen3.5-2B,SEC_0105_82K,SEC_0105,82K,SEC,ENTITY_UNIT_BINDING,False,0,1,110478,16.753399582054545
qwen35_2b,Qwen3.5-2B,CT_0039_8K,CT_0039,8K,CLINICAL_TRIALS,DIRECT_RETRIEVAL,True,1,0,9668,13.239001757765582
qwen35_2b,Qwen3.5-2B,SEC_0023_4K,SEC_0023,4K,SEC,UNANSWERABLE,True,1,0,5583,12.446824840780307
qwen35_2b,Qwen3.5-2B,SEC_0003_64K,SEC_0003,64K,SEC,DIRECT_RETRIEVAL,True,1,0,88070,16.426363045438112
qwen35_2b,Qwen3.5-2B,SEC_0035_82K,SEC_0035,82K,SEC,DIRECT_RETRIEVAL,False,0,1,110118,16.748690787010307
qwen35_2b,Qwen3.5-2B,SEC_0007_64K,SEC_0007,64K,SEC,ENTITY_UNIT_BINDING,False,0,1,88264,16.429537509249478
qwen35_2b,Qwen3.5-2B,FDA_0008_32K,FDA_0008,32K,FDA,ENTITY_UNIT_BINDING,False,0,1,38467,15.231333699335014
qwen35_2b,Qwen3.5-2B,FDA_0030_4K,FDA_0030,4K,FDA,DIRECT_RETRIEVAL,True,1,0,5049,12.301781962051106
qwen35_2b,Qwen3.5-2B,FRED_0071_4K,FRED_0071,4K,FRED,RETRIEVAL_CALCULATION,False,0,1,4896,12.257387842692651
qwen35_2b,Qwen3.5-2B,CT_0056_4K,CT_0056,4K,CLINICAL_TRIALS,RETRIEVAL_CALCULATION,False,0,1,5001,12.288000889707574
qwen35_2b,Qwen3.5-2B,SEC_0008_32K,SEC_0008,32K,SEC,ENTITY_UNIT_BINDING,False,0,1,43974,15.424363149709569
qwen35_2b,Qwen3.5-2B,CT_0103_82K,CT_0103,82K,CLINICAL_TRIALS,ENTITY_UNIT_BINDING,False,0,1,94571,16.529110231503953
qwen35_2b,Qwen3.5-2B,SEC_0116_8K,SEC_0116,8K,SEC,UNANSWERABLE,True,1,0,11181,13.448761604450006
qwen35_2b,Qwen3.5-2B,CT_0058_82K,CT_0058,82K,CLINICAL_TRIALS,RETRIEVAL_CALCULATION,False,0,1,95053,16.536444540529768
qwen35_2b,Qwen3.5-2B,FDA_0070_16K,FDA_0070,16K,FDA,RETRIEVAL_CALCULATION,False,0,1,19402,14.243917755743324
qwen35_2b,Qwen3.5-2B,FRED_0107_32K,FRED_0107,32K,FRED,UNANSWERABLE,True,1,0,38236,15.222643985451697
qwen35_2b,Qwen3.5-2B,CT_0050_82K,CT_0050,82K,CLINICAL_TRIALS,RETRIEVAL_CALCULATION,False,0,1,95158,16.5380373295344
qwen35_2b,Qwen3.5-2B,FRED_0006_32K,FRED_0006,32K,FRED,ENTITY_UNIT_BINDING,False,0,1,37981,15.212990270188213
qwen35_2b,Qwen3.5-2B,CT_0117_64K,CT_0117,64K,CLINICAL_TRIALS,UNANSWERABLE,True,1,0,75779,16.209510481331147
qwen35_2b,Qwen3.5-2B,FRED_0069_4K,FRED_0069,4K,FRED,RETRIEVAL_CALCULATION,True,1,0,4918,12.263856019596082
qwen35_2b,Qwen3.5-2B,FDA_0015_32K,FDA_0015,32K,FDA,RETRIEVAL_CALCULATION,False,0,1,38585,15.235752485295425
qwen35_2b,Qwen3.5-2B,FDA_0041_32K,FDA_0041,32K,FDA,DIRECT_RETRIEVAL,True,1,0,38858,15.24592402765914
qwen35_2b,Qwen3.5-2B,FRED_0082_16K,FRED_0082,16K,FRED,TEMPORAL_VERSION,False,0,1,19295,14.235939423428617
qwen35_2b,Qwen3.5-2B,SEC_0016_4K,SEC_0016,4K,SEC,RETRIEVAL_CALCULATION,False,0,1,5657,12.465821455643775
qwen35_2b,Qwen3.5-2B,SEC_0048_16K,SEC_0048,16K,SEC,RETRIEVAL_CALCULATION,False,0,1,22202,14.43840202279677
qwen35_2b,Qwen3.5-2B,CT_0017_32K,CT_0017,32K,CLINICAL_TRIALS,ENTITY_UNIT_BINDING,False,0,1,38532,15.233769450446927
qwen35_2b,Qwen3.5-2B,CT_0064_16K,CT_0064,16K,CLINICAL_TRIALS,RETRIEVAL_CALCULATION,False,0,1,19355,14.240418687179673
qwen35_2b,Qwen3.5-2B,FRED_0098_82K,FRED_0098,82K,FRED,ENTITY_UNIT_BINDING,False,0,1,94348,16.525704315280162
qwen35_2b,Qwen3.5-2B,SEC_0104_64K,SEC_0104,64K,SEC,ENTITY_UNIT_BINDING,False,0,1,87713,16.42050306082396
qwen35_2b,Qwen3.5-2B,FRED_0026_32K,FRED_0026,32K,FRED,DIRECT_RETRIEVAL,False,0,1,38326,15.22603581464862
qwen35_2b,Qwen3.5-2B,FDA_0052_32K,FDA_0052,32K,FDA,RETRIEVAL_CALCULATION,False,0,1,38777,15.242913572562477
qwen35_2b,Qwen3.5-2B,CT_0055_32K,CT_0055,32K,CLINICAL_TRIALS,RETRIEVAL_CALCULATION,False,0,1,38252,15.223247560417468
qwen35_2b,Qwen3.5-2B,CT_0113_8K,CT_0113,8K,CLINICAL_TRIALS,UNANSWERABLE,False,0,1,9687,13.241834226335136
qwen35_2b,Qwen3.5-2B,CT_0066_8K,CT_0066,8K,CLINICAL_TRIALS,RETRIEVAL_CALCULATION,False,0,1,9755,13.251926157496388
qwen35_2b,Qwen3.5-2B,SEC_0004_82K,SEC_0004,82K,SEC,DIRECT_RETRIEVAL,False,0,1,110732,16.756712675508098
qwen35_2b,Qwen3.5-2B,SEC_0062_8K,SEC_0062,8K,SEC,RETRIEVAL_CALCULATION,False,0,1,11174,13.44785810495403
qwen35_2b,Qwen3.5-2B,CT_0063_8K,CT_0063,8K,CLINICAL_TRIALS,RETRIEVAL_CALCULATION,False,0,1,9719,13.246592165441838
qwen35_2b,Qwen3.5-2B,SEC_0111_64K,SEC_0111,64K,SEC,UNANSWERABLE,True,1,0,87942,16.42426472262163
qwen35_2b,Qwen3.5-2B,CT_0068_64K,CT_0068,64K,CLINICAL_TRIALS,RETRIEVAL_CALCULATION,False,0,1,76661,16.226205196963008
qwen35_2b,Qwen3.5-2B,FDA_0003_4K,FDA_0003,4K,FDA,DIRECT_RETRIEVAL,True,1,0,5007,12.289730740083755
qwen35_2b,Qwen3.5-2B,SEC_0026_16K,SEC_0026,16K,SEC,DIRECT_RETRIEVAL,False,0,1,21877,14.417127294011502
qwen35_2b,Qwen3.5-2B,CT_0120_64K,CT_0120,64K,CLINICAL_TRIALS,UNANSWERABLE,True,1,0,75567,16.205468728675513
qwen35_2b,Qwen3.5-2B,FRED_0010_32K,FRED_0010,32K,FRED,RETRIEVAL_CALCULATION,False,0,1,37909,15.210252779764968
qwen35_2b,Qwen3.5-2B,CT_0043_32K,CT_0043,32K,CLINICAL_TRIALS,DIRECT_RETRIEVAL,True,1,0,37825,15.207052461991461
qwen35_2b,Qwen3.5-2B,SEC_0042_4K,SEC_0042,4K,SEC,DIRECT_RETRIEVAL,True,1,0,5591,12.448890629629261
qwen35_2b,Qwen3.5-2B,SEC_0113_64K,SEC_0113,64K,SEC,UNANSWERABLE,True,1,0,88050,16.42603538360593
qwen35_2b,Qwen3.5-2B,FRED_0096_32K,FRED_0096,32K,FRED,ENTITY_UNIT_BINDING,False,0,1,37554,15.196678961665036
qwen35_2b,Qwen3.5-2B,FRED_0024_32K,FRED_0024,32K,FRED,UNANSWERABLE,True,1,0,38276,15.224152449663665
qwen35_2b,Qwen3.5-2B,FRED_0067_8K,FRED_0067,8K,FRED,RETRIEVAL_CALCULATION,False,0,1,9572,13.2246046815385
qwen35_2b,Qwen3.5-2B,SEC_0121_32K,SEC_0121,32K,SEC,UNANSWERABLE,True,1,0,43814,15.419104311095357
qwen35_2b,Qwen3.5-2B,CT_0104_4K,CT_0104,4K,CLINICAL_TRIALS,ENTITY_UNIT_BINDING,True,1,0,5022,12.2940463132715
qwen35_2b,Qwen3.5-2B,FDA_0045_8K,FDA_0045,8K,FDA,DIRECT_RETRIEVAL,True,1,0,9861,13.267518241801467
qwen35_2b,Qwen3.5-2B,CT_0029_32K,CT_0029,32K,CLINICAL_TRIALS,DIRECT_RETRIEVAL,True,1,0,38161,15.219811356871332
qwen35_2b,Qwen3.5-2B,FRED_0084_32K,FRED_0084,32K,FRED,TEMPORAL_VERSION,False,0,1,37960,15.212192371908472
qwen35_2b,Qwen3.5-2B,FDA_0047_82K,FDA_0047,82K,FDA,RETRIEVAL_CALCULATION,False,0,1,97172,16.568253042346157
qwen35_2b,Qwen3.5-2B,FDA_0097_16K,FDA_0097,16K,FDA,ENTITY_UNIT_BINDING,False,0,1,19409,14.244438168275634
qwen35_2b,Qwen3.5-2B,SEC_0087_8K,SEC_0087,8K,SEC,TEMPORAL_VERSION,False,0,1,11277,13.461095700764172
qwen35_2b,Qwen3.5-2B,SEC_0107_8K,SEC_0107,8K,SEC,UNANSWERABLE,True,1,0,11346,13.469896148670918
qwen35_2b,Qwen3.5-2B,SEC_0024_64K,SEC_0024,64K,SEC,UNANSWERABLE,True,1,0,87939,16.42421550655937
qwen35_2b,Qwen3.5-2B,FDA_0012_4K,FDA_0012,4K,FDA,RETRIEVAL_CALCULATION,False,0,1,5022,12.2940463132715
qwen35_2b,Qwen3.5-2B,SEC_0100_16K,SEC_0100,16K,SEC,ENTITY_UNIT_BINDING,False,0,1,22105,14.43208511384143
qwen35_2b,Qwen3.5-2B,FDA_0052_16K,FDA_0052,16K,FDA,RETRIEVAL_CALCULATION,False,0,1,19420,14.245255580306555
qwen35_2b,Qwen3.5-2B,CT_0063_4K,CT_0063,4K,CLINICAL_TRIALS,RETRIEVAL_CALCULATION,False,0,1,5014,12.291746280833939
qwen35_2b,Qwen3.5-2B,SEC_0109_8K,SEC_0109,8K,SEC,UNANSWERABLE,True,1,0,11353,13.4707859557643
qwen35_2b,Qwen3.5-2B,FRED_0023_32K,FRED_0023,32K,FRED,UNANSWERABLE,True,1,0,38301,15.225094439485767
qwen35_2b,Qwen3.5-2B,FDA_0018_32K,FDA_0018,32K,FDA,TEMPORAL_VERSION,False,0,1,39280,15.261507309202056
qwen35_2b,Qwen3.5-2B,SEC_0014_64K,SEC_0014,64K,SEC,RETRIEVAL_CALCULATION,False,0,1,88216,16.428752724983042
qwen35_2b,Qwen3.5-2B,CT_0077_82K,CT_0077,82K,CLINICAL_TRIALS,ENTITY_UNIT_BINDING,False,0,1,95460,16.542608715939565
qwen35_2b,Qwen3.5-2B,SEC_0078_32K,SEC_0078,32K,SEC,TEMPORAL_VERSION,False,0,1,44212,15.432150377917841
qwen35_2b,Qwen3.5-2B,CT_0071_64K,CT_0071,64K,CLINICAL_TRIALS,RETRIEVAL_CALCULATION,False,0,1,76900,16.230695977736552
qwen35_2b,Qwen3.5-2B,CT_0043_82K,CT_0043,82K,CLINICAL_TRIALS,DIRECT_RETRIEVAL,False,0,1,94888,16.533938028069322
qwen35_2b,Qwen3.5-2B,CT_0012_8K,CT_0012,8K,CLINICAL_TRIALS,RETRIEVAL_CALCULATION,False,0,1,9657,13.237359362198834
qwen35_2b,Qwen3.5-2B,FRED_0069_82K,FRED_0069,82K,FRED,RETRIEVAL_CALCULATION,False,0,1,94828,16.533025488216705
qwen35_2b,Qwen3.5-2B,SEC_0035_8K,SEC_0035,8K,SEC,DIRECT_RETRIEVAL,True,1,0,11102,13.438531977761583
qwen35_2b,Qwen3.5-2B,FRED_0014_32K,FRED_0014,32K,FRED,RETRIEVAL_CALCULATION,False,0,1,37850,15.208005679760456
qwen35_2b,Qwen3.5-2B,SEC_0039_8K,SEC_0039,8K,SEC,DIRECT_RETRIEVAL,True,1,0,11188,13.449664538476192
qwen35_2b,Qwen3.5-2B,CT_0122_4K,CT_0122,4K,CLINICAL_TRIALS,UNANSWERABLE,True,1,0,4935,12.26883436934376
qwen35_2b,Qwen3.5-2B,SEC_0009_32K,SEC_0009,32K,SEC,RETRIEVAL_CALCULATION,False,0,1,44433,15.439343931183409
qwen35_2b,Qwen3.5-2B,FDA_0026_16K,FDA_0026,16K,FDA,DIRECT_RETRIEVAL,True,1,0,19520,14.252665432450248
qwen35_2b,Qwen3.5-2B,CT_0025_4K,CT_0025,4K,CLINICAL_TRIALS,UNANSWERABLE,False,0,1,4875,12.251186503524336
qwen35_2b,Qwen3.5-2B,CT_0069_4K,CT_0069,4K,CLINICAL_TRIALS,RETRIEVAL_CALCULATION,False,0,1,5006,12.289442575688332
qwen35_2b,Qwen3.5-2B,SEC_0005_8K,SEC_0005,8K,SEC,DIRECT_RETRIEVAL,False,0,1,11124,13.441388029346687
qwen35_2b,Qwen3.5-2B,CT_0029_64K,CT_0029,64K,CLINICAL_TRIALS,DIRECT_RETRIEVAL,True,1,0,76032,16.214319120800766
qwen35_2b,Qwen3.5-2B,FRED_0112_16K,FRED_0112,16K,FRED,UNANSWERABLE,True,1,0,19074,14.219319801859132
qwen35_2b,Qwen3.5-2B,FRED_0080_4K,FRED_0080,4K,FRED,TEMPORAL_VERSION,True,1,0,4887,12.254733389246674
qwen35_2b,Qwen3.5-2B,CT_0080_32K,CT_0080,32K,CLINICAL_TRIALS,ENTITY_UNIT_BINDING,True,1,0,38282,15.22437858332084
qwen35_2b,Qwen3.5-2B,CT_0076_8K,CT_0076,8K,CLINICAL_TRIALS,ENTITY_UNIT_BINDING,True,1,0,9744,13.250298417906333
qwen35_2b,Qwen3.5-2B,SEC_0096_8K,SEC_0096,8K,SEC,ENTITY_UNIT_BINDING,True,1,0,11147,13.44436786839631
qwen35_2b,Qwen3.5-2B,CT_0110_82K,CT_0110,82K,CLINICAL_TRIALS,UNANSWERABLE,True,1,0,94561,16.528957671911474
qwen35_2b,Qwen3.5-2B,CT_0092_64K,CT_0092,64K,CLINICAL_TRIALS,ENTITY_UNIT_BINDING,True,1,0,75504,16.20426545613684
qwen35_2b,Qwen3.5-2B,FRED_0117_82K,FRED_0117,82K,FRED,UNANSWERABLE,True,1,0,96032,16.55122760359829
qwen35_2b,Qwen3.5-2B,CT_0122_82K,CT_0122,82K,CLINICAL_TRIALS,UNANSWERABLE,True,1,0,94318,16.525245506044886
qwen35_2b,Qwen3.5-2B,FDA_0041_64K,FDA_0041,64K,FDA,DIRECT_RETRIEVAL,True,1,0,77406,16.240157778409472
qwen35_2b,Qwen3.5-2B,CT_0108_32K,CT_0108,32K,CLINICAL_TRIALS,UNANSWERABLE,False,0,1,37911,15.2103288913472
qwen35_2b,Qwen3.5-2B,CT_0032_16K,CT_0032,16K,CLINICAL_TRIALS,DIRECT_RETRIEVAL,True,1,0,19206,14.229269462266737
qwen35_2b,Qwen3.5-2B,SEC_0091_64K,SEC_0091,64K,SEC,TEMPORAL_VERSION,False,0,1,88084,16.42659236445006
qwen35_2b,Qwen3.5-2B,SEC_0049_82K,SEC_0049,82K,SEC,RETRIEVAL_CALCULATION,False,0,1,110152,16.749136164336136
qwen35_2b,Qwen3.5-2B,SEC_0124_8K,SEC_0124,8K,SEC,UNANSWERABLE,True,1,0,11279,13.461351543120028
qwen35_2b,Qwen3.5-2B,FDA_0065_64K,FDA_0065,64K,FDA,RETRIEVAL_CALCULATION,False,0,1,76861,16.22996412625534
qwen35_2b,Qwen3.5-2B,CT_0041_32K,CT_0041,32K,CLINICAL_TRIALS,DIRECT_RETRIEVAL,True,1,0,38097,15.217389774760733
qwen35_2b,Qwen3.5-2B,FRED_0063_8K,FRED_0063,8K,FRED,RETRIEVAL_CALCULATION,False,0,1,9566,13.223700075986306
qwen35_2b,Qwen3.5-2B,CT_0118_4K,CT_0118,4K,CLINICAL_TRIALS,UNANSWERABLE,False,0,1,5032,12.296916206879288
qwen35_2b,Qwen3.5-2B,SEC_0003_32K,SEC_0003,32K,SEC,DIRECT_RETRIEVAL,True,1,0,44081,15.427869332103635
qwen35_2b,Qwen3.5-2B,SEC_0009_4K,SEC_0009,4K,SEC,RETRIEVAL_CALCULATION,False,0,1,5783,12.49760238678349
qwen35_2b,Qwen3.5-2B,SEC_0052_4K,SEC_0052,4K,SEC,RETRIEVAL_CALCULATION,False,0,1,5744,12.487840033823051
qwen35_2b,Qwen3.5-2B,FRED_0065_16K,FRED_0065,16K,FRED,RETRIEVAL_CALCULATION,False,0,1,19029,14.215912127554025
qwen35_2b,Qwen3.5-2B,FDA_0045_64K,FDA_0045,64K,FDA,DIRECT_RETRIEVAL,False,0,1,77293,16.238050142696057
qwen35_2b,Qwen3.5-2B,SEC_0013_4K,SEC_0013,4K,SEC,RETRIEVAL_CALCULATION,False,0,1,5643,12.462246634244352
qwen35_2b,Qwen3.5-2B,CT_0007_16K,CT_0007,16K,CLINICAL_TRIALS,ENTITY_UNIT_BINDING,True,1,0,19055,14.217881987699531
qwen35_2b,Qwen3.5-2B,CT_0062_16K,CT_0062,16K,CLINICAL_TRIALS,RETRIEVAL_CALCULATION,False,0,1,19072,14.219168520462162
qwen35_2b,Qwen3.5-2B,CT_0114_16K,CT_0114,16K,CLINICAL_TRIALS,UNANSWERABLE,False,0,1,19103,14.221511601331745
qwen35_2b,Qwen3.5-2B,SEC_0089_32K,SEC_0089,32K,SEC,TEMPORAL_VERSION,False,0,1,44233,15.432835472528684
qwen35_2b,Qwen3.5-2B,SEC_0097_64K,SEC_0097,64K,SEC,ENTITY_UNIT_BINDING,False,0,1,88473,16.432949623341013
qwen35_2b,Qwen3.5-2B,CT_0026_16K,CT_0026,16K,CLINICAL_TRIALS,DIRECT_RETRIEVAL,True,1,0,19093,14.220756184495505
qwen35_2b,Qwen3.5-2B,CT_0115_4K,CT_0115,4K,CLINICAL_TRIALS,UNANSWERABLE,False,0,1,4881,12.252961036393684
qwen35_2b,Qwen3.5-2B,FRED_0029_16K,FRED_0029,16K,FRED,DIRECT_RETRIEVAL,False,0,1,19107,14.22181365734769
qwen35_2b,Qwen3.5-2B,CT_0061_4K,CT_0061,4K,CLINICAL_TRIALS,RETRIEVAL_CALCULATION,False,0,1,4961,12.276415241892678
qwen35_2b,Qwen3.5-2B,SEC_0074_16K,SEC_0074,16K,SEC,RETRIEVAL_CALCULATION,False,0,1,21887,14.417786600777793
qwen35_2b,Qwen3.5-2B,FRED_0084_16K,FRED_0084,16K,FRED,TEMPORAL_VERSION,False,0,1,19143,14.224529319402984
qwen35_2b,Qwen3.5-2B,FRED_0023_16K,FRED_0023,16K,FRED,UNANSWERABLE,True,1,0,19220,14.230320715661113
qwen35_2b,Qwen3.5-2B,FRED_0067_4K,FRED_0067,4K,FRED,RETRIEVAL_CALCULATION,False,0,1,4933,12.268249571994492
qwen35_2b,Qwen3.5-2B,FRED_0076_16K,FRED_0076,16K,FRED,TEMPORAL_VERSION,False,0,1,19145,14.224680039737523
qwen35_2b,Qwen3.5-2B,FRED_0034_82K,FRED_0034,82K,FRED,DIRECT_RETRIEVAL,False,0,1,94377,16.526147692220313
qwen35_2b,Qwen3.5-2B,SEC_0100_8K,SEC_0100,8K,SEC,ENTITY_UNIT_BINDING,False,0,1,11095,13.437622047084373
qwen35_2b,Qwen3.5-2B,FRED_0058_16K,FRED_0058,16K,FRED,RETRIEVAL_CALCULATION,False,0,1,19021,14.215305475228288
qwen35_2b,Qwen3.5-2B,FRED_0091_8K,FRED_0091,8K,FRED,ENTITY_UNIT_BINDING,False,0,1,9552,13.221587121264806
qwen35_2b,Qwen3.5-2B,SEC_0108_8K,SEC_0108,8K,SEC,UNANSWERABLE,True,1,0,11224,13.454299293619899
qwen35_2b,Qwen3.5-2B,FRED_0078_8K,FRED_0078,8K,FRED,TEMPORAL_VERSION,True,1,0,9661,13.237956813306198
qwen35_2b,Qwen3.5-2B,FRED_0058_32K,FRED_0058,32K,FRED,RETRIEVAL_CALCULATION,False,0,1,37864,15.208539206738363
qwen35_2b,Qwen3.5-2B,SEC_0051_64K,SEC_0051,64K,SEC,RETRIEVAL_CALCULATION,False,0,1,88339,16.430762880670933
qwen35_2b,Qwen3.5-2B,FDA_0107_32K,FDA_0107,32K,FDA,UNANSWERABLE,False,0,1,38934,15.24874295140429
qwen35_2b,Qwen3.5-2B,FRED_0094_82K,FRED_0094,82K,FRED,ENTITY_UNIT_BINDING,False,0,1,95481,16.54292605580875
qwen35_2b,Qwen3.5-2B,FDA_0056_82K,FDA_0056,82K,FDA,RETRIEVAL_CALCULATION,False,0,1,96961,16.565116957564122
qwen35_2b,Qwen3.5-2B,FRED_0095_82K,FRED_0095,82K,FRED,ENTITY_UNIT_BINDING,False,0,1,95075,16.536778413405315
qwen35_2b,Qwen3.5-2B,FRED_0026_82K,FRED_0026,82K,FRED,DIRECT_RETRIEVAL,False,0,1,96094,16.55215873312412
qwen35_2b,Qwen3.5-2B,SEC_0109_82K,SEC_0109,82K,SEC,UNANSWERABLE,True,1,0,110216,16.749974148845798
qwen35_2b,Qwen3.5-2B,FRED_0060_64K,FRED_0060,64K,FRED,RETRIEVAL_CALCULATION,False,0,1,75337,16.20107096431742
qwen35_2b,Qwen3.5-2B,CT_0097_8K,CT_0097,8K,CLINICAL_TRIALS,ENTITY_UNIT_BINDING,True,1,0,9756,13.252074042796185
qwen35_2b,Qwen3.5-2B,CT_0100_4K,CT_0100,4K,CLINICAL_TRIALS,ENTITY_UNIT_BINDING,True,1,0,4989,12.284534954008425
qwen35_2b,Qwen3.5-2B,CT_0109_4K,CT_0109,4K,CLINICAL_TRIALS,UNANSWERABLE,False,0,1,4954,12.274378153246364
qwen35_2b,Qwen3.5-2B,FDA_0122_16K,FDA_0122,16K,FDA,UNANSWERABLE,False,0,1,19478,14.249557928724707
qwen35_2b,Qwen3.5-2B,FRED_0096_82K,FRED_0096,82K,FRED,ENTITY_UNIT_BINDING,False,0,1,94289,16.524801851710574
qwen35_2b,Qwen3.5-2B,FDA_0108_4K,FDA_0108,4K,FDA,UNANSWERABLE,False,0,1,4997,12.286846502735887
qwen35_2b,Qwen3.5-2B,CT_0114_4K,CT_0114,4K,CLINICAL_TRIALS,UNANSWERABLE,False,0,1,4928,12.266786540694902
qwen35_2b,Qwen3.5-2B,FRED_0025_82K,FRED_0025,82K,FRED,UNANSWERABLE,True,1,0,94680,16.530772085621976
qwen35_2b,Qwen3.5-2B,CT_0010_64K,CT_0010,64K,CLINICAL_TRIALS,RETRIEVAL_CALCULATION,False,0,1,76120,16.215987941161384
qwen35_2b,Qwen3.5-2B,FDA_0016_32K,FDA_0016,32K,FDA,RETRIEVAL_CALCULATION,False,0,1,38624,15.237209960755022
qwen35_2b,Qwen3.5-2B,FRED_0055_82K,FRED_0055,82K,FRED,RETRIEVAL_CALCULATION,False,0,1,95939,16.54982978153872
qwen35_2b,Qwen3.5-2B,SEC_0061_64K,SEC_0061,64K,SEC,RETRIEVAL_CALCULATION,False,0,1,88058,16.426166457269083
qwen35_2b,Qwen3.5-2B,CT_0056_32K,CT_0056,32K,CLINICAL_TRIALS,RETRIEVAL_CALCULATION,False,0,1,37974,15.212724353123772
qwen35_2b,Qwen3.5-2B,SEC_0037_32K,SEC_0037,32K,SEC,DIRECT_RETRIEVAL,False,0,1,44374,15.437426987250259
qwen35_2b,Qwen3.5-2B,FDA_0091_4K,FDA_0091,4K,FDA,ENTITY_UNIT_BINDING,True,1,0,4969,12.27873982655011
qwen35_2b,Qwen3.5-2B,SEC_0053_32K,SEC_0053,32K,SEC,RETRIEVAL_CALCULATION,False,0,1,43973,15.424330341426376
qwen35_2b,Qwen3.5-2B,CT_0071_82K,CT_0071,82K,CLINICAL_TRIALS,RETRIEVAL_CALCULATION,False,0,1,96285,16.555023441261177
qwen35_2b,Qwen3.5-2B,FDA_0124_82K,FDA_0124,82K,FDA,UNANSWERABLE,False,0,1,97359,16.571026729375433
qwen35_2b,Qwen3.5-2B,FDA_0067_4K,FDA_0067,4K,FDA,RETRIEVAL_CALCULATION,False,0,1,5078,12.310044679647506
qwen35_2b,Qwen3.5-2B,FRED_0037_64K,FRED_0037,64K,FRED,DIRECT_RETRIEVAL,False,0,1,76377,16.220850633234377
qwen35_2b,Qwen3.5-2B,CT_0009_32K,CT_0009,32K,CLINICAL_TRIALS,ENTITY_UNIT_BINDING,True,1,0,37926,15.21089960025962
qwen35_2b,Qwen3.5-2B,SEC_0082_8K,SEC_0082,8K,SEC,TEMPORAL_VERSION,True,1,0,11100,13.43827205612483
qwen35_2b,Qwen3.5-2B,FRED_0085_32K,FRED_0085,32K,FRED,TEMPORAL_VERSION,False,0,1,38023,15.214584744107615
qwen35_2b,Qwen3.5-2B,CT_0028_4K,CT_0028,4K,CLINICAL_TRIALS,DIRECT_RETRIEVAL,True,1,0,4893,12.256503567433041
qwen35_2b,Qwen3.5-2B,FRED_0019_64K,FRED_0019,64K,FRED,TEMPORAL_VERSION,False,0,1,74875,16.192196477450874
qwen35_2b,Qwen3.5-2B,FDA_0039_4K,FDA_0039,4K,FDA,DIRECT_RETRIEVAL,True,1,0,5033,12.297202882496903
qwen35_2b,Qwen3.5-2B,CT_0120_8K,CT_0120,8K,CLINICAL_TRIALS,UNANSWERABLE,False,0,1,9708,13.244958393151133
qwen35_2b,Qwen3.5-2B,FRED_0055_16K,FRED_0055,16K,FRED,RETRIEVAL_CALCULATION,False,0,1,19344,14.239598529249124
qwen35_2b,Qwen3.5-2B,SEC_0081_32K,SEC_0081,32K,SEC,TEMPORAL_VERSION,False,0,1,43959,15.423870947104785
qwen35_2b,Qwen3.5-2B,FDA_0042_8K,FDA_0042,8K,FDA,DIRECT_RETRIEVAL,True,1,0,9904,13.273795599214264
qwen35_2b,Qwen3.5-2B,FDA_0055_82K,FDA_0055,82K,FDA,RETRIEVAL_CALCULATION,False,0,1,96893,16.56410482196925
qwen35_2b,Qwen3.5-2B,FRED_0066_32K,FRED_0066,32K,FRED,RETRIEVAL_CALCULATION,False,0,1,37657,15.200630449668354
qwen35_2b,Qwen3.5-2B,FRED_0090_16K,FRED_0090,16K,FRED,ENTITY_UNIT_BINDING,False,0,1,18993,14.21318018094459
qwen35_2b,Qwen3.5-2B,FDA_0108_8K,FDA_0108,8K,FDA,UNANSWERABLE,False,0,1,9898,13.272921326867003
qwen35_2b,Qwen3.5-2B,SEC_0064_8K,SEC_0064,8K,SEC,RETRIEVAL_CALCULATION,False,0,1,11187,13.449535582494798
qwen35_2b,Qwen3.5-2B,CT_0002_4K,CT_0002,4K,CLINICAL_TRIALS,DIRECT_RETRIEVAL,True,1,0,4955,12.274669342073851
qwen35_2b,Qwen3.5-2B,SEC_0102_4K,SEC_0102,4K,SEC,ENTITY_UNIT_BINDING,False,0,1,5707,12.47851684767645
qwen35_2b,Qwen3.5-2B,FDA_0119_82K,FDA_0119,82K,FDA,UNANSWERABLE,False,0,1,97345,16.570819258233524
qwen35_2b,Qwen3.5-2B,CT_0043_64K,CT_0043,64K,CLINICAL_TRIALS,DIRECT_RETRIEVAL,True,1,0,75550,16.205144134939555
qwen35_2b,Qwen3.5-2B,SEC_0051_4K,SEC_0051,4K,SEC,RETRIEVAL_CALCULATION,False,0,1,5817,12.506059588827949
qwen35_2b,Qwen3.5-2B,SEC_0066_16K,SEC_0066,16K,SEC,RETRIEVAL_CALCULATION,False,0,1,22199,14.438207068398029
qwen35_2b,Qwen3.5-2B,FRED_0093_64K,FRED_0093,64K,FRED,ENTITY_UNIT_BINDING,False,0,1,75282,16.20001733588043
qwen35_2b,Qwen3.5-2B,FRED_0069_32K,FRED_0069,32K,FRED,RETRIEVAL_CALCULATION,False,0,1,37724,15.203195037381263
qwen35_2b,Qwen3.5-2B,CT_0125_32K,CT_0125,32K,CLINICAL_TRIALS,UNANSWERABLE,False,0,1,37429,15.191868883456221
qwen35_2b,Qwen3.5-2B,CT_0044_8K,CT_0044,8K,CLINICAL_TRIALS,DIRECT_RETRIEVAL,True,1,0,9686,13.241685287601625
qwen35_2b,Qwen3.5-2B,SEC_0053_4K,SEC_0053,4K,SEC,RETRIEVAL_CALCULATION,False,0,1,5611,12.45404219747008
qwen35_2b,Qwen3.5-2B,CT_0034_16K,CT_0034,16K,CLINICAL_TRIALS,DIRECT_RETRIEVAL,True,1,0,19163,14.22603581464862
qwen35_2b,Qwen3.5-2B,SEC_0093_82K,SEC_0093,82K,SEC,TEMPORAL_VERSION,False,0,1,109776,16.74420315113283
qwen35_2b,Qwen3.5-2B,FDA_0099_4K,FDA_0099,4K,FDA,ENTITY_UNIT_BINDING,True,1,0,5000,12.287712379549449
qwen35_2b,Qwen3.5-2B,FRED_0040_64K,FRED_0040,64K,FRED,DIRECT_RETRIEVAL,False,0,1,74875,16.192196477450874
qwen35_2b,Qwen3.5-2B,CT_0102_8K,CT_0102,8K,CLINICAL_TRIALS,ENTITY_UNIT_BINDING,False,0,1,9755,13.251926157496388
qwen35_2b,Qwen3.5-2B,CT_0030_82K,CT_0030,82K,CLINICAL_TRIALS,DIRECT_RETRIEVAL,False,0,1,95280,16.539885792751477
qwen35_2b,Qwen3.5-2B,FDA_0111_4K,FDA_0111,4K,FDA,UNANSWERABLE,False,0,1,5061,12.305206759008723
qwen35_2b,Qwen3.5-2B,FRED_0102_82K,FRED_0102,82K,FRED,ENTITY_UNIT_BINDING,False,0,1,94571,16.529110231503953
qwen35_2b,Qwen3.5-2B,FDA_0005_32K,FDA_0005,32K,FDA,DIRECT_RETRIEVAL,False,0,1,38738,15.241461850667559
qwen35_2b,Qwen3.5-2B,FRED_0005_4K,FRED_0005,4K,FRED,DIRECT_RETRIEVAL,True,1,0,4863,12.247630876238699
qwen35_2b,Qwen3.5-2B,FRED_0117_4K,FRED_0117,4K,FRED,UNANSWERABLE,True,1,0,4949,12.272921326867003
qwen35_2b,Qwen3.5-2B,FDA_0074_82K,FDA_0074,82K,FDA,RETRIEVAL_CALCULATION,False,0,1,96549,16.558973696182527
qwen35_2b,Qwen3.5-2B,FDA_0033_8K,FDA_0033,8K,FDA,DIRECT_RETRIEVAL,True,1,0,9831,13.263122458263917
qwen35_2b,Qwen3.5-2B,FRED_0090_4K,FRED_0090,4K,FRED,ENTITY_UNIT_BINDING,True,1,0,4886,12.254438148267257
qwen35_2b,Qwen3.5-2B,FDA_0010_32K,FDA_0010,32K,FDA,RETRIEVAL_CALCULATION,False,0,1,38746,15.24175975889037
qwen35_2b,Qwen3.5-2B,FDA_0019_8K,FDA_0019,8K,FDA,TEMPORAL_VERSION,False,0,1,10076,13.298635406734242
qwen35_2b,Qwen3.5-2B,SEC_0055_4K,SEC_0055,4K,SEC,RETRIEVAL_CALCULATION,False,0,1,5761,12.49210354247923
qwen35_2b,Qwen3.5-2B,FRED_0030_4K,FRED_0030,4K,FRED,DIRECT_RETRIEVAL,True,1,0,4980,12.281930026955443
qwen35_2b,Qwen3.5-2B,CT_0015_16K,CT_0015,16K,CLINICAL_TRIALS,RETRIEVAL_CALCULATION,False,0,1,19506,14.251630341411513
qwen35_2b,Qwen3.5-2B,SEC_0095_8K,SEC_0095,8K,SEC,ENTITY_UNIT_BINDING,False,0,1,11126,13.441647390253612
qwen35_2b,Qwen3.5-2B,FDA_0024_82K,FDA_0024,82K,FDA,UNANSWERABLE,False,0,1,97508,16.57323296853327
qwen35_2b,Qwen3.5-2B,SEC_0031_64K,SEC_0031,64K,SEC,DIRECT_RETRIEVAL,False,0,1,87983,16.424937173924715
qwen35_2b,Qwen3.5-2B,SEC_0072_4K,SEC_0072,4K,SEC,RETRIEVAL_CALCULATION,False,0,1,5639,12.461223627613371
qwen35_2b,Qwen3.5-2B,SEC_0125_16K,SEC_0125,16K,SEC,UNANSWERABLE,True,1,0,22150,14.435019078329743
qwen35_2b,Qwen3.5-2B,CT_0124_32K,CT_0124,32K,CLINICAL_TRIALS,UNANSWERABLE,True,1,0,37953,15.211926307721447
qwen35_2b,Qwen3.5-2B,FRED_0050_64K,FRED_0050,64K,FRED,RETRIEVAL_CALCULATION,False,0,1,75200,16.198445041452363
qwen35_2b,Qwen3.5-2B,SEC_0031_82K,SEC_0031,82K,SEC,DIRECT_RETRIEVAL,False,0,1,110169,16.749358801449652
qwen35_2b,Qwen3.5-2B,FDA_0018_82K,FDA_0018,82K,FDA,TEMPORAL_VERSION,False,0,1,98076,16.58161251989705
qwen35_2b,Qwen3.5-2B,FDA_0083_16K,FDA_0083,16K,FDA,TEMPORAL_VERSION,True,1,0,19672,14.263856019596082
qwen35_2b,Qwen3.5-2B,CT_0015_32K,CT_0015,32K,CLINICAL_TRIALS,RETRIEVAL_CALCULATION,False,0,1,38548,15.234368389756364
qwen35_2b,Qwen3.5-2B,SEC_0093_16K,SEC_0093,16K,SEC,TEMPORAL_VERSION,True,1,0,22002,14.425347051432823
qwen35_2b,Qwen3.5-2B,FRED_0002_8K,FRED_0002,8K,FRED,DIRECT_RETRIEVAL,True,1,0,9769,13.253995173480227
qwen35_2b,Qwen3.5-2B,FRED_0086_82K,FRED_0086,82K,FRED,TEMPORAL_VERSION,False,0,1,95410,16.541852863750176
qwen35_2b,Qwen3.5-2B,SEC_0082_64K,SEC_0082,64K,SEC,TEMPORAL_VERSION,True,1,0,87994,16.42511753437489
qwen35_2b,Qwen3.5-2B,FRED_0048_4K,FRED_0048,4K,FRED,RETRIEVAL_CALCULATION,False,0,1,4943,12.271171191139773
qwen35_2b,Qwen3.5-2B,FRED_0088_4K,FRED_0088,4K,FRED,TEMPORAL_VERSION,True,1,0,4976,12.280770770130603
qwen35_2b,Qwen3.5-2B,FDA_0033_82K,FDA_0033,82K,FDA,DIRECT_RETRIEVAL,True,1,0,97136,16.567718457850756
qwen35_2b,Qwen3.5-2B,SEC_0061_82K,SEC_0061,82K,SEC,RETRIEVAL_CALCULATION,False,0,1,110127,16.74880869438959
qwen35_2b,Qwen3.5-2B,FRED_0104_4K,FRED_0104,4K,FRED,ENTITY_UNIT_BINDING,True,1,0,4819,12.234518085739989
qwen35_2b,Qwen3.5-2B,CT_0050_32K,CT_0050,32K,CLINICAL_TRIALS,RETRIEVAL_CALCULATION,False,0,1,38097,15.217389774760733
qwen35_2b,Qwen3.5-2B,CT_0025_8K,CT_0025,8K,CLINICAL_TRIALS,UNANSWERABLE,False,0,1,9657,13.237359362198834
qwen35_2b,Qwen3.5-2B,FRED_0097_64K,FRED_0097,64K,FRED,ENTITY_UNIT_BINDING,False,0,1,76193,16.21737084013979
qwen35_2b,Qwen3.5-2B,SEC_0116_64K,SEC_0116,64K,SEC,UNANSWERABLE,True,1,0,87952,16.42442876403776
qwen35_2b,Qwen3.5-2B,FDA_0052_64K,FDA_0052,64K,FDA,RETRIEVAL_CALCULATION,False,0,1,77231,16.236892431307083
qwen35_2b,Qwen3.5-2B,FDA_0005_8K,FDA_0005,8K,FDA,DIRECT_RETRIEVAL,True,1,0,9847,13.265468542799042
qwen35_2b,Qwen3.5-2B,SEC_0085_64K,SEC_0085,64K,SEC,TEMPORAL_VERSION,False,0,1,87559,16.417967857329167
qwen35_2b,Qwen3.5-2B,FRED_0069_64K,FRED_0069,64K,FRED,RETRIEVAL_CALCULATION,False,0,1,75359,16.20149220033065
qwen35_2b,Qwen3.5-2B,SEC_0052_16K,SEC_0052,16K,SEC,RETRIEVAL_CALCULATION,False,0,1,22110,14.432411404703588
qwen35_2b,Qwen3.5-2B,FRED_0110_82K,FRED_0110,82K,FRED,UNANSWERABLE,True,1,0,96072,16.551828401108693
qwen35_2b,Qwen3.5-2B,FDA_0124_8K,FDA_0124,8K,FDA,UNANSWERABLE,False,0,1,9851,13.26605446829837
qwen35_2b,Qwen3.5-2B,CT_0042_32K,CT_0042,32K,CLINICAL_TRIALS,DIRECT_RETRIEVAL,True,1,0,38116,15.218109106274904
qwen35_2b,Qwen3.5-2B,SEC_0096_16K,SEC_0096,16K,SEC,ENTITY_UNIT_BINDING,False,0,1,21889,14.417918425982645
qwen35_2b,Qwen3.5-2B,FRED_0001_8K,FRED_0001,8K,FRED,DIRECT_RETRIEVAL,True,1,0,9661,13.237956813306198
qwen35_2b,Qwen3.5-2B,SEC_0077_64K,SEC_0077,64K,SEC,RETRIEVAL_CALCULATION,False,0,1,88012,16.425412621029057
qwen35_2b,Qwen3.5-2B,FRED_0010_82K,FRED_0010,82K,FRED,RETRIEVAL_CALCULATION,False,0,1,94793,16.532492906624956
qwen35_2b,Qwen3.5-2B,SEC_0028_64K,SEC_0028,64K,SEC,DIRECT_RETRIEVAL,False,0,1,88110,16.42701814593337
qwen35_2b,Qwen3.5-2B,CT_0018_16K,CT_0018,16K,CLINICAL_TRIALS,ENTITY_UNIT_BINDING,False,0,1,19335,14.23892714397017
qwen35_2b,Qwen3.5-2B,CT_0029_8K,CT_0029,8K,CLINICAL_TRIALS,DIRECT_RETRIEVAL,True,1,0,9784,13.256208688527387
qwen35_2b,Qwen3.5-2B,CT_0027_16K,CT_0027,16K,CLINICAL_TRIALS,DIRECT_RETRIEVAL,True,1,0,19051,14.217579107303543
qwen35_2b,Qwen3.5-2B,FRED_0048_32K,FRED_0048,32K,FRED,RETRIEVAL_CALCULATION,False,0,1,37817,15.206747299241398
qwen35_2b,Qwen3.5-2B,CT_0108_8K,CT_0108,8K,CLINICAL_TRIALS,UNANSWERABLE,False,0,1,9699,13.243620292847242
qwen35_2b,Qwen3.5-2B,FRED_0121_82K,FRED_0121,82K,FRED,UNANSWERABLE,True,1,0,96094,16.55215873312412
qwen35_2b,Qwen3.5-2B,FRED_0007_4K,FRED_0007,4K,FRED,ENTITY_UNIT_BINDING,True,1,0,4896,12.257387842692651
qwen35_2b,Qwen3.5-2B,FRED_0039_8K,FRED_0039,8K,FRED,DIRECT_RETRIEVAL,False,0,1,9758,13.252369767926027
qwen35_2b,Qwen3.5-2B,FRED_0109_4K,FRED_0109,4K,FRED,UNANSWERABLE,True,1,0,4933,12.268249571994492
qwen35_2b,Qwen3.5-2B,FRED_0081_8K,FRED_0081,8K,FRED,TEMPORAL_VERSION,True,1,0,9667,13.238852526315656
qwen35_2b,Qwen3.5-2B,CT_0075_16K,CT_0075,16K,CLINICAL_TRIALS,ENTITY_UNIT_BINDING,False,0,1,19213,14.229795184716462
qwen35_2b,Qwen3.5-2B,FDA_0106_32K,FDA_0106,32K,FDA,UNANSWERABLE,False,0,1,38783,15.243136784792044
qwen35_2b,Qwen3.5-2B,CT_0062_64K,CT_0062,64K,CLINICAL_TRIALS,RETRIEVAL_CALCULATION,False,0,1,76388,16.221058398697373
qwen35_2b,Qwen3.5-2B,SEC_0041_32K,SEC_0041,32K,SEC,DIRECT_RETRIEVAL,False,0,1,43967,15.424133476057744
qwen35_2b,Qwen3.5-2B,CT_0035_32K,CT_0035,32K,CLINICAL_TRIALS,DIRECT_RETRIEVAL,True,1,0,37931,15.211089786404994
qwen35_2b,Qwen3.5-2B,FDA_0094_4K,FDA_0094,4K,FDA,ENTITY_UNIT_BINDING,False,0,1,5035,12.297776062894147
qwen35_2b,Qwen3.5-2B,FRED_0053_64K,FRED_0053,64K,FRED,RETRIEVAL_CALCULATION,False,0,1,75195,16.19834911439086
qwen35_2b,Qwen3.5-2B,SEC_0061_8K,SEC_0061,8K,SEC,RETRIEVAL_CALCULATION,False,0,1,11168,13.447083226209653
qwen35_2b,Qwen3.5-2B,FDA_0024_8K,FDA_0024,8K,FDA,UNANSWERABLE,False,0,1,9849,13.265761535294137
qwen35_2b,Qwen3.5-2B,SEC_0091_4K,SEC_0091,4K,SEC,TEMPORAL_VERSION,True,1,0,5675,12.47040467706564
qwen35_2b,Qwen3.5-2B,CT_0044_32K,CT_0044,32K,CLINICAL_TRIALS,DIRECT_RETRIEVAL,True,1,0,38067,15.2162532574175
qwen35_2b,Qwen3.5-2B,FDA_0068_8K,FDA_0068,8K,FDA,RETRIEVAL_CALCULATION,False,0,1,9850,13.2659080092311
qwen35_2b,Qwen3.5-2B,CT_0048_8K,CT_0048,8K,CLINICAL_TRIALS,RETRIEVAL_CALCULATION,False,0,1,9702,13.244066464194818
qwen35_2b,Qwen3.5-2B,FDA_0062_82K,FDA_0062,82K,FDA,RETRIEVAL_CALCULATION,False,0,1,96565,16.55921275829824
qwen35_2b,Qwen3.5-2B,SEC_0068_4K,SEC_0068,4K,SEC,RETRIEVAL_CALCULATION,False,0,1,5689,12.47395936569476
qwen35_2b,Qwen3.5-2B,FDA_0086_82K,FDA_0086,82K,FDA,TEMPORAL_VERSION,True,1,0,97911,16.57918333083872
qwen35_2b,Qwen3.5-2B,CT_0099_82K,CT_0099,82K,CLINICAL_TRIALS,ENTITY_UNIT_BINDING,True,1,0,94239,16.524036609903145
qwen35_2b,Qwen3.5-2B,FDA_0102_82K,FDA_0102,82K,FDA,ENTITY_UNIT_BINDING,True,1,0,96568,16.559257578035137
qwen35_2b,Qwen3.5-2B,FRED_0013_82K,FRED_0013,82K,FRED,RETRIEVAL_CALCULATION,False,0,1,94944,16.534789211480266
qwen35_2b,Qwen3.5-2B,FDA_0044_32K,FDA_0044,32K,FDA,DIRECT_RETRIEVAL,True,1,0,38681,15.239337472099264
qwen35_2b,Qwen3.5-2B,CT_0104_8K,CT_0104,8K,CLINICAL_TRIALS,ENTITY_UNIT_BINDING,True,1,0,9716,13.246146774635864
qwen35_2b,Qwen3.5-2B,CT_0120_82K,CT_0120,82K,CLINICAL_TRIALS,UNANSWERABLE,True,1,0,94915,16.534348482765683
qwen35_2b,Qwen3.5-2B,FDA_0053_64K,FDA_0053,64K,FDA,RETRIEVAL_CALCULATION,False,0,1,77192,16.236163717219274
qwen35_2b,Qwen3.5-2B,FDA_0054_64K,FDA_0054,64K,FDA,RETRIEVAL_CALCULATION,False,0,1,77176,16.23586465108203
qwen35_2b,Qwen3.5-2B,FDA_0090_16K,FDA_0090,16K,FDA,ENTITY_UNIT_BINDING,False,0,1,19417,14.245032695679457
qwen35_2b,Qwen3.5-2B,FRED_0013_16K,FRED_0013,16K,FRED,RETRIEVAL_CALCULATION,False,0,1,19037,14.216518524890075
qwen35_2b,Qwen3.5-2B,FRED_0065_64K,FRED_0065,64K,FRED,RETRIEVAL_CALCULATION,False,0,1,75475,16.20371123128835
qwen35_2b,Qwen3.5-2B,CT_0086_32K,CT_0086,32K,CLINICAL_TRIALS,ENTITY_UNIT_BINDING,True,1,0,38350,15.226938957277659
qwen35_2b,Qwen3.5-2B,FDA_0087_8K,FDA_0087,8K,FDA,TEMPORAL_VERSION,True,1,0,9983,13.285257710919934
qwen35_2b,Qwen3.5-2B,FDA_0098_8K,FDA_0098,8K,FDA,ENTITY_UNIT_BINDING,True,1,0,9735,13.248965263607657
qwen35_2b,Qwen3.5-2B,SEC_0105_8K,SEC_0105,8K,SEC,ENTITY_UNIT_BINDING,False,0,1,11245,13.45699604066518
qwen35_2b,Qwen3.5-2B,FRED_0100_82K,FRED_0100,82K,FRED,ENTITY_UNIT_BINDING,False,0,1,94606,16.529644063069178
qwen35_2b,Qwen3.5-2B,SEC_0110_16K,SEC_0110,16K,SEC,UNANSWERABLE,True,1,0,22206,14.438661921021376
qwen35_2b,Qwen3.5-2B,CT_0111_8K,CT_0111,8K,CLINICAL_TRIALS,UNANSWERABLE,False,0,1,9711,13.245404150930328
qwen35_2b,Qwen3.5-2B,SEC_0112_16K,SEC_0112,16K,SEC,UNANSWERABLE,True,1,0,22273,14.443008270572767
qwen35_2b,Qwen3.5-2B,FDA_0008_4K,FDA_0008,4K,FDA,ENTITY_UNIT_BINDING,False,0,1,4988,12.28424574982967
qwen35_2b,Qwen3.5-2B,FRED_0012_4K,FRED_0012,4K,FRED,RETRIEVAL_CALCULATION,False,0,1,4949,12.272921326867003
qwen35_2b,Qwen3.5-2B,SEC_0080_16K,SEC_0080,16K,SEC,TEMPORAL_VERSION,True,1,0,22234,14.440479898811219
qwen35_2b,Qwen3.5-2B,SEC_0005_16K,SEC_0005,16K,SEC,DIRECT_RETRIEVAL,False,0,1,22254,14.441777053224166
qwen35_2b,Qwen3.5-2B,FRED_0003_82K,FRED_0003,82K,FRED,DIRECT_RETRIEVAL,False,0,1,96118,16.552519009081514
qwen35_2b,Qwen3.5-2B,FRED_0123_82K,FRED_0123,82K,FRED,UNANSWERABLE,True,1,0,96102,16.552278835106822
qwen35_2b,Qwen3.5-2B,SEC_0054_82K,SEC_0054,82K,SEC,RETRIEVAL_CALCULATION,False,0,1,109434,16.739701512482146
qwen35_2b,Qwen3.5-2B,FDA_0089_4K,FDA_0089,4K,FDA,TEMPORAL_VERSION,True,1,0,5126,12.323617763291578
qwen35_2b,Qwen3.5-2B,CT_0094_32K,CT_0094,32K,CLINICAL_TRIALS,ENTITY_UNIT_BINDING,True,1,0,37945,15.211622174269449
qwen35_2b,Qwen3.5-2B,CT_0112_8K,CT_0112,8K,CLINICAL_TRIALS,UNANSWERABLE,False,0,1,9695,13.243025182994154
qwen35_2b,Qwen3.5-2B,FRED_0034_32K,FRED_0034,32K,FRED,DIRECT_RETRIEVAL,False,0,1,37593,15.198176429605105
qwen35_2b,Qwen3.5-2B,FRED_0038_82K,FRED_0038,82K,FRED,DIRECT_RETRIEVAL,False,0,1,94345,16.5256584409221
qwen35_2b,Qwen3.5-2B,FRED_0031_8K,FRED_0031,8K,FRED,DIRECT_RETRIEVAL,False,0,1,9700,13.243769031961852
qwen35_2b,Qwen3.5-2B,FDA_0042_4K,FDA_0042,4K,FDA,DIRECT_RETRIEVAL,True,1,0,4993,12.285691191330093
qwen35_2b,Qwen3.5-2B,FRED_0022_4K,FRED_0022,4K,FRED,UNANSWERABLE,True,1,0,4888,12.25502856981873
qwen35_2b,Qwen3.5-2B,FDA_0037_4K,FDA_0037,4K,FDA,DIRECT_RETRIEVAL,True,1,0,5028,12.295768934420508
qwen35_2b,Qwen3.5-2B,FDA_0090_64K,FDA_0090,64K,FDA,ENTITY_UNIT_BINDING,False,0,1,76957,16.231764939448958
qwen35_2b,Qwen3.5-2B,CT_0094_82K,CT_0094,82K,CLINICAL_TRIALS,ENTITY_UNIT_BINDING,True,1,0,94655,16.530391095564863
qwen35_2b,Qwen3.5-2B,CT_0001_16K,CT_0001,16K,CLINICAL_TRIALS,DIRECT_RETRIEVAL,True,1,0,19038,14.216594306638793
qwen35_2b,Qwen3.5-2B,SEC_0116_16K,SEC_0116,16K,SEC,UNANSWERABLE,True,1,0,22204,14.438531977761583
qwen35_2b,Qwen3.5-2B,CT_0077_32K,CT_0077,32K,CLINICAL_TRIALS,ENTITY_UNIT_BINDING,True,1,0,38571,15.235228929621359
qwen35_2b,Qwen3.5-2B,SEC_0003_82K,SEC_0003,82K,SEC,DIRECT_RETRIEVAL,True,1,0,110245,16.7503537003894
qwen35_2b,Qwen3.5-2B,FDA_0053_32K,FDA_0053,32K,FDA,RETRIEVAL_CALCULATION,False,0,1,38623,15.237172607976506
qwen35_2b,Qwen3.5-2B,SEC_0038_4K,SEC_0038,4K,SEC,DIRECT_RETRIEVAL,False,0,1,5649,12.463779785335385
qwen35_2b,Qwen3.5-2B,FRED_0086_16K,FRED_0086,16K,FRED,TEMPORAL_VERSION,False,0,1,19065,14.218638910613478
qwen35_2b,Qwen3.5-2B,FDA_0032_16K,FDA_0032,16K,FDA,DIRECT_RETRIEVAL,True,1,0,19443,14.246963219439637
qwen35_2b,Qwen3.5-2B,CT_0036_4K,CT_0036,4K,CLINICAL_TRIALS,DIRECT_RETRIEVAL,True,1,0,4951,12.27350423396216
qwen35_2b,Qwen3.5-2B,FRED_0048_16K,FRED_0048,16K,FRED,RETRIEVAL_CALCULATION,False,0,1,19069,14.218941568618655
qwen35_2b,Qwen3.5-2B,FDA_0055_32K,FDA_0055,32K,FDA,RETRIEVAL_CALCULATION,False,0,1,38563,15.234929669622694
qwen35_2b,Qwen3.5-2B,CT_0040_82K,CT_0040,82K,CLINICAL_TRIALS,DIRECT_RETRIEVAL,True,1,0,95413,16.54189822605056
qwen35_2b,Qwen3.5-2B,FRED_0104_82K,FRED_0104,82K,FRED,ENTITY_UNIT_BINDING,False,0,1,94244,16.52411315235213
qwen35_2b,Qwen3.5-2B,CT_0039_32K,CT_0039,32K,CLINICAL_TRIALS,DIRECT_RETRIEVAL,False,0,1,37916,15.210519152737335
qwen35_2b,Qwen3.5-2B,CT_0010_82K,CT_0010,82K,CLINICAL_TRIALS,RETRIEVAL_CALCULATION,False,0,1,95555,16.544043745022986
qwen35_2b,Qwen3.5-2B,FRED_0095_64K,FRED_0095,64K,FRED,ENTITY_UNIT_BINDING,False,0,1,75511,16.204399202655978
qwen35_2b,Qwen3.5-2B,SEC_0036_32K,SEC_0036,32K,SEC,DIRECT_RETRIEVAL,False,0,1,44098,15.428425605502039
qwen35_2b,Qwen3.5-2B,SEC_0002_82K,SEC_0002,82K,SEC,DIRECT_RETRIEVAL,False,0,1,110723,16.7565954123587
qwen35_2b,Qwen3.5-2B,CT_0116_4K,CT_0116,4K,CLINICAL_TRIALS,UNANSWERABLE,True,1,0,4933,12.268249571994492
qwen35_2b,Qwen3.5-2B,SEC_0027_32K,SEC_0027,32K,SEC,DIRECT_RETRIEVAL,False,0,1,44183,15.431203759722539
qwen35_2b,Qwen3.5-2B,SEC_0033_4K,SEC_0033,4K,SEC,DIRECT_RETRIEVAL,True,1,0,5730,12.484319423644267
qwen35_2b,Qwen3.5-2B,SEC_0065_82K,SEC_0065,82K,SEC,RETRIEVAL_CALCULATION,False,0,1,109547,16.741190450372564
qwen35_2b,Qwen3.5-2B,SEC_0059_64K,SEC_0059,64K,SEC,RETRIEVAL_CALCULATION,False,0,1,87699,16.42027277178313
qwen35_2b,Qwen3.5-2B,SEC_0020_64K,SEC_0020,64K,SEC,TEMPORAL_VERSION,False,0,1,87232,16.41256984680521
qwen35_2b,Qwen3.5-2B,SEC_0023_16K,SEC_0023,16K,SEC,UNANSWERABLE,True,1,0,21986,14.424297532397075
qwen35_2b,Qwen3.5-2B,FDA_0097_64K,FDA_0097,64K,FDA,ENTITY_UNIT_BINDING,False,0,1,76911,16.230902330279307
qwen35_2b,Qwen3.5-2B,SEC_0030_16K,SEC_0030,16K,SEC,DIRECT_RETRIEVAL,False,0,1,22028,14.427050893150879
qwen35_2b,Qwen3.5-2B,SEC_0100_4K,SEC_0100,4K,SEC,ENTITY_UNIT_BINDING,False,0,1,5659,12.466331422082767
qwen35_2b,Qwen3.5-2B,CT_0062_32K,CT_0062,32K,CLINICAL_TRIALS,RETRIEVAL_CALCULATION,False,0,1,38148,15.219319801859132
qwen35_2b,Qwen3.5-2B,FDA_0024_32K,FDA_0024,32K,FDA,UNANSWERABLE,False,0,1,38820,15.244512497601026
qwen35_2b,Qwen3.5-2B,FRED_0033_4K,FRED_0033,4K,FRED,DIRECT_RETRIEVAL,True,1,0,4970,12.279030136449649
qwen35_2b,Qwen3.5-2B,FDA_0066_64K,FDA_0066,64K,FDA,RETRIEVAL_CALCULATION,False,0,1,76987,16.23232723290339
qwen35_2b,Qwen3.5-2B,FDA_0098_4K,FDA_0098,4K,FDA,ENTITY_UNIT_BINDING,True,1,0,5002,12.28828934218097
qwen35_2b,Qwen3.5-2B,SEC_0112_64K,SEC_0112,64K,SEC,UNANSWERABLE,True,1,0,88005,16.425297872279884
qwen35_2b,Qwen3.5-2B,CT_0106_16K,CT_0106,16K,CLINICAL_TRIALS,UNANSWERABLE,False,0,1,19035,14.216366949449624
qwen35_2b,Qwen3.5-2B,FDA_0088_32K,FDA_0088,32K,FDA,TEMPORAL_VERSION,False,0,1,39137,15.256245551686867
qwen35_2b,Qwen3.5-2B,FRED_0002_64K,FRED_0002,64K,FRED,DIRECT_RETRIEVAL,False,0,1,76310,16.219584506138506
qwen35_2b,Qwen3.5-2B,FRED_0064_82K,FRED_0064,82K,FRED,RETRIEVAL_CALCULATION,False,0,1,94292,16.524847753313846
qwen35_2b,Qwen3.5-2B,FDA_0031_16K,FDA_0031,16K,FDA,DIRECT_RETRIEVAL,True,1,0,19422,14.245404150930328
qwen35_2b,Qwen3.5-2B,FDA_0028_64K,FDA_0028,64K,FDA,DIRECT_RETRIEVAL,True,1,0,77183,16.23599550014549
qwen35_2b,Qwen3.5-2B,FDA_0057_32K,FDA_0057,32K,FDA,RETRIEVAL_CALCULATION,False,0,1,38728,15.241089378860856
qwen35_2b,Qwen3.5-2B,CT_0096_8K,CT_0096,8K,CLINICAL_TRIALS,ENTITY_UNIT_BINDING,True,1,0,9742,13.250002267840449
qwen35_2b,Qwen3.5-2B,SEC_0083_8K,SEC_0083,8K,SEC,TEMPORAL_VERSION,True,1,0,11094,13.437492010125352
qwen35_2b,Qwen3.5-2B,FRED_0124_4K,FRED_0124,4K,FRED,UNANSWERABLE,True,1,0,4955,12.274669342073851
qwen35_2b,Qwen3.5-2B,FDA_0115_32K,FDA_0115,32K,FDA,UNANSWERABLE,False,0,1,38846,15.245478430505111
qwen35_2b,Qwen3.5-2B,CT_0021_64K,CT_0021,64K,CLINICAL_TRIALS,UNANSWERABLE,True,1,0,75395,16.202181230438764
qwen35_2b,Qwen3.5-2B,FRED_0122_4K,FRED_0122,4K,FRED,UNANSWERABLE,True,1,0,4920,12.264442600226602
qwen35_2b,Qwen3.5-2B,FRED_0114_8K,FRED_0114,8K,FRED,UNANSWERABLE,True,1,0,9698,13.24347153839633
qwen35_2b,Qwen3.5-2B,FDA_0066_16K,FDA_0066,16K,FDA,RETRIEVAL_CALCULATION,False,0,1,19517,14.25244368973789
qwen35_2b,Qwen3.5-2B,CT_0117_32K,CT_0117,32K,CLINICAL_TRIALS,UNANSWERABLE,False,0,1,38134,15.218790247552763
qwen35_2b,Qwen3.5-2B,FDA_0113_16K,FDA_0113,16K,FDA,UNANSWERABLE,False,0,1,19532,14.253552062637464
qwen35_2b,Qwen3.5-2B,SEC_0109_32K,SEC_0109,32K,SEC,UNANSWERABLE,True,1,0,44154,15.430256519999915
qwen35_2b,Qwen3.5-2B,FDA_0087_4K,FDA_0087,4K,FDA,TEMPORAL_VERSION,True,1,0,5085,12.312032058744862
qwen35_2b,Qwen3.5-2B,FDA_0012_8K,FDA_0012,8K,FDA,RETRIEVAL_CALCULATION,False,0,1,9862,13.267664537501119
qwen35_2b,Qwen3.5-2B,SEC_0032_64K,SEC_0032,64K,SEC,DIRECT_RETRIEVAL,False,0,1,87864,16.4229845590257
qwen35_2b,Qwen3.5-2B,SEC_0113_82K,SEC_0113,82K,SEC,UNANSWERABLE,True,1,0,110355,16.751792471628303
qwen35_2b,Qwen3.5-2B,FDA_0059_64K,FDA_0059,64K,FDA,RETRIEVAL_CALCULATION,False,0,1,77196,16.236238474067793
qwen35_2b,Qwen3.5-2B,CT_0102_4K,CT_0102,4K,CLINICAL_TRIALS,ENTITY_UNIT_BINDING,True,1,0,4998,12.287135186086704
qwen35_2b,Qwen3.5-2B,FDA_0014_16K,FDA_0014,16K,FDA,RETRIEVAL_CALCULATION,False,0,1,19440,14.246740598493144
qwen35_2b,Qwen3.5-2B,FRED_0077_32K,FRED_0077,32K,FRED,TEMPORAL_VERSION,False,0,1,38417,15.22945724227727
qwen35_2b,Qwen3.5-2B,SEC_0050_4K,SEC_0050,4K,SEC,RETRIEVAL_CALCULATION,False,0,1,5743,12.48758884638603
qwen35_2b,Qwen3.5-2B,CT_0077_4K,CT_0077,4K,CLINICAL_TRIALS,ENTITY_UNIT_BINDING,True,1,0,4993,12.285691191330093
qwen35_2b,Qwen3.5-2B,FDA_0044_64K,FDA_0044,64K,FDA,DIRECT_RETRIEVAL,True,1,0,77280,16.237807473723137
qwen35_2b,Qwen3.5-2B,SEC_0027_4K,SEC_0027,4K,SEC,DIRECT_RETRIEVAL,False,0,1,5610,12.453785055496155
qwen35_2b,Qwen3.5-2B,CT_0088_64K,CT_0088,64K,CLINICAL_TRIALS,ENTITY_UNIT_BINDING,False,0,1,76063,16.214907220960363
qwen35_2b,Qwen3.5-2B,SEC_0061_32K,SEC_0061,32K,SEC,RETRIEVAL_CALCULATION,False,0,1,44094,15.428294736938733
qwen35_2b,Qwen3.5-2B,FDA_0075_8K,FDA_0075,8K,FDA,RETRIEVAL_CALCULATION,False,0,1,9784,13.256208688527387
qwen35_2b,Qwen3.5-2B,SEC_0055_32K,SEC_0055,32K,SEC,RETRIEVAL_CALCULATION,False,0,1,44046,15.426723387521703
qwen35_2b,Qwen3.5-2B,FRED_0113_32K,FRED_0113,32K,FRED,UNANSWERABLE,True,1,0,38356,15.227164654622403
qwen35_2b,Qwen3.5-2B,FDA_0108_16K,FDA_0108,16K,FDA,UNANSWERABLE,False,0,1,19525,14.253034927916705
qwen35_2b,Qwen3.5-2B,CT_0002_82K,CT_0002,82K,CLINICAL_TRIALS,DIRECT_RETRIEVAL,True,1,0,95438,16.542276189762863
qwen35_2b,Qwen3.5-2B,CT_0049_16K,CT_0049,16K,CLINICAL_TRIALS,RETRIEVAL_CALCULATION,False,0,1,19371,14.241610812468506
qwen35_2b,Qwen3.5-2B,SEC_0121_8K,SEC_0121,8K,SEC,UNANSWERABLE,True,1,0,11144,13.443979542601253
qwen35_2b,Qwen3.5-2B,FRED_0107_8K,FRED_0107,8K,FRED,UNANSWERABLE,True,1,0,9717,13.246295253516342
qwen35_2b,Qwen3.5-2B,FRED_0066_64K,FRED_0066,64K,FRED,RETRIEVAL_CALCULATION,False,0,1,75237,16.19915470353801
qwen35_2b,Qwen3.5-2B,SEC_0107_32K,SEC_0107,32K,SEC,UNANSWERABLE,True,1,0,44269,15.434009164068684
qwen35_2b,Qwen3.5-2B,SEC_0003_4K,SEC_0003,4K,SEC,DIRECT_RETRIEVAL,True,1,0,5755,12.490600213019592
qwen35_2b,Qwen3.5-2B,FRED_0025_64K,FRED_0025,64K,FRED,UNANSWERABLE,True,1,0,75148,16.197447088102567
qwen35_2b,Qwen3.5-2B,CT_0051_8K,CT_0051,8K,CLINICAL_TRIALS,RETRIEVAL_CALCULATION,False,0,1,9702,13.244066464194818
qwen35_2b,Qwen3.5-2B,FRED_0121_16K,FRED_0121,16K,FRED,UNANSWERABLE,True,1,0,19194,14.22836777783683
qwen35_2b,Qwen3.5-2B,FRED_0105_16K,FRED_0105,16K,FRED,ENTITY_UNIT_BINDING,False,0,1,18920,14.207624468226758
qwen35_2b,Qwen3.5-2B,CT_0084_4K,CT_0084,4K,CLINICAL_TRIALS,ENTITY_UNIT_BINDING,True,1,0,5035,12.297776062894147
qwen35_2b,Qwen3.5-2B,FRED_0039_16K,FRED_0039,16K,FRED,DIRECT_RETRIEVAL,False,0,1,19301,14.236387976144705
qwen35_2b,Qwen3.5-2B,CT_0118_64K,CT_0118,64K,CLINICAL_TRIALS,UNANSWERABLE,True,1,0,75597,16.20604136305665
qwen35_2b,Qwen3.5-2B,FDA_0011_8K,FDA_0011,8K,FDA,RETRIEVAL_CALCULATION,False,0,1,9859,13.267225605889532
qwen35_2b,Qwen3.5-2B,FRED_0092_82K,FRED_0092,82K,FRED,ENTITY_UNIT_BINDING,False,0,1,96035,16.551272672091294
qwen35_2b,Qwen3.5-2B,FDA_0005_82K,FDA_0005,82K,FDA,DIRECT_RETRIEVAL,False,0,1,97062,16.56661896724639
qwen35_2b,Qwen3.5-2B,SEC_0110_4K,SEC_0110,4K,SEC,UNANSWERABLE,True,1,0,5613,12.45455634396194
qwen35_2b,Qwen3.5-2B,CT_0072_82K,CT_0072,82K,CLINICAL_TRIALS,RETRIEVAL_CALCULATION,False,0,1,95657,16.545582925703368
qwen35_2b,Qwen3.5-2B,SEC_0075_8K,SEC_0075,8K,SEC,RETRIEVAL_CALCULATION,False,0,1,11222,13.45404219747008
qwen35_2b,Qwen3.5-2B,FRED_0040_8K,FRED_0040,8K,FRED,DIRECT_RETRIEVAL,False,0,1,9561,13.222945804499009
qwen35_2b,Qwen3.5-2B,SEC_0002_8K,SEC_0002,8K,SEC,DIRECT_RETRIEVAL,True,1,0,11187,13.449535582494798
qwen35_2b,Qwen3.5-2B,CT_0004_8K,CT_0004,8K,CLINICAL_TRIALS,DIRECT_RETRIEVAL,True,1,0,9774,13.254733389246674
qwen35_2b,Qwen3.5-2B,SEC_0028_16K,SEC_0028,16K,SEC,DIRECT_RETRIEVAL,True,1,0,22092,14.431236412071062
qwen35_2b,Qwen3.5-2B,CT_0103_8K,CT_0103,8K,CLINICAL_TRIALS,ENTITY_UNIT_BINDING,True,1,0,9694,13.2428763671664
qwen35_2b,Qwen3.5-2B,FDA_0097_32K,FDA_0097,32K,FDA,ENTITY_UNIT_BINDING,False,0,1,38658,15.238479380142588
qwen35_2b,Qwen3.5-2B,FDA_0106_82K,FDA_0106,82K,FDA,UNANSWERABLE,False,0,1,97346,16.570834078590302
qwen35_2b,Qwen3.5-2B,FRED_0047_64K,FRED_0047,64K,FRED,RETRIEVAL_CALCULATION,False,0,1,74965,16.19392956032987
qwen35_2b,Qwen3.5-2B,FDA_0110_16K,FDA_0110,16K,FDA,UNANSWERABLE,False,0,1,19581,14.25716682468519
qwen35_2b,Qwen3.5-2B,SEC_0125_82K,SEC_0125,82K,SEC,UNANSWERABLE,True,1,0,110143,16.749018283718097
qwen35_2b,Qwen3.5-2B,FDA_0067_32K,FDA_0067,32K,FDA,RETRIEVAL_CALCULATION,False,0,1,38633,15.2375460922493
qwen35_2b,Qwen3.5-2B,FDA_0047_16K,FDA_0047,16K,FDA,RETRIEVAL_CALCULATION,False,0,1,19445,14.24711161432157
qwen35_2b,Qwen3.5-2B,FDA_0075_16K,FDA_0075,16K,FDA,RETRIEVAL_CALCULATION,False,0,1,19412,14.244661144764198
qwen35_2b,Qwen3.5-2B,SEC_0005_82K,SEC_0005,82K,SEC,DIRECT_RETRIEVAL,False,0,1,110355,16.751792471628303
qwen35_2b,Qwen3.5-2B,SEC_0076_16K,SEC_0076,16K,SEC,RETRIEVAL_CALCULATION,False,0,1,22270,14.442813937675153
qwen35_2b,Qwen3.5-2B,CT_0038_32K,CT_0038,32K,CLINICAL_TRIALS,DIRECT_RETRIEVAL,True,1,0,38081,15.216783743597047
qwen35_2b,Qwen3.5-2B,CT_0090_32K,CT_0090,32K,CLINICAL_TRIALS,ENTITY_UNIT_BINDING,True,1,0,37797,15.205984109845502
qwen35_2b,Qwen3.5-2B,FRED_0039_64K,FRED_0039,64K,FRED,DIRECT_RETRIEVAL,False,0,1,76470,16.22260625363072
qwen35_2b,Qwen3.5-2B,FDA_0041_82K,FDA_0041,82K,FDA,DIRECT_RETRIEVAL,True,1,0,97311,16.570315275495883
qwen35_2b,Qwen3.5-2B,FRED_0086_8K,FRED_0086,8K,FRED,TEMPORAL_VERSION,True,1,0,9685,13.241536333490616
qwen35_2b,Qwen3.5-2B,FRED_0053_82K,FRED_0053,82K,FRED,RETRIEVAL_CALCULATION,False,0,1,94551,16.528805096184684
qwen35_2b,Qwen3.5-2B,FDA_0042_32K,FDA_0042,32K,FDA,DIRECT_RETRIEVAL,True,1,0,38698,15.239971386109259
qwen35_2b,Qwen3.5-2B,CT_0031_8K,CT_0031,8K,CLINICAL_TRIALS,DIRECT_RETRIEVAL,True,1,0,9721,13.246889016274343
qwen35_2b,Qwen3.5-2B,SEC_0123_8K,SEC_0123,8K,SEC,UNANSWERABLE,True,1,0,11321,13.466713778648694
qwen35_2b,Qwen3.5-2B,CT_0112_16K,CT_0112,16K,CLINICAL_TRIALS,UNANSWERABLE,False,0,1,19183,14.2275407384182
qwen35_2b,Qwen3.5-2B,SEC_0084_16K,SEC_0084,16K,SEC,TEMPORAL_VERSION,True,1,0,21995,14.424887980797486
qwen35_2b,Qwen3.5-2B,SEC_0084_8K,SEC_0084,8K,SEC,TEMPORAL_VERSION,True,1,0,11143,13.443850077438436
qwen35_2b,Qwen3.5-2B,CT_0096_64K,CT_0096,64K,CLINICAL_TRIALS,ENTITY_UNIT_BINDING,True,1,0,75567,16.205468728675513
qwen35_2b,Qwen3.5-2B,FRED_0039_4K,FRED_0039,4K,FRED,DIRECT_RETRIEVAL,False,0,1,5013,12.291458518782344
qwen35_2b,Qwen3.5-2B,FRED_0106_32K,FRED_0106,32K,FRED,UNANSWERABLE,True,1,0,38168,15.220075970984304
qwen35_2b,Qwen3.5-2B,FDA_0015_64K,FDA_0015,64K,FDA,RETRIEVAL_CALCULATION,False,0,1,76947,16.231577459585807
qwen35_2b,Qwen3.5-2B,SEC_0070_32K,SEC_0070,32K,SEC,RETRIEVAL_CALCULATION,False,0,1,44032,15.426264754702098
qwen35_2b,Qwen3.5-2B,CT_0078_8K,CT_0078,8K,CLINICAL_TRIALS,ENTITY_UNIT_BINDING,True,1,0,9811,13.260184477326176
qwen35_2b,Qwen3.5-2B,CT_0072_4K,CT_0072,4K,CLINICAL_TRIALS,RETRIEVAL_CALCULATION,False,0,1,4999,12.287423811683523
qwen35_2b,Qwen3.5-2B,FDA_0101_16K,FDA_0101,16K,FDA,ENTITY_UNIT_BINDING,False,0,1,19414,14.244809776613183
qwen35_2b,Qwen3.5-2B,CT_0086_16K,CT_0086,16K,CLINICAL_TRIALS,ENTITY_UNIT_BINDING,True,1,0,19337,14.239076367702294
qwen35_2b,Qwen3.5-2B,SEC_0063_32K,SEC_0063,32K,SEC,RETRIEVAL_CALCULATION,False,0,1,44262,15.433781021038394
qwen35_2b,Qwen3.5-2B,FRED_0009_32K,FRED_0009,32K,FRED,ENTITY_UNIT_BINDING,False,0,1,38347,15.226826095363245
qwen35_2b,Qwen3.5-2B,FRED_0008_82K,FRED_0008,82K,FRED,ENTITY_UNIT_BINDING,False,0,1,94893,16.534014047009112
qwen35_2b,Qwen3.5-2B,FRED_0035_32K,FRED_0035,32K,FRED,DIRECT_RETRIEVAL,False,0,1,38279,15.224265520922886
qwen35_2b,Qwen3.5-2B,FDA_0016_82K,FDA_0016,82K,FDA,RETRIEVAL_CALCULATION,False,0,1,96622,16.560064095290034
qwen35_2b,Qwen3.5-2B,CT_0039_64K,CT_0039,64K,CLINICAL_TRIALS,DIRECT_RETRIEVAL,False,0,1,75724,16.2084630006775
qwen35_2b,Qwen3.5-2B,FDA_0098_82K,FDA_0098,82K,FDA,ENTITY_UNIT_BINDING,False,0,1,96578,16.5594069671027
qwen35_2b,Qwen3.5-2B,SEC_0091_8K,SEC_0091,8K,SEC,TEMPORAL_VERSION,True,1,0,11158,13.445790836048076
qwen35_2b,Qwen3.5-2B,FRED_0084_8K,FRED_0084,8K,FRED,TEMPORAL_VERSION,True,1,0,9694,13.2428763671664
qwen35_2b,Qwen3.5-2B,FDA_0075_4K,FDA_0075,4K,FDA,RETRIEVAL_CALCULATION,False,0,1,5014,12.291746280833939
qwen35_2b,Qwen3.5-2B,CT_0057_32K,CT_0057,32K,CLINICAL_TRIALS,RETRIEVAL_CALCULATION,False,0,1,37989,15.213294115400002
qwen35_2b,Qwen3.5-2B,CT_0116_16K,CT_0116,16K,CLINICAL_TRIALS,UNANSWERABLE,False,0,1,19086,14.22022715726067
qwen35_2b,Qwen3.5-2B,FRED_0008_4K,FRED_0008,4K,FRED,ENTITY_UNIT_BINDING,True,1,0,4898,12.257977058563979
qwen35_2b,Qwen3.5-2B,FDA_0026_4K,FDA_0026,4K,FDA,DIRECT_RETRIEVAL,True,1,0,5090,12.313449940963057
qwen35_2b,Qwen3.5-2B,CT_0071_8K,CT_0071,8K,CLINICAL_TRIALS,RETRIEVAL_CALCULATION,False,0,1,9954,13.28106067167702
qwen35_2b,Qwen3.5-2B,FDA_0047_32K,FDA_0047,32K,FDA,RETRIEVAL_CALCULATION,False,0,1,38647,15.238068807849544
qwen35_2b,Qwen3.5-2B,SEC_0029_4K,SEC_0029,4K,SEC,DIRECT_RETRIEVAL,False,0,1,5762,12.49235394515987
qwen35_2b,Qwen3.5-2B,FRED_0067_16K,FRED_0067,16K,FRED,RETRIEVAL_CALCULATION,False,0,1,18992,14.213104219641906
qwen35_2b,Qwen3.5-2B,SEC_0088_8K,SEC_0088,8K,SEC,TEMPORAL_VERSION,True,1,0,11273,13.460583879901726
qwen35_2b,Qwen3.5-2B,SEC_0077_16K,SEC_0077,16K,SEC,RETRIEVAL_CALCULATION,False,0,1,22217,14.439376399817231
qwen35_2b,Qwen3.5-2B,FDA_0083_32K,FDA_0083,32K,FDA,TEMPORAL_VERSION,True,1,0,39174,15.257608826845782
qwen35_2b,Qwen3.5-2B,SEC_0025_4K,SEC_0025,4K,SEC,UNANSWERABLE,True,1,0,5703,12.477505317369708
qwen35_2b,Qwen3.5-2B,SEC_0087_16K,SEC_0087,16K,SEC,TEMPORAL_VERSION,False,0,1,22249,14.441452873944801
qwen35_2b,Qwen3.5-2B,SEC_0045_32K,SEC_0045,32K,SEC,DIRECT_RETRIEVAL,False,0,1,44125,15.429308657933268
qwen35_2b,Qwen3.5-2B,FRED_0035_8K,FRED_0035,8K,FRED,DIRECT_RETRIEVAL,False,0,1,9760,13.252665432450248
qwen35_2b,Qwen3.5-2B,FRED_0097_82K,FRED_0097,82K,FRED,ENTITY_UNIT_BINDING,False,0,1,95904,16.549303368513574
qwen35_2b,Qwen3.5-2B,SEC_0063_4K,SEC_0063,4K,SEC,RETRIEVAL_CALCULATION,False,0,1,5636,12.460455896309636
qwen35_2b,Qwen3.5-2B,CT_0016_16K,CT_0016,16K,CLINICAL_TRIALS,RETRIEVAL_CALCULATION,False,0,1,19196,14.228518097716194
qwen35_2b,Qwen3.5-2B,CT_0057_64K,CT_0057,64K,CLINICAL_TRIALS,RETRIEVAL_CALCULATION,False,0,1,75701,16.208024737693243
qwen35_2b,Qwen3.5-2B,SEC_0008_64K,SEC_0008,64K,SEC,ENTITY_UNIT_BINDING,False,0,1,87552,16.417852514885897
qwen35_2b,Qwen3.5-2B,FDA_0034_16K,FDA_0034,16K,FDA,DIRECT_RETRIEVAL,True,1,0,19548,14.254733389246674
qwen35_2b,Qwen3.5-2B,SEC_0098_16K,SEC_0098,16K,SEC,ENTITY_UNIT_BINDING,True,1,0,22208,14.43879185257826
qwen35_2b,Qwen3.5-2B,SEC_0114_8K,SEC_0114,8K,SEC,UNANSWERABLE,True,1,0,11083,13.436060829465099
qwen35_2b,Qwen3.5-2B,CT_0041_64K,CT_0041,64K,CLINICAL_TRIALS,DIRECT_RETRIEVAL,True,1,0,75879,16.21141304532378
qwen35_2b,Qwen3.5-2B,FRED_0106_4K,FRED_0106,4K,FRED,UNANSWERABLE,True,1,0,4943,12.271171191139773
qwen35_2b,Qwen3.5-2B,SEC_0095_32K,SEC_0095,32K,SEC,ENTITY_UNIT_BINDING,False,0,1,43953,15.42367401903447
qwen35_2b,Qwen3.5-2B,FRED_0020_64K,FRED_0020,64K,FRED,TEMPORAL_VERSION,False,0,1,76250,16.218449717112335
qwen35_2b,Qwen3.5-2B,SEC_0069_32K,SEC_0069,32K,SEC,RETRIEVAL_CALCULATION,False,0,1,44338,15.436256074085794
qwen35_2b,Qwen3.5-2B,CT_0083_82K,CT_0083,82K,CLINICAL_TRIALS,ENTITY_UNIT_BINDING,False,0,1,94581,16.52926277496553
qwen35_2b,Qwen3.5-2B,SEC_0085_16K,SEC_0085,16K,SEC,TEMPORAL_VERSION,True,1,0,22106,14.432150377917841
qwen35_2b,Qwen3.5-2B,FRED_0050_16K,FRED_0050,16K,FRED,RETRIEVAL_CALCULATION,False,0,1,18916,14.207319426457804
qwen35_2b,Qwen3.5-2B,FDA_0038_4K,FDA_0038,4K,FDA,DIRECT_RETRIEVAL,True,1,0,5051,12.302353326431202
qwen35_2b,Qwen3.5-2B,FDA_0064_8K,FDA_0064,8K,FDA,RETRIEVAL_CALCULATION,False,0,1,9899,13.273067075722095
qwen35_2b,Qwen3.5-2B,FRED_0062_32K,FRED_0062,32K,FRED,RETRIEVAL_CALCULATION,False,0,1,37863,15.208501104211102
qwen35_2b,Qwen3.5-2B,SEC_0114_64K,SEC_0114,64K,SEC,UNANSWERABLE,True,1,0,87936,16.4241662888181
qwen35_2b,Qwen3.5-2B,CT_0119_8K,CT_0119,8K,CLINICAL_TRIALS,UNANSWERABLE,False,0,1,9669,13.239150973780701
qwen35_2b,Qwen3.5-2B,FRED_0027_8K,FRED_0027,8K,FRED,DIRECT_RETRIEVAL,False,0,1,9704,13.24436383512051
qwen35_2b,Qwen3.5-2B,FRED_0123_8K,FRED_0123,8K,FRED,UNANSWERABLE,True,1,0,9720,13.246740598493144
qwen35_2b,Qwen3.5-2B,CT_0005_16K,CT_0005,16K,CLINICAL_TRIALS,DIRECT_RETRIEVAL,True,1,0,19193,14.22829261202334
qwen35_2b,Qwen3.5-2B,CT_0030_16K,CT_0030,16K,CLINICAL_TRIALS,DIRECT_RETRIEVAL,False,0,1,19190,14.228067091082742
qwen35_2b,Qwen3.5-2B,CT_0070_16K,CT_0070,16K,CLINICAL_TRIALS,RETRIEVAL_CALCULATION,False,0,1,19492,14.250594507192316
qwen35_2b,Qwen3.5-2B,SEC_0045_4K,SEC_0045,4K,SEC,DIRECT_RETRIEVAL,True,1,0,5728,12.483815777264256
qwen35_2b,Qwen3.5-2B,FDA_0089_82K,FDA_0089,82K,FDA,TEMPORAL_VERSION,True,1,0,98177,16.583097462415065
qwen35_2b,Qwen3.5-2B,FRED_0099_32K,FRED_0099,32K,FRED,ENTITY_UNIT_BINDING,False,0,1,37491,15.194256686791888
qwen35_2b,Qwen3.5-2B,FDA_0020_82K,FDA_0020,82K,FDA,TEMPORAL_VERSION,False,0,1,98193,16.583332560655176
qwen35_2b,Qwen3.5-2B,FRED_0125_82K,FRED_0125,82K,FRED,UNANSWERABLE,True,1,0,96130,16.552699113327208
qwen35_2b,Qwen3.5-2B,SEC_0069_8K,SEC_0069,8K,SEC,RETRIEVAL_CALCULATION,False,0,1,11324,13.467096033905747
qwen35_2b,Qwen3.5-2B,FRED_0111_4K,FRED_0111,4K,FRED,UNANSWERABLE,True,1,0,4966,12.27786854617684
qwen35_2b,Qwen3.5-2B,FRED_0041_64K,FRED_0041,64K,FRED,DIRECT_RETRIEVAL,False,0,1,76305,16.21948997447115
qwen35_2b,Qwen3.5-2B,SEC_0073_16K,SEC_0073,16K,SEC,RETRIEVAL_CALCULATION,False,0,1,22036,14.42757474756509
qwen35_2b,Qwen3.5-2B,SEC_0109_4K,SEC_0109,4K,SEC,UNANSWERABLE,True,1,0,5737,12.48608080265197
qwen35_2b,Qwen3.5-2B,FDA_0019_4K,FDA_0019,4K,FDA,TEMPORAL_VERSION,True,1,0,5075,12.309192106959902
qwen35_2b,Qwen3.5-2B,FRED_0028_82K,FRED_0028,82K,FRED,DIRECT_RETRIEVAL,False,0,1,96237,16.55430404957194
qwen35_2b,Qwen3.5-2B,CT_0095_82K,CT_0095,82K,CLINICAL_TRIALS,ENTITY_UNIT_BINDING,True,1,0,94596,16.529491559919926
qwen35_2b,Qwen3.5-2B,CT_0082_16K,CT_0082,16K,CLINICAL_TRIALS,ENTITY_UNIT_BINDING,False,0,1,19366,14.24123837912341
qwen35_2b,Qwen3.5-2B,CT_0090_4K,CT_0090,4K,CLINICAL_TRIALS,ENTITY_UNIT_BINDING,True,1,0,4894,12.25679838607939
qwen35_2b,Qwen3.5-2B,FDA_0018_4K,FDA_0018,4K,FDA,TEMPORAL_VERSION,True,1,0,5060,12.304921669581672
qwen35_2b,Qwen3.5-2B,FDA_0033_4K,FDA_0033,4K,FDA,DIRECT_RETRIEVAL,True,1,0,5093,12.314300001897534
qwen35_2b,Qwen3.5-2B,SEC_0041_4K,SEC_0041,4K,SEC,DIRECT_RETRIEVAL,True,1,0,5730,12.484319423644267
qwen35_2b,Qwen3.5-2B,SEC_0080_82K,SEC_0080,82K,SEC,TEMPORAL_VERSION,False,0,1,109928,16.746199379523777
qwen35_2b,Qwen3.5-2B,CT_0061_64K,CT_0061,64K,CLINICAL_TRIALS,RETRIEVAL_CALCULATION,False,0,1,76770,16.228255027647965
qwen35_2b,Qwen3.5-2B,FDA_0085_16K,FDA_0085,16K,FDA,TEMPORAL_VERSION,True,1,0,19780,14.271754805646474
qwen35_2b,Qwen3.5-2B,CT_0006_4K,CT_0006,4K,CLINICAL_TRIALS,ENTITY_UNIT_BINDING,True,1,0,4971,12.279320387942608
qwen35_2b,Qwen3.5-2B,FDA_0112_4K,FDA_0112,4K,FDA,UNANSWERABLE,False,0,1,4969,12.27873982655011
qwen35_2b,Qwen3.5-2B,SEC_0035_64K,SEC_0035,64K,SEC,DIRECT_RETRIEVAL,False,0,1,87952,16.42442876403776
qwen35_2b,Qwen3.5-2B,FDA_0074_16K,FDA_0074,16K,FDA,RETRIEVAL_CALCULATION,False,0,1,19410,14.244512497601026
qwen35_2b,Qwen3.5-2B,FDA_0078_16K,FDA_0078,16K,FDA,TEMPORAL_VERSION,True,1,0,19813,14.274159723049742
qwen35_2b,Qwen3.5-2B,FDA_0062_16K,FDA_0062,16K,FDA,RETRIEVAL_CALCULATION,False,0,1,19432,14.246146774635864
qwen35_2b,Qwen3.5-2B,SEC_0017_82K,SEC_0017,82K,SEC,TEMPORAL_VERSION,True,1,0,109998,16.747117767129357
qwen35_2b,Qwen3.5-2B,CT_0006_32K,CT_0006,32K,CLINICAL_TRIALS,ENTITY_UNIT_BINDING,True,1,0,37814,15.20663284656657
qwen35_2b,Qwen3.5-2B,SEC_0102_82K,SEC_0102,82K,SEC,ENTITY_UNIT_BINDING,False,0,1,110683,16.75607412745889
qwen35_2b,Qwen3.5-2B,SEC_0049_4K,SEC_0049,4K,SEC,RETRIEVAL_CALCULATION,False,0,1,5639,12.461223627613371
qwen35_2b,Qwen3.5-2B,SEC_0101_8K,SEC_0101,8K,SEC,ENTITY_UNIT_BINDING,True,1,0,11237,13.455969302758032
qwen35_2b,Qwen3.5-2B,CT_0024_16K,CT_0024,16K,CLINICAL_TRIALS,UNANSWERABLE,False,0,1,19020,14.215229625747925
qwen35_2b,Qwen3.5-2B,SEC_0027_8K,SEC_0027,8K,SEC,DIRECT_RETRIEVAL,True,1,0,11246,13.457124331540804
qwen35_2b,Qwen3.5-2B,FRED_0021_8K,FRED_0021,8K,FRED,UNANSWERABLE,True,1,0,9737,13.249261626599843
qwen35_2b,Qwen3.5-2B,FDA_0049_82K,FDA_0049,82K,FDA,RETRIEVAL_CALCULATION,False,0,1,97080,16.566886488038495
qwen35_2b,Qwen3.5-2B,FDA_0021_82K,FDA_0021,82K,FDA,UNANSWERABLE,False,0,1,97351,16.570908178090615
qwen35_2b,Qwen3.5-2B,SEC_0056_4K,SEC_0056,4K,SEC,RETRIEVAL_CALCULATION,False,0,1,5625,12.45763738099176
qwen35_2b,Qwen3.5-2B,SEC_0006_8K,SEC_0006,8K,SEC,ENTITY_UNIT_BINDING,True,1,0,11160,13.44604940671655
qwen35_2b,Qwen3.5-2B,CT_0029_16K,CT_0029,16K,CLINICAL_TRIALS,DIRECT_RETRIEVAL,True,1,0,19270,14.234068951183083
qwen35_2b,Qwen3.5-2B,FDA_0021_4K,FDA_0021,4K,FDA,UNANSWERABLE,False,0,1,5017,12.292609222764296
qwen35_2b,Qwen3.5-2B,FDA_0086_4K,FDA_0086,4K,FDA,TEMPORAL_VERSION,True,1,0,5119,12.321646290991382
qwen35_2b,Qwen3.5-2B,FDA_0050_64K,FDA_0050,64K,FDA,RETRIEVAL_CALCULATION,False,0,1,77370,16.239486653397734
qwen35_2b,Qwen3.5-2B,FRED_0078_64K,FRED_0078,64K,FRED,TEMPORAL_VERSION,False,0,1,75761,16.209167753195235
qwen35_2b,Qwen3.5-2B,SEC_0108_16K,SEC_0108,16K,SEC,UNANSWERABLE,True,1,0,22222,14.439701045971955
qwen35_2b,Qwen3.5-2B,FRED_0122_8K,FRED_0122,8K,FRED,UNANSWERABLE,True,1,0,9693,13.24272753598652
qwen35_2b,Qwen3.5-2B,FRED_0097_16K,FRED_0097,16K,FRED,ENTITY_UNIT_BINDING,False,0,1,19199,14.22874354817232
qwen35_2b,Qwen3.5-2B,FDA_0069_64K,FDA_0069,64K,FDA,RETRIEVAL_CALCULATION,False,0,1,76969,16.231989883130023
qwen35_2b,Qwen3.5-2B,FDA_0065_8K,FDA_0065,8K,FDA,RETRIEVAL_CALCULATION,True,1,0,9807,13.259596162488423
qwen35_2b,Qwen3.5-2B,FRED_0040_32K,FRED_0040,32K,FRED,DIRECT_RETRIEVAL,False,0,1,37542,15.196217889420494
qwen35_2b,Qwen3.5-2B,FDA_0125_82K,FDA_0125,82K,FDA,UNANSWERABLE,False,0,1,97588,16.57441613589436
qwen35_2b,Qwen3.5-2B,CT_0063_64K,CT_0063,64K,CLINICAL_TRIALS,RETRIEVAL_CALCULATION,False,0,1,75280,16.199979007615898
qwen35_2b,Qwen3.5-2B,SEC_0076_4K,SEC_0076,4K,SEC,RETRIEVAL_CALCULATION,False,0,1,5807,12.503577318702689
qwen35_2b,Qwen3.5-2B,CT_0002_8K,CT_0002,8K,CLINICAL_TRIALS,DIRECT_RETRIEVAL,True,1,0,9755,13.251926157496388
qwen35_2b,Qwen3.5-2B,FDA_0081_64K,FDA_0081,64K,FDA,TEMPORAL_VERSION,True,1,0,77851,16.248427950462947
qwen35_2b,Qwen3.5-2B,CT_0003_8K,CT_0003,8K,CLINICAL_TRIALS,DIRECT_RETRIEVAL,True,1,0,9738,13.249409785269128
qwen35_2b,Qwen3.5-2B,SEC_0111_8K,SEC_0111,8K,SEC,UNANSWERABLE,True,1,0,11123,13.441258331406123
qwen35_2b,Qwen3.5-2B,CT_0073_82K,CT_0073,82K,CLINICAL_TRIALS,RETRIEVAL_CALCULATION,False,0,1,95623,16.545070047912624
qwen35_2b,Qwen3.5-2B,SEC_0099_82K,SEC_0099,82K,SEC,ENTITY_UNIT_BINDING,True,1,0,110374,16.752040841401595
qwen35_2b,Qwen3.5-2B,FRED_0067_64K,FRED_0067,64K,FRED,RETRIEVAL_CALCULATION,False,0,1,75471,16.203634769770126
qwen35_2b,Qwen3.5-2B,CT_0069_64K,CT_0069,64K,CLINICAL_TRIALS,RETRIEVAL_CALCULATION,False,0,1,76987,16.23232723290339
qwen35_2b,Qwen3.5-2B,SEC_0030_4K,SEC_0030,4K,SEC,DIRECT_RETRIEVAL,True,1,0,5666,12.468114886378098
qwen35_2b,Qwen3.5-2B,SEC_0095_4K,SEC_0095,4K,SEC,ENTITY_UNIT_BINDING,True,1,0,5619,12.456097684964202
qwen35_2b,Qwen3.5-2B,CT_0019_64K,CT_0019,64K,CLINICAL_TRIALS,ENTITY_UNIT_BINDING,True,1,0,76525,16.223643519301717
qwen35_2b,Qwen3.5-2B,FRED_0125_32K,FRED_0125,32K,FRED,UNANSWERABLE,True,1,0,38235,15.22260625363072
qwen35_2b,Qwen3.5-2B,CT_0063_16K,CT_0063,16K,CLINICAL_TRIALS,RETRIEVAL_CALCULATION,False,0,1,19067,14.218790247552763
qwen35_2b,Qwen3.5-2B,FRED_0108_82K,FRED_0108,82K,FRED,UNANSWERABLE,True,1,0,95921,16.549559078830367
qwen35_2b,Qwen3.5-2B,FRED_0026_4K,FRED_0026,4K,FRED,DIRECT_RETRIEVAL,False,0,1,5014,12.291746280833939
qwen35_2b,Qwen3.5-2B,CT_0099_64K,CT_0099,64K,CLINICAL_TRIALS,ENTITY_UNIT_BINDING,True,1,0,75279,16.199959843101777
qwen35_2b,Qwen3.5-2B,FDA_0022_4K,FDA_0022,4K,FDA,UNANSWERABLE,False,0,1,5028,12.295768934420508
qwen35_2b,Qwen3.5-2B,FRED_0120_4K,FRED_0120,4K,FRED,UNANSWERABLE,True,1,0,4959,12.27583351001347
qwen35_2b,Qwen3.5-2B,FRED_0074_16K,FRED_0074,16K,FRED,TEMPORAL_VERSION,False,0,1,19222,14.230470832204706
qwen35_2b,Qwen3.5-2B,CT_0124_8K,CT_0124,8K,CLINICAL_TRIALS,UNANSWERABLE,False,0,1,9640,13.234817431117325
qwen35_2b,Qwen3.5-2B,CT_0009_8K,CT_0009,8K,CLINICAL_TRIALS,ENTITY_UNIT_BINDING,True,1,0,9684,13.241387363998937
qwen35_2b,Qwen3.5-2B,FRED_0096_16K,FRED_0096,16K,FRED,ENTITY_UNIT_BINDING,False,0,1,18884,14.204876767603993
qwen35_2b,Qwen3.5-2B,CT_0065_82K,CT_0065,82K,CLINICAL_TRIALS,RETRIEVAL_CALCULATION,False,0,1,96006,16.550836951005653
qwen35_2b,Qwen3.5-2B,FDA_0076_82K,FDA_0076,82K,FDA,RETRIEVAL_CALCULATION,False,0,1,96426,16.55713458216195
qwen35_2b,Qwen3.5-2B,FRED_0019_32K,FRED_0019,32K,FRED,TEMPORAL_VERSION,False,0,1,37466,15.19329433831584
qwen35_2b,Qwen3.5-2B,CT_0119_16K,CT_0119,16K,CLINICAL_TRIALS,UNANSWERABLE,False,0,1,19053,14.217730555449902
qwen35_2b,Qwen3.5-2B,FRED_0094_64K,FRED_0094,64K,FRED,ENTITY_UNIT_BINDING,False,0,1,75795,16.20981506022647
qwen35_2b,Qwen3.5-2B,CT_0123_8K,CT_0123,8K,CLINICAL_TRIALS,UNANSWERABLE,False,0,1,9569,13.224152449663665
qwen35_2b,Qwen3.5-2B,SEC_0085_32K,SEC_0085,32K,SEC,TEMPORAL_VERSION,False,0,1,44039,15.426494089336824
qwen35_2b,Qwen3.5-2B,FDA_0047_8K,FDA_0047,8K,FDA,RETRIEVAL_CALCULATION,False,0,1,9761,13.252813241993014
qwen35_2b,Qwen3.5-2B,FDA_0054_82K,FDA_0054,82K,FDA,RETRIEVAL_CALCULATION,False,0,1,97066,16.56667842059845
qwen35_2b,Qwen3.5-2B,FRED_0121_4K,FRED_0121,4K,FRED,UNANSWERABLE,True,1,0,4984,12.283088353024002
qwen35_2b,Qwen3.5-2B,FRED_0087_16K,FRED_0087,16K,FRED,TEMPORAL_VERSION,True,1,0,19309,14.236985829576058
qwen35_2b,Qwen3.5-2B,SEC_0055_8K,SEC_0055,8K,SEC,RETRIEVAL_CALCULATION,False,0,1,11102,13.438531977761583
qwen35_2b,Qwen3.5-2B,SEC_0081_16K,SEC_0081,16K,SEC,TEMPORAL_VERSION,False,0,1,21946,14.421670389649998
qwen35_2b,Qwen3.5-2B,SEC_0070_8K,SEC_0070,8K,SEC,RETRIEVAL_CALCULATION,False,0,1,11198,13.450953464712992
qwen35_2b,Qwen3.5-2B,FDA_0095_64K,FDA_0095,64K,FDA,ENTITY_UNIT_BINDING,False,0,1,76943,16.231502460818312
qwen35_2b,Qwen3.5-2B,CT_0124_64K,CT_0124,64K,CLINICAL_TRIALS,UNANSWERABLE,True,1,0,75769,16.209320086862995
qwen35_2b,Qwen3.5-2B,SEC_0033_32K,SEC_0033,32K,SEC,DIRECT_RETRIEVAL,True,1,0,44083,15.427934787166523
qwen35_2b,Qwen3.5-2B,SEC_0062_64K,SEC_0062,64K,SEC,RETRIEVAL_CALCULATION,False,0,1,88210,16.428654596926535
qwen35_2b,Qwen3.5-2B,FRED_0004_8K,FRED_0004,8K,FRED,DIRECT_RETRIEVAL,True,1,0,9824,13.262094845370179
qwen35_2b,Qwen3.5-2B,SEC_0093_32K,SEC_0093,32K,SEC,TEMPORAL_VERSION,True,1,0,43782,15.418050239143165
qwen35_2b,Qwen3.5-2B,FDA_0031_64K,FDA_0031,64K,FDA,DIRECT_RETRIEVAL,True,1,0,77147,16.23532243564197
qwen35_2b,Qwen3.5-2B,SEC_0029_64K,SEC_0029,64K,SEC,DIRECT_RETRIEVAL,False,0,1,88205,16.428572818447307
qwen35_2b,Qwen3.5-2B,CT_0093_82K,CT_0093,82K,CLINICAL_TRIALS,ENTITY_UNIT_BINDING,True,1,0,94762,16.532021027258374
qwen35_2b,Qwen3.5-2B,SEC_0019_16K,SEC_0019,16K,SEC,TEMPORAL_VERSION,True,1,0,22093,14.431301714551141
qwen35_2b,Qwen3.5-2B,CT_0013_4K,CT_0013,4K,CLINICAL_TRIALS,RETRIEVAL_CALCULATION,False,0,1,5038,12.298635406734242
qwen35_2b,Qwen3.5-2B,FRED_0026_8K,FRED_0026,8K,FRED,DIRECT_RETRIEVAL,False,0,1,9821,13.261654215677503
qwen35_2b,Qwen3.5-2B,FDA_0076_8K,FDA_0076,8K,FDA,RETRIEVAL_CALCULATION,False,0,1,9842,13.26473580113014
qwen35_2b,Qwen3.5-2B,SEC_0096_4K,SEC_0096,4K,SEC,ENTITY_UNIT_BINDING,True,1,0,5638,12.460967762570421
qwen35_2b,Qwen3.5-2B,FDA_0023_16K,FDA_0023,16K,FDA,UNANSWERABLE,False,0,1,19606,14.259007607644609
qwen35_2b,Qwen3.5-2B,CT_0054_64K,CT_0054,64K,CLINICAL_TRIALS,RETRIEVAL_CALCULATION,False,0,1,75710,16.208196247760323
qwen35_2b,Qwen3.5-2B,FRED_0115_64K,FRED_0115,64K,FRED,UNANSWERABLE,True,1,0,76283,16.219073961532786
qwen35_2b,Qwen3.5-2B,CT_0045_64K,CT_0045,64K,CLINICAL_TRIALS,DIRECT_RETRIEVAL,True,1,0,75863,16.211108803640663
qwen35_2b,Qwen3.5-2B,CT_0065_16K,CT_0065,16K,CLINICAL_TRIALS,RETRIEVAL_CALCULATION,False,0,1,19293,14.235789874859924
qwen35_2b,Qwen3.5-2B,CT_0070_32K,CT_0070,32K,CLINICAL_TRIALS,RETRIEVAL_CALCULATION,False,0,1,38622,15.237135254230866
qwen35_2b,Qwen3.5-2B,FDA_0113_8K,FDA_0113,8K,FDA,UNANSWERABLE,False,0,1,9886,13.271171191139773
qwen35_2b,Qwen3.5-2B,SEC_0079_64K,SEC_0079,64K,SEC,TEMPORAL_VERSION,False,0,1,87816,16.422196201060242
qwen35_2b,Qwen3.5-2B,FRED_0015_82K,FRED_0015,82K,FRED,RETRIEVAL_CALCULATION,False,0,1,94308,16.5250925372026
qwen35_2b,Qwen3.5-2B,FDA_0035_64K,FDA_0035,64K,FDA,DIRECT_RETRIEVAL,True,1,0,77267,16.237564763925135
qwen35_2b,Qwen3.5-2B,FDA_0041_8K,FDA_0041,8K,FDA,DIRECT_RETRIEVAL,True,1,0,9915,13.27539705711621
qwen35_2b,Qwen3.5-2B,FDA_0090_82K,FDA_0090,82K,FDA,ENTITY_UNIT_BINDING,False,0,1,96656,16.56057167123656
qwen35_2b,Qwen3.5-2B,SEC_0095_16K,SEC_0095,16K,SEC,ENTITY_UNIT_BINDING,False,0,1,22041,14.427902060006291
qwen35_2b,Qwen3.5-2B,SEC_0080_64K,SEC_0080,64K,SEC,TEMPORAL_VERSION,True,1,0,87953,16.424445167153543
qwen35_2b,Qwen3.5-2B,SEC_0094_82K,SEC_0094,82K,SEC,ENTITY_UNIT_BINDING,False,0,1,109730,16.74359848453736
qwen35_2b,Qwen3.5-2B,CT_0011_82K,CT_0011,82K,CLINICAL_TRIALS,RETRIEVAL_CALCULATION,False,0,1,95261,16.539598072986514
qwen35_2b,Qwen3.5-2B,CT_0016_64K,CT_0016,64K,CLINICAL_TRIALS,RETRIEVAL_CALCULATION,False,0,1,75877,16.211375018621943
qwen35_2b,Qwen3.5-2B,FRED_0091_16K,FRED_0091,16K,FRED,ENTITY_UNIT_BINDING,False,0,1,18978,14.21204034123855
qwen35_2b,Qwen3.5-2B,CT_0074_82K,CT_0074,82K,CLINICAL_TRIALS,ENTITY_UNIT_BINDING,False,0,1,94870,16.533664326714817
qwen35_2b,Qwen3.5-2B,CT_0035_4K,CT_0035,4K,CLINICAL_TRIALS,DIRECT_RETRIEVAL,True,1,0,4905,12.2600374211066
qwen35_2b,Qwen3.5-2B,FRED_0023_8K,FRED_0023,8K,FRED,UNANSWERABLE,True,1,0,9680,13.240791332161956
qwen35_2b,Qwen3.5-2B,CT_0055_4K,CT_0055,4K,CLINICAL_TRIALS,RETRIEVAL_CALCULATION,False,0,1,5022,12.2940463132715
qwen35_2b,Qwen3.5-2B,FRED_0045_32K,FRED_0045,32K,FRED,DIRECT_RETRIEVAL,False,0,1,37431,15.191945971088668
qwen35_2b,Qwen3.5-2B,SEC_0122_82K,SEC_0122,82K,SEC,UNANSWERABLE,True,1,0,110257,16.75051072699694
qwen35_2b,Qwen3.5-2B,SEC_0009_82K,SEC_0009,82K,SEC,RETRIEVAL_CALCULATION,False,0,1,110708,16.756399952593387
qwen35_2b,Qwen3.5-2B,FDA_0032_32K,FDA_0032,32K,FDA,DIRECT_RETRIEVAL,True,1,0,38615,15.236873750927687
qwen35_2b,Qwen3.5-2B,FRED_0091_4K,FRED_0091,4K,FRED,ENTITY_UNIT_BINDING,True,1,0,4910,12.261507309202056
qwen35_2b,Qwen3.5-2B,FRED_0101_32K,FRED_0101,32K,FRED,ENTITY_UNIT_BINDING,False,0,1,38225,15.22222888113553
qwen35_2b,Qwen3.5-2B,SEC_0057_64K,SEC_0057,64K,SEC,RETRIEVAL_CALCULATION,False,0,1,87819,16.422245486056095
qwen35_2b,Qwen3.5-2B,SEC_0004_16K,SEC_0004,16K,SEC,DIRECT_RETRIEVAL,True,1,0,22249,14.441452873944801
qwen35_2b,Qwen3.5-2B,SEC_0081_8K,SEC_0081,8K,SEC,TEMPORAL_VERSION,True,1,0,11009,13.42639580752872
qwen35_2b,Qwen3.5-2B,SEC_0033_8K,SEC_0033,8K,SEC,DIRECT_RETRIEVAL,True,1,0,11268,13.45994384837493
qwen35_2b,Qwen3.5-2B,CT_0070_64K,CT_0070,64K,CLINICAL_TRIALS,RETRIEVAL_CALCULATION,False,0,1,76948,16.231596208668506
qwen35_2b,Qwen3.5-2B,SEC_0014_32K,SEC_0014,32K,SEC,RETRIEVAL_CALCULATION,False,0,1,44203,15.431856666321101
qwen35_2b,Qwen3.5-2B,CT_0073_32K,CT_0073,32K,CLINICAL_TRIALS,RETRIEVAL_CALCULATION,False,0,1,38166,15.220000371904408
qwen35_2b,Qwen3.5-2B,FDA_0018_16K,FDA_0018,16K,FDA,TEMPORAL_VERSION,False,0,1,19750,14.26956503283919
qwen35_2b,Qwen3.5-2B,CT_0097_82K,CT_0097,82K,CLINICAL_TRIALS,ENTITY_UNIT_BINDING,True,1,0,94519,16.528316745396623
qwen35_2b,Qwen3.5-2B,FRED_0069_16K,FRED_0069,16K,FRED,RETRIEVAL_CALCULATION,False,0,1,18996,14.213408040858337
qwen35_2b,Qwen3.5-2B,SEC_0051_16K,SEC_0051,16K,SEC,RETRIEVAL_CALCULATION,False,0,1,22222,14.439701045971955
qwen35_2b,Qwen3.5-2B,CT_0050_8K,CT_0050,8K,CLINICAL_TRIALS,RETRIEVAL_CALCULATION,False,0,1,9636,13.23421867823847
qwen35_2b,Qwen3.5-2B,FDA_0007_32K,FDA_0007,32K,FDA,ENTITY_UNIT_BINDING,True,1,0,38621,15.237097899518051
qwen35_2b,Qwen3.5-2B,FDA_0070_32K,FDA_0070,32K,FDA,RETRIEVAL_CALCULATION,False,0,1,38495,15.232383450197183
qwen35_2b,Qwen3.5-2B,SEC_0056_16K,SEC_0056,16K,SEC,RETRIEVAL_CALCULATION,False,0,1,22054,14.428752724983042
qwen35_2b,Qwen3.5-2B,FDA_0119_8K,FDA_0119,8K,FDA,UNANSWERABLE,False,0,1,9946,13.279900715802762
qwen35_2b,Qwen3.5-2B,FRED_0125_64K,FRED_0125,64K,FRED,UNANSWERABLE,True,1,0,76299,16.219376528293463
qwen35_2b,Qwen3.5-2B,CT_0030_4K,CT_0030,4K,CLINICAL_TRIALS,DIRECT_RETRIEVAL,True,1,0,5004,12.28886607416582
qwen35_2b,Qwen3.5-2B,FRED_0102_16K,FRED_0102,16K,FRED,ENTITY_UNIT_BINDING,False,0,1,18894,14.205640542856566
qwen35_2b,Qwen3.5-2B,SEC_0103_32K,SEC_0103,32K,SEC,ENTITY_UNIT_BINDING,False,0,1,44263,15.433813615108791
qwen35_2b,Qwen3.5-2B,FDA_0088_64K,FDA_0088,64K,FDA,TEMPORAL_VERSION,False,0,1,77878,16.248928213952656
qwen35_2b,Qwen3.5-2B,SEC_0095_82K,SEC_0095,82K,SEC,ENTITY_UNIT_BINDING,False,0,1,109965,16.746684885811074
qwen35_2b,Qwen3.5-2B,FRED_0119_8K,FRED_0119,8K,FRED,UNANSWERABLE,True,1,0,9721,13.246889016274343
qwen35_2b,Qwen3.5-2B,FRED_0027_4K,FRED_0027,4K,FRED,DIRECT_RETRIEVAL,False,0,1,5031,12.296629474285503
qwen35_2b,Qwen3.5-2B,CT_0058_8K,CT_0058,8K,CLINICAL_TRIALS,RETRIEVAL_CALCULATION,False,0,1,9689,13.242132057682372
qwen35_2b,Qwen3.5-2B,CT_0023_4K,CT_0023,4K,CLINICAL_TRIALS,UNANSWERABLE,False,0,1,4994,12.285980105928212
qwen35_2b,Qwen3.5-2B,SEC_0109_16K,SEC_0109,16K,SEC,UNANSWERABLE,True,1,0,22304,14.445014845868423
qwen35_2b,Qwen3.5-2B,FRED_0047_82K,FRED_0047,82K,FRED,RETRIEVAL_CALCULATION,False,0,1,94336,16.52552080909507
qwen35_2b,Qwen3.5-2B,FDA_0080_8K,FDA_0080,8K,FDA,TEMPORAL_VERSION,True,1,0,9970,13.283377789285558
qwen35_2b,Qwen3.5-2B,FDA_0087_64K,FDA_0087,64K,FDA,TEMPORAL_VERSION,True,1,0,78078,16.25262847769824
qwen35_2b,Qwen3.5-2B,CT_0028_64K,CT_0028,64K,CLINICAL_TRIALS,DIRECT_RETRIEVAL,True,1,0,75773,16.209396247665477
qwen35_2b,Qwen3.5-2B,FRED_0120_16K,FRED_0120,16K,FRED,UNANSWERABLE,True,1,0,19259,14.233245174501572
qwen35_2b,Qwen3.5-2B,SEC_0062_4K,SEC_0062,4K,SEC,RETRIEVAL_CALCULATION,False,0,1,5661,12.466841208321602
qwen35_2b,Qwen3.5-2B,SEC_0082_32K,SEC_0082,32K,SEC,TEMPORAL_VERSION,False,0,1,44023,15.425969842308408
qwen35_2b,Qwen3.5-2B,SEC_0103_82K,SEC_0103,82K,SEC,ENTITY_UNIT_BINDING,False,0,1,110462,16.753190628305163
qwen35_2b,Qwen3.5-2B,CT_0026_4K,CT_0026,4K,CLINICAL_TRIALS,DIRECT_RETRIEVAL,True,1,0,4946,12.272046524389937
qwen35_2b,Qwen3.5-2B,FDA_0077_82K,FDA_0077,82K,FDA,RETRIEVAL_CALCULATION,False,0,1,96516,16.558480505424875
qwen35_2b,Qwen3.5-2B,SEC_0116_32K,SEC_0116,32K,SEC,UNANSWERABLE,True,1,0,44024,15.426002613329361
qwen35_2b,Qwen3.5-2B,FRED_0121_8K,FRED_0121,8K,FRED,UNANSWERABLE,True,1,0,9704,13.24436383512051
qwen35_2b,Qwen3.5-2B,FDA_0008_8K,FDA_0008,8K,FDA,ENTITY_UNIT_BINDING,False,0,1,9788,13.25679838607939
qwen35_2b,Qwen3.5-2B,FRED_0106_8K,FRED_0106,8K,FRED,UNANSWERABLE,True,1,0,9731,13.248372354921251
qwen35_2b,Qwen3.5-2B,SEC_0105_16K,SEC_0105,16K,SEC,ENTITY_UNIT_BINDING,False,0,1,22246,14.441258331406123
qwen35_2b,Qwen3.5-2B,FDA_0008_16K,FDA_0008,16K,FDA,ENTITY_UNIT_BINDING,False,0,1,19352,14.240195053979924
qwen35_2b,Qwen3.5-2B,SEC_0057_16K,SEC_0057,16K,SEC,RETRIEVAL_CALCULATION,False,0,1,22042,14.427967513584365
qwen35_2b,Qwen3.5-2B,FRED_0020_4K,FRED_0020,4K,FRED,TEMPORAL_VERSION,True,1,0,5035,12.297776062894147
qwen35_2b,Qwen3.5-2B,FRED_0012_64K,FRED_0012,64K,FRED,RETRIEVAL_CALCULATION,False,0,1,75168,16.197830998012197
qwen35_2b,Qwen3.5-2B,FDA_0051_8K,FDA_0051,8K,FDA,RETRIEVAL_CALCULATION,False,0,1,9862,13.267664537501119
qwen35_2b,Qwen3.5-2B,SEC_0091_32K,SEC_0091,32K,SEC,TEMPORAL_VERSION,False,0,1,44242,15.433128984942648
qwen35_2b,Qwen3.5-2B,FRED_0119_82K,FRED_0119,82K,FRED,UNANSWERABLE,True,1,0,96131,16.552714120999497
qwen35_2b,Qwen3.5-2B,SEC_0120_16K,SEC_0120,16K,SEC,UNANSWERABLE,True,1,0,22007,14.42567486961708
qwen35_2b,Qwen3.5-2B,CT_0018_82K,CT_0018,82K,CLINICAL_TRIALS,ENTITY_UNIT_BINDING,False,0,1,95676,16.545869454486873
qwen35_2b,Qwen3.5-2B,FRED_0101_4K,FRED_0101,4K,FRED,ENTITY_UNIT_BINDING,True,1,0,4994,12.285980105928212
qwen35_2b,Qwen3.5-2B,FDA_0075_64K,FDA_0075,64K,FDA,RETRIEVAL_CALCULATION,False,0,1,76830,16.229382133205988
qwen35_2b,Qwen3.5-2B,CT_0042_64K,CT_0042,64K,CLINICAL_TRIALS,DIRECT_RETRIEVAL,False,0,1,75957,16.212895305434536
qwen35_2b,Qwen3.5-2B,CT_0064_82K,CT_0064,82K,CLINICAL_TRIALS,RETRIEVAL_CALCULATION,False,0,1,96259,16.55463381529214
qwen35_2b,Qwen3.5-2B,CT_0055_16K,CT_0055,16K,CLINICAL_TRIALS,RETRIEVAL_CALCULATION,False,0,1,19310,14.237060543838012
qwen35_2b,Qwen3.5-2B,FRED_0053_4K,FRED_0053,4K,FRED,RETRIEVAL_CALCULATION,True,1,0,4946,12.272046524389937
qwen35_2b,Qwen3.5-2B,CT_0011_32K,CT_0011,32K,CLINICAL_TRIALS,RETRIEVAL_CALCULATION,False,0,1,38142,15.219092873814482
qwen35_2b,Qwen3.5-2B,CT_0041_16K,CT_0041,16K,CLINICAL_TRIALS,DIRECT_RETRIEVAL,True,1,0,19162,14.225960527236161
qwen35_2b,Qwen3.5-2B,SEC_0073_82K,SEC_0073,82K,SEC,RETRIEVAL_CALCULATION,False,0,1,109593,16.74179612686116
qwen35_2b,Qwen3.5-2B,FRED_0007_16K,FRED_0007,16K,FRED,ENTITY_UNIT_BINDING,False,0,1,18972,14.211584153079526
qwen35_2b,Qwen3.5-2B,CT_0041_8K,CT_0041,8K,CLINICAL_TRIALS,DIRECT_RETRIEVAL,True,1,0,9633,13.233769450446927
qwen35_2b,Qwen3.5-2B,FRED_0064_32K,FRED_0064,32K,FRED,RETRIEVAL_CALCULATION,False,0,1,37538,15.196064165921053
qwen35_2b,Qwen3.5-2B,SEC_0022_8K,SEC_0022,8K,SEC,UNANSWERABLE,True,1,0,11114,13.440090524950488
qwen35_2b,Qwen3.5-2B,FRED_0122_32K,FRED_0122,32K,FRED,UNANSWERABLE,True,1,0,38197,15.221171712703601
qwen35_2b,Qwen3.5-2B,CT_0125_82K,CT_0125,82K,CLINICAL_TRIALS,UNANSWERABLE,True,1,0,94186,16.523225010177168
qwen35_2b,Qwen3.5-2B,CT_0014_4K,CT_0014,4K,CLINICAL_TRIALS,RETRIEVAL_CALCULATION,False,0,1,4998,12.287135186086704
qwen35_2b,Qwen3.5-2B,FRED_0094_16K,FRED_0094,16K,FRED,ENTITY_UNIT_BINDING,False,0,1,19114,14.222342103249112
qwen35_2b,Qwen3.5-2B,SEC_0036_4K,SEC_0036,4K,SEC,DIRECT_RETRIEVAL,False,0,1,5731,12.484571180915806
qwen35_2b,Qwen3.5-2B,FRED_0110_4K,FRED_0110,4K,FRED,UNANSWERABLE,True,1,0,4962,12.276706019892432
qwen35_2b,Qwen3.5-2B,FRED_0103_4K,FRED_0103,4K,FRED,ENTITY_UNIT_BINDING,True,1,0,4848,12.243173983472952
qwen35_2b,Qwen3.5-2B,SEC_0012_64K,SEC_0012,64K,SEC,RETRIEVAL_CALCULATION,False,0,1,88160,16.42783660345852
qwen35_2b,Qwen3.5-2B,SEC_0024_32K,SEC_0024,32K,SEC,UNANSWERABLE,True,1,0,43969,15.424199100832178
qwen35_2b,Qwen3.5-2B,CT_0108_82K,CT_0108,82K,CLINICAL_TRIALS,UNANSWERABLE,True,1,0,94670,16.530619701672443
qwen35_2b,Qwen3.5-2B,FDA_0068_4K,FDA_0068,4K,FDA,RETRIEVAL_CALCULATION,False,0,1,5047,12.301210371298426
qwen35_2b,Qwen3.5-2B,CT_0064_64K,CT_0064,64K,CLINICAL_TRIALS,RETRIEVAL_CALCULATION,False,0,1,76851,16.229776412213116
qwen35_2b,Qwen3.5-2B,CT_0095_8K,CT_0095,8K,CLINICAL_TRIALS,ENTITY_UNIT_BINDING,True,1,0,9716,13.246146774635864
qwen35_2b,Qwen3.5-2B,CT_0060_64K,CT_0060,64K,CLINICAL_TRIALS,RETRIEVAL_CALCULATION,False,0,1,76891,16.23052712188175
qwen35_2b,Qwen3.5-2B,CT_0048_64K,CT_0048,64K,CLINICAL_TRIALS,RETRIEVAL_CALCULATION,False,0,1,75950,16.212762344276808
qwen35_2b,Qwen3.5-2B,FDA_0044_4K,FDA_0044,4K,FDA,DIRECT_RETRIEVAL,True,1,0,4962,12.276706019892432
qwen35_2b,Qwen3.5-2B,CT_0068_32K,CT_0068,32K,CLINICAL_TRIALS,RETRIEVAL_CALCULATION,False,0,1,38396,15.22866840193479
qwen35_2b,Qwen3.5-2B,CT_0091_16K,CT_0091,16K,CLINICAL_TRIALS,ENTITY_UNIT_BINDING,True,1,0,18921,14.2077007185923
qwen35_2b,Qwen3.5-2B,CT_0015_64K,CT_0015,64K,CLINICAL_TRIALS,RETRIEVAL_CALCULATION,False,0,1,76805,16.228912612896934
qwen35_2b,Qwen3.5-2B,SEC_0069_16K,SEC_0069,16K,SEC,RETRIEVAL_CALCULATION,False,0,1,22277,14.443267340390008
qwen35_2b,Qwen3.5-2B,FRED_0043_16K,FRED_0043,16K,FRED,DIRECT_RETRIEVAL,True,1,0,19258,14.233170262382705
qwen35_2b,Qwen3.5-2B,FDA_0066_8K,FDA_0066,8K,FDA,RETRIEVAL_CALCULATION,False,0,1,9882,13.270587340447511
qwen35_2b,Qwen3.5-2B,FRED_0070_4K,FRED_0070,4K,FRED,RETRIEVAL_CALCULATION,False,0,1,4917,12.263562639820615
qwen35_2b,Qwen3.5-2B,CT_0015_4K,CT_0015,4K,CLINICAL_TRIALS,RETRIEVAL_CALCULATION,False,0,1,5044,12.30035256032822
qwen35_2b,Qwen3.5-2B,FDA_0006_8K,FDA_0006,8K,FDA,ENTITY_UNIT_BINDING,False,0,1,9879,13.270149297316504
qwen35_2b,Qwen3.5-2B,FDA_0062_4K,FDA_0062,4K,FDA,RETRIEVAL_CALCULATION,False,0,1,5064,12.306061689428342
qwen35_2b,Qwen3.5-2B,FDA_0069_82K,FDA_0069,82K,FDA,RETRIEVAL_CALCULATION,False,0,1,96644,16.56039254717538
qwen35_2b,Qwen3.5-2B,CT_0081_82K,CT_0081,82K,CLINICAL_TRIALS,ENTITY_UNIT_BINDING,False,0,1,95196,16.538613334370464
qwen35_2b,Qwen3.5-2B,FRED_0015_64K,FRED_0015,64K,FRED,RETRIEVAL_CALCULATION,False,0,1,74963,16.193891069986744
qwen35_2b,Qwen3.5-2B,FDA_0006_16K,FDA_0006,16K,FDA,ENTITY_UNIT_BINDING,False,0,1,19471,14.249039360063383
qwen35_2b,Qwen3.5-2B,FDA_0073_32K,FDA_0073,32K,FDA,RETRIEVAL_CALCULATION,False,0,1,38627,15.237322013288319
qwen35_2b,Qwen3.5-2B,SEC_0022_4K,SEC_0022,4K,SEC,UNANSWERABLE,True,1,0,5629,12.458662932867817
qwen35_2b,Qwen3.5-2B,FDA_0047_4K,FDA_0047,4K,FDA,RETRIEVAL_CALCULATION,False,0,1,5027,12.295481973695367
qwen35_2b,Qwen3.5-2B,FRED_0095_16K,FRED_0095,16K,FRED,ENTITY_UNIT_BINDING,False,0,1,18999,14.213635864789468
qwen35_2b,Qwen3.5-2B,CT_0097_32K,CT_0097,32K,CLINICAL_TRIALS,ENTITY_UNIT_BINDING,False,0,1,37993,15.213446014012012
qwen35_2b,Qwen3.5-2B,FDA_0069_32K,FDA_0069,32K,FDA,RETRIEVAL_CALCULATION,False,0,1,38622,15.237135254230866
qwen35_2b,Qwen3.5-2B,FDA_0030_82K,FDA_0030,82K,FDA,DIRECT_RETRIEVAL,True,1,0,97039,16.566277062917244
qwen35_2b,Qwen3.5-2B,CT_0081_64K,CT_0081,64K,CLINICAL_TRIALS,ENTITY_UNIT_BINDING,False,0,1,75965,16.21304724604008
qwen35_2b,Qwen3.5-2B,FRED_0107_16K,FRED_0107,16K,FRED,UNANSWERABLE,True,1,0,19196,14.228518097716194
qwen35_2b,Qwen3.5-2B,FRED_0106_16K,FRED_0106,16K,FRED,UNANSWERABLE,True,1,0,19120,14.222794902868111
qwen35_2b,Qwen3.5-2B,SEC_0067_16K,SEC_0067,16K,SEC,RETRIEVAL_CALCULATION,False,0,1,22352,14.448116305409464
qwen35_2b,Qwen3.5-2B,FDA_0060_32K,FDA_0060,32K,FDA,RETRIEVAL_CALCULATION,False,0,1,38738,15.241461850667559
qwen35_2b,Qwen3.5-2B,FDA_0109_4K,FDA_0109,4K,FDA,UNANSWERABLE,False,0,1,4993,12.285691191330093
qwen35_2b,Qwen3.5-2B,CT_0120_4K,CT_0120,4K,CLINICAL_TRIALS,UNANSWERABLE,False,0,1,4930,12.267371931265274
qwen35_2b,Qwen3.5-2B,SEC_0077_8K,SEC_0077,8K,SEC,RETRIEVAL_CALCULATION,False,0,1,11125,13.441517715628486
qwen35_2b,Qwen3.5-2B,SEC_0004_64K,SEC_0004,64K,SEC,DIRECT_RETRIEVAL,False,0,1,88391,16.431611860971856
qwen35_2b,Qwen3.5-2B,FDA_0106_64K,FDA_0106,64K,FDA,UNANSWERABLE,False,0,1,77433,16.240660917366696
qwen35_2b,Qwen3.5-2B,SEC_0086_82K,SEC_0086,82K,SEC,TEMPORAL_VERSION,False,0,1,109220,16.736877536361625
qwen35_2b,Qwen3.5-2B,FDA_0055_4K,FDA_0055,4K,FDA,RETRIEVAL_CALCULATION,False,0,1,5006,12.289442575688332
qwen35_2b,Qwen3.5-2B,SEC_0123_82K,SEC_0123,82K,SEC,UNANSWERABLE,True,1,0,110257,16.75051072699694
qwen35_2b,Qwen3.5-2B,SEC_0119_16K,SEC_0119,16K,SEC,UNANSWERABLE,True,1,0,22190,14.437622047084373
qwen35_2b,Qwen3.5-2B,FDA_0039_64K,FDA_0039,64K,FDA,DIRECT_RETRIEVAL,True,1,0,77242,16.23709789951805
qwen35_2b,Qwen3.5-2B,FDA_0096_82K,FDA_0096,82K,FDA,ENTITY_UNIT_BINDING,False,0,1,96582,16.559466718398664
qwen35_2b,Qwen3.5-2B,SEC_0053_82K,SEC_0053,82K,SEC,RETRIEVAL_CALCULATION,False,0,1,109808,16.744623639343583
qwen35_2b,Qwen3.5-2B,FDA_0080_4K,FDA_0080,4K,FDA,TEMPORAL_VERSION,True,1,0,5110,12.319107575824983
qwen35_2b,Qwen3.5-2B,CT_0027_64K,CT_0027,64K,CLINICAL_TRIALS,DIRECT_RETRIEVAL,False,0,1,75786,16.209643742510092
qwen35_2b,Qwen3.5-2B,FDA_0068_16K,FDA_0068,16K,FDA,RETRIEVAL_CALCULATION,False,0,1,19460,14.248224089668474
qwen35_2b,Qwen3.5-2B,SEC_0034_64K,SEC_0034,64K,SEC,DIRECT_RETRIEVAL,False,0,1,88203,16.428540105757612
qwen35_2b,Qwen3.5-2B,FDA_0028_82K,FDA_0028,82K,FDA,DIRECT_RETRIEVAL,True,1,0,96973,16.565295496041262
qwen35_2b,Qwen3.5-2B,SEC_0033_64K,SEC_0033,64K,SEC,DIRECT_RETRIEVAL,True,1,0,87949,16.424379553571384
qwen35_2b,Qwen3.5-2B,CT_0027_4K,CT_0027,4K,CLINICAL_TRIALS,DIRECT_RETRIEVAL,True,1,0,4984,12.283088353024002
qwen35_2b,Qwen3.5-2B,SEC_0089_82K,SEC_0089,82K,SEC,TEMPORAL_VERSION,False,0,1,110434,16.75282488640525
qwen35_2b,Qwen3.5-2B,CT_0088_82K,CT_0088,82K,CLINICAL_TRIALS,ENTITY_UNIT_BINDING,False,0,1,95307,16.54029455899854
qwen35_2b,Qwen3.5-2B,FDA_0013_16K,FDA_0013,16K,FDA,RETRIEVAL_CALCULATION,False,0,1,19552,14.25502856981873
qwen35_2b,Qwen3.5-2B,FDA_0077_32K,FDA_0077,32K,FDA,RETRIEVAL_CALCULATION,False,0,1,38608,15.23661220021575
qwen35_2b,Qwen3.5-2B,FDA_0092_8K,FDA_0092,8K,FDA,ENTITY_UNIT_BINDING,False,0,1,9859,13.267225605889532
qwen35_2b,Qwen3.5-2B,FRED_0013_4K,FRED_0013,4K,FRED,RETRIEVAL_CALCULATION,False,0,1,4910,12.261507309202056
qwen35_2b,Qwen3.5-2B,FDA_0030_32K,FDA_0030,32K,FDA,DIRECT_RETRIEVAL,True,1,0,38711,15.240455956009603
qwen35_2b,Qwen3.5-2B,FRED_0016_4K,FRED_0016,4K,FRED,RETRIEVAL_CALCULATION,False,0,1,4902,12.25915476886684
qwen35_2b,Qwen3.5-2B,FRED_0035_82K,FRED_0035,82K,FRED,DIRECT_RETRIEVAL,False,0,1,96023,16.55109238967126
qwen35_2b,Qwen3.5-2B,CT_0044_4K,CT_0044,4K,CLINICAL_TRIALS,DIRECT_RETRIEVAL,True,1,0,4905,12.2600374211066
qwen35_2b,Qwen3.5-2B,FRED_0116_8K,FRED_0116,8K,FRED,UNANSWERABLE,True,1,0,9727,13.247779202465209
qwen35_2b,Qwen3.5-2B,CT_0031_64K,CT_0031,64K,CLINICAL_TRIALS,DIRECT_RETRIEVAL,True,1,0,75920,16.212192371908472
qwen35_2b,Qwen3.5-2B,CT_0020_4K,CT_0020,4K,CLINICAL_TRIALS,ENTITY_UNIT_BINDING,True,1,0,5114,12.32023644524165
qwen35_2b,Qwen3.5-2B,SEC_0049_32K,SEC_0049,32K,SEC,RETRIEVAL_CALCULATION,False,0,1,44110,15.42881813997958
qwen35_2b,Qwen3.5-2B,FRED_0015_32K,FRED_0015,32K,FRED,RETRIEVAL_CALCULATION,False,0,1,37642,15.20005566312671
qwen35_2b,Qwen3.5-2B,SEC_0090_32K,SEC_0090,32K,SEC,TEMPORAL_VERSION,False,0,1,44239,15.4330311541061
qwen35_2b,Qwen3.5-2B,CT_0079_4K,CT_0079,4K,CLINICAL_TRIALS,ENTITY_UNIT_BINDING,True,1,0,5002,12.28828934218097
qwen35_2b,Qwen3.5-2B,SEC_0013_32K,SEC_0013,32K,SEC,RETRIEVAL_CALCULATION,False,0,1,44065,15.427345584663984
qwen35_2b,Qwen3.5-2B,FRED_0105_4K,FRED_0105,4K,FRED,ENTITY_UNIT_BINDING,True,1,0,4920,12.264442600226602
qwen35_2b,Qwen3.5-2B,CT_0079_82K,CT_0079,82K,CLINICAL_TRIALS,ENTITY_UNIT_BINDING,False,0,1,95744,16.546894459887636
qwen35_2b,Qwen3.5-2B,FRED_0012_82K,FRED_0012,82K,FRED,RETRIEVAL_CALCULATION,False,0,1,94652,16.5303453699961
qwen35_2b,Qwen3.5-2B,CT_0125_64K,CT_0125,64K,CLINICAL_TRIALS,UNANSWERABLE,True,1,0,75046,16.195487556872376
qwen35_2b,Qwen3.5-2B,SEC_0006_64K,SEC_0006,64K,SEC,ENTITY_UNIT_BINDING,False,0,1,87716,16.42055240369342
qwen35_2b,Qwen3.5-2B,FRED_0018_64K,FRED_0018,64K,FRED,TEMPORAL_VERSION,False,0,1,76413,16.221530481685626
qwen35_2b,Qwen3.5-2B,FRED_0093_16K,FRED_0093,16K,FRED,ENTITY_UNIT_BINDING,False,0,1,18938,14.20899635859037
qwen35_2b,Qwen3.5-2B,CT_0111_82K,CT_0111,82K,CLINICAL_TRIALS,UNANSWERABLE,True,1,0,94898,16.5340900619435
qwen35_2b,Qwen3.5-2B,CT_0004_32K,CT_0004,32K,CLINICAL_TRIALS,DIRECT_RETRIEVAL,True,1,0,38207,15.221549361792425
qwen35_2b,Qwen3.5-2B,FRED_0108_16K,FRED_0108,16K,FRED,UNANSWERABLE,True,1,0,19171,14.226637972549943
qwen35_2b,Qwen3.5-2B,SEC_0010_82K,SEC_0010,82K,SEC,RETRIEVAL_CALCULATION,False,0,1,110731,16.756699646739943
qwen35_2b,Qwen3.5-2B,FRED_0080_8K,FRED_0080,8K,FRED,TEMPORAL_VERSION,False,0,1,9612,13.230620933129867
qwen35_2b,Qwen3.5-2B,CT_0012_16K,CT_0012,16K,CLINICAL_TRIALS,RETRIEVAL_CALCULATION,False,0,1,19139,14.2242278314878
qwen35_2b,Qwen3.5-2B,CT_0091_4K,CT_0091,4K,CLINICAL_TRIALS,ENTITY_UNIT_BINDING,True,1,0,4931,12.267664537501119
qwen35_2b,Qwen3.5-2B,CT_0008_64K,CT_0008,64K,CLINICAL_TRIALS,ENTITY_UNIT_BINDING,True,1,0,75620,16.206480228874597
qwen35_2b,Qwen3.5-2B,CT_0067_8K,CT_0067,8K,CLINICAL_TRIALS,RETRIEVAL_CALCULATION,False,0,1,9852,13.266200912498961
qwen35_2b,Qwen3.5-2B,SEC_0017_64K,SEC_0017,64K,SEC,TEMPORAL_VERSION,True,1,0,87725,16.420700422176893
qwen35_2b,Qwen3.5-2B,FDA_0027_8K,FDA_0027,8K,FDA,DIRECT_RETRIEVAL,True,1,0,9838,13.264149339723328
qwen35_2b,Qwen3.5-2B,SEC_0041_64K,SEC_0041,64K,SEC,DIRECT_RETRIEVAL,False,0,1,87709,16.420437267706056
qwen35_2b,Qwen3.5-2B,FDA_0078_64K,FDA_0078,64K,FDA,TEMPORAL_VERSION,True,1,0,78061,16.252314324081375
qwen35_2b,Qwen3.5-2B,FRED_0118_16K,FRED_0118,16K,FRED,UNANSWERABLE,True,1,0,19252,14.232720707964873
qwen35_2b,Qwen3.5-2B,CT_0095_32K,CT_0095,32K,CLINICAL_TRIALS,ENTITY_UNIT_BINDING,True,1,0,37929,15.211013714955417
qwen35_2b,Qwen3.5-2B,SEC_0050_64K,SEC_0050,64K,SEC,RETRIEVAL_CALCULATION,False,0,1,87568,16.418116141207488
qwen35_2b,Qwen3.5-2B,FDA_0051_16K,FDA_0051,16K,FDA,RETRIEVAL_CALCULATION,False,0,1,19452,14.247630876238699
qwen35_2b,Qwen3.5-2B,FDA_0123_32K,FDA_0123,32K,FDA,UNANSWERABLE,False,0,1,38882,15.24681480929231
qwen35_2b,Qwen3.5-2B,SEC_0046_64K,SEC_0046,64K,SEC,RETRIEVAL_CALCULATION,False,0,1,88361,16.43112212561789
qwen35_2b,Qwen3.5-2B,SEC_0002_16K,SEC_0002,16K,SEC,DIRECT_RETRIEVAL,True,1,0,22227,14.44002561908878
qwen35_2b,Qwen3.5-2B,SEC_0037_64K,SEC_0037,64K,SEC,DIRECT_RETRIEVAL,False,0,1,88405,16.43184034725678
qwen35_2b,Qwen3.5-2B,FRED_0075_8K,FRED_0075,8K,FRED,TEMPORAL_VERSION,False,0,1,9656,13.237209960755022
qwen35_2b,Qwen3.5-2B,FRED_0074_32K,FRED_0074,32K,FRED,TEMPORAL_VERSION,False,0,1,38339,15.226525087086141
qwen35_2b,Qwen3.5-2B,FDA_0025_8K,FDA_0025,8K,FDA,UNANSWERABLE,False,0,1,9888,13.271463027904375
qwen35_2b,Qwen3.5-2B,FDA_0045_4K,FDA_0045,4K,FDA,DIRECT_RETRIEVAL,True,1,0,4973,12.279900715802762
qwen35_2b,Qwen3.5-2B,SEC_0060_8K,SEC_0060,8K,SEC,RETRIEVAL_CALCULATION,False,0,1,11254,13.458150248057557
qwen35_2b,Qwen3.5-2B,FRED_0075_32K,FRED_0075,32K,FRED,TEMPORAL_VERSION,False,0,1,38034,15.215002053377253
qwen35_2b,Qwen3.5-2B,FDA_0029_4K,FDA_0029,4K,FDA,DIRECT_RETRIEVAL,True,1,0,5045,12.30063855399372
qwen35_2b,Qwen3.5-2B,SEC_0040_82K,SEC_0040,82K,SEC,DIRECT_RETRIEVAL,False,0,1,109812,16.744676191753786
qwen35_2b,Qwen3.5-2B,CT_0017_64K,CT_0017,64K,CLINICAL_TRIALS,ENTITY_UNIT_BINDING,False,0,1,76049,16.214641657025506
qwen35_2b,Qwen3.5-2B,CT_0047_16K,CT_0047,16K,CLINICAL_TRIALS,RETRIEVAL_CALCULATION,True,1,0,19002,14.213863652749346
qwen35_2b,Qwen3.5-2B,FRED_0081_64K,FRED_0081,64K,FRED,TEMPORAL_VERSION,False,0,1,75762,16.209186795783367
qwen35_2b,Qwen3.5-2B,SEC_0042_16K,SEC_0042,16K,SEC,DIRECT_RETRIEVAL,False,0,1,22208,14.43879185257826
qwen35_2b,Qwen3.5-2B,FDA_0022_8K,FDA_0022,8K,FDA,UNANSWERABLE,False,0,1,9828,13.262682142362165
qwen35_2b,Qwen3.5-2B,FRED_0110_64K,FRED_0110,64K,FRED,UNANSWERABLE,True,1,0,76372,16.220756184495503
qwen35_2b,Qwen3.5-2B,FRED_0063_16K,FRED_0063,16K,FRED,RETRIEVAL_CALCULATION,False,0,1,18946,14.209605669143569
qwen35_2b,Qwen3.5-2B,FDA_0010_4K,FDA_0010,4K,FDA,RETRIEVAL_CALCULATION,False,0,1,4972,12.279610581052484
qwen35_2b,Qwen3.5-2B,CT_0122_32K,CT_0122,32K,CLINICAL_TRIALS,UNANSWERABLE,True,1,0,37613,15.198943759379272
qwen35_2b,Qwen3.5-2B,FRED_0019_4K,FRED_0019,4K,FRED,TEMPORAL_VERSION,True,1,0,4868,12.249113452713729
qwen35_2b,Qwen3.5-2B,CT_0083_16K,CT_0083,16K,CLINICAL_TRIALS,ENTITY_UNIT_BINDING,False,0,1,19112,14.222191138456333
qwen35_2b,Qwen3.5-2B,FDA_0061_82K,FDA_0061,82K,FDA,RETRIEVAL_CALCULATION,False,0,1,97038,16.56626219567341
qwen35_2b,Qwen3.5-2B,CT_0024_8K,CT_0024,8K,CLINICAL_TRIALS,UNANSWERABLE,False,0,1,9617,13.23137120359292
qwen35_2b,Qwen3.5-2B,FDA_0049_64K,FDA_0049,64K,FDA,RETRIEVAL_CALCULATION,False,0,1,77324,16.23862865019351
qwen35_2b,Qwen3.5-2B,CT_0019_16K,CT_0019,16K,CLINICAL_TRIALS,ENTITY_UNIT_BINDING,True,1,0,19394,14.243322768605955
qwen35_2b,Qwen3.5-2B,CT_0066_4K,CT_0066,4K,CLINICAL_TRIALS,RETRIEVAL_CALCULATION,False,0,1,5026,12.295194955880655
qwen35_2b,Qwen3.5-2B,FRED_0081_16K,FRED_0081,16K,FRED,TEMPORAL_VERSION,False,0,1,19145,14.224680039737523
qwen35_2b,Qwen3.5-2B,FDA_0034_4K,FDA_0034,4K,FDA,DIRECT_RETRIEVAL,True,1,0,5071,12.308054559066635
qwen35_2b,Qwen3.5-2B,FDA_0024_64K,FDA_0024,64K,FDA,UNANSWERABLE,False,0,1,77550,16.242839160810817
qwen35_2b,Qwen3.5-2B,SEC_0008_4K,SEC_0008,4K,SEC,ENTITY_UNIT_BINDING,False,0,1,5681,12.47192918764169
qwen35_2b,Qwen3.5-2B,FRED_0106_82K,FRED_0106,82K,FRED,UNANSWERABLE,True,1,0,95987,16.55055140720076
qwen35_2b,Qwen3.5-2B,FRED_0075_4K,FRED_0075,4K,FRED,TEMPORAL_VERSION,True,1,0,4920,12.264442600226602
qwen35_2b,Qwen3.5-2B,FDA_0098_16K,FDA_0098,16K,FDA,ENTITY_UNIT_BINDING,True,1,0,19372,14.241685287601625
qwen35_2b,Qwen3.5-2B,CT_0045_32K,CT_0045,32K,CLINICAL_TRIALS,DIRECT_RETRIEVAL,True,1,0,38084,15.216897393833372
qwen35_2b,Qwen3.5-2B,SEC_0097_8K,SEC_0097,8K,SEC,ENTITY_UNIT_BINDING,True,1,0,11314,13.465821455643775
qwen35_2b,Qwen3.5-2B,CT_0011_64K,CT_0011,64K,CLINICAL_TRIALS,RETRIEVAL_CALCULATION,False,0,1,75937,16.21251538389735
qwen35_2b,Qwen3.5-2B,FDA_0027_82K,FDA_0027,82K,FDA,DIRECT_RETRIEVAL,True,1,0,97026,16.566083776796003
qwen35_2b,Qwen3.5-2B,FDA_0044_8K,FDA_0044,8K,FDA,DIRECT_RETRIEVAL,True,1,0,9846,13.26532202423487
qwen35_2b,Qwen3.5-2B,FRED_0004_64K,FRED_0004,64K,FRED,DIRECT_RETRIEVAL,False,0,1,76198,16.21746551075954
qwen35_2b,Qwen3.5-2B,FRED_0097_8K,FRED_0097,8K,FRED,ENTITY_UNIT_BINDING,False,0,1,9733,13.248668839723136
qwen35_2b,Qwen3.5-2B,CT_0077_8K,CT_0077,8K,CLINICAL_TRIALS,ENTITY_UNIT_BINDING,True,1,0,9689,13.242132057682372
qwen35_2b,Qwen3.5-2B,FRED_0033_64K,FRED_0033,64K,FRED,DIRECT_RETRIEVAL,False,0,1,76324,16.21984916185911
qwen35_2b,Qwen3.5-2B,SEC_0007_8K,SEC_0007,8K,SEC,ENTITY_UNIT_BINDING,True,1,0,11244,13.456867738380343
qwen35_2b,Qwen3.5-2B,FRED_0122_82K,FRED_0122,82K,FRED,UNANSWERABLE,True,1,0,96172,16.55332930118465
qwen35_2b,Qwen3.5-2B,CT_0032_8K,CT_0032,8K,CLINICAL_TRIALS,DIRECT_RETRIEVAL,False,0,1,9762,13.252961036393684
qwen35_2b,Qwen3.5-2B,FDA_0040_82K,FDA_0040,82K,FDA,DIRECT_RETRIEVAL,True,1,0,97027,16.566098645878583
qwen35_2b,Qwen3.5-2B,SEC_0117_64K,SEC_0117,64K,SEC,UNANSWERABLE,True,1,0,88062,16.426231989635248
qwen35_2b,Qwen3.5-2B,SEC_0053_16K,SEC_0053,16K,SEC,RETRIEVAL_CALCULATION,False,0,1,22118,14.43293331663508
qwen35_2b,Qwen3.5-2B,CT_0085_82K,CT_0085,82K,CLINICAL_TRIALS,ENTITY_UNIT_BINDING,False,0,1,95508,16.543333961671006
qwen35_2b,Qwen3.5-2B,FDA_0021_16K,FDA_0021,16K,FDA,UNANSWERABLE,False,0,1,19566,14.25606122646962
qwen35_2b,Qwen3.5-2B,FRED_0005_82K,FRED_0005,82K,FRED,DIRECT_RETRIEVAL,False,0,1,94274,16.524572321785204
qwen35_2b,Qwen3.5-2B,FRED_0033_82K,FRED_0033,82K,FRED,DIRECT_RETRIEVAL,False,0,1,96032,16.55122760359829
qwen35_2b,Qwen3.5-2B,FDA_0021_8K,FDA_0021,8K,FDA,UNANSWERABLE,False,0,1,9799,13.258418812598832
qwen35_2b,Qwen3.5-2B,SEC_0010_16K,SEC_0010,16K,SEC,RETRIEVAL_CALCULATION,False,0,1,22311,14.445467557529035
qwen35_2b,Qwen3.5-2B,SEC_0074_82K,SEC_0074,82K,SEC,RETRIEVAL_CALCULATION,False,0,1,109000,16.733968609439014
qwen35_2b,Qwen3.5-2B,FDA_0061_32K,FDA_0061,32K,FDA,RETRIEVAL_CALCULATION,False,0,1,38758,15.242206505913208
qwen35_2b,Qwen3.5-2B,CT_0038_16K,CT_0038,16K,CLINICAL_TRIALS,DIRECT_RETRIEVAL,True,1,0,19110,14.22204015786482
qwen35_2b,Qwen3.5-2B,FRED_0011_8K,FRED_0011,8K,FRED,RETRIEVAL_CALCULATION,False,0,1,9733,13.248668839723136
qwen35_2b,Qwen3.5-2B,CT_0085_8K,CT_0085,8K,CLINICAL_TRIALS,ENTITY_UNIT_BINDING,True,1,0,9796,13.257977058563979
qwen35_2b,Qwen3.5-2B,FRED_0071_32K,FRED_0071,32K,FRED,RETRIEVAL_CALCULATION,False,0,1,37740,15.203806802487808
qwen35_2b,Qwen3.5-2B,FRED_0087_82K,FRED_0087,82K,FRED,TEMPORAL_VERSION,False,0,1,95980,16.550446192603555
qwen35_2b,Qwen3.5-2B,SEC_0118_64K,SEC_0118,64K,SEC,UNANSWERABLE,True,1,0,87773,16.421489597708117
qwen35_2b,Qwen3.5-2B,FDA_0004_4K,FDA_0004,4K,FDA,DIRECT_RETRIEVAL,True,1,0,5036,12.298062567719017
qwen35_2b,Qwen3.5-2B,CT_0018_4K,CT_0018,4K,CLINICAL_TRIALS,ENTITY_UNIT_BINDING,True,1,0,5046,12.3009244909763
qwen35_2b,Qwen3.5-2B,FRED_0107_82K,FRED_0107,82K,FRED,UNANSWERABLE,True,1,0,96158,16.55311926915004
qwen35_2b,Qwen3.5-2B,CT_0106_64K,CT_0106,64K,CLINICAL_TRIALS,UNANSWERABLE,False,0,1,75605,16.20619402717932
qwen35_2b,Qwen3.5-2B,SEC_0015_32K,SEC_0015,32K,SEC,RETRIEVAL_CALCULATION,False,0,1,44472,15.440609666748422
qwen35_2b,Qwen3.5-2B,CT_0020_16K,CT_0020,16K,CLINICAL_TRIALS,ENTITY_UNIT_BINDING,True,1,0,19508,14.251778257035868
qwen35_2b,Qwen3.5-2B,SEC_0078_16K,SEC_0078,16K,SEC,TEMPORAL_VERSION,False,0,1,22219,14.439506267045772
qwen35_2b,Qwen3.5-2B,FDA_0080_32K,FDA_0080,32K,FDA,TEMPORAL_VERSION,True,1,0,39169,15.257424675735555
qwen35_2b,Qwen3.5-2B,FDA_0082_32K,FDA_0082,32K,FDA,TEMPORAL_VERSION,False,0,1,39171,15.25749833900036
qwen35_2b,Qwen3.5-2B,CT_0048_4K,CT_0048,4K,CLINICAL_TRIALS,RETRIEVAL_CALCULATION,False,0,1,5014,12.291746280833939
qwen35_2b,Qwen3.5-2B,FDA_0101_8K,FDA_0101,8K,FDA,ENTITY_UNIT_BINDING,False,0,1,9725,13.247482534760916
qwen35_2b,Qwen3.5-2B,CT_0094_16K,CT_0094,16K,CLINICAL_TRIALS,ENTITY_UNIT_BINDING,True,1,0,19195,14.228442939734311
qwen35_2b,Qwen3.5-2B,SEC_0068_16K,SEC_0068,16K,SEC,RETRIEVAL_CALCULATION,False,0,1,22188,14.437492010125352
qwen35_2b,Qwen3.5-2B,FRED_0006_4K,FRED_0006,4K,FRED,ENTITY_UNIT_BINDING,False,0,1,4985,12.283377789285558
qwen35_2b,Qwen3.5-2B,FRED_0072_16K,FRED_0072,16K,FRED,RETRIEVAL_CALCULATION,False,0,1,18937,14.208920176674003
qwen35_2b,Qwen3.5-2B,SEC_0091_82K,SEC_0091,82K,SEC,TEMPORAL_VERSION,False,0,1,110192,16.74965996169181
qwen35_2b,Qwen3.5-2B,FRED_0030_82K,FRED_0030,82K,FRED,DIRECT_RETRIEVAL,False,0,1,96045,16.55142289023396
qwen35_2b,Qwen3.5-2B,FDA_0103_4K,FDA_0103,4K,FDA,ENTITY_UNIT_BINDING,False,0,1,4966,12.27786854617684
qwen35_2b,Qwen3.5-2B,FRED_0016_16K,FRED_0016,16K,FRED,RETRIEVAL_CALCULATION,False,0,1,18926,14.208081909981123
qwen35_2b,Qwen3.5-2B,SEC_0071_64K,SEC_0071,64K,SEC,RETRIEVAL_CALCULATION,False,0,1,87931,16.42408425551786
qwen35_2b,Qwen3.5-2B,CT_0113_82K,CT_0113,82K,CLINICAL_TRIALS,UNANSWERABLE,True,1,0,94707,16.531183441906915
qwen35_2b,Qwen3.5-2B,FDA_0002_82K,FDA_0002,82K,FDA,DIRECT_RETRIEVAL,True,1,0,96954,16.565012799914733
qwen35_2b,Qwen3.5-2B,CT_0008_16K,CT_0008,16K,CLINICAL_TRIALS,ENTITY_UNIT_BINDING,True,1,0,19159,14.22573464142256
qwen35_2b,Qwen3.5-2B,CT_0119_32K,CT_0119,32K,CLINICAL_TRIALS,UNANSWERABLE,False,0,1,38012,15.21416731409353
qwen35_2b,Qwen3.5-2B,FRED_0079_4K,FRED_0079,4K,FRED,TEMPORAL_VERSION,True,1,0,4979,12.28164030006605
qwen35_2b,Qwen3.5-2B,SEC_0055_64K,SEC_0055,64K,SEC,RETRIEVAL_CALCULATION,False,0,1,88036,16.425805976036735
qwen35_2b,Qwen3.5-2B,FDA_0015_82K,FDA_0015,82K,FDA,RETRIEVAL_CALCULATION,False,0,1,96658,16.56060152308466
qwen35_2b,Qwen3.5-2B,SEC_0063_8K,SEC_0063,8K,SEC,RETRIEVAL_CALCULATION,False,0,1,11096,13.437752072323603
qwen35_2b,Qwen3.5-2B,SEC_0012_8K,SEC_0012,8K,SEC,RETRIEVAL_CALCULATION,False,0,1,11284,13.461990950585571
qwen35_2b,Qwen3.5-2B,FRED_0042_64K,FRED_0042,64K,FRED,DIRECT_RETRIEVAL,False,0,1,76208,16.217654833364023
qwen35_2b,Qwen3.5-2B,CT_0001_32K,CT_0001,32K,CLINICAL_TRIALS,DIRECT_RETRIEVAL,False,0,1,37971,15.212610373661663
qwen35_2b,Qwen3.5-2B,CT_0034_4K,CT_0034,4K,CLINICAL_TRIALS,DIRECT_RETRIEVAL,True,1,0,5008,12.290018846932618
qwen35_2b,Qwen3.5-2B,FRED_0042_4K,FRED_0042,4K,FRED,DIRECT_RETRIEVAL,True,1,0,5010,12.290594888082572
qwen35_2b,Qwen3.5-2B,CT_0049_4K,CT_0049,4K,CLINICAL_TRIALS,RETRIEVAL_CALCULATION,True,1,0,4984,12.283088353024002
qwen35_2b,Qwen3.5-2B,CT_0085_32K,CT_0085,32K,CLINICAL_TRIALS,ENTITY_UNIT_BINDING,False,0,1,38345,15.226750849181572
qwen35_2b,Qwen3.5-2B,FDA_0051_64K,FDA_0051,64K,FDA,RETRIEVAL_CALCULATION,False,0,1,77164,16.235640310787545
qwen35_2b,Qwen3.5-2B,CT_0079_32K,CT_0079,32K,CLINICAL_TRIALS,ENTITY_UNIT_BINDING,True,1,0,38419,15.229532347438456
qwen35_2b,Qwen3.5-2B,FDA_0091_8K,FDA_0091,8K,FDA,ENTITY_UNIT_BINDING,False,0,1,9794,13.257682480708766
qwen35_2b,Qwen3.5-2B,SEC_0023_82K,SEC_0023,82K,SEC,UNANSWERABLE,True,1,0,109509,16.740689917065065
qwen35_2b,Qwen3.5-2B,FDA_0101_32K,FDA_0101,32K,FDA,ENTITY_UNIT_BINDING,False,0,1,38582,15.235640310787543
qwen35_2b,Qwen3.5-2B,FDA_0100_32K,FDA_0100,32K,FDA,ENTITY_UNIT_BINDING,False,0,1,38555,15.234630347535283
qwen35_2b,Qwen3.5-2B,FDA_0090_4K,FDA_0090,4K,FDA,ENTITY_UNIT_BINDING,False,0,1,5034,12.29748950116098
qwen35_2b,Qwen3.5-2B,CT_0033_8K,CT_0033,8K,CLINICAL_TRIALS,DIRECT_RETRIEVAL,True,1,0,9707,13.244809776613183
qwen35_2b,Qwen3.5-2B,FRED_0046_82K,FRED_0046,82K,FRED,RETRIEVAL_CALCULATION,False,0,1,95434,16.542215722222686
qwen35_2b,Qwen3.5-2B,SEC_0120_8K,SEC_0120,8K,SEC,UNANSWERABLE,True,1,0,10998,13.424953571261042
qwen35_2b,Qwen3.5-2B,FRED_0005_16K,FRED_0005,16K,FRED,DIRECT_RETRIEVAL,True,1,0,18859,14.202965558569366
qwen35_2b,Qwen3.5-2B,SEC_0093_4K,SEC_0093,4K,SEC,TEMPORAL_VERSION,True,1,0,5646,12.463013413449692
qwen35_2b,Qwen3.5-2B,CT_0086_82K,CT_0086,82K,CLINICAL_TRIALS,ENTITY_UNIT_BINDING,False,0,1,95142,16.537794732364578
qwen35_2b,Qwen3.5-2B,FRED_0120_32K,FRED_0120,32K,FRED,UNANSWERABLE,True,1,0,38240,15.222794902868111
qwen35_2b,Qwen3.5-2B,FDA_0118_16K,FDA_0118,16K,FDA,UNANSWERABLE,False,0,1,19489,14.250372445924969
qwen35_2b,Qwen3.5-2B,FRED_0038_32K,FRED_0038,32K,FRED,DIRECT_RETRIEVAL,True,1,0,37508,15.194910717275365
qwen35_2b,Qwen3.5-2B,FDA_0088_8K,FDA_0088,8K,FDA,TEMPORAL_VERSION,True,1,0,9923,13.276560638218413
qwen35_2b,Qwen3.5-2B,FRED_0079_82K,FRED_0079,82K,FRED,TEMPORAL_VERSION,False,0,1,95410,16.541852863750176
qwen35_2b,Qwen3.5-2B,SEC_0082_16K,SEC_0082,16K,SEC,TEMPORAL_VERSION,True,1,0,22180,14.436971745049073
qwen35_2b,Qwen3.5-2B,FRED_0023_4K,FRED_0023,4K,FRED,UNANSWERABLE,True,1,0,4959,12.27583351001347
qwen35_2b,Qwen3.5-2B,CT_0045_4K,CT_0045,4K,CLINICAL_TRIALS,DIRECT_RETRIEVAL,True,1,0,4995,12.286268962679781
qwen35_2b,Qwen3.5-2B,CT_0002_64K,CT_0002,64K,CLINICAL_TRIALS,DIRECT_RETRIEVAL,True,1,0,75972,16.21318018094459
qwen35_2b,Qwen3.5-2B,CT_0074_4K,CT_0074,4K,CLINICAL_TRIALS,ENTITY_UNIT_BINDING,True,1,0,4964,12.277287400130357
qwen35_2b,Qwen3.5-2B,SEC_0017_16K,SEC_0017,16K,SEC,TEMPORAL_VERSION,True,1,0,22093,14.431301714551141
qwen35_2b,Qwen3.5-2B,SEC_0040_4K,SEC_0040,4K,SEC,DIRECT_RETRIEVAL,True,1,0,5696,12.475733430966399
qwen35_2b,Qwen3.5-2B,SEC_0096_82K,SEC_0096,82K,SEC,ENTITY_UNIT_BINDING,False,0,1,109779,16.744242577109215
qwen35_2b,Qwen3.5-2B,FDA_0012_16K,FDA_0012,16K,FDA,RETRIEVAL_CALCULATION,False,0,1,19434,14.246295253516342
qwen35_2b,Qwen3.5-2B,CT_0106_8K,CT_0106,8K,CLINICAL_TRIALS,UNANSWERABLE,False,0,1,9657,13.237359362198834
qwen35_2b,Qwen3.5-2B,CT_0019_32K,CT_0019,32K,CLINICAL_TRIALS,ENTITY_UNIT_BINDING,False,0,1,38602,15.236387976144705
qwen35_2b,Qwen3.5-2B,SEC_0032_8K,SEC_0032,8K,SEC,DIRECT_RETRIEVAL,True,1,0,11098,13.438012087651131
qwen35_2b,Qwen3.5-2B,SEC_0054_4K,SEC_0054,4K,SEC,RETRIEVAL_CALCULATION,False,0,1,5635,12.460199895059583
qwen35_2b,Qwen3.5-2B,CT_0052_4K,CT_0052,4K,CLINICAL_TRIALS,RETRIEVAL_CALCULATION,False,0,1,4909,12.261213451366048
qwen35_2b,Qwen3.5-2B,FDA_0118_4K,FDA_0118,4K,FDA,UNANSWERABLE,False,0,1,5076,12.309476353841106
qwen35_2b,Qwen3.5-2B,FDA_0116_82K,FDA_0116,82K,FDA,UNANSWERABLE,False,0,1,97279,16.569840777919186
qwen35_2b,Qwen3.5-2B,FRED_0034_8K,FRED_0034,8K,FRED,DIRECT_RETRIEVAL,True,1,0,9588,13.227014193649133
qwen35_2b,Qwen3.5-2B,FDA_0009_8K,FDA_0009,8K,FDA,ENTITY_UNIT_BINDING,False,0,1,9780,13.255618749839597
qwen35_2b,Qwen3.5-2B,FRED_0009_82K,FRED_0009,82K,FRED,ENTITY_UNIT_BINDING,False,0,1,96065,16.551723279603824
qwen35_2b,Qwen3.5-2B,FRED_0023_82K,FRED_0023,82K,FRED,UNANSWERABLE,True,1,0,96117,16.55250399937942
qwen35_2b,Qwen3.5-2B,FRED_0031_4K,FRED_0031,4K,FRED,DIRECT_RETRIEVAL,True,1,0,4926,12.266200912498961
qwen35_2b,Qwen3.5-2B,FDA_0061_16K,FDA_0061,16K,FDA,RETRIEVAL_CALCULATION,False,0,1,19403,14.24399211188512
qwen35_2b,Qwen3.5-2B,FRED_0078_82K,FRED_0078,82K,FRED,TEMPORAL_VERSION,False,0,1,95384,16.541459664055267
qwen35_2b,Qwen3.5-2B,FRED_0029_32K,FRED_0029,32K,FRED,DIRECT_RETRIEVAL,False,0,1,37951,15.211850280368937
qwen35_2b,Qwen3.5-2B,FDA_0044_82K,FDA_0044,82K,FDA,DIRECT_RETRIEVAL,True,1,0,97133,16.56767390020004
qwen35_2b,Qwen3.5-2B,SEC_0038_8K,SEC_0038,8K,SEC,DIRECT_RETRIEVAL,False,0,1,11214,13.453013354466314
qwen35_2b,Qwen3.5-2B,FDA_0001_4K,FDA_0001,4K,FDA,DIRECT_RETRIEVAL,True,1,0,5064,12.306061689428342
qwen35_2b,Qwen3.5-2B,SEC_0006_32K,SEC_0006,32K,SEC,ENTITY_UNIT_BINDING,False,0,1,43960,15.423903765836593
qwen35_2b,Qwen3.5-2B,SEC_0096_32K,SEC_0096,32K,SEC,ENTITY_UNIT_BINDING,False,0,1,43927,15.422820353304894
qwen35_2b,Qwen3.5-2B,FRED_0096_4K,FRED_0096,4K,FRED,ENTITY_UNIT_BINDING,True,1,0,4865,12.248224089668474
qwen35_2b,Qwen3.5-2B,FDA_0095_82K,FDA_0095,82K,FDA,ENTITY_UNIT_BINDING,False,0,1,96688,16.561049226699673
qwen35_2b,Qwen3.5-2B,FRED_0036_82K,FRED_0036,82K,FRED,DIRECT_RETRIEVAL,False,0,1,95354,16.54100583889632
qwen35_2b,Qwen3.5-2B,CT_0036_16K,CT_0036,16K,CLINICAL_TRIALS,DIRECT_RETRIEVAL,True,1,0,19018,14.215077914822828
qwen35_2b,Qwen3.5-2B,SEC_0083_4K,SEC_0083,4K,SEC,TEMPORAL_VERSION,True,1,0,5681,12.47192918764169
qwen35_2b,Qwen3.5-2B,CT_0019_8K,CT_0019,8K,CLINICAL_TRIALS,ENTITY_UNIT_BINDING,True,1,0,9885,13.271025250616571
qwen35_2b,Qwen3.5-2B,SEC_0074_8K,SEC_0074,8K,SEC,RETRIEVAL_CALCULATION,False,0,1,11142,13.443720600656578
qwen35_2b,Qwen3.5-2B,FRED_0041_82K,FRED_0041,82K,FRED,DIRECT_RETRIEVAL,False,0,1,96022,16.551077365119298
qwen35_2b,Qwen3.5-2B,SEC_0054_32K,SEC_0054,32K,SEC,RETRIEVAL_CALCULATION,False,0,1,43790,15.418313829340013
qwen35_2b,Qwen3.5-2B,SEC_0118_16K,SEC_0118,16K,SEC,UNANSWERABLE,True,1,0,21984,14.4241662888181
qwen35_2b,Qwen3.5-2B,FDA_0053_8K,FDA_0053,8K,FDA,RETRIEVAL_CALCULATION,False,0,1,9833,13.263415927557217
qwen35_2b,Qwen3.5-2B,FRED_0001_16K,FRED_0001,16K,FRED,DIRECT_RETRIEVAL,False,0,1,19182,14.227465529501677
qwen35_2b,Qwen3.5-2B,SEC_0048_64K,SEC_0048,64K,SEC,RETRIEVAL_CALCULATION,False,0,1,88210,16.428654596926535
qwen35_2b,Qwen3.5-2B,FRED_0054_32K,FRED_0054,32K,FRED,RETRIEVAL_CALCULATION,False,0,1,37697,15.202162095156472
qwen35_2b,Qwen3.5-2B,SEC_0113_4K,SEC_0113,4K,SEC,UNANSWERABLE,True,1,0,5723,12.48255589154897
qwen35_2b,Qwen3.5-2B,SEC_0021_8K,SEC_0021,8K,SEC,UNANSWERABLE,True,1,0,11281,13.461607340113764
qwen35_2b,Qwen3.5-2B,CT_0072_32K,CT_0072,32K,CLINICAL_TRIALS,RETRIEVAL_CALCULATION,False,0,1,38505,15.232758176183937
qwen35_2b,Qwen3.5-2B,FRED_0089_64K,FRED_0089,64K,FRED,TEMPORAL_VERSION,False,0,1,76366,16.220642837846345
qwen35_2b,Qwen3.5-2B,CT_0100_8K,CT_0100,8K,CLINICAL_TRIALS,ENTITY_UNIT_BINDING,True,1,0,9727,13.247779202465209
qwen35_2b,Qwen3.5-2B,CT_0083_64K,CT_0083,64K,CLINICAL_TRIALS,ENTITY_UNIT_BINDING,False,0,1,75453,16.203290642780924
qwen35_2b,Qwen3.5-2B,FDA_0093_32K,FDA_0093,32K,FDA,ENTITY_UNIT_BINDING,False,0,1,38408,15.229119220658594
qwen35_2b,Qwen3.5-2B,SEC_0062_16K,SEC_0062,16K,SEC,RETRIEVAL_CALCULATION,False,0,1,22190,14.437622047084373
qwen35_2b,Qwen3.5-2B,CT_0075_82K,CT_0075,82K,CLINICAL_TRIALS,ENTITY_UNIT_BINDING,False,0,1,95287,16.539991780307464
qwen35_2b,Qwen3.5-2B,FDA_0063_8K,FDA_0063,8K,FDA,RETRIEVAL_CALCULATION,False,0,1,9763,13.253108815655365
qwen35_2b,Qwen3.5-2B,FDA_0107_16K,FDA_0107,16K,FDA,UNANSWERABLE,False,0,1,19608,14.25915476886684
qwen35_2b,Qwen3.5-2B,FRED_0041_16K,FRED_0041,16K,FRED,DIRECT_RETRIEVAL,False,0,1,19318,14.237658118679688
qwen35_2b,Qwen3.5-2B,SEC_0080_32K,SEC_0080,32K,SEC,TEMPORAL_VERSION,True,1,0,44143,15.429897059417293
qwen35_2b,Qwen3.5-2B,SEC_0039_82K,SEC_0039,82K,SEC,DIRECT_RETRIEVAL,False,0,1,110063,16.747970032459286
qwen35_2b,Qwen3.5-2B,SEC_0012_4K,SEC_0012,4K,SEC,RETRIEVAL_CALCULATION,False,0,1,5644,12.462502272597265
qwen35_2b,Qwen3.5-2B,CT_0109_64K,CT_0109,64K,CLINICAL_TRIALS,UNANSWERABLE,True,1,0,75647,16.206995248892415
qwen35_2b,Qwen3.5-2B,CT_0005_32K,CT_0005,32K,CLINICAL_TRIALS,DIRECT_RETRIEVAL,True,1,0,38177,15.220416117828975
qwen35_2b,Qwen3.5-2B,FDA_0059_8K,FDA_0059,8K,FDA,RETRIEVAL_CALCULATION,False,0,1,9851,13.26605446829837
qwen35_2b,Qwen3.5-2B,SEC_0069_4K,SEC_0069,4K,SEC,RETRIEVAL_CALCULATION,False,0,1,5751,12.489597122389307
qwen35_2b,Qwen3.5-2B,CT_0100_16K,CT_0100,16K,CLINICAL_TRIALS,ENTITY_UNIT_BINDING,True,1,0,19157,14.2255840312292
qwen35_2b,Qwen3.5-2B,FDA_0115_82K,FDA_0115,82K,FDA,UNANSWERABLE,False,0,1,97378,16.57130824963983
qwen35_2b,Qwen3.5-2B,FRED_0001_82K,FRED_0001,82K,FRED,DIRECT_RETRIEVAL,False,0,1,95381,16.541414287962976
qwen35_2b,Qwen3.5-2B,FRED_0097_4K,FRED_0097,4K,FRED,ENTITY_UNIT_BINDING,False,0,1,4916,12.263269200372662
qwen35_2b,Qwen3.5-2B,CT_0011_4K,CT_0011,4K,CLINICAL_TRIALS,RETRIEVAL_CALCULATION,False,0,1,4965,12.277578002415737
qwen35_2b,Qwen3.5-2B,CT_0023_82K,CT_0023,82K,CLINICAL_TRIALS,UNANSWERABLE,True,1,0,94522,16.528362535305934
qwen35_2b,Qwen3.5-2B,SEC_0090_64K,SEC_0090,64K,SEC,TEMPORAL_VERSION,False,0,1,88259,16.42945578080382
qwen35_2b,Qwen3.5-2B,SEC_0078_64K,SEC_0078,64K,SEC,TEMPORAL_VERSION,False,0,1,87990,16.425051951365475
qwen35_2b,Qwen3.5-2B,FDA_0014_64K,FDA_0014,64K,FDA,RETRIEVAL_CALCULATION,False,0,1,76916,16.23099611713346
qwen35_2b,Qwen3.5-2B,FDA_0007_82K,FDA_0007,82K,FDA,ENTITY_UNIT_BINDING,False,0,1,96707,16.561332700479916
qwen35_2b,Qwen3.5-2B,FDA_0094_16K,FDA_0094,16K,FDA,ENTITY_UNIT_BINDING,False,0,1,19403,14.24399211188512
qwen35_2b,Qwen3.5-2B,CT_0003_16K,CT_0003,16K,CLINICAL_TRIALS,DIRECT_RETRIEVAL,True,1,0,19173,14.226788472762982
qwen35_2b,Qwen3.5-2B,CT_0014_32K,CT_0014,32K,CLINICAL_TRIALS,RETRIEVAL_CALCULATION,False,0,1,38750,15.241908689936325
qwen35_2b,Qwen3.5-2B,SEC_0057_82K,SEC_0057,82K,SEC,RETRIEVAL_CALCULATION,False,0,1,109832,16.744938925094075
qwen35_2b,Qwen3.5-2B,FRED_0068_4K,FRED_0068,4K,FRED,RETRIEVAL_CALCULATION,False,0,1,4869,12.249409785269128
qwen35_2b,Qwen3.5-2B,FRED_0020_82K,FRED_0020,82K,FRED,TEMPORAL_VERSION,False,0,1,95886,16.54903256700346
qwen35_2b,Qwen3.5-2B,FDA_0026_82K,FDA_0026,82K,FDA,DIRECT_RETRIEVAL,True,1,0,97147,16.567881824130527
qwen35_2b,Qwen3.5-2B,FRED_0011_64K,FRED_0011,64K,FRED,RETRIEVAL_CALCULATION,False,0,1,76442,16.22207790449401
qwen35_2b,Qwen3.5-2B,SEC_0091_16K,SEC_0091,16K,SEC,TEMPORAL_VERSION,True,1,0,22192,14.437752072323603
qwen35_2b,Qwen3.5-2B,SEC_0001_82K,SEC_0001,82K,SEC,DIRECT_RETRIEVAL,False,0,1,110713,16.756465108790906
qwen35_2b,Qwen3.5-2B,CT_0023_8K,CT_0023,8K,CLINICAL_TRIALS,UNANSWERABLE,False,0,1,9769,13.253995173480227
qwen35_2b,Qwen3.5-2B,SEC_0066_8K,SEC_0066,8K,SEC,RETRIEVAL_CALCULATION,False,0,1,11138,13.443202577297011
qwen35_2b,Qwen3.5-2B,CT_0022_32K,CT_0022,32K,CLINICAL_TRIALS,UNANSWERABLE,False,0,1,37844,15.207776964928014
qwen35_2b,Qwen3.5-2B,CT_0048_32K,CT_0048,32K,CLINICAL_TRIALS,RETRIEVAL_CALCULATION,False,0,1,38085,15.216935275256024
qwen35_2b,Qwen3.5-2B,FDA_0088_82K,FDA_0088,82K,FDA,TEMPORAL_VERSION,False,0,1,97814,16.57775335070922
qwen35_2b,Qwen3.5-2B,SEC_0010_32K,SEC_0010,32K,SEC,RETRIEVAL_CALCULATION,False,0,1,44253,15.433487641262927
qwen35_2b,Qwen3.5-2B,CT_0041_82K,CT_0041,82K,CLINICAL_TRIALS,DIRECT_RETRIEVAL,True,1,0,95150,16.537916036048745
qwen35_2b,Qwen3.5-2B,SEC_0108_82K,SEC_0108,82K,SEC,UNANSWERABLE,True,1,0,110252,16.750445301320838
qwen35_2b,Qwen3.5-2B,FDA_0124_64K,FDA_0124,64K,FDA,UNANSWERABLE,False,0,1,77383,16.23972904011173
qwen35_2b,Qwen3.5-2B,SEC_0101_64K,SEC_0101,64K,SEC,ENTITY_UNIT_BINDING,False,0,1,88461,16.432753930704017
qwen35_2b,Qwen3.5-2B,FDA_0099_16K,FDA_0099,16K,FDA,ENTITY_UNIT_BINDING,True,1,0,19458,14.248075809176962
qwen35_2b,Qwen3.5-2B,FRED_0029_8K,FRED_0029,8K,FRED,DIRECT_RETRIEVAL,False,0,1,9653,13.236761663571585
qwen35_2b,Qwen3.5-2B,SEC_0065_16K,SEC_0065,16K,SEC,RETRIEVAL_CALCULATION,False,0,1,22140,14.434367601668914
qwen35_2b,Qwen3.5-2B,SEC_0021_4K,SEC_0021,4K,SEC,UNANSWERABLE,True,1,0,5734,12.485326189240524
qwen35_2b,Qwen3.5-2B,FDA_0032_64K,FDA_0032,64K,FDA,DIRECT_RETRIEVAL,True,1,0,77291,16.23801281166462
qwen35_2b,Qwen3.5-2B,SEC_0029_82K,SEC_0029,82K,SEC,DIRECT_RETRIEVAL,False,0,1,110431,16.7527856942732
qwen35_2b,Qwen3.5-2B,FDA_0097_8K,FDA_0097,8K,FDA,ENTITY_UNIT_BINDING,False,0,1,9799,13.258418812598832
qwen35_2b,Qwen3.5-2B,FDA_0011_82K,FDA_0011,82K,FDA,RETRIEVAL_CALCULATION,False,0,1,97202,16.568698378158253
qwen35_2b,Qwen3.5-2B,SEC_0046_82K,SEC_0046,82K,SEC,RETRIEVAL_CALCULATION,False,0,1,110672,16.7559307410844
qwen35_2b,Qwen3.5-2B,CT_0014_64K,CT_0014,64K,CLINICAL_TRIALS,RETRIEVAL_CALCULATION,False,0,1,77114,16.234705183879363
qwen35_2b,Qwen3.5-2B,FRED_0076_32K,FRED_0076,32K,FRED,TEMPORAL_VERSION,False,0,1,37978,15.212876311733654
qwen35_2b,Qwen3.5-2B,FDA_0072_82K,FDA_0072,82K,FDA,RETRIEVAL_CALCULATION,False,0,1,96680,16.560929852652944
qwen35_2b,Qwen3.5-2B,SEC_0016_16K,SEC_0016,16K,SEC,RETRIEVAL_CALCULATION,False,0,1,22087,14.430909855325313
qwen35_2b,Qwen3.5-2B,FRED_0098_32K,FRED_0098,32K,FRED,ENTITY_UNIT_BINDING,False,0,1,37490,15.194218205175453
qwen35_2b,Qwen3.5-2B,FDA_0102_32K,FDA_0102,32K,FDA,ENTITY_UNIT_BINDING,False,0,1,38473,15.231558710259446
qwen35_2b,Qwen3.5-2B,SEC_0021_82K,SEC_0021,82K,SEC,UNANSWERABLE,True,1,0,110158,16.74921474606413
qwen35_2b,Qwen3.5-2B,FRED_0112_4K,FRED_0112,4K,FRED,UNANSWERABLE,True,1,0,4988,12.28424574982967
qwen35_2b,Qwen3.5-2B,FDA_0064_16K,FDA_0064,16K,FDA,RETRIEVAL_CALCULATION,False,0,1,19426,14.245701246285764
qwen35_2b,Qwen3.5-2B,SEC_0017_4K,SEC_0017,4K,SEC,TEMPORAL_VERSION,True,1,0,5590,12.448632567730552
qwen35_2b,Qwen3.5-2B,FRED_0088_16K,FRED_0088,16K,FRED,TEMPORAL_VERSION,False,0,1,19243,14.232046113570558
qwen35_2b,Qwen3.5-2B,CT_0118_16K,CT_0118,16K,CLINICAL_TRIALS,UNANSWERABLE,False,0,1,19263,14.233544784084891
qwen35_2b,Qwen3.5-2B,FRED_0120_64K,FRED_0120,64K,FRED,UNANSWERABLE,True,1,0,76345,16.22024605443127
qwen35_2b,Qwen3.5-2B,SEC_0047_32K,SEC_0047,32K,SEC,RETRIEVAL_CALCULATION,False,0,1,43920,15.42259043389256
qwen35_2b,Qwen3.5-2B,FDA_0113_32K,FDA_0113,32K,FDA,UNANSWERABLE,False,0,1,38817,15.244401002176813
qwen35_2b,Qwen3.5-2B,CT_0124_16K,CT_0124,16K,CLINICAL_TRIALS,UNANSWERABLE,True,1,0,19139,14.2242278314878
qwen35_2b,Qwen3.5-2B,FRED_0003_16K,FRED_0003,16K,FRED,DIRECT_RETRIEVAL,False,0,1,19263,14.233544784084891
qwen35_2b,Qwen3.5-2B,FRED_0015_8K,FRED_0015,8K,FRED,RETRIEVAL_CALCULATION,False,0,1,9591,13.227465529501677
qwen35_2b,Qwen3.5-2B,FRED_0017_64K,FRED_0017,64K,FRED,TEMPORAL_VERSION,False,0,1,75851,16.210880580266068
qwen35_2b,Qwen3.5-2B,FRED_0113_8K,FRED_0113,8K,FRED,UNANSWERABLE,True,1,0,9705,13.244512497601026
qwen35_2b,Qwen3.5-2B,CT_0107_82K,CT_0107,82K,CLINICAL_TRIALS,UNANSWERABLE,True,1,0,94552,16.528820354483504
qwen35_2b,Qwen3.5-2B,SEC_0033_16K,SEC_0033,16K,SEC,DIRECT_RETRIEVAL,True,1,0,22213,14.439116630284072
qwen35_2b,Qwen3.5-2B,CT_0009_64K,CT_0009,64K,CLINICAL_TRIALS,ENTITY_UNIT_BINDING,False,0,1,75496,16.204112587787996
qwen35_2b,Qwen3.5-2B,CT_0027_32K,CT_0027,32K,CLINICAL_TRIALS,DIRECT_RETRIEVAL,True,1,0,38001,15.213749763265104
qwen35_2b,Qwen3.5-2B,FRED_0029_4K,FRED_0029,4K,FRED,DIRECT_RETRIEVAL,False,0,1,4996,12.286557761607957
qwen35_2b,Qwen3.5-2B,FRED_0099_82K,FRED_0099,82K,FRED,ENTITY_UNIT_BINDING,False,0,1,94430,16.526957649893234
qwen35_2b,Qwen3.5-2B,FRED_0025_8K,FRED_0025,8K,FRED,UNANSWERABLE,True,1,0,9544,13.220378327695228
qwen35_2b,Qwen3.5-2B,SEC_0061_4K,SEC_0061,4K,SEC,RETRIEVAL_CALCULATION,False,0,1,5746,12.488342277532524
qwen35_2b,Qwen3.5-2B,FRED_0046_32K,FRED_0046,32K,FRED,RETRIEVAL_CALCULATION,False,0,1,38055,15.215798399672458
qwen35_2b,Qwen3.5-2B,SEC_0115_32K,SEC_0115,32K,SEC,UNANSWERABLE,True,1,0,44011,15.4255765319829
qwen35_2b,Qwen3.5-2B,CT_0093_8K,CT_0093,8K,CLINICAL_TRIALS,ENTITY_UNIT_BINDING,True,1,0,9712,13.245552706255681
qwen35_2b,Qwen3.5-2B,FRED_0084_4K,FRED_0084,4K,FRED,TEMPORAL_VERSION,True,1,0,4967,12.278159031437237
qwen35_2b,Qwen3.5-2B,FRED_0009_16K,FRED_0009,16K,FRED,ENTITY_UNIT_BINDING,False,0,1,19203,14.22904409398683
qwen35_2b,Qwen3.5-2B,SEC_0026_4K,SEC_0026,4K,SEC,DIRECT_RETRIEVAL,True,1,0,5575,12.44475608969503
qwen35_2b,Qwen3.5-2B,FRED_0026_64K,FRED_0026,64K,FRED,DIRECT_RETRIEVAL,False,0,1,76415,16.22156824165215
qwen35_2b,Qwen3.5-2B,FDA_0065_32K,FDA_0065,32K,FDA,RETRIEVAL_CALCULATION,False,0,1,38510,15.232945502684348
qwen35_2b,Qwen3.5-2B,CT_0031_4K,CT_0031,4K,CLINICAL_TRIALS,DIRECT_RETRIEVAL,True,1,0,4962,12.276706019892432
qwen35_2b,Qwen3.5-2B,CT_0059_64K,CT_0059,64K,CLINICAL_TRIALS,RETRIEVAL_CALCULATION,False,0,1,76521,16.22356810693988
qwen35_2b,Qwen3.5-2B,FRED_0064_64K,FRED_0064,64K,FRED,RETRIEVAL_CALCULATION,False,0,1,74912,16.192909219112014
qwen35_2b,Qwen3.5-2B,SEC_0041_16K,SEC_0041,16K,SEC,DIRECT_RETRIEVAL,False,0,1,22131,14.433781021038394
qwen35_2b,Qwen3.5-2B,FRED_0091_64K,FRED_0091,64K,FRED,ENTITY_UNIT_BINDING,False,0,1,75320,16.20074537950159
qwen35_2b,Qwen3.5-2B,SEC_0010_8K,SEC_0010,8K,SEC,RETRIEVAL_CALCULATION,False,0,1,11327,13.467478187907599
qwen35_2b,Qwen3.5-2B,FRED_0098_4K,FRED_0098,4K,FRED,ENTITY_UNIT_BINDING,False,0,1,4873,12.250594507192316
qwen35_2b,Qwen3.5-2B,CT_0064_8K,CT_0064,8K,CLINICAL_TRIALS,RETRIEVAL_CALCULATION,False,0,1,9806,13.259449046285685
qwen35_2b,Qwen3.5-2B,CT_0022_16K,CT_0022,16K,CLINICAL_TRIALS,UNANSWERABLE,False,0,1,19033,14.216215358082364
qwen35_2b,Qwen3.5-2B,SEC_0025_64K,SEC_0025,64K,SEC,UNANSWERABLE,True,1,0,88012,16.425412621029057
qwen35_2b,Qwen3.5-2B,FDA_0065_4K,FDA_0065,4K,FDA,RETRIEVAL_CALCULATION,True,1,0,5001,12.288000889707574
qwen35_2b,Qwen3.5-2B,FRED_0117_16K,FRED_0117,16K,FRED,UNANSWERABLE,True,1,0,19236,14.231521210875703
qwen35_2b,Qwen3.5-2B,FDA_0046_32K,FDA_0046,32K,FDA,RETRIEVAL_CALCULATION,False,0,1,38739,15.241499092559758
qwen35_2b,Qwen3.5-2B,FRED_0060_8K,FRED_0060,8K,FRED,RETRIEVAL_CALCULATION,False,0,1,9655,13.237060543838012
qwen35_2b,Qwen3.5-2B,FRED_0077_8K,FRED_0077,8K,FRED,TEMPORAL_VERSION,True,1,0,9752,13.251482410620213
qwen35_2b,Qwen3.5-2B,FDA_0033_64K,FDA_0033,64K,FDA,DIRECT_RETRIEVAL,True,1,0,77328,16.238703279427725
qwen35_2b,Qwen3.5-2B,FDA_0007_64K,FDA_0007,64K,FDA,ENTITY_UNIT_BINDING,False,0,1,76989,16.23236471134265
qwen35_2b,Qwen3.5-2B,CT_0059_4K,CT_0059,4K,CLINICAL_TRIALS,RETRIEVAL_CALCULATION,False,0,1,4998,12.287135186086704
qwen35_2b,Qwen3.5-2B,SEC_0081_64K,SEC_0081,64K,SEC,TEMPORAL_VERSION,True,1,0,87793,16.42181829347999
qwen35_2b,Qwen3.5-2B,CT_0078_4K,CT_0078,4K,CLINICAL_TRIALS,ENTITY_UNIT_BINDING,True,1,0,5036,12.298062567719017
qwen35_2b,Qwen3.5-2B,FRED_0060_16K,FRED_0060,16K,FRED,RETRIEVAL_CALCULATION,False,0,1,19038,14.216594306638793
qwen35_2b,Qwen3.5-2B,SEC_0115_4K,SEC_0115,4K,SEC,UNANSWERABLE,True,1,0,5642,12.461990950585571
qwen35_2b,Qwen3.5-2B,SEC_0092_4K,SEC_0092,4K,SEC,TEMPORAL_VERSION,True,1,0,5600,12.451211111832329
qwen35_2b,Qwen3.5-2B,SEC_0105_64K,SEC_0105,64K,SEC,ENTITY_UNIT_BINDING,False,0,1,88214,16.428720016372466
qwen35_2b,Qwen3.5-2B,FDA_0106_4K,FDA_0106,4K,FDA,UNANSWERABLE,False,0,1,5013,12.291458518782344
qwen35_2b,Qwen3.5-2B,FDA_0112_64K,FDA_0112,64K,FDA,UNANSWERABLE,False,0,1,77512,16.242132057682372
qwen35_2b,Qwen3.5-2B,FRED_0027_32K,FRED_0027,32K,FRED,DIRECT_RETRIEVAL,False,0,1,38053,15.215722576103781
qwen35_2b,Qwen3.5-2B,CT_0096_16K,CT_0096,16K,CLINICAL_TRIALS,ENTITY_UNIT_BINDING,True,1,0,19170,14.226562716555513
qwen35_2b,Qwen3.5-2B,SEC_0053_64K,SEC_0053,64K,SEC,RETRIEVAL_CALCULATION,False,0,1,87589,16.41846207766454
qwen35_2b,Qwen3.5-2B,FDA_0026_8K,FDA_0026,8K,FDA,DIRECT_RETRIEVAL,True,1,0,9797,13.258124324938922
qwen35_2b,Qwen3.5-2B,FDA_0015_8K,FDA_0015,8K,FDA,RETRIEVAL_CALCULATION,False,0,1,9775,13.254880987082077
qwen35_2b,Qwen3.5-2B,FRED_0031_82K,FRED_0031,82K,FRED,DIRECT_RETRIEVAL,False,0,1,95417,16.54195870689911
qwen35_2b,Qwen3.5-2B,CT_0082_64K,CT_0082,64K,CLINICAL_TRIALS,ENTITY_UNIT_BINDING,False,0,1,75966,16.213066237490683
qwen35_2b,Qwen3.5-2B,FDA_0110_64K,FDA_0110,64K,FDA,UNANSWERABLE,False,0,1,77674,16.24514414229724
qwen35_2b,Qwen3.5-2B,CT_0055_64K,CT_0055,64K,CLINICAL_TRIALS,RETRIEVAL_CALCULATION,False,0,1,75967,16.21308522869129
qwen35_2b,Qwen3.5-2B,CT_0071_16K,CT_0071,16K,CLINICAL_TRIALS,RETRIEVAL_CALCULATION,False,0,1,19548,14.254733389246674
qwen35_2b,Qwen3.5-2B,FRED_0017_16K,FRED_0017,16K,FRED,TEMPORAL_VERSION,True,1,0,19102,14.22143607744528
qwen35_2b,Qwen3.5-2B,CT_0024_4K,CT_0024,4K,CLINICAL_TRIALS,UNANSWERABLE,False,0,1,4854,12.244958393151133
qwen35_2b,Qwen3.5-2B,CT_0101_8K,CT_0101,8K,CLINICAL_TRIALS,ENTITY_UNIT_BINDING,False,0,1,9802,13.258860431409756
qwen35_2b,Qwen3.5-2B,FDA_0067_82K,FDA_0067,82K,FDA,RETRIEVAL_CALCULATION,False,0,1,96683,16.56097461907799
qwen35_2b,Qwen3.5-2B,CT_0047_4K,CT_0047,4K,CLINICAL_TRIALS,RETRIEVAL_CALCULATION,False,0,1,4891,12.25591374933779
qwen35_2b,Qwen3.5-2B,FRED_0081_32K,FRED_0081,32K,FRED,TEMPORAL_VERSION,False,0,1,38024,15.214622686302336
qwen35_2b,Qwen3.5-2B,CT_0093_4K,CT_0093,4K,CLINICAL_TRIALS,ENTITY_UNIT_BINDING,True,1,0,5001,12.288000889707574
qwen35_2b,Qwen3.5-2B,FDA_0056_8K,FDA_0056,8K,FDA,RETRIEVAL_CALCULATION,False,0,1,9890,13.271754805646474
qwen35_2b,Qwen3.5-2B,CT_0104_64K,CT_0104,64K,CLINICAL_TRIALS,ENTITY_UNIT_BINDING,True,1,0,75661,16.207262223945023
qwen35_2b,Qwen3.5-2B,FRED_0059_8K,FRED_0059,8K,FRED,RETRIEVAL_CALCULATION,False,0,1,9815,13.260772552353533
qwen35_2b,Qwen3.5-2B,CT_0046_16K,CT_0046,16K,CLINICAL_TRIALS,RETRIEVAL_CALCULATION,False,0,1,19230,14.23107114222726
qwen35_2b,Qwen3.5-2B,CT_0061_16K,CT_0061,16K,CLINICAL_TRIALS,RETRIEVAL_CALCULATION,False,0,1,19294,14.23586465108203
qwen35_2b,Qwen3.5-2B,SEC_0044_82K,SEC_0044,82K,SEC,DIRECT_RETRIEVAL,False,0,1,111023,16.760499056855814
qwen35_2b,Qwen3.5-2B,FRED_0077_4K,FRED_0077,4K,FRED,TEMPORAL_VERSION,True,1,0,5030,12.29634268469289
qwen35_2b,Qwen3.5-2B,FDA_0072_4K,FDA_0072,4K,FDA,RETRIEVAL_CALCULATION,False,0,1,5020,12.293471648838134
qwen35_2b,Qwen3.5-2B,FRED_0044_4K,FRED_0044,4K,FRED,DIRECT_RETRIEVAL,True,1,0,4971,12.279320387942608
qwen35_2b,Qwen3.5-2B,FDA_0084_8K,FDA_0084,8K,FDA,TEMPORAL_VERSION,True,1,0,10015,13.28987480070007
qwen35_2b,Qwen3.5-2B,FDA_0017_64K,FDA_0017,64K,FDA,RETRIEVAL_CALCULATION,False,0,1,76722,16.227352708775058
qwen35_2b,Qwen3.5-2B,FDA_0042_16K,FDA_0042,16K,FDA,DIRECT_RETRIEVAL,True,1,0,19444,14.247037418788581
qwen35_2b,Qwen3.5-2B,CT_0036_8K,CT_0036,8K,CLINICAL_TRIALS,DIRECT_RETRIEVAL,True,1,0,9642,13.23511671439625
qwen35_2b,Qwen3.5-2B,FRED_0077_16K,FRED_0077,16K,FRED,TEMPORAL_VERSION,False,0,1,19356,14.240493223876799
qwen35_2b,Qwen3.5-2B,FDA_0123_8K,FDA_0123,8K,FDA,UNANSWERABLE,False,0,1,9931,13.27772328161035
qwen35_2b,Qwen3.5-2B,FDA_0020_4K,FDA_0020,4K,FDA,TEMPORAL_VERSION,True,1,0,5092,12.314016703901357
qwen35_2b,Qwen3.5-2B,FDA_0003_32K,FDA_0003,32K,FDA,DIRECT_RETRIEVAL,True,1,0,38772,15.24272753598652
qwen35_2b,Qwen3.5-2B,SEC_0049_64K,SEC_0049,64K,SEC,RETRIEVAL_CALCULATION,False,0,1,88028,16.42567486961708
qwen35_2b,Qwen3.5-2B,CT_0075_4K,CT_0075,4K,CLINICAL_TRIALS,ENTITY_UNIT_BINDING,True,1,0,5023,12.294333559671829
qwen35_2b,Qwen3.5-2B,SEC_0059_4K,SEC_0059,4K,SEC,RETRIEVAL_CALCULATION,False,0,1,5726,12.483311954999353
qwen35_2b,Qwen3.5-2B,SEC_0090_4K,SEC_0090,4K,SEC,TEMPORAL_VERSION,True,1,0,5813,12.505067193231886
qwen35_2b,Qwen3.5-2B,SEC_0011_16K,SEC_0011,16K,SEC,RETRIEVAL_CALCULATION,False,0,1,22175,14.436646484075789
qwen35_2b,Qwen3.5-2B,SEC_0066_32K,SEC_0066,32K,SEC,RETRIEVAL_CALCULATION,False,0,1,44018,15.425805976036735
qwen35_2b,Qwen3.5-2B,FDA_0104_32K,FDA_0104,32K,FDA,ENTITY_UNIT_BINDING,True,1,0,38652,15.23825544610397
qwen35_2b,Qwen3.5-2B,CT_0014_82K,CT_0014,82K,CLINICAL_TRIALS,RETRIEVAL_CALCULATION,False,0,1,96515,16.55846555761814
qwen35_2b,Qwen3.5-2B,CT_0083_32K,CT_0083,32K,CLINICAL_TRIALS,ENTITY_UNIT_BINDING,False,0,1,37880,15.209148710355747
qwen35_2b,Qwen3.5-2B,FDA_0006_82K,FDA_0006,82K,FDA,ENTITY_UNIT_BINDING,False,0,1,96568,16.559257578035137
qwen35_2b,Qwen3.5-2B,FDA_0022_82K,FDA_0022,82K,FDA,UNANSWERABLE,False,0,1,97458,16.572492995885465
qwen35_2b,Qwen3.5-2B,FRED_0043_32K,FRED_0043,32K,FRED,DIRECT_RETRIEVAL,False,0,1,38286,15.224529319402984
qwen35_2b,Qwen3.5-2B,FDA_0040_64K,FDA_0040,64K,FDA,DIRECT_RETRIEVAL,True,1,0,77230,16.236873750927685
qwen35_2b,Qwen3.5-2B,CT_0111_64K,CT_0111,64K,CLINICAL_TRIALS,UNANSWERABLE,True,1,0,75686,16.207738842263858
qwen35_2b,Qwen3.5-2B,SEC_0075_4K,SEC_0075,4K,SEC,RETRIEVAL_CALCULATION,False,0,1,5682,12.472183116189541
qwen35_2b,Qwen3.5-2B,FDA_0002_4K,FDA_0002,4K,FDA,DIRECT_RETRIEVAL,True,1,0,5064,12.306061689428342
qwen35_2b,Qwen3.5-2B,SEC_0085_4K,SEC_0085,4K,SEC,TEMPORAL_VERSION,True,1,0,5639,12.461223627613371
qwen35_2b,Qwen3.5-2B,FDA_0053_82K,FDA_0053,82K,FDA,RETRIEVAL_CALCULATION,False,0,1,97083,16.5669310700147
qwen35_2b,Qwen3.5-2B,CT_0078_82K,CT_0078,82K,CLINICAL_TRIALS,ENTITY_UNIT_BINDING,False,0,1,94843,16.533253677298415
qwen35_2b,Qwen3.5-2B,FRED_0082_64K,FRED_0082,64K,FRED,TEMPORAL_VERSION,False,0,1,76430,16.221851409903422
qwen35_2b,Qwen3.5-2B,FRED_0099_16K,FRED_0099,16K,FRED,ENTITY_UNIT_BINDING,False,0,1,18869,14.203730346034737
qwen35_2b,Qwen3.5-2B,FDA_0031_4K,FDA_0031,4K,FDA,DIRECT_RETRIEVAL,True,1,0,4979,12.28164030006605
qwen35_2b,Qwen3.5-2B,SEC_0003_16K,SEC_0003,16K,SEC,DIRECT_RETRIEVAL,False,0,1,22079,14.430387210736564
qwen35_2b,Qwen3.5-2B,CT_0095_64K,CT_0095,64K,CLINICAL_TRIALS,ENTITY_UNIT_BINDING,True,1,0,75376,16.20181761666792
qwen35_2b,Qwen3.5-2B,FRED_0115_82K,FRED_0115,82K,FRED,UNANSWERABLE,True,1,0,96036,16.551287694609435
qwen35_2b,Qwen3.5-2B,FDA_0025_16K,FDA_0025,16K,FDA,UNANSWERABLE,False,0,1,19451,14.247556707406412
qwen35_2b,Qwen3.5-2B,SEC_0005_4K,SEC_0005,4K,SEC,DIRECT_RETRIEVAL,True,1,0,5627,12.458150248057557
qwen35_2b,Qwen3.5-2B,SEC_0026_82K,SEC_0026,82K,SEC,DIRECT_RETRIEVAL,False,0,1,109073,16.73493449464185
qwen35_2b,Qwen3.5-2B,CT_0105_82K,CT_0105,82K,CLINICAL_TRIALS,ENTITY_UNIT_BINDING,True,1,0,94717,16.531335766326443
qwen35_2b,Qwen3.5-2B,FDA_0076_32K,FDA_0076,32K,FDA,RETRIEVAL_CALCULATION,False,0,1,38534,15.233844331460146
qwen35_2b,Qwen3.5-2B,SEC_0059_32K,SEC_0059,32K,SEC,RETRIEVAL_CALCULATION,False,0,1,43842,15.42002599272625
qwen35_2b,Qwen3.5-2B,FDA_0020_8K,FDA_0020,8K,FDA,TEMPORAL_VERSION,False,0,1,9959,13.281785170783738
qwen35_2b,Qwen3.5-2B,SEC_0016_64K,SEC_0016,64K,SEC,RETRIEVAL_CALCULATION,False,0,1,87721,16.420634638059106
qwen35_2b,Qwen3.5-2B,CT_0020_82K,CT_0020,82K,CLINICAL_TRIALS,ENTITY_UNIT_BINDING,False,0,1,95439,16.542291306251922
qwen35_2b,Qwen3.5-2B,CT_0052_32K,CT_0052,32K,CLINICAL_TRIALS,RETRIEVAL_CALCULATION,False,0,1,38057,15.215874219256293
qwen35_2b,Qwen3.5-2B,FDA_0007_4K,FDA_0007,4K,FDA,ENTITY_UNIT_BINDING,True,1,0,5002,12.28828934218097
qwen35_2b,Qwen3.5-2B,CT_0007_4K,CT_0007,4K,CLINICAL_TRIALS,ENTITY_UNIT_BINDING,True,1,0,4899,12.258271576282851
qwen35_2b,Qwen3.5-2B,FRED_0059_32K,FRED_0059,32K,FRED,RETRIEVAL_CALCULATION,False,0,1,38434,15.230095511554056
qwen35_2b,Qwen3.5-2B,CT_0051_64K,CT_0051,64K,CLINICAL_TRIALS,RETRIEVAL_CALCULATION,False,0,1,75810,16.210100544553292
qwen35_2b,Qwen3.5-2B,CT_0044_16K,CT_0044,16K,CLINICAL_TRIALS,DIRECT_RETRIEVAL,True,1,0,19104,14.221587121264806
qwen35_2b,Qwen3.5-2B,FRED_0114_64K,FRED_0114,64K,FRED,UNANSWERABLE,True,1,0,76390,16.221096171021685
qwen35_2b,Qwen3.5-2B,SEC_0064_82K,SEC_0064,82K,SEC,RETRIEVAL_CALCULATION,False,0,1,110127,16.74880869438959
qwen35_2b,Qwen3.5-2B,FDA_0021_32K,FDA_0021,32K,FDA,UNANSWERABLE,False,0,1,38811,15.24417798547504
qwen35_2b,Qwen3.5-2B,CT_0098_82K,CT_0098,82K,CLINICAL_TRIALS,ENTITY_UNIT_BINDING,True,1,0,94754,16.531899226879155
qwen35_2b,Qwen3.5-2B,SEC_0027_16K,SEC_0027,16K,SEC,DIRECT_RETRIEVAL,False,0,1,22281,14.443526363693525
qwen35_2b,Qwen3.5-2B,FRED_0057_4K,FRED_0057,4K,FRED,RETRIEVAL_CALCULATION,True,1,0,4991,12.285113188501493
qwen35_2b,Qwen3.5-2B,FRED_0070_32K,FRED_0070,32K,FRED,RETRIEVAL_CALCULATION,False,0,1,37857,15.208272467912543
qwen35_2b,Qwen3.5-2B,CT_0080_82K,CT_0080,82K,CLINICAL_TRIALS,ENTITY_UNIT_BINDING,True,1,0,95025,16.53601949963669
qwen35_2b,Qwen3.5-2B,FRED_0066_16K,FRED_0066,16K,FRED,RETRIEVAL_CALCULATION,False,0,1,18932,14.208539206738363
qwen35_2b,Qwen3.5-2B,SEC_0044_4K,SEC_0044,4K,SEC,DIRECT_RETRIEVAL,True,1,0,5675,12.47040467706564
qwen35_2b,Qwen3.5-2B,FRED_0013_8K,FRED_0013,8K,FRED,RETRIEVAL_CALCULATION,False,0,1,9572,13.2246046815385
qwen35_2b,Qwen3.5-2B,FRED_0063_64K,FRED_0063,64K,FRED,RETRIEVAL_CALCULATION,False,0,1,75226,16.198943759379272
qwen35_2b,Qwen3.5-2B,FRED_0115_16K,FRED_0115,16K,FRED,UNANSWERABLE,True,1,0,19152,14.225207436943501
qwen35_2b,Qwen3.5-2B,FRED_0080_82K,FRED_0080,82K,FRED,TEMPORAL_VERSION,False,0,1,94387,16.526300549231422
qwen35_2b,Qwen3.5-2B,FRED_0076_64K,FRED_0076,64K,FRED,TEMPORAL_VERSION,False,0,1,75833,16.21053817749639
qwen35_2b,Qwen3.5-2B,SEC_0078_4K,SEC_0078,4K,SEC,TEMPORAL_VERSION,True,1,0,5651,12.464290473850767
qwen35_2b,Qwen3.5-2B,SEC_0066_4K,SEC_0066,4K,SEC,RETRIEVAL_CALCULATION,False,0,1,5703,12.477505317369708
qwen35_2b,Qwen3.5-2B,CT_0082_82K,CT_0082,82K,CLINICAL_TRIALS,ENTITY_UNIT_BINDING,False,0,1,95132,16.53764308841509
qwen35_2b,Qwen3.5-2B,FDA_0005_16K,FDA_0005,16K,FDA,DIRECT_RETRIEVAL,True,1,0,19513,14.25214797976178
qwen35_2b,Qwen3.5-2B,FRED_0050_82K,FRED_0050,82K,FRED,RETRIEVAL_CALCULATION,False,0,1,94584,16.52930853485899
qwen35_2b,Qwen3.5-2B,CT_0035_82K,CT_0035,82K,CLINICAL_TRIALS,DIRECT_RETRIEVAL,False,0,1,95267,16.53968893805882
qwen35_2b,Qwen3.5-2B,FDA_0049_4K,FDA_0049,4K,FDA,RETRIEVAL_CALCULATION,False,0,1,5040,12.29920801838728
qwen35_2b,Qwen3.5-2B,FDA_0108_82K,FDA_0108,82K,FDA,UNANSWERABLE,False,0,1,97381,16.57135269518661
qwen35_2b,Qwen3.5-2B,FDA_0055_16K,FDA_0055,16K,FDA,RETRIEVAL_CALCULATION,False,0,1,19396,14.24347153839633
qwen35_2b,Qwen3.5-2B,SEC_0083_82K,SEC_0083,82K,SEC,TEMPORAL_VERSION,False,0,1,109154,16.736005473976928
qwen35_2b,Qwen3.5-2B,SEC_0056_32K,SEC_0056,32K,SEC,RETRIEVAL_CALCULATION,False,0,1,44022,15.42593707054304
qwen35_2b,Qwen3.5-2B,CT_0061_8K,CT_0061,8K,CLINICAL_TRIALS,RETRIEVAL_CALCULATION,False,0,1,9723,13.247185806038997
qwen35_2b,Qwen3.5-2B,FDA_0103_32K,FDA_0103,32K,FDA,ENTITY_UNIT_BINDING,False,0,1,38591,15.235976808148715
qwen35_2b,Qwen3.5-2B,SEC_0002_64K,SEC_0002,64K,SEC,DIRECT_RETRIEVAL,True,1,0,88455,16.432656074430433
qwen35_2b,Qwen3.5-2B,SEC_0124_64K,SEC_0124,64K,SEC,UNANSWERABLE,True,1,0,88081,16.426543227730242
qwen35_2b,Qwen3.5-2B,FRED_0070_82K,FRED_0070,82K,FRED,RETRIEVAL_CALCULATION,False,0,1,94987,16.53544245805737
qwen35_2b,Qwen3.5-2B,FRED_0059_4K,FRED_0059,4K,FRED,RETRIEVAL_CALCULATION,False,0,1,5091,12.313733350263819
qwen35_2b,Qwen3.5-2B,CT_0018_64K,CT_0018,64K,CLINICAL_TRIALS,ENTITY_UNIT_BINDING,False,0,1,76468,16.22256852082289
qwen35_2b,Qwen3.5-2B,FRED_0081_82K,FRED_0081,82K,FRED,TEMPORAL_VERSION,False,0,1,95379,16.54138403644188
qwen35_2b,Qwen3.5-2B,CT_0045_8K,CT_0045,8K,CLINICAL_TRIALS,DIRECT_RETRIEVAL,True,1,0,9736,13.249113452713729
qwen35_2b,Qwen3.5-2B,FDA_0121_4K,FDA_0121,4K,FDA,UNANSWERABLE,False,0,1,5064,12.306061689428342
qwen35_2b,Qwen3.5-2B,FRED_0057_64K,FRED_0057,64K,FRED,RETRIEVAL_CALCULATION,False,0,1,75432,16.202889057519908
qwen35_2b,Qwen3.5-2B,FRED_0002_82K,FRED_0002,82K,FRED,DIRECT_RETRIEVAL,False,0,1,96057,16.551603131361208
qwen35_2b,Qwen3.5-2B,SEC_0012_16K,SEC_0012,16K,SEC,RETRIEVAL_CALCULATION,False,0,1,22129,14.433650637392496
qwen35_2b,Qwen3.5-2B,SEC_0050_8K,SEC_0050,8K,SEC,RETRIEVAL_CALCULATION,False,0,1,11129,13.442036344209926
qwen35_2b,Qwen3.5-2B,FDA_0107_64K,FDA_0107,64K,FDA,UNANSWERABLE,False,0,1,77524,16.24235539085048
qwen35_2b,Qwen3.5-2B,SEC_0026_64K,SEC_0026,64K,SEC,DIRECT_RETRIEVAL,False,0,1,87195,16.411957788840404
qwen35_2b,Qwen3.5-2B,SEC_0076_64K,SEC_0076,64K,SEC,RETRIEVAL_CALCULATION,False,0,1,88336,16.43071388579194
qwen35_2b,Qwen3.5-2B,FDA_0112_82K,FDA_0112,82K,FDA,UNANSWERABLE,False,0,1,97511,16.573277354825095
qwen35_2b,Qwen3.5-2B,CT_0075_8K,CT_0075,8K,CLINICAL_TRIALS,ENTITY_UNIT_BINDING,True,1,0,9793,13.257535169222358
qwen35_2b,Qwen3.5-2B,FDA_0043_32K,FDA_0043,32K,FDA,DIRECT_RETRIEVAL,True,1,0,38875,15.24655505479269
qwen35_2b,Qwen3.5-2B,FDA_0015_4K,FDA_0015,4K,FDA,RETRIEVAL_CALCULATION,False,0,1,5053,12.302924464617952
qwen35_2b,Qwen3.5-2B,FDA_0050_8K,FDA_0050,8K,FDA,RETRIEVAL_CALCULATION,False,0,1,9822,13.261801107195309
qwen35_2b,Qwen3.5-2B,FDA_0071_8K,FDA_0071,8K,FDA,RETRIEVAL_CALCULATION,False,0,1,9885,13.271025250616571
qwen35_2b,Qwen3.5-2B,FDA_0056_4K,FDA_0056,4K,FDA,RETRIEVAL_CALCULATION,False,0,1,4985,12.283377789285558
qwen35_2b,Qwen3.5-2B,FRED_0124_8K,FRED_0124,8K,FRED,UNANSWERABLE,True,1,0,9660,13.237807473723135
qwen35_2b,Qwen3.5-2B,CT_0124_4K,CT_0124,4K,CLINICAL_TRIALS,UNANSWERABLE,False,0,1,4899,12.258271576282851
qwen35_2b,Qwen3.5-2B,CT_0034_82K,CT_0034,82K,CLINICAL_TRIALS,DIRECT_RETRIEVAL,True,1,0,95144,16.537825059241825
qwen35_2b,Qwen3.5-2B,SEC_0100_64K,SEC_0100,64K,SEC,ENTITY_UNIT_BINDING,False,0,1,87521,16.417341601761258
qwen35_2b,Qwen3.5-2B,FRED_0003_64K,FRED_0003,64K,FRED,DIRECT_RETRIEVAL,False,0,1,76388,16.221058398697373
qwen35_2b,Qwen3.5-2B,FRED_0047_8K,FRED_0047,8K,FRED,RETRIEVAL_CALCULATION,False,0,1,9638,13.234518085739989
qwen35_2b,Qwen3.5-2B,SEC_0038_82K,SEC_0038,82K,SEC,DIRECT_RETRIEVAL,False,0,1,110022,16.747432508344872
qwen35_2b,Qwen3.5-2B,CT_0108_16K,CT_0108,16K,CLINICAL_TRIALS,UNANSWERABLE,False,0,1,18997,14.21348398616622
qwen35_2b,Qwen3.5-2B,CT_0033_82K,CT_0033,82K,CLINICAL_TRIALS,DIRECT_RETRIEVAL,False,0,1,95172,16.538249568599277
qwen35_2b,Qwen3.5-2B,FRED_0073_32K,FRED_0073,32K,FRED,RETRIEVAL_CALCULATION,False,0,1,37657,15.200630449668354
qwen35_2b,Qwen3.5-2B,FDA_0038_64K,FDA_0038,64K,FDA,DIRECT_RETRIEVAL,True,1,0,77186,16.236051574682776
qwen35_2b,Qwen3.5-2B,FDA_0084_4K,FDA_0084,4K,FDA,TEMPORAL_VERSION,True,1,0,5079,12.310328758616798
qwen35_2b,Qwen3.5-2B,SEC_0015_82K,SEC_0015,82K,SEC,RETRIEVAL_CALCULATION,False,0,1,110901,16.758912848850198
qwen35_2b,Qwen3.5-2B,SEC_0034_32K,SEC_0034,32K,SEC,DIRECT_RETRIEVAL,True,1,0,44235,15.432900702670254
qwen35_2b,Qwen3.5-2B,FRED_0049_8K,FRED_0049,8K,FRED,RETRIEVAL_CALCULATION,False,0,1,9635,13.234068951183083
qwen35_2b,Qwen3.5-2B,FRED_0024_16K,FRED_0024,16K,FRED,UNANSWERABLE,True,1,0,19216,14.230020435705635
qwen35_2b,Qwen3.5-2B,FRED_0044_8K,FRED_0044,8K,FRED,DIRECT_RETRIEVAL,True,1,0,9749,13.251038527213534
qwen35_2b,Qwen3.5-2B,SEC_0071_16K,SEC_0071,16K,SEC,RETRIEVAL_CALCULATION,False,0,1,22055,14.42881813997958
qwen35_2b,Qwen3.5-2B,FDA_0011_4K,FDA_0011,4K,FDA,RETRIEVAL_CALCULATION,False,0,1,5068,12.30720080914081
qwen35_2b,Qwen3.5-2B,FRED_0057_32K,FRED_0057,32K,FRED,RETRIEVAL_CALCULATION,False,0,1,37919,15.210633297528657
qwen35_2b,Qwen3.5-2B,FRED_0061_8K,FRED_0061,8K,FRED,RETRIEVAL_CALCULATION,False,0,1,9627,13.232870575002964
qwen35_2b,Qwen3.5-2B,FRED_0109_16K,FRED_0109,16K,FRED,UNANSWERABLE,True,1,0,19185,14.227691144490155
qwen35_2b,Qwen3.5-2B,SEC_0090_8K,SEC_0090,8K,SEC,TEMPORAL_VERSION,False,0,1,11312,13.4655664048094
qwen35_2b,Qwen3.5-2B,SEC_0041_8K,SEC_0041,8K,SEC,DIRECT_RETRIEVAL,True,1,0,11135,13.442813937675153
qwen35_2b,Qwen3.5-2B,FRED_0050_4K,FRED_0050,4K,FRED,RETRIEVAL_CALCULATION,False,0,1,4941,12.270587340447511
qwen35_2b,Qwen3.5-2B,CT_0124_82K,CT_0124,82K,CLINICAL_TRIALS,UNANSWERABLE,True,1,0,95137,16.537718912382278
qwen35_2b,Qwen3.5-2B,FDA_0100_4K,FDA_0100,4K,FDA,ENTITY_UNIT_BINDING,False,0,1,5000,12.287712379549449
qwen35_2b,Qwen3.5-2B,FDA_0110_32K,FDA_0110,32K,FDA,UNANSWERABLE,False,0,1,38960,15.249706056969705
qwen35_2b,Qwen3.5-2B,SEC_0077_32K,SEC_0077,32K,SEC,RETRIEVAL_CALCULATION,False,0,1,44065,15.427345584663984
qwen35_2b,Qwen3.5-2B,SEC_0088_32K,SEC_0088,32K,SEC,TEMPORAL_VERSION,False,0,1,44170,15.430779211927515
qwen35_2b,Qwen3.5-2B,FRED_0114_32K,FRED_0114,32K,FRED,UNANSWERABLE,True,1,0,38280,15.224303209373389
qwen35_2b,Qwen3.5-2B,FDA_0123_82K,FDA_0123,82K,FDA,UNANSWERABLE,False,0,1,97477,16.572774230203198
qwen35_2b,Qwen3.5-2B,SEC_0098_8K,SEC_0098,8K,SEC,ENTITY_UNIT_BINDING,True,1,0,11118,13.440609666748422
qwen35_2b,Qwen3.5-2B,CT_0085_16K,CT_0085,16K,CLINICAL_TRIALS,ENTITY_UNIT_BINDING,True,1,0,19302,14.236462721373895
qwen35_2b,Qwen3.5-2B,CT_0110_16K,CT_0110,16K,CLINICAL_TRIALS,UNANSWERABLE,False,0,1,18975,14.211812265190192
qwen35_2b,Qwen3.5-2B,FDA_0115_4K,FDA_0115,4K,FDA,UNANSWERABLE,True,1,0,5003,12.288577736992703
qwen35_2b,Qwen3.5-2B,CT_0108_64K,CT_0108,64K,CLINICAL_TRIALS,UNANSWERABLE,True,1,0,75439,16.203022931694445
qwen35_2b,Qwen3.5-2B,FDA_0072_16K,FDA_0072,16K,FDA,RETRIEVAL_CALCULATION,False,0,1,19371,14.241610812468506
qwen35_2b,Qwen3.5-2B,CT_0064_32K,CT_0064,32K,CLINICAL_TRIALS,RETRIEVAL_CALCULATION,False,0,1,38494,15.232345972244724
qwen35_2b,Qwen3.5-2B,FRED_0037_4K,FRED_0037,4K,FRED,DIRECT_RETRIEVAL,False,0,1,5004,12.28886607416582
qwen35_2b,Qwen3.5-2B,FRED_0102_4K,FRED_0102,4K,FRED,ENTITY_UNIT_BINDING,False,0,1,4872,12.250298417906333
qwen35_2b,Qwen3.5-2B,CT_0025_82K,CT_0025,82K,CLINICAL_TRIALS,UNANSWERABLE,False,0,1,94742,16.531716507027404
qwen35_2b,Qwen3.5-2B,FDA_0059_32K,FDA_0059,32K,FDA,RETRIEVAL_CALCULATION,False,0,1,38801,15.243806214344579
qwen35_2b,Qwen3.5-2B,FDA_0037_32K,FDA_0037,32K,FDA,DIRECT_RETRIEVAL,True,1,0,38677,15.239188275373166
qwen35_2b,Qwen3.5-2B,CT_0052_64K,CT_0052,64K,CLINICAL_TRIALS,RETRIEVAL_CALCULATION,False,0,1,75818,16.210252779764968
qwen35_2b,Qwen3.5-2B,FRED_0053_8K,FRED_0053,8K,FRED,RETRIEVAL_CALCULATION,True,1,0,9598,13.228518097716194
qwen35_2b,Qwen3.5-2B,FRED_0040_82K,FRED_0040,82K,FRED,DIRECT_RETRIEVAL,False,0,1,94349,16.5257196064087
qwen35_2b,Qwen3.5-2B,FRED_0090_64K,FRED_0090,64K,FRED,ENTITY_UNIT_BINDING,False,0,1,75402,16.202315170308836
qwen35_2b,Qwen3.5-2B,FDA_0096_4K,FDA_0096,4K,FDA,ENTITY_UNIT_BINDING,True,1,0,4933,12.268249571994492
qwen35_2b,Qwen3.5-2B,FRED_0036_16K,FRED_0036,16K,FRED,DIRECT_RETRIEVAL,False,0,1,19157,14.2255840312292
qwen35_2b,Qwen3.5-2B,FRED_0074_8K,FRED_0074,8K,FRED,TEMPORAL_VERSION,False,0,1,9747,13.250742529050639
qwen35_2b,Qwen3.5-2B,CT_0073_64K,CT_0073,64K,CLINICAL_TRIALS,RETRIEVAL_CALCULATION,False,0,1,76207,16.217635902221538
qwen35_2b,Qwen3.5-2B,SEC_0004_32K,SEC_0004,32K,SEC,DIRECT_RETRIEVAL,True,1,0,44375,15.437459499054132
qwen35_2b,Qwen3.5-2B,FDA_0009_32K,FDA_0009,32K,FDA,ENTITY_UNIT_BINDING,False,0,1,38511,15.232982965065801
qwen35_2b,Qwen3.5-2B,FRED_0080_32K,FRED_0080,32K,FRED,TEMPORAL_VERSION,False,0,1,37650,15.200362244446653
qwen35_2b,Qwen3.5-2B,CT_0099_8K,CT_0099,8K,CLINICAL_TRIALS,ENTITY_UNIT_BINDING,True,1,0,9647,13.23586465108203
qwen35_2b,Qwen3.5-2B,CT_0071_32K,CT_0071,32K,CLINICAL_TRIALS,RETRIEVAL_CALCULATION,False,0,1,38717,15.24067954877353
qwen35_2b,Qwen3.5-2B,FDA_0120_82K,FDA_0120,82K,FDA,UNANSWERABLE,True,1,0,97429,16.572063637780566
qwen35_2b,Qwen3.5-2B,FDA_0031_82K,FDA_0031,82K,FDA,DIRECT_RETRIEVAL,True,1,0,97000,16.565697126849216
qwen35_2b,Qwen3.5-2B,FRED_0024_4K,FRED_0024,4K,FRED,UNANSWERABLE,True,1,0,4972,12.279610581052484
qwen35_2b,Qwen3.5-2B,CT_0074_64K,CT_0074,64K,CLINICAL_TRIALS,ENTITY_UNIT_BINDING,False,0,1,75667,16.207376626702608
qwen35_2b,Qwen3.5-2B,SEC_0103_64K,SEC_0103,64K,SEC,ENTITY_UNIT_BINDING,False,0,1,88168,16.427967513584367
qwen35_2b,Qwen3.5-2B,SEC_0063_64K,SEC_0063,64K,SEC,RETRIEVAL_CALCULATION,False,0,1,88278,16.429766324269302
qwen35_2b,Qwen3.5-2B,CT_0090_8K,CT_0090,8K,CLINICAL_TRIALS,ENTITY_UNIT_BINDING,True,1,0,9641,13.234967080517478
qwen35_2b,Qwen3.5-2B,CT_0117_8K,CT_0117,8K,CLINICAL_TRIALS,UNANSWERABLE,False,0,1,9794,13.257682480708766
qwen35_2b,Qwen3.5-2B,FDA_0035_16K,FDA_0035,16K,FDA,DIRECT_RETRIEVAL,True,1,0,19562,14.255766257128808
qwen35_2b,Qwen3.5-2B,FRED_0013_64K,FRED_0013,64K,FRED,RETRIEVAL_CALCULATION,False,0,1,75474,16.203692116288703
qwen35_2b,Qwen3.5-2B,SEC_0088_16K,SEC_0088,16K,SEC,TEMPORAL_VERSION,False,0,1,22238,14.440739423014273
qwen35_2b,Qwen3.5-2B,CT_0009_4K,CT_0009,4K,CLINICAL_TRIALS,ENTITY_UNIT_BINDING,True,1,0,4996,12.286557761607957
qwen35_2b,Qwen3.5-2B,FRED_0025_16K,FRED_0025,16K,FRED,UNANSWERABLE,True,1,0,18913,14.20709060279703
qwen35_2b,Qwen3.5-2B,FRED_0100_64K,FRED_0100,64K,FRED,ENTITY_UNIT_BINDING,False,0,1,75204,16.19852177850942
qwen35_2b,Qwen3.5-2B,CT_0013_8K,CT_0013,8K,CLINICAL_TRIALS,RETRIEVAL_CALCULATION,False,0,1,9811,13.260184477326176
qwen35_2b,Qwen3.5-2B,FRED_0098_64K,FRED_0098,64K,FRED,ENTITY_UNIT_BINDING,False,0,1,74961,16.193852578616692
qwen35_2b,Qwen3.5-2B,SEC_0094_64K,SEC_0094,64K,SEC,ENTITY_UNIT_BINDING,False,0,1,87714,16.420519508634627
qwen35_2b,Qwen3.5-2B,FRED_0079_8K,FRED_0079,8K,FRED,TEMPORAL_VERSION,True,1,0,9663,13.23825544610397
qwen35_2b,Qwen3.5-2B,FDA_0041_16K,FDA_0041,16K,FDA,DIRECT_RETRIEVAL,True,1,0,19524,14.252961036393684
qwen35_2b,Qwen3.5-2B,SEC_0028_8K,SEC_0028,8K,SEC,DIRECT_RETRIEVAL,True,1,0,11064,13.433585441150495
qwen35_2b,Qwen3.5-2B,FDA_0109_64K,FDA_0109,64K,FDA,UNANSWERABLE,False,0,1,77499,16.24189007439634
qwen35_2b,Qwen3.5-2B,SEC_0097_4K,SEC_0097,4K,SEC,ENTITY_UNIT_BINDING,True,1,0,5658,12.466076461396252
qwen35_2b,Qwen3.5-2B,FRED_0075_64K,FRED_0075,64K,FRED,TEMPORAL_VERSION,False,0,1,75879,16.21141304532378
qwen35_2b,Qwen3.5-2B,FDA_0046_16K,FDA_0046,16K,FDA,RETRIEVAL_CALCULATION,False,0,1,19440,14.246740598493144
qwen35_2b,Qwen3.5-2B,FRED_0037_16K,FRED_0037,16K,FRED,DIRECT_RETRIEVAL,False,0,1,19282,14.234967080517478
qwen35_2b,Qwen3.5-2B,FDA_0048_32K,FDA_0048,32K,FDA,RETRIEVAL_CALCULATION,False,0,1,38654,15.238330094645674
qwen35_2b,Qwen3.5-2B,CT_0059_8K,CT_0059,8K,CLINICAL_TRIALS,RETRIEVAL_CALCULATION,False,0,1,9788,13.25679838607939
qwen35_2b,Qwen3.5-2B,CT_0040_8K,CT_0040,8K,CLINICAL_TRIALS,DIRECT_RETRIEVAL,True,1,0,9708,13.244958393151133
qwen35_2b,Qwen3.5-2B,FDA_0019_82K,FDA_0019,82K,FDA,TEMPORAL_VERSION,False,0,1,97823,16.57788608894766
qwen35_2b,Qwen3.5-2B,FRED_0125_16K,FRED_0125,16K,FRED,UNANSWERABLE,True,1,0,19230,14.23107114222726
qwen35_2b,Qwen3.5-2B,FRED_0112_82K,FRED_0112,82K,FRED,UNANSWERABLE,True,1,0,95905,16.549318411551607
qwen35_2b,Qwen3.5-2B,FRED_0055_64K,FRED_0055,64K,FRED,RETRIEVAL_CALCULATION,False,0,1,76204,16.217579107303543
qwen35_2b,Qwen3.5-2B,SEC_0023_32K,SEC_0023,32K,SEC,UNANSWERABLE,True,1,0,43724,15.416137768578286
qwen35_2b,Qwen3.5-2B,CT_0034_64K,CT_0034,64K,CLINICAL_TRIALS,DIRECT_RETRIEVAL,True,1,0,75879,16.21141304532378
qwen35_2b,Qwen3.5-2B,FRED_0101_64K,FRED_0101,64K,FRED,ENTITY_UNIT_BINDING,False,0,1,76301,16.219414344677237
qwen35_2b,Qwen3.5-2B,FDA_0003_16K,FDA_0003,16K,FDA,DIRECT_RETRIEVAL,True,1,0,19526,14.253108815655365
qwen35_2b,Qwen3.5-2B,CT_0042_8K,CT_0042,8K,CLINICAL_TRIALS,DIRECT_RETRIEVAL,True,1,0,9745,13.250446470145253
qwen35_2b,Qwen3.5-2B,FDA_0019_32K,FDA_0019,32K,FDA,TEMPORAL_VERSION,True,1,0,39186,15.25805069363052
qwen35_2b,Qwen3.5-2B,FDA_0119_4K,FDA_0119,4K,FDA,UNANSWERABLE,False,0,1,5036,12.298062567719017
qwen35_2b,Qwen3.5-2B,FDA_0003_82K,FDA_0003,82K,FDA,DIRECT_RETRIEVAL,True,1,0,97015,16.565920206772482
qwen35_2b,Qwen3.5-2B,CT_0099_32K,CT_0099,32K,CLINICAL_TRIALS,ENTITY_UNIT_BINDING,True,1,0,37815,15.20667099846706
qwen35_2b,Qwen3.5-2B,SEC_0001_4K,SEC_0001,4K,SEC,DIRECT_RETRIEVAL,True,1,0,5779,12.496604154575603
qwen35_2b,Qwen3.5-2B,CT_0120_32K,CT_0120,32K,CLINICAL_TRIALS,UNANSWERABLE,False,0,1,37954,15.211964319895316
qwen35_2b,Qwen3.5-2B,FRED_0012_32K,FRED_0012,32K,FRED,RETRIEVAL_CALCULATION,False,0,1,37639,15.199940678333071
qwen35_2b,Qwen3.5-2B,SEC_0011_8K,SEC_0011,8K,SEC,RETRIEVAL_CALCULATION,False,0,1,11165,13.446695630709836
qwen35_2b,Qwen3.5-2B,CT_0119_4K,CT_0119,4K,CLINICAL_TRIALS,UNANSWERABLE,False,0,1,4908,12.260919533662905
qwen35_2b,Qwen3.5-2B,FRED_0056_32K,FRED_0056,32K,FRED,RETRIEVAL_CALCULATION,False,0,1,37871,15.208805896256155
qwen35_2b,Qwen3.5-2B,SEC_0024_4K,SEC_0024,4K,SEC,UNANSWERABLE,True,1,0,5714,12.480285320936371
qwen35_2b,Qwen3.5-2B,FRED_0017_8K,FRED_0017,8K,FRED,TEMPORAL_VERSION,True,1,0,9645,13.235565522936465
qwen35_2b,Qwen3.5-2B,FDA_0038_32K,FDA_0038,32K,FDA,DIRECT_RETRIEVAL,True,1,0,38750,15.241908689936325
qwen35_2b,Qwen3.5-2B,FDA_0023_64K,FDA_0023,64K,FDA,UNANSWERABLE,False,0,1,77453,16.24103349979478
qwen35_2b,Qwen3.5-2B,FRED_0121_64K,FRED_0121,64K,FRED,UNANSWERABLE,True,1,0,76400,16.221285017810473
qwen35_2b,Qwen3.5-2B,SEC_0015_64K,SEC_0015,64K,SEC,RETRIEVAL_CALCULATION,False,0,1,88578,16.434660802572452
qwen35_2b,Qwen3.5-2B,FDA_0012_64K,FDA_0012,64K,FDA,RETRIEVAL_CALCULATION,False,0,1,77135,16.23509801101012
qwen35_2b,Qwen3.5-2B,CT_0080_16K,CT_0080,16K,CLINICAL_TRIALS,ENTITY_UNIT_BINDING,True,1,0,19246,14.2322710134189
qwen35_2b,Qwen3.5-2B,FRED_0078_32K,FRED_0078,32K,FRED,TEMPORAL_VERSION,False,0,1,37996,15.213559927476458
qwen35_2b,Qwen3.5-2B,FDA_0064_64K,FDA_0064,64K,FDA,RETRIEVAL_CALCULATION,False,0,1,76886,16.23043330453316
qwen35_2b,Qwen3.5-2B,SEC_0034_4K,SEC_0034,4K,SEC,DIRECT_RETRIEVAL,True,1,0,5711,12.479527669256347
qwen35_2b,Qwen3.5-2B,SEC_0048_8K,SEC_0048,8K,SEC,RETRIEVAL_CALCULATION,False,0,1,11231,13.455198769515098
qwen35_2b,Qwen3.5-2B,SEC_0124_82K,SEC_0124,82K,SEC,UNANSWERABLE,True,1,0,110112,16.74861217673698
qwen35_2b,Qwen3.5-2B,SEC_0057_32K,SEC_0057,32K,SEC,RETRIEVAL_CALCULATION,False,0,1,44047,15.426756141430435
qwen35_2b,Qwen3.5-2B,SEC_0072_32K,SEC_0072,32K,SEC,RETRIEVAL_CALCULATION,False,0,1,44123,15.429243265174627
qwen35_2b,Qwen3.5-2B,FRED_0067_82K,FRED_0067,82K,FRED,RETRIEVAL_CALCULATION,False,0,1,94928,16.534546067459992
qwen35_2b,Qwen3.5-2B,CT_0050_4K,CT_0050,4K,CLINICAL_TRIALS,RETRIEVAL_CALCULATION,True,1,0,4923,12.26532202423487
qwen35_2b,Qwen3.5-2B,SEC_0108_32K,SEC_0108,32K,SEC,UNANSWERABLE,True,1,0,44233,15.432835472528684
qwen35_2b,Qwen3.5-2B,SEC_0049_16K,SEC_0049,16K,SEC,RETRIEVAL_CALCULATION,False,0,1,22093,14.431301714551141
qwen35_2b,Qwen3.5-2B,CT_0012_82K,CT_0012,82K,CLINICAL_TRIALS,RETRIEVAL_CALCULATION,False,0,1,95002,16.535670265200505
qwen35_2b,Qwen3.5-2B,FDA_0029_82K,FDA_0029,82K,FDA,DIRECT_RETRIEVAL,True,1,0,97228,16.56908422469723
qwen35_2b,Qwen3.5-2B,CT_0052_8K,CT_0052,8K,CLINICAL_TRIALS,RETRIEVAL_CALCULATION,False,0,1,9640,13.234817431117325
qwen35_2b,Qwen3.5-2B,FRED_0100_16K,FRED_0100,16K,FRED,ENTITY_UNIT_BINDING,False,0,1,18973,14.211660194457375
qwen35_2b,Qwen3.5-2B,SEC_0032_82K,SEC_0032,82K,SEC,DIRECT_RETRIEVAL,False,0,1,109970,16.74675048223916
qwen35_2b,Qwen3.5-2B,FDA_0073_4K,FDA_0073,4K,FDA,RETRIEVAL_CALCULATION,False,0,1,5004,12.28886607416582
qwen35_2b,Qwen3.5-2B,FDA_0087_82K,FDA_0087,82K,FDA,TEMPORAL_VERSION,True,1,0,98006,16.58058245434129
qwen35_2b,Qwen3.5-2B,FRED_0122_64K,FRED_0122,64K,FRED,UNANSWERABLE,True,1,0,76425,16.221757026661695
qwen35_2b,Qwen3.5-2B,FRED_0072_4K,FRED_0072,4K,FRED,RETRIEVAL_CALCULATION,False,0,1,4957,12.275251543470327
qwen35_2b,Qwen3.5-2B,FRED_0070_8K,FRED_0070,8K,FRED,RETRIEVAL_CALCULATION,False,0,1,9641,13.234967080517478
qwen35_2b,Qwen3.5-2B,FRED_0007_64K,FRED_0007,64K,FRED,ENTITY_UNIT_BINDING,False,0,1,75505,16.20428456354158
qwen35_2b,Qwen3.5-2B,FRED_0088_8K,FRED_0088,8K,FRED,TEMPORAL_VERSION,False,0,1,9687,13.241834226335136
qwen35_2b,Qwen3.5-2B,CT_0012_64K,CT_0012,64K,CLINICAL_TRIALS,RETRIEVAL_CALCULATION,False,0,1,75726,16.208501104211102
qwen35_2b,Qwen3.5-2B,SEC_0099_64K,SEC_0099,64K,SEC,ENTITY_UNIT_BINDING,True,1,0,88190,16.428327455192505
qwen35_2b,Qwen3.5-2B,SEC_0115_8K,SEC_0115,8K,SEC,UNANSWERABLE,True,1,0,11093,13.437361961444426
qwen35_2b,Qwen3.5-2B,FDA_0067_16K,FDA_0067,16K,FDA,RETRIEVAL_CALCULATION,False,0,1,19497,14.250964533366057
qwen35_2b,Qwen3.5-2B,CT_0058_32K,CT_0058,32K,CLINICAL_TRIALS,RETRIEVAL_CALCULATION,False,0,1,37960,15.212192371908472
qwen35_2b,Qwen3.5-2B,FDA_0059_82K,FDA_0059,82K,FDA,RETRIEVAL_CALCULATION,False,0,1,97037,16.566247328276365
qwen35_2b,Qwen3.5-2B,FDA_0036_64K,FDA_0036,64K,FDA,DIRECT_RETRIEVAL,False,0,1,77328,16.238703279427725
qwen35_2b,Qwen3.5-2B,CT_0025_64K,CT_0025,64K,CLINICAL_TRIALS,UNANSWERABLE,False,0,1,75556,16.205258705773932
qwen35_2b,Qwen3.5-2B,FRED_0021_82K,FRED_0021,82K,FRED,UNANSWERABLE,True,1,0,96100,16.552248810548477
qwen35_2b,Qwen3.5-2B,FDA_0110_82K,FDA_0110,82K,FDA,UNANSWERABLE,False,0,1,97438,16.572196900522613
qwen35_2b,Qwen3.5-2B,FDA_0073_8K,FDA_0073,8K,FDA,RETRIEVAL_CALCULATION,False,0,1,9808,13.259743263690781
qwen35_2b,Qwen3.5-2B,FDA_0081_8K,FDA_0081,8K,FDA,TEMPORAL_VERSION,True,1,0,10014,13.289730740083755
qwen35_2b,Qwen3.5-2B,CT_0120_16K,CT_0120,16K,CLINICAL_TRIALS,UNANSWERABLE,False,0,1,19132,14.223700075986306
qwen35_2b,Qwen3.5-2B,CT_0038_4K,CT_0038,4K,CLINICAL_TRIALS,DIRECT_RETRIEVAL,True,1,0,4974,12.280190792216906
qwen35_2b,Qwen3.5-2B,FRED_0099_4K,FRED_0099,4K,FRED,ENTITY_UNIT_BINDING,False,0,1,4814,12.233020426474496
qwen35_2b,Qwen3.5-2B,SEC_0111_82K,SEC_0111,82K,SEC,UNANSWERABLE,True,1,0,110038,16.74764229768137
qwen35_2b,Qwen3.5-2B,FRED_0108_64K,FRED_0108,64K,FRED,UNANSWERABLE,True,1,0,76274,16.21890373984013
qwen35_2b,Qwen3.5-2B,FDA_0048_4K,FDA_0048,4K,FDA,RETRIEVAL_CALCULATION,False,0,1,5009,12.290306896257901
qwen35_2b,Qwen3.5-2B,CT_0112_4K,CT_0112,4K,CLINICAL_TRIALS,UNANSWERABLE,False,0,1,4947,12.272338184158624
qwen35_2b,Qwen3.5-2B,FRED_0089_4K,FRED_0089,4K,FRED,TEMPORAL_VERSION,True,1,0,5025,12.294907880953653
qwen35_2b,Qwen3.5-2B,FDA_0018_8K,FDA_0018,8K,FDA,TEMPORAL_VERSION,False,0,1,9973,13.283811834830894
qwen35_2b,Qwen3.5-2B,FRED_0086_4K,FRED_0086,4K,FRED,TEMPORAL_VERSION,True,1,0,4991,12.285113188501493
qwen35_2b,Qwen3.5-2B,SEC_0061_16K,SEC_0061,16K,SEC,RETRIEVAL_CALCULATION,False,0,1,22129,14.433650637392496
qwen35_2b,Qwen3.5-2B,FRED_0052_8K,FRED_0052,8K,FRED,RETRIEVAL_CALCULATION,False,0,1,9628,13.233020426474496
qwen35_2b,Qwen3.5-2B,SEC_0020_32K,SEC_0020,32K,SEC,TEMPORAL_VERSION,True,1,0,43796,15.418511490387644
qwen35_2b,Qwen3.5-2B,SEC_0101_4K,SEC_0101,4K,SEC,ENTITY_UNIT_BINDING,True,1,0,5648,12.46352437327118
qwen35_2b,Qwen3.5-2B,CT_0026_82K,CT_0026,82K,CLINICAL_TRIALS,DIRECT_RETRIEVAL,True,1,0,95235,16.539204258194644
qwen35_2b,Qwen3.5-2B,CT_0033_4K,CT_0033,4K,CLINICAL_TRIALS,DIRECT_RETRIEVAL,True,1,0,5015,12.292033985499543
qwen35_2b,Qwen3.5-2B,SEC_0060_82K,SEC_0060,82K,SEC,RETRIEVAL_CALCULATION,False,0,1,110195,16.749699238828146
qwen35_2b,Qwen3.5-2B,FRED_0121_32K,FRED_0121,32K,FRED,UNANSWERABLE,True,1,0,38299,15.22501910293009
qwen35_2b,Qwen3.5-2B,CT_0025_32K,CT_0025,32K,CLINICAL_TRIALS,UNANSWERABLE,False,0,1,38000,15.213711798105672
qwen35_2b,Qwen3.5-2B,FRED_0011_4K,FRED_0011,4K,FRED,RETRIEVAL_CALCULATION,False,0,1,5031,12.296629474285503
qwen35_2b,Qwen3.5-2B,FDA_0073_16K,FDA_0073,16K,FDA,RETRIEVAL_CALCULATION,False,0,1,19450,14.247482534760916
qwen35_2b,Qwen3.5-2B,FRED_0024_82K,FRED_0024,82K,FRED,UNANSWERABLE,True,1,0,96106,16.552338882349023
qwen35_2b,Qwen3.5-2B,SEC_0067_64K,SEC_0067,64K,SEC,RETRIEVAL_CALCULATION,False,0,1,88795,16.438190821008906
qwen35_2b,Qwen3.5-2B,SEC_0013_64K,SEC_0013,64K,SEC,RETRIEVAL_CALCULATION,False,0,1,87963,16.424609188054706
qwen35_2b,Qwen3.5-2B,SEC_0001_16K,SEC_0001,16K,SEC,DIRECT_RETRIEVAL,True,1,0,22244,14.441128621804697
qwen35_2b,Qwen3.5-2B,FDA_0085_4K,FDA_0085,4K,FDA,TEMPORAL_VERSION,True,1,0,5117,12.32108251801004
qwen35_2b,Qwen3.5-2B,SEC_0087_64K,SEC_0087,64K,SEC,TEMPORAL_VERSION,False,0,1,87972,16.424756790923713
qwen35_2b,Qwen3.5-2B,CT_0022_82K,CT_0022,82K,CLINICAL_TRIALS,UNANSWERABLE,True,1,0,94751,16.531853549085714
qwen35_2b,Qwen3.5-2B,CT_0114_8K,CT_0114,8K,CLINICAL_TRIALS,UNANSWERABLE,False,0,1,9679,13.24064228571925
qwen35_2b,Qwen3.5-2B,FRED_0089_32K,FRED_0089,32K,FRED,TEMPORAL_VERSION,False,0,1,38281,15.224340896839356
qwen35_2b,Qwen3.5-2B,SEC_0122_4K,SEC_0122,4K,SEC,UNANSWERABLE,True,1,0,5762,12.49235394515987
qwen35_2b,Qwen3.5-2B,FRED_0068_32K,FRED_0068,32K,FRED,RETRIEVAL_CALCULATION,False,0,1,37576,15.197523878257787
qwen35_2b,Qwen3.5-2B,CT_0013_16K,CT_0013,16K,CLINICAL_TRIALS,RETRIEVAL_CALCULATION,False,0,1,19240,14.231821178657404
qwen35_2b,Qwen3.5-2B,SEC_0055_82K,SEC_0055,82K,SEC,RETRIEVAL_CALCULATION,False,0,1,110078,16.74816663759551
qwen35_2b,Qwen3.5-2B,SEC_0022_16K,SEC_0022,16K,SEC,UNANSWERABLE,True,1,0,22076,14.430191170191696
qwen35_2b,Qwen3.5-2B,FDA_0065_16K,FDA_0065,16K,FDA,RETRIEVAL_CALCULATION,True,1,0,19396,14.24347153839633
qwen35_2b,Qwen3.5-2B,SEC_0047_8K,SEC_0047,8K,SEC,RETRIEVAL_CALCULATION,False,0,1,11146,13.444238438078106
qwen35_2b,Qwen3.5-2B,FDA_0003_64K,FDA_0003,64K,FDA,DIRECT_RETRIEVAL,True,1,0,77210,16.23650009253635
qwen35_2b,Qwen3.5-2B,CT_0016_4K,CT_0016,4K,CLINICAL_TRIALS,RETRIEVAL_CALCULATION,False,0,1,4990,12.284824100224624
qwen35_2b,Qwen3.5-2B,SEC_0097_16K,SEC_0097,16K,SEC,ENTITY_UNIT_BINDING,True,1,0,22275,14.443137811296646
qwen35_2b,Qwen3.5-2B,CT_0047_64K,CT_0047,64K,CLINICAL_TRIALS,RETRIEVAL_CALCULATION,False,0,1,75676,16.207548213830965
qwen35_2b,Qwen3.5-2B,CT_0123_82K,CT_0123,82K,CLINICAL_TRIALS,UNANSWERABLE,False,0,1,94880,16.533816389433365
qwen35_2b,Qwen3.5-2B,FDA_0117_32K,FDA_0117,32K,FDA,UNANSWERABLE,False,0,1,38865,15.246183895788613
qwen35_2b,Qwen3.5-2B,FRED_0041_8K,FRED_0041,8K,FRED,DIRECT_RETRIEVAL,True,1,0,9717,13.246295253516342
qwen35_2b,Qwen3.5-2B,FRED_0110_16K,FRED_0110,16K,FRED,UNANSWERABLE,True,1,0,19254,14.232870575002964
qwen35_2b,Qwen3.5-2B,FRED_0116_64K,FRED_0116,64K,FRED,UNANSWERABLE,True,1,0,76317,16.21971684006754
qwen35_2b,Qwen3.5-2B,FDA_0091_64K,FDA_0091,64K,FDA,ENTITY_UNIT_BINDING,False,0,1,76833,16.229438465376038
qwen35_2b,Qwen3.5-2B,CT_0037_16K,CT_0037,16K,CLINICAL_TRIALS,DIRECT_RETRIEVAL,True,1,0,19057,14.218033404055767
qwen35_2b,Qwen3.5-2B,FRED_0045_64K,FRED_0045,64K,FRED,DIRECT_RETRIEVAL,False,0,1,74754,16.18986315786711
qwen35_2b,Qwen3.5-2B,FDA_0125_16K,FDA_0125,16K,FDA,UNANSWERABLE,False,0,1,19559,14.255544990538938
qwen35_2b,Qwen3.5-2B,CT_0052_16K,CT_0052,16K,CLINICAL_TRIALS,RETRIEVAL_CALCULATION,False,0,1,19108,14.221889161471266
qwen35_2b,Qwen3.5-2B,SEC_0052_8K,SEC_0052,8K,SEC,RETRIEVAL_CALCULATION,False,0,1,11217,13.453399256579326
qwen35_2b,Qwen3.5-2B,CT_0098_4K,CT_0098,4K,CLINICAL_TRIALS,ENTITY_UNIT_BINDING,True,1,0,5003,12.288577736992703
qwen35_2b,Qwen3.5-2B,FRED_0123_16K,FRED_0123,16K,FRED,UNANSWERABLE,True,1,0,19211,14.229644997849691
qwen35_2b,Qwen3.5-2B,FDA_0092_32K,FDA_0092,32K,FDA,ENTITY_UNIT_BINDING,False,0,1,38599,15.236275851039464
qwen35_2b,Qwen3.5-2B,FDA_0023_4K,FDA_0023,4K,FDA,UNANSWERABLE,True,1,0,5002,12.28828934218097
qwen35_2b,Qwen3.5-2B,FDA_0043_82K,FDA_0043,82K,FDA,DIRECT_RETRIEVAL,True,1,0,97204,16.568728062325224
qwen35_2b,Qwen3.5-2B,FRED_0064_16K,FRED_0064,16K,FRED,RETRIEVAL_CALCULATION,False,0,1,18890,14.205335081275733
qwen35_2b,Qwen3.5-2B,SEC_0011_82K,SEC_0011,82K,SEC,RETRIEVAL_CALCULATION,False,0,1,110232,16.7501835689421
qwen35_2b,Qwen3.5-2B,CT_0043_4K,CT_0043,4K,CLINICAL_TRIALS,DIRECT_RETRIEVAL,True,1,0,4999,12.287423811683523
qwen35_2b,Qwen3.5-2B,FRED_0010_16K,FRED_0010,16K,FRED,RETRIEVAL_CALCULATION,False,0,1,19038,14.216594306638793
qwen35_2b,Qwen3.5-2B,FDA_0120_4K,FDA_0120,4K,FDA,UNANSWERABLE,False,0,1,5010,12.290594888082572
qwen35_2b,Qwen3.5-2B,CT_0039_4K,CT_0039,4K,CLINICAL_TRIALS,DIRECT_RETRIEVAL,True,1,0,4914,12.262682142362165
qwen35_2b,Qwen3.5-2B,SEC_0079_4K,SEC_0079,4K,SEC,TEMPORAL_VERSION,True,1,0,5708,12.478769619475763
qwen35_2b,Qwen3.5-2B,FDA_0014_32K,FDA_0014,32K,FDA,RETRIEVAL_CALCULATION,False,0,1,38634,15.237583435359321
qwen35_2b,Qwen3.5-2B,CT_0063_32K,CT_0063,32K,CLINICAL_TRIALS,RETRIEVAL_CALCULATION,False,0,1,37816,15.20670914935865
qwen35_2b,Qwen3.5-2B,FDA_0114_64K,FDA_0114,64K,FDA,UNANSWERABLE,False,0,1,77540,16.242653114638543
qwen35_2b,Qwen3.5-2B,CT_0087_32K,CT_0087,32K,CLINICAL_TRIALS,ENTITY_UNIT_BINDING,True,1,0,38297,15.224943762440184
qwen35_2b,Qwen3.5-2B,SEC_0089_8K,SEC_0089,8K,SEC,TEMPORAL_VERSION,True,1,0,11291,13.462885645213246
qwen35_2b,Qwen3.5-2B,FDA_0018_64K,FDA_0018,64K,FDA,TEMPORAL_VERSION,False,0,1,78056,16.25222191293836
qwen35_2b,Qwen3.5-2B,FRED_0104_64K,FRED_0104,64K,FRED,ENTITY_UNIT_BINDING,False,0,1,74792,16.19059634247564
qwen35_2b,Qwen3.5-2B,CT_0044_64K,CT_0044,64K,CLINICAL_TRIALS,DIRECT_RETRIEVAL,True,1,0,75845,16.21076645503864
qwen35_2b,Qwen3.5-2B,CT_0089_82K,CT_0089,82K,CLINICAL_TRIALS,ENTITY_UNIT_BINDING,True,1,0,95106,16.5372487395332
qwen35_2b,Qwen3.5-2B,FRED_0017_4K,FRED_0017,4K,FRED,TEMPORAL_VERSION,True,1,0,4987,12.283956487665113
qwen35_2b,Qwen3.5-2B,FDA_0023_82K,FDA_0023,82K,FDA,UNANSWERABLE,False,0,1,97482,16.572848230123242
qwen35_2b,Qwen3.5-2B,CT_0077_16K,CT_0077,16K,CLINICAL_TRIALS,ENTITY_UNIT_BINDING,True,1,0,19383,14.242504260424534
qwen35_2b,Qwen3.5-2B,SEC_0097_82K,SEC_0097,82K,SEC,ENTITY_UNIT_BINDING,False,0,1,110772,16.75723372977586
qwen35_2b,Qwen3.5-2B,CT_0007_32K,CT_0007,32K,CLINICAL_TRIALS,ENTITY_UNIT_BINDING,True,1,0,37910,15.210290836058007
qwen35_2b,Qwen3.5-2B,FDA_0037_16K,FDA_0037,16K,FDA,DIRECT_RETRIEVAL,True,1,0,19438,14.246592165441838
qwen35_2b,Qwen3.5-2B,SEC_0124_32K,SEC_0124,32K,SEC,UNANSWERABLE,True,1,0,44181,15.43113845280836
qwen35_2b,Qwen3.5-2B,FRED_0001_32K,FRED_0001,32K,FRED,DIRECT_RETRIEVAL,False,0,1,38047,15.215495081484509
qwen35_2b,Qwen3.5-2B,FRED_0010_8K,FRED_0010,8K,FRED,RETRIEVAL_CALCULATION,False,0,1,9669,13.239150973780701
qwen35_2b,Qwen3.5-2B,FDA_0016_8K,FDA_0016,8K,FDA,RETRIEVAL_CALCULATION,False,0,1,9890,13.271754805646474
qwen35_2b,Qwen3.5-2B,SEC_0042_8K,SEC_0042,8K,SEC,DIRECT_RETRIEVAL,False,0,1,11140,13.443461612227393
qwen35_2b,Qwen3.5-2B,CT_0081_8K,CT_0081,8K,CLINICAL_TRIALS,ENTITY_UNIT_BINDING,True,1,0,9763,13.253108815655365
qwen35_2b,Qwen3.5-2B,FDA_0063_4K,FDA_0063,4K,FDA,RETRIEVAL_CALCULATION,False,0,1,5083,12.311464515448444
qwen35_2b,Qwen3.5-2B,SEC_0004_8K,SEC_0004,8K,SEC,DIRECT_RETRIEVAL,True,1,0,11216,13.453270634010623
qwen35_2b,Qwen3.5-2B,CT_0092_4K,CT_0092,4K,CLINICAL_TRIALS,ENTITY_UNIT_BINDING,True,1,0,5036,12.298062567719017
qwen35_2b,Qwen3.5-2B,CT_0096_82K,CT_0096,82K,CLINICAL_TRIALS,ENTITY_UNIT_BINDING,True,1,0,94611,16.52972030859898
qwen35_2b,Qwen3.5-2B,FDA_0035_32K,FDA_0035,32K,FDA,DIRECT_RETRIEVAL,True,1,0,38782,15.243099585151974
qwen35_2b,Qwen3.5-2B,FDA_0066_4K,FDA_0066,4K,FDA,RETRIEVAL_CALCULATION,False,0,1,5074,12.308907804063939
qwen35_2b,Qwen3.5-2B,FRED_0103_82K,FRED_0103,82K,FRED,ENTITY_UNIT_BINDING,False,0,1,94514,16.52824042565133
qwen35_2b,Qwen3.5-2B,FDA_0089_8K,FDA_0089,8K,FDA,TEMPORAL_VERSION,True,1,0,9986,13.285691191330093
qwen35_2b,Qwen3.5-2B,FDA_0093_82K,FDA_0093,82K,FDA,ENTITY_UNIT_BINDING,False,0,1,96641,16.56034776268488
qwen35_2b,Qwen3.5-2B,FDA_0109_16K,FDA_0109,16K,FDA,UNANSWERABLE,False,0,1,19593,14.25805069363052
qwen35_2b,Qwen3.5-2B,FDA_0124_16K,FDA_0124,16K,FDA,UNANSWERABLE,False,0,1,19455,14.247853359860217
qwen35_2b,Qwen3.5-2B,FRED_0119_4K,FRED_0119,4K,FRED,UNANSWERABLE,True,1,0,4980,12.281930026955443
qwen35_2b,Qwen3.5-2B,SEC_0114_16K,SEC_0114,16K,SEC,UNANSWERABLE,True,1,0,22169,14.436256074085794
qwen35_2b,Qwen3.5-2B,FDA_0025_32K,FDA_0025,32K,FDA,UNANSWERABLE,False,0,1,38678,15.239225576001205
qwen35_2b,Qwen3.5-2B,FDA_0022_32K,FDA_0022,32K,FDA,UNANSWERABLE,False,0,1,38841,15.245292724396897
qwen35_2b,Qwen3.5-2B,CT_0059_16K,CT_0059,16K,CLINICAL_TRIALS,RETRIEVAL_CALCULATION,False,0,1,19200,14.228818690495881
qwen35_2b,Qwen3.5-2B,CT_0017_16K,CT_0017,16K,CLINICAL_TRIALS,ENTITY_UNIT_BINDING,False,0,1,19420,14.245255580306555
qwen35_2b,Qwen3.5-2B,SEC_0057_4K,SEC_0057,4K,SEC,RETRIEVAL_CALCULATION,False,0,1,5760,12.491853096329674
qwen35_2b,Qwen3.5-2B,FRED_0032_4K,FRED_0032,4K,FRED,DIRECT_RETRIEVAL,True,1,0,4994,12.285980105928212
qwen35_2b,Qwen3.5-2B,FRED_0016_64K,FRED_0016,64K,FRED,RETRIEVAL_CALCULATION,False,0,1,75025,16.195083793373012
qwen35_2b,Qwen3.5-2B,FDA_0116_8K,FDA_0116,8K,FDA,UNANSWERABLE,False,0,1,9914,13.275251543470327
qwen35_2b,Qwen3.5-2B,FRED_0008_16K,FRED_0008,16K,FRED,ENTITY_UNIT_BINDING,False,0,1,18972,14.211584153079526
qwen35_2b,Qwen3.5-2B,FRED_0075_16K,FRED_0075,16K,FRED,TEMPORAL_VERSION,False,0,1,19164,14.226111098132389
qwen35_2b,Qwen3.5-2B,CT_0078_64K,CT_0078,64K,CLINICAL_TRIALS,ENTITY_UNIT_BINDING,False,0,1,75700,16.208005679760458
qwen35_2b,Qwen3.5-2B,FRED_0002_16K,FRED_0002,16K,FRED,DIRECT_RETRIEVAL,False,0,1,19218,14.23017058349584
qwen35_2b,Qwen3.5-2B,FDA_0038_82K,FDA_0038,82K,FDA,DIRECT_RETRIEVAL,True,1,0,97029,16.566128383584005
qwen35_2b,Qwen3.5-2B,FRED_0021_16K,FRED_0021,16K,FRED,UNANSWERABLE,True,1,0,19167,14.22633692501567
qwen35_2b,Qwen3.5-2B,FDA_0037_8K,FDA_0037,8K,FDA,DIRECT_RETRIEVAL,True,1,0,9750,13.251186503524336
qwen35_2b,Qwen3.5-2B,FDA_0060_16K,FDA_0060,16K,FDA,RETRIEVAL_CALCULATION,False,0,1,19483,14.249928220824193
qwen35_2b,Qwen3.5-2B,CT_0046_8K,CT_0046,8K,CLINICAL_TRIALS,RETRIEVAL_CALCULATION,False,0,1,9716,13.246146774635864
qwen35_2b,Qwen3.5-2B,FRED_0072_82K,FRED_0072,82K,FRED,RETRIEVAL_CALCULATION,False,0,1,94604,16.52961356372895
qwen35_2b,Qwen3.5-2B,FDA_0117_82K,FDA_0117,82K,FDA,UNANSWERABLE,False,0,1,97352,16.57092299753398
qwen35_2b,Qwen3.5-2B,CT_0110_8K,CT_0110,8K,CLINICAL_TRIALS,UNANSWERABLE,False,0,1,9625,13.232570825356989
qwen35_2b,Qwen3.5-2B,CT_0092_82K,CT_0092,82K,CLINICAL_TRIALS,ENTITY_UNIT_BINDING,True,1,0,94611,16.52972030859898
qwen35_2b,Qwen3.5-2B,FRED_0093_82K,FRED_0093,82K,FRED,ENTITY_UNIT_BINDING,False,0,1,94731,16.531548993498113
qwen35_2b,Qwen3.5-2B,FDA_0094_82K,FDA_0094,82K,FDA,ENTITY_UNIT_BINDING,True,1,0,96504,16.558301121521517
qwen35_2b,Qwen3.5-2B,FRED_0005_64K,FRED_0005,64K,FRED,DIRECT_RETRIEVAL,False,0,1,74865,16.19200378411001
qwen35_2b,Qwen3.5-2B,FDA_0051_82K,FDA_0051,82K,FDA,RETRIEVAL_CALCULATION,False,0,1,96933,16.564700281840008
qwen35_2b,Qwen3.5-2B,FDA_0074_64K,FDA_0074,64K,FDA,RETRIEVAL_CALCULATION,False,0,1,76949,16.231614957507546
qwen35_2b,Qwen3.5-2B,FRED_0070_16K,FRED_0070,16K,FRED,RETRIEVAL_CALCULATION,False,0,1,19055,14.217881987699531
qwen35_2b,Qwen3.5-2B,CT_0048_82K,CT_0048,82K,CLINICAL_TRIALS,RETRIEVAL_CALCULATION,False,0,1,95314,16.54040051652988
qwen35_2b,Qwen3.5-2B,FDA_0045_32K,FDA_0045,32K,FDA,DIRECT_RETRIEVAL,False,0,1,38760,15.242280950302444
qwen35_2b,Qwen3.5-2B,FRED_0062_16K,FRED_0062,16K,FRED,RETRIEVAL_CALCULATION,False,0,1,19111,14.222115650135624
qwen35_2b,Qwen3.5-2B,SEC_0089_64K,SEC_0089,64K,SEC,TEMPORAL_VERSION,False,0,1,88232,16.42901436717471
qwen35_2b,Qwen3.5-2B,CT_0030_8K,CT_0030,8K,CLINICAL_TRIALS,DIRECT_RETRIEVAL,True,1,0,9668,13.239001757765582
qwen35_2b,Qwen3.5-2B,CT_0070_8K,CT_0070,8K,CLINICAL_TRIALS,RETRIEVAL_CALCULATION,False,0,1,9919,13.275978964975623
qwen35_2b,Qwen3.5-2B,FRED_0085_82K,FRED_0085,82K,FRED,TEMPORAL_VERSION,False,0,1,95386,16.5414899139906
qwen35_2b,Qwen3.5-2B,CT_0067_16K,CT_0067,16K,CLINICAL_TRIALS,RETRIEVAL_CALCULATION,False,0,1,19479,14.249631994748333
qwen35_2b,Qwen3.5-2B,CT_0013_32K,CT_0013,32K,CLINICAL_TRIALS,RETRIEVAL_CALCULATION,False,0,1,38393,15.228555675238912
qwen35_2b,Qwen3.5-2B,FDA_0060_4K,FDA_0060,4K,FDA,RETRIEVAL_CALCULATION,False,0,1,4968,12.278449458220482
qwen35_2b,Qwen3.5-2B,CT_0100_64K,CT_0100,64K,CLINICAL_TRIALS,ENTITY_UNIT_BINDING,True,1,0,75560,16.20533508127573
qwen35_2b,Qwen3.5-2B,FDA_0098_64K,FDA_0098,64K,FDA,ENTITY_UNIT_BINDING,False,0,1,76894,16.230583409362627
qwen35_2b,Qwen3.5-2B,SEC_0087_82K,SEC_0087,82K,SEC,TEMPORAL_VERSION,False,0,1,110219,16.75001341742949
qwen35_2b,Qwen3.5-2B,FRED_0039_82K,FRED_0039,82K,FRED,DIRECT_RETRIEVAL,False,0,1,96099,16.552233798034976
qwen35_2b,Qwen3.5-2B,SEC_0080_4K,SEC_0080,4K,SEC,TEMPORAL_VERSION,True,1,0,5740,12.486835021563051
qwen35_2b,Qwen3.5-2B,FRED_0059_64K,FRED_0059,64K,FRED,RETRIEVAL_CALCULATION,False,0,1,76437,16.221983536069217
qwen35_2b,Qwen3.5-2B,CT_0067_4K,CT_0067,4K,CLINICAL_TRIALS,RETRIEVAL_CALCULATION,False,0,1,5036,12.298062567719017
qwen35_2b,Qwen3.5-2B,FDA_0110_8K,FDA_0110,8K,FDA,UNANSWERABLE,False,0,1,9828,13.262682142362165
qwen35_2b,Qwen3.5-2B,FDA_0023_8K,FDA_0023,8K,FDA,UNANSWERABLE,False,0,1,9896,13.27262978497637
qwen35_2b,Qwen3.5-2B,FDA_0044_16K,FDA_0044,16K,FDA,DIRECT_RETRIEVAL,True,1,0,19423,14.245478430505111
qwen35_2b,Qwen3.5-2B,FRED_0038_16K,FRED_0038,16K,FRED,DIRECT_RETRIEVAL,True,1,0,18854,14.202583012749797
qwen35_2b,Qwen3.5-2B,FRED_0019_16K,FRED_0019,16K,FRED,TEMPORAL_VERSION,False,0,1,18847,14.202047278132557
qwen35_2b,Qwen3.5-2B,FDA_0088_4K,FDA_0088,4K,FDA,TEMPORAL_VERSION,True,1,0,5028,12.295768934420508
qwen35_2b,Qwen3.5-2B,SEC_0028_4K,SEC_0028,4K,SEC,DIRECT_RETRIEVAL,True,1,0,5624,12.457380879072534
qwen35_2b,Qwen3.5-2B,CT_0057_82K,CT_0057,82K,CLINICAL_TRIALS,RETRIEVAL_CALCULATION,False,0,1,95008,16.535761377986656
qwen35_2b,Qwen3.5-2B,FDA_0074_32K,FDA_0074,32K,FDA,RETRIEVAL_CALCULATION,False,0,1,38554,15.234592927907459
qwen35_2b,Qwen3.5-2B,FRED_0116_32K,FRED_0116,32K,FRED,UNANSWERABLE,True,1,0,38238,15.2227194461333
qwen35_2b,Qwen3.5-2B,FDA_0123_64K,FDA_0123,64K,FDA,UNANSWERABLE,False,0,1,77567,16.24315538425239
qwen35_2b,Qwen3.5-2B,FDA_0011_16K,FDA_0011,16K,FDA,RETRIEVAL_CALCULATION,False,0,1,19533,14.253625923896452
qwen35_2b,Qwen3.5-2B,SEC_0025_82K,SEC_0025,82K,SEC,UNANSWERABLE,True,1,0,110150,16.749109969475608
qwen35_2b,Qwen3.5-2B,SEC_0045_8K,SEC_0045,8K,SEC,DIRECT_RETRIEVAL,False,0,1,11176,13.448116305409464
qwen35_2b,Qwen3.5-2B,FRED_0059_82K,FRED_0059,82K,FRED,RETRIEVAL_CALCULATION,False,0,1,96077,16.551903483208587
qwen35_2b,Qwen3.5-2B,SEC_0094_16K,SEC_0094,16K,SEC,ENTITY_UNIT_BINDING,False,0,1,21998,14.425084743242847
qwen35_2b,Qwen3.5-2B,FRED_0102_32K,FRED_0102,32K,FRED,ENTITY_UNIT_BINDING,False,0,1,37613,15.198943759379272
qwen35_2b,Qwen3.5-2B,SEC_0103_8K,SEC_0103,8K,SEC,ENTITY_UNIT_BINDING,True,1,0,11307,13.464928580385513
qwen35_2b,Qwen3.5-2B,FDA_0118_82K,FDA_0118,82K,FDA,UNANSWERABLE,False,0,1,97507,16.573218172799187
qwen35_2b,Qwen3.5-2B,SEC_0078_82K,SEC_0078,82K,SEC,TEMPORAL_VERSION,False,0,1,110236,16.750235919216646
qwen35_2b,Qwen3.5-2B,FRED_0020_16K,FRED_0020,16K,FRED,TEMPORAL_VERSION,False,0,1,19207,14.229344577203932
qwen35_2b,Qwen3.5-2B,CT_0047_32K,CT_0047,32K,CLINICAL_TRIALS,RETRIEVAL_CALCULATION,False,0,1,37857,15.208272467912543
qwen35_2b,Qwen3.5-2B,CT_0008_32K,CT_0008,32K,CLINICAL_TRIALS,ENTITY_UNIT_BINDING,False,0,1,38047,15.215495081484509
qwen35_2b,Qwen3.5-2B,SEC_0038_32K,SEC_0038,32K,SEC,DIRECT_RETRIEVAL,False,0,1,44111,15.42885084636561
qwen35_2b,Qwen3.5-2B,CT_0098_16K,CT_0098,16K,CLINICAL_TRIALS,ENTITY_UNIT_BINDING,True,1,0,19269,14.233994081827822
qwen35_2b,Qwen3.5-2B,CT_0074_16K,CT_0074,16K,CLINICAL_TRIALS,ENTITY_UNIT_BINDING,True,1,0,19226,14.230771018439848
qwen35_2b,Qwen3.5-2B,CT_0010_8K,CT_0010,8K,CLINICAL_TRIALS,RETRIEVAL_CALCULATION,False,0,1,9670,13.239300174364203
qwen35_2b,Qwen3.5-2B,SEC_0079_8K,SEC_0079,8K,SEC,TEMPORAL_VERSION,True,1,0,11097,13.437882085845152
qwen35_2b,Qwen3.5-2B,SEC_0071_32K,SEC_0071,32K,SEC,RETRIEVAL_CALCULATION,False,0,1,44029,15.426166457269083
qwen35_2b,Qwen3.5-2B,CT_0034_8K,CT_0034,8K,CLINICAL_TRIALS,DIRECT_RETRIEVAL,True,1,0,9682,13.241089378860856
qwen35_2b,Qwen3.5-2B,FRED_0049_16K,FRED_0049,16K,FRED,RETRIEVAL_CALCULATION,False,0,1,18938,14.20899635859037
qwen35_2b,Qwen3.5-2B,SEC_0015_8K,SEC_0015,8K,SEC,RETRIEVAL_CALCULATION,False,0,1,11365,13.47231006370521
qwen35_2b,Qwen3.5-2B,SEC_0090_16K,SEC_0090,16K,SEC,TEMPORAL_VERSION,False,0,1,22306,14.445144206553637
qwen35_2b,Qwen3.5-2B,SEC_0104_8K,SEC_0104,8K,SEC,ENTITY_UNIT_BINDING,True,1,0,11069,13.434237271026891
qwen35_2b,Qwen3.5-2B,SEC_0024_16K,SEC_0024,16K,SEC,UNANSWERABLE,True,1,0,22131,14.433781021038394
qwen35_2b,Qwen3.5-2B,FDA_0106_16K,FDA_0106,16K,FDA,UNANSWERABLE,False,0,1,19546,14.254585776309431
qwen35_2b,Qwen3.5-2B,FDA_0009_64K,FDA_0009,64K,FDA,ENTITY_UNIT_BINDING,False,0,1,76853,16.22981395697554
qwen35_2b,Qwen3.5-2B,FDA_0070_8K,FDA_0070,8K,FDA,RETRIEVAL_CALCULATION,False,0,1,9765,13.253404328774154
qwen35_2b,Qwen3.5-2B,FDA_0029_8K,FDA_0029,8K,FDA,DIRECT_RETRIEVAL,True,1,0,9862,13.267664537501119
qwen35_2b,Qwen3.5-2B,FDA_0025_64K,FDA_0025,64K,FDA,UNANSWERABLE,True,1,0,77323,16.238609992281738
qwen35_2b,Qwen3.5-2B,CT_0075_32K,CT_0075,32K,CLINICAL_TRIALS,ENTITY_UNIT_BINDING,True,1,0,38372,15.227766341646404
qwen35_2b,Qwen3.5-2B,FDA_0102_16K,FDA_0102,16K,FDA,ENTITY_UNIT_BINDING,True,1,0,19403,14.24399211188512
qwen35_2b,Qwen3.5-2B,CT_0067_64K,CT_0067,64K,CLINICAL_TRIALS,RETRIEVAL_CALCULATION,False,0,1,76729,16.227484332098378
qwen35_2b,Qwen3.5-2B,FDA_0052_82K,FDA_0052,82K,FDA,RETRIEVAL_CALCULATION,False,0,1,97014,16.565905335850704
qwen35_2b,Qwen3.5-2B,CT_0088_16K,CT_0088,16K,CLINICAL_TRIALS,ENTITY_UNIT_BINDING,False,0,1,19297,14.236088956496836
qwen35_2b,Qwen3.5-2B,FDA_0012_32K,FDA_0012,32K,FDA,RETRIEVAL_CALCULATION,False,0,1,38733,15.2412756267847
qwen35_2b,Qwen3.5-2B,SEC_0009_16K,SEC_0009,16K,SEC,RETRIEVAL_CALCULATION,False,0,1,22259,14.44210115967553
qwen35_2b,Qwen3.5-2B,SEC_0018_8K,SEC_0018,8K,SEC,TEMPORAL_VERSION,True,1,0,11111,13.439701045971955
qwen35_2b,Qwen3.5-2B,FDA_0115_8K,FDA_0115,8K,FDA,UNANSWERABLE,False,0,1,9885,13.271025250616571
qwen35_2b,Qwen3.5-2B,FRED_0044_82K,FRED_0044,82K,FRED,DIRECT_RETRIEVAL,False,0,1,96088,16.55206865007526
qwen35_2b,Qwen3.5-2B,FRED_0078_4K,FRED_0078,4K,FRED,TEMPORAL_VERSION,True,1,0,4977,12.28106067167702
qwen35_2b,Qwen3.5-2B,FDA_0056_16K,FDA_0056,16K,FDA,RETRIEVAL_CALCULATION,False,0,1,19461,14.248298224199509
qwen35_2b,Qwen3.5-2B,FDA_0084_16K,FDA_0084,16K,FDA,TEMPORAL_VERSION,True,1,0,19710,14.266640155930848
qwen35_2b,Qwen3.5-2B,FDA_0101_4K,FDA_0101,4K,FDA,ENTITY_UNIT_BINDING,False,0,1,4969,12.27873982655011
qwen35_2b,Qwen3.5-2B,CT_0084_32K,CT_0084,32K,CLINICAL_TRIALS,ENTITY_UNIT_BINDING,False,0,1,38415,15.229382133205988
qwen35_2b,Qwen3.5-2B,SEC_0009_8K,SEC_0009,8K,SEC,RETRIEVAL_CALCULATION,False,0,1,11248,13.457380879072534
qwen35_2b,Qwen3.5-2B,SEC_0105_32K,SEC_0105,32K,SEC,ENTITY_UNIT_BINDING,False,0,1,44148,15.430060461694131
qwen35_2b,Qwen3.5-2B,SEC_0087_32K,SEC_0087,32K,SEC,TEMPORAL_VERSION,False,0,1,44061,15.42721461808959
qwen35_2b,Qwen3.5-2B,FRED_0103_16K,FRED_0103,16K,FRED,ENTITY_UNIT_BINDING,True,1,0,18874,14.204112587787996
qwen35_2b,Qwen3.5-2B,CT_0046_32K,CT_0046,32K,CLINICAL_TRIALS,RETRIEVAL_CALCULATION,False,0,1,38091,15.217162542906287
qwen35_2b,Qwen3.5-2B,CT_0048_16K,CT_0048,16K,CLINICAL_TRIALS,RETRIEVAL_CALCULATION,False,0,1,19173,14.226788472762982
qwen35_2b,Qwen3.5-2B,FDA_0061_64K,FDA_0061,64K,FDA,RETRIEVAL_CALCULATION,False,0,1,77188,16.236088956496836
qwen35_2b,Qwen3.5-2B,CT_0114_64K,CT_0114,64K,CLINICAL_TRIALS,UNANSWERABLE,False,0,1,75815,16.210195693443083
qwen35_2b,Qwen3.5-2B,SEC_0064_4K,SEC_0064,4K,SEC,RETRIEVAL_CALCULATION,False,0,1,5746,12.488342277532524
qwen35_2b,Qwen3.5-2B,FRED_0092_32K,FRED_0092,32K,FRED,ENTITY_UNIT_BINDING,False,0,1,38329,15.226148738401143
qwen35_2b,Qwen3.5-2B,FDA_0043_8K,FDA_0043,8K,FDA,DIRECT_RETRIEVAL,True,1,0,9824,13.262094845370179
qwen35_2b,Qwen3.5-2B,CT_0045_82K,CT_0045,82K,CLINICAL_TRIALS,DIRECT_RETRIEVAL,True,1,0,95036,16.536186494922074
qwen35_2b,Qwen3.5-2B,CT_0079_8K,CT_0079,8K,CLINICAL_TRIALS,ENTITY_UNIT_BINDING,True,1,0,9742,13.250002267840449
qwen35_2b,Qwen3.5-2B,FRED_0019_8K,FRED_0019,8K,FRED,TEMPORAL_VERSION,False,0,1,9508,13.214926187942435
qwen35_2b,Qwen3.5-2B,FDA_0054_32K,FDA_0054,32K,FDA,RETRIEVAL_CALCULATION,False,0,1,38659,15.238516699103254
qwen35_2b,Qwen3.5-2B,FDA_0124_4K,FDA_0124,4K,FDA,UNANSWERABLE,False,0,1,4972,12.279610581052484
qwen35_2b,Qwen3.5-2B,CT_0050_16K,CT_0050,16K,CLINICAL_TRIALS,RETRIEVAL_CALCULATION,False,0,1,19140,14.224303209373389
qwen35_2b,Qwen3.5-2B,FDA_0105_8K,FDA_0105,8K,FDA,ENTITY_UNIT_BINDING,True,1,0,9807,13.259596162488423
qwen35_2b,Qwen3.5-2B,FRED_0068_8K,FRED_0068,8K,FRED,RETRIEVAL_CALCULATION,False,0,1,9517,13.216291155757055
qwen35_2b,Qwen3.5-2B,CT_0042_4K,CT_0042,4K,CLINICAL_TRIALS,DIRECT_RETRIEVAL,False,0,1,4966,12.27786854617684
qwen35_2b,Qwen3.5-2B,CT_0121_8K,CT_0121,8K,CLINICAL_TRIALS,UNANSWERABLE,False,0,1,9661,13.237956813306198
qwen35_2b,Qwen3.5-2B,CT_0022_8K,CT_0022,8K,CLINICAL_TRIALS,UNANSWERABLE,False,0,1,9651,13.236462721373895
qwen35_2b,Qwen3.5-2B,FRED_0047_4K,FRED_0047,4K,FRED,RETRIEVAL_CALCULATION,False,0,1,4965,12.277578002415737
qwen35_2b,Qwen3.5-2B,FRED_0105_32K,FRED_0105,32K,FRED,ENTITY_UNIT_BINDING,False,0,1,37600,15.198445041452363
qwen35_2b,Qwen3.5-2B,FDA_0117_8K,FDA_0117,8K,FDA,UNANSWERABLE,False,0,1,9841,13.264589208126823
qwen35_2b,Qwen3.5-2B,FDA_0057_64K,FDA_0057,64K,FDA,RETRIEVAL_CALCULATION,False,0,1,77276,16.23773279813416
qwen35_2b,Qwen3.5-2B,FDA_0048_8K,FDA_0048,8K,FDA,RETRIEVAL_CALCULATION,False,0,1,9876,13.269711121142782
qwen35_2b,Qwen3.5-2B,SEC_0102_16K,SEC_0102,16K,SEC,ENTITY_UNIT_BINDING,True,1,0,22266,14.442554786418683
qwen35_2b,Qwen3.5-2B,FDA_0001_82K,FDA_0001,82K,FDA,DIRECT_RETRIEVAL,True,1,0,96999,16.5656822536278
qwen35_2b,Qwen3.5-2B,FRED_0053_16K,FRED_0053,16K,FRED,RETRIEVAL_CALCULATION,True,1,0,18959,14.210595250268323
qwen35_2b,Qwen3.5-2B,SEC_0121_64K,SEC_0121,64K,SEC,UNANSWERABLE,True,1,0,87352,16.414553114827143
qwen35_2b,Qwen3.5-2B,CT_0051_32K,CT_0051,32K,CLINICAL_TRIALS,RETRIEVAL_CALCULATION,False,0,1,38019,15.214432965349326
qwen35_2b,Qwen3.5-2B,FRED_0037_8K,FRED_0037,8K,FRED,DIRECT_RETRIEVAL,False,0,1,9740,13.249706056969705
qwen35_2b,Qwen3.5-2B,CT_0066_32K,CT_0066,32K,CLINICAL_TRIALS,RETRIEVAL_CALCULATION,False,0,1,38419,15.229532347438456
qwen35_2b,Qwen3.5-2B,FRED_0086_32K,FRED_0086,32K,FRED,TEMPORAL_VERSION,False,0,1,37988,15.213256138247942
qwen35_2b,Qwen3.5-2B,CT_0015_82K,CT_0015,82K,CLINICAL_TRIALS,RETRIEVAL_CALCULATION,False,0,1,96102,16.552278835106822
qwen35_2b,Qwen3.5-2B,FDA_0036_32K,FDA_0036,32K,FDA,DIRECT_RETRIEVAL,True,1,0,38843,15.245367009708735
qwen35_2b,Qwen3.5-2B,SEC_0092_16K,SEC_0092,16K,SEC,TEMPORAL_VERSION,True,1,0,22054,14.428752724983042
qwen35_2b,Qwen3.5-2B,CT_0106_82K,CT_0106,82K,CLINICAL_TRIALS,UNANSWERABLE,True,1,0,94728,16.531503304614258
qwen35_2b,Qwen3.5-2B,FDA_0086_16K,FDA_0086,16K,FDA,TEMPORAL_VERSION,True,1,0,19707,14.26642055093143
qwen35_2b,Qwen3.5-2B,FRED_0016_32K,FRED_0016,32K,FRED,RETRIEVAL_CALCULATION,False,0,1,37625,15.199403961421789
qwen35_2b,Qwen3.5-2B,CT_0103_32K,CT_0103,32K,CLINICAL_TRIALS,ENTITY_UNIT_BINDING,False,0,1,37922,15.210747433289654
qwen35_2b,Qwen3.5-2B,FDA_0034_8K,FDA_0034,8K,FDA,DIRECT_RETRIEVAL,True,1,0,9894,13.272338184158624
qwen35_2b,Qwen3.5-2B,FDA_0004_64K,FDA_0004,64K,FDA,DIRECT_RETRIEVAL,True,1,0,77213,16.236556147464995
qwen35_2b,Qwen3.5-2B,CT_0058_16K,CT_0058,16K,CLINICAL_TRIALS,RETRIEVAL_CALCULATION,False,0,1,19142,14.224453953330569
qwen35_2b,Qwen3.5-2B,FRED_0096_64K,FRED_0096,64K,FRED,ENTITY_UNIT_BINDING,False,0,1,74937,16.1933906020556
qwen35_2b,Qwen3.5-2B,FRED_0014_64K,FRED_0014,64K,FRED,RETRIEVAL_CALCULATION,False,0,1,75319,16.200726225165184
qwen35_2b,Qwen3.5-2B,FRED_0113_4K,FRED_0113,4K,FRED,UNANSWERABLE,True,1,0,4954,12.274378153246364
qwen35_2b,Qwen3.5-2B,FRED_0022_8K,FRED_0022,8K,FRED,UNANSWERABLE,True,1,0,9530,13.218260498797305
qwen35_2b,Qwen3.5-2B,FRED_0092_4K,FRED_0092,4K,FRED,ENTITY_UNIT_BINDING,True,1,0,5000,12.287712379549449
qwen35_2b,Qwen3.5-2B,FRED_0099_8K,FRED_0099,8K,FRED,ENTITY_UNIT_BINDING,True,1,0,9508,13.214926187942435
qwen35_2b,Qwen3.5-2B,SEC_0031_32K,SEC_0031,32K,SEC,DIRECT_RETRIEVAL,False,0,1,43989,15.424855184447427
qwen35_2b,Qwen3.5-2B,FRED_0009_4K,FRED_0009,4K,FRED,ENTITY_UNIT_BINDING,False,0,1,4968,12.278449458220482
qwen35_2b,Qwen3.5-2B,CT_0093_16K,CT_0093,16K,CLINICAL_TRIALS,ENTITY_UNIT_BINDING,True,1,0,19036,14.216442739160492
qwen35_2b,Qwen3.5-2B,FDA_0122_82K,FDA_0122,82K,FDA,UNANSWERABLE,False,0,1,97467,16.572626218975138
qwen35_2b,Qwen3.5-2B,SEC_0042_64K,SEC_0042,64K,SEC,DIRECT_RETRIEVAL,False,0,1,87853,16.422803931704834
qwen35_2b,Qwen3.5-2B,FDA_0118_32K,FDA_0118,32K,FDA,UNANSWERABLE,False,0,1,38874,15.246517943188914
qwen35_2b,Qwen3.5-2B,SEC_0099_8K,SEC_0099,8K,SEC,ENTITY_UNIT_BINDING,True,1,0,11311,13.465438862481518
qwen35_2b,Qwen3.5-2B,FRED_0032_16K,FRED_0032,16K,FRED,DIRECT_RETRIEVAL,False,0,1,19138,14.224152449663665
qwen35_2b,Qwen3.5-2B,FDA_0058_16K,FDA_0058,16K,FDA,RETRIEVAL_CALCULATION,False,0,1,19382,14.24242982755771
qwen35_2b,Qwen3.5-2B,SEC_0011_32K,SEC_0011,32K,SEC,RETRIEVAL_CALCULATION,False,0,1,44274,15.43417210129042
qwen35_2b,Qwen3.5-2B,CT_0044_82K,CT_0044,82K,CLINICAL_TRIALS,DIRECT_RETRIEVAL,True,1,0,95197,16.538628489287305
qwen35_2b,Qwen3.5-2B,FDA_0068_82K,FDA_0068,82K,FDA,RETRIEVAL_CALCULATION,False,0,1,96617,16.55998943670449
qwen35_2b,Qwen3.5-2B,FDA_0108_64K,FDA_0108,64K,FDA,UNANSWERABLE,False,0,1,77463,16.241219754932132
qwen35_2b,Qwen3.5-2B,SEC_0101_16K,SEC_0101,16K,SEC,ENTITY_UNIT_BINDING,True,1,0,22235,14.44054478423887
qwen35_2b,Qwen3.5-2B,FDA_0122_32K,FDA_0122,32K,FDA,UNANSWERABLE,False,0,1,38818,15.244438168275634
qwen35_2b,Qwen3.5-2B,FDA_0103_64K,FDA_0103,64K,FDA,ENTITY_UNIT_BINDING,False,0,1,76952,16.231671202562787
qwen35_2b,Qwen3.5-2B,FDA_0078_32K,FDA_0078,32K,FDA,TEMPORAL_VERSION,True,1,0,39347,15.263966021632523
qwen35_2b,Qwen3.5-2B,CT_0024_82K,CT_0024,82K,CLINICAL_TRIALS,UNANSWERABLE,True,1,0,94759,16.531975353321204
qwen35_2b,Qwen3.5-2B,FDA_0050_32K,FDA_0050,32K,FDA,RETRIEVAL_CALCULATION,False,0,1,38822,15.244586823097082
qwen35_2b,Qwen3.5-2B,FDA_0053_4K,FDA_0053,4K,FDA,RETRIEVAL_CALCULATION,False,0,1,5030,12.29634268469289
qwen35_2b,Qwen3.5-2B,FRED_0029_64K,FRED_0029,64K,FRED,DIRECT_RETRIEVAL,False,0,1,75757,16.20909158032911
qwen35_2b,Qwen3.5-2B,CT_0001_8K,CT_0001,8K,CLINICAL_TRIALS,DIRECT_RETRIEVAL,True,1,0,9626,13.232720707964873
qwen35_2b,Qwen3.5-2B,CT_0060_82K,CT_0060,82K,CLINICAL_TRIALS,RETRIEVAL_CALCULATION,False,0,1,96267,16.554753711413536
qwen35_2b,Qwen3.5-2B,FRED_0106_64K,FRED_0106,64K,FRED,UNANSWERABLE,True,1,0,76300,16.219395436609254
qwen35_2b,Qwen3.5-2B,SEC_0020_82K,SEC_0020,82K,SEC,TEMPORAL_VERSION,False,0,1,109122,16.735582466027
qwen35_2b,Qwen3.5-2B,CT_0117_16K,CT_0117,16K,CLINICAL_TRIALS,UNANSWERABLE,False,0,1,19272,14.23421867823847
qwen35_2b,Qwen3.5-2B,SEC_0112_32K,SEC_0112,32K,SEC,UNANSWERABLE,True,1,0,44125,15.429308657933268
qwen35_2b,Qwen3.5-2B,SEC_0073_32K,SEC_0073,32K,SEC,RETRIEVAL_CALCULATION,False,0,1,43725,15.416170763696377
qwen35_2b,Qwen3.5-2B,CT_0051_82K,CT_0051,82K,CLINICAL_TRIALS,RETRIEVAL_CALCULATION,False,0,1,95131,16.537627923143432
qwen35_2b,Qwen3.5-2B,FDA_0084_64K,FDA_0084,64K,FDA,TEMPORAL_VERSION,True,1,0,77943,16.25013184097465
qwen35_2b,Qwen3.5-2B,FDA_0089_32K,FDA_0089,32K,FDA,TEMPORAL_VERSION,True,1,0,39146,15.256577277742975
qwen35_2b,Qwen3.5-2B,CT_0100_82K,CT_0100,82K,CLINICAL_TRIALS,ENTITY_UNIT_BINDING,True,1,0,94642,16.53019294096589
qwen35_2b,Qwen3.5-2B,FDA_0011_64K,FDA_0011,64K,FDA,RETRIEVAL_CALCULATION,False,0,1,77349,16.239095019583594
qwen35_2b,Qwen3.5-2B,SEC_0058_8K,SEC_0058,8K,SEC,RETRIEVAL_CALCULATION,False,0,1,11040,13.430452551665532
qwen35_2b,Qwen3.5-2B,CT_0121_4K,CT_0121,4K,CLINICAL_TRIALS,UNANSWERABLE,False,0,1,4948,12.27262978497637
qwen35_2b,Qwen3.5-2B,CT_0081_4K,CT_0081,4K,CLINICAL_TRIALS,ENTITY_UNIT_BINDING,True,1,0,4968,12.278449458220482
qwen35_2b,Qwen3.5-2B,CT_0109_82K,CT_0109,82K,CLINICAL_TRIALS,UNANSWERABLE,True,1,0,94965,16.535108275831952
qwen35_2b,Qwen3.5-2B,SEC_0080_8K,SEC_0080,8K,SEC,TEMPORAL_VERSION,True,1,0,11214,13.453013354466314
qwen35_2b,Qwen3.5-2B,FDA_0107_8K,FDA_0107,8K,FDA,UNANSWERABLE,False,0,1,9910,13.274669342073851
qwen35_2b,Qwen3.5-2B,FRED_0104_16K,FRED_0104,16K,FRED,ENTITY_UNIT_BINDING,True,1,0,18769,14.196064165921053
qwen35_2b,Qwen3.5-2B,SEC_0125_4K,SEC_0125,4K,SEC,UNANSWERABLE,True,1,0,5740,12.486835021563051
qwen35_2b,Qwen3.5-2B,FRED_0115_8K,FRED_0115,8K,FRED,UNANSWERABLE,True,1,0,9679,13.24064228571925
qwen35_2b,Qwen3.5-2B,FDA_0019_16K,FDA_0019,16K,FDA,TEMPORAL_VERSION,True,1,0,19881,14.279102704797587
qwen35_2b,Qwen3.5-2B,SEC_0072_8K,SEC_0072,8K,SEC,RETRIEVAL_CALCULATION,False,0,1,11169,13.447212401572669
qwen35_2b,Qwen3.5-2B,FRED_0051_16K,FRED_0051,16K,FRED,RETRIEVAL_CALCULATION,False,0,1,18991,14.21302825433947
qwen35_2b,Qwen3.5-2B,SEC_0095_64K,SEC_0095,64K,SEC,ENTITY_UNIT_BINDING,False,0,1,87856,16.422853195944263
qwen35_2b,Qwen3.5-2B,FDA_0027_32K,FDA_0027,32K,FDA,DIRECT_RETRIEVAL,True,1,0,38760,15.242280950302444
qwen35_2b,Qwen3.5-2B,CT_0116_82K,CT_0116,82K,CLINICAL_TRIALS,UNANSWERABLE,True,1,0,94699,16.53106157079054
qwen35_2b,Qwen3.5-2B,FDA_0101_64K,FDA_0101,64K,FDA,ENTITY_UNIT_BINDING,True,1,0,76887,16.230452068490955
qwen35_2b,Qwen3.5-2B,SEC_0035_4K,SEC_0035,4K,SEC,DIRECT_RETRIEVAL,True,1,0,5588,12.448116305409464
qwen35_2b,Qwen3.5-2B,SEC_0107_82K,SEC_0107,82K,SEC,UNANSWERABLE,True,1,0,110255,16.750484557082544
qwen35_2b,Qwen3.5-2B,FRED_0002_32K,FRED_0002,32K,FRED,DIRECT_RETRIEVAL,True,1,0,38193,15.221020625384087
qwen35_2b,Qwen3.5-2B,FRED_0042_8K,FRED_0042,8K,FRED,DIRECT_RETRIEVAL,True,1,0,9765,13.253404328774154
qwen35_2b,Qwen3.5-2B,FRED_0052_64K,FRED_0052,64K,FRED,RETRIEVAL_CALCULATION,False,0,1,75052,16.19560289712008
qwen35_2b,Qwen3.5-2B,CT_0082_32K,CT_0082,32K,CLINICAL_TRIALS,ENTITY_UNIT_BINDING,False,0,1,38260,15.223549253233475
qwen35_2b,Qwen3.5-2B,FDA_0078_8K,FDA_0078,8K,FDA,TEMPORAL_VERSION,True,1,0,9997,13.28727950610292
qwen35_2b,Qwen3.5-2B,FRED_0024_64K,FRED_0024,64K,FRED,UNANSWERABLE,True,1,0,76404,16.22136054960499
qwen35_2b,Qwen3.5-2B,FDA_0114_4K,FDA_0114,4K,FDA,UNANSWERABLE,False,0,1,5060,12.304921669581672
qwen35_2b,Qwen3.5-2B,FDA_0080_16K,FDA_0080,16K,FDA,TEMPORAL_VERSION,True,1,0,19689,14.265102218484328
qwen35_2b,Qwen3.5-2B,SEC_0083_16K,SEC_0083,16K,SEC,TEMPORAL_VERSION,True,1,0,21927,14.42042081895775
qwen35_2b,Qwen3.5-2B,SEC_0018_32K,SEC_0018,32K,SEC,TEMPORAL_VERSION,True,1,0,44406,15.438467001742435
qwen35_2b,Qwen3.5-2B,FDA_0094_32K,FDA_0094,32K,FDA,ENTITY_UNIT_BINDING,False,0,1,38512,15.233020426474496
qwen35_2b,Qwen3.5-2B,FRED_0118_32K,FRED_0118,32K,FRED,UNANSWERABLE,True,1,0,38259,15.223511545081488
qwen35_2b,Qwen3.5-2B,CT_0027_82K,CT_0027,82K,CLINICAL_TRIALS,DIRECT_RETRIEVAL,False,0,1,95085,16.536930148264616
qwen35_2b,Qwen3.5-2B,FRED_0113_82K,FRED_0113,82K,FRED,UNANSWERABLE,True,1,0,96164,16.55320928662332
qwen35_2b,Qwen3.5-2B,SEC_0031_8K,SEC_0031,8K,SEC,DIRECT_RETRIEVAL,True,1,0,11151,13.444885473582914
qwen35_2b,Qwen3.5-2B,CT_0083_4K,CT_0083,4K,CLINICAL_TRIALS,ENTITY_UNIT_BINDING,True,1,0,5005,12.289154353723356
qwen35_2b,Qwen3.5-2B,SEC_0106_82K,SEC_0106,82K,SEC,UNANSWERABLE,True,1,0,110250,16.75041913021961
qwen35_2b,Qwen3.5-2B,SEC_0110_82K,SEC_0110,82K,SEC,UNANSWERABLE,True,1,0,110318,16.75130868143183
qwen35_2b,Qwen3.5-2B,SEC_0002_4K,SEC_0002,4K,SEC,DIRECT_RETRIEVAL,True,1,0,5749,12.489095315413504
qwen35_2b,Qwen3.5-2B,FRED_0066_4K,FRED_0066,4K,FRED,RETRIEVAL_CALCULATION,False,0,1,4952,12.273795599214264
qwen35_2b,Qwen3.5-2B,FRED_0016_82K,FRED_0016,82K,FRED,RETRIEVAL_CALCULATION,False,0,1,94504,16.528087774047542
qwen35_2b,Qwen3.5-2B,SEC_0102_64K,SEC_0102,64K,SEC,ENTITY_UNIT_BINDING,True,1,0,88355,16.431024158594543
qwen35_2b,Qwen3.5-2B,FRED_0006_8K,FRED_0006,8K,FRED,ENTITY_UNIT_BINDING,False,0,1,9686,13.241685287601625
qwen35_2b,Qwen3.5-2B,SEC_0078_8K,SEC_0078,8K,SEC,TEMPORAL_VERSION,True,1,0,11164,13.446566409066067
qwen35_2b,Qwen3.5-2B,FDA_0076_16K,FDA_0076,16K,FDA,RETRIEVAL_CALCULATION,False,0,1,19383,14.242504260424534
qwen35_2b,Qwen3.5-2B,FDA_0104_64K,FDA_0104,64K,FDA,ENTITY_UNIT_BINDING,False,0,1,77008,16.232720707964873
qwen35_2b,Qwen3.5-2B,FDA_0054_4K,FDA_0054,4K,FDA,RETRIEVAL_CALCULATION,False,0,1,4965,12.277578002415737
qwen35_2b,Qwen3.5-2B,FDA_0039_32K,FDA_0039,32K,FDA,DIRECT_RETRIEVAL,True,1,0,38728,15.241089378860856
qwen35_2b,Qwen3.5-2B,CT_0025_16K,CT_0025,16K,CLINICAL_TRIALS,UNANSWERABLE,False,0,1,19037,14.216518524890075
qwen35_2b,Qwen3.5-2B,SEC_0107_64K,SEC_0107,64K,SEC,UNANSWERABLE,True,1,0,88007,16.425330658568114
qwen35_2b,Qwen3.5-2B,CT_0076_82K,CT_0076,82K,CLINICAL_TRIALS,ENTITY_UNIT_BINDING,False,0,1,95076,16.536793587609406
qwen35_2b,Qwen3.5-2B,FDA_0105_32K,FDA_0105,32K,FDA,ENTITY_UNIT_BINDING,False,0,1,38607,15.236574831957228
qwen35_2b,Qwen3.5-2B,CT_0123_16K,CT_0123,16K,CLINICAL_TRIALS,UNANSWERABLE,False,0,1,19046,14.217200417367545
qwen35_2b,Qwen3.5-2B,CT_0086_4K,CT_0086,4K,CLINICAL_TRIALS,ENTITY_UNIT_BINDING,True,1,0,5033,12.297202882496903
qwen35_2b,Qwen3.5-2B,FRED_0043_4K,FRED_0043,4K,FRED,DIRECT_RETRIEVAL,True,1,0,4953,12.274086905634414
qwen35_2b,Qwen3.5-2B,FDA_0082_4K,FDA_0082,4K,FDA,TEMPORAL_VERSION,True,1,0,5098,12.315715658022201
qwen35_2b,Qwen3.5-2B,SEC_0014_82K,SEC_0014,82K,SEC,RETRIEVAL_CALCULATION,False,0,1,110476,16.753373464490874
qwen35_2b,Qwen3.5-2B,FDA_0058_4K,FDA_0058,4K,FDA,RETRIEVAL_CALCULATION,False,0,1,4937,12.269418929741096
qwen35_2b,Qwen3.5-2B,FDA_0119_32K,FDA_0119,32K,FDA,UNANSWERABLE,False,0,1,38764,15.24242982755771
qwen35_2b,Qwen3.5-2B,FDA_0012_82K,FDA_0012,82K,FDA,RETRIEVAL_CALCULATION,False,0,1,96936,16.564744931424244
qwen35_2b,Qwen3.5-2B,CT_0123_64K,CT_0123,64K,CLINICAL_TRIALS,UNANSWERABLE,False,0,1,75548,16.20510594263943
qwen35_2b,Qwen3.5-2B,CT_0098_32K,CT_0098,32K,CLINICAL_TRIALS,ENTITY_UNIT_BINDING,True,1,0,38070,15.216366949449624
qwen35_2b,Qwen3.5-2B,FRED_0089_82K,FRED_0089,82K,FRED,TEMPORAL_VERSION,False,0,1,96053,16.551543053487446
qwen35_2b,Qwen3.5-2B,CT_0107_32K,CT_0107,32K,CLINICAL_TRIALS,UNANSWERABLE,False,0,1,37784,15.205487820150566
qwen35_2b,Qwen3.5-2B,SEC_0005_64K,SEC_0005,64K,SEC,DIRECT_RETRIEVAL,True,1,0,88216,16.428752724983042
qwen35_2b,Qwen3.5-2B,CT_0040_64K,CT_0040,64K,CLINICAL_TRIALS,DIRECT_RETRIEVAL,True,1,0,76054,16.214736506899698
qwen35_2b,Qwen3.5-2B,FDA_0096_8K,FDA_0096,8K,FDA,ENTITY_UNIT_BINDING,False,0,1,9736,13.249113452713729
qwen35_2b,Qwen3.5-2B,CT_0067_82K,CT_0067,82K,CLINICAL_TRIALS,RETRIEVAL_CALCULATION,False,0,1,96144,16.552909206533865
qwen35_2b,Qwen3.5-2B,CT_0097_4K,CT_0097,4K,CLINICAL_TRIALS,ENTITY_UNIT_BINDING,True,1,0,5010,12.290594888082572
qwen35_2b,Qwen3.5-2B,FRED_0001_64K,FRED_0001,64K,FRED,DIRECT_RETRIEVAL,False,0,1,75824,16.2103669456326
qwen35_2b,Qwen3.5-2B,FRED_0088_64K,FRED_0088,64K,FRED,TEMPORAL_VERSION,False,0,1,76215,16.217787344406233
qwen35_2b,Qwen3.5-2B,SEC_0016_82K,SEC_0016,82K,SEC,RETRIEVAL_CALCULATION,False,0,1,109745,16.743795686274662
qwen35_2b,Qwen3.5-2B,CT_0112_82K,CT_0112,82K,CLINICAL_TRIALS,UNANSWERABLE,False,0,1,95336,16.540733475260964
qwen35_2b,Qwen3.5-2B,SEC_0075_32K,SEC_0075,32K,SEC,RETRIEVAL_CALCULATION,False,0,1,43939,15.423214415640684
qwen35_2b,Qwen3.5-2B,SEC_0038_64K,SEC_0038,64K,SEC,DIRECT_RETRIEVAL,False,0,1,87869,16.423066654878006
qwen35_2b,Qwen3.5-2B,FDA_0083_4K,FDA_0083,4K,FDA,TEMPORAL_VERSION,False,0,1,5099,12.315998622628559
qwen35_2b,Qwen3.5-2B,FRED_0090_8K,FRED_0090,8K,FRED,ENTITY_UNIT_BINDING,False,0,1,9616,13.231221180711186
qwen35_2b,Qwen3.5-2B,SEC_0013_8K,SEC_0013,8K,SEC,RETRIEVAL_CALCULATION,False,0,1,11282,13.461735221604863
qwen35_2b,Qwen3.5-2B,FRED_0033_32K,FRED_0033,32K,FRED,DIRECT_RETRIEVAL,False,0,1,38231,15.222455316477769
qwen35_2b,Qwen3.5-2B,FDA_0109_32K,FDA_0109,32K,FDA,UNANSWERABLE,False,0,1,38872,15.246443717117286
qwen35_2b,Qwen3.5-2B,CT_0051_16K,CT_0051,16K,CLINICAL_TRIALS,RETRIEVAL_CALCULATION,False,0,1,19096,14.220982851081777
qwen35_2b,Qwen3.5-2B,CT_0014_8K,CT_0014,8K,CLINICAL_TRIALS,RETRIEVAL_CALCULATION,False,0,1,9830,13.262975701227942
qwen35_2b,Qwen3.5-2B,SEC_0062_32K,SEC_0062,32K,SEC,RETRIEVAL_CALCULATION,False,0,1,44263,15.433813615108791
qwen35_2b,Qwen3.5-2B,CT_0105_4K,CT_0105,4K,CLINICAL_TRIALS,ENTITY_UNIT_BINDING,True,1,0,5063,12.30577676890981
qwen35_2b,Qwen3.5-2B,SEC_0072_64K,SEC_0072,64K,SEC,RETRIEVAL_CALCULATION,False,0,1,87966,16.424658390688986
qwen35_2b,Qwen3.5-2B,SEC_0100_32K,SEC_0100,32K,SEC,ENTITY_UNIT_BINDING,False,0,1,43874,15.421078622653665
qwen35_2b,Qwen3.5-2B,FDA_0007_8K,FDA_0007,8K,FDA,ENTITY_UNIT_BINDING,False,0,1,9785,13.256356135514165
qwen35_2b,Qwen3.5-2B,FDA_0112_8K,FDA_0112,8K,FDA,UNANSWERABLE,False,0,1,9865,13.26810333561092
qwen35_2b,Qwen3.5-2B,SEC_0101_82K,SEC_0101,82K,SEC,ENTITY_UNIT_BINDING,False,0,1,110776,16.757285824853803
qwen35_2b,Qwen3.5-2B,FRED_0048_8K,FRED_0048,8K,FRED,RETRIEVAL_CALCULATION,False,0,1,9666,13.238703279427725
qwen35_2b,Qwen3.5-2B,FDA_0109_82K,FDA_0109,82K,FDA,UNANSWERABLE,False,0,1,97373,16.571234170685617
qwen35_2b,Qwen3.5-2B,FDA_0113_64K,FDA_0113,64K,FDA,UNANSWERABLE,False,0,1,77436,16.240716810865372
qwen35_2b,Qwen3.5-2B,FRED_0085_8K,FRED_0085,8K,FRED,TEMPORAL_VERSION,False,0,1,9700,13.243769031961852
qwen35_2b,Qwen3.5-2B,FDA_0023_32K,FDA_0023,32K,FDA,UNANSWERABLE,False,0,1,38857,15.245886899819187
qwen35_2b,Qwen3.5-2B,FRED_0077_64K,FRED_0077,64K,FRED,TEMPORAL_VERSION,False,0,1,76435,16.22194578697086
qwen35_2b,Qwen3.5-2B,SEC_0025_32K,SEC_0025,32K,SEC,UNANSWERABLE,True,1,0,44079,15.427803874070914
qwen35_2b,Qwen3.5-2B,SEC_0062_82K,SEC_0062,82K,SEC,RETRIEVAL_CALCULATION,False,0,1,110485,16.753490989804167
qwen35_2b,Qwen3.5-2B,FRED_0037_82K,FRED_0037,82K,FRED,DIRECT_RETRIEVAL,False,0,1,96076,16.551888467101204
qwen35_2b,Qwen3.5-2B,SEC_0086_64K,SEC_0086,64K,SEC,TEMPORAL_VERSION,False,0,1,87418,16.415642751231847
qwen35_2b,Qwen3.5-2B,CT_0118_8K,CT_0118,8K,CLINICAL_TRIALS,UNANSWERABLE,False,0,1,9737,13.249261626599843
qwen35_2b,Qwen3.5-2B,FRED_0012_8K,FRED_0012,8K,FRED,RETRIEVAL_CALCULATION,False,0,1,9579,13.22565933829125
qwen35_2b,Qwen3.5-2B,FRED_0007_82K,FRED_0007,82K,FRED,ENTITY_UNIT_BINDING,False,0,1,95070,16.536702539990753
qwen35_2b,Qwen3.5-2B,CT_0095_16K,CT_0095,16K,CLINICAL_TRIALS,ENTITY_UNIT_BINDING,True,1,0,19186,14.227766341646404
qwen35_2b,Qwen3.5-2B,CT_0017_82K,CT_0017,82K,CLINICAL_TRIALS,ENTITY_UNIT_BINDING,False,0,1,95351,16.54096044852771
qwen35_2b,Qwen3.5-2B,CT_0049_82K,CT_0049,82K,CLINICAL_TRIALS,RETRIEVAL_CALCULATION,False,0,1,95473,16.54280517266062
qwen35_2b,Qwen3.5-2B,CT_0084_8K,CT_0084,8K,CLINICAL_TRIALS,ENTITY_UNIT_BINDING,False,0,1,9745,13.250446470145253
qwen35_2b,Qwen3.5-2B,SEC_0040_32K,SEC_0040,32K,SEC,DIRECT_RETRIEVAL,False,0,1,43952,15.423641195075856
qwen35_2b,Qwen3.5-2B,FRED_0069_8K,FRED_0069,8K,FRED,RETRIEVAL_CALCULATION,False,0,1,9648,13.236014191900084
qwen35_2b,Qwen3.5-2B,CT_0072_64K,CT_0072,64K,CLINICAL_TRIALS,RETRIEVAL_CALCULATION,False,0,1,76371,16.220737294005716
qwen35_2b,Qwen3.5-2B,FRED_0006_16K,FRED_0006,16K,FRED,ENTITY_UNIT_BINDING,False,0,1,19096,14.220982851081777
qwen35_2b,Qwen3.5-2B,SEC_0043_8K,SEC_0043,8K,SEC,DIRECT_RETRIEVAL,True,1,0,11172,13.44759985827995
qwen35_2b,Qwen3.5-2B,CT_0102_16K,CT_0102,16K,CLINICAL_TRIALS,ENTITY_UNIT_BINDING,True,1,0,19186,14.227766341646404
qwen35_2b,Qwen3.5-2B,SEC_0019_32K,SEC_0019,32K,SEC,TEMPORAL_VERSION,True,1,0,44122,15.429210567683755
qwen35_2b,Qwen3.5-2B,CT_0105_64K,CT_0105,64K,CLINICAL_TRIALS,ENTITY_UNIT_BINDING,True,1,0,75700,16.208005679760458
qwen35_2b,Qwen3.5-2B,SEC_0043_64K,SEC_0043,64K,SEC,DIRECT_RETRIEVAL,False,0,1,87439,16.415989281207818
qwen35_2b,Qwen3.5-2B,FRED_0071_64K,FRED_0071,64K,FRED,RETRIEVAL_CALCULATION,False,0,1,75273,16.19984485067059
qwen35_2b,Qwen3.5-2B,CT_0055_82K,CT_0055,82K,CLINICAL_TRIALS,RETRIEVAL_CALCULATION,False,0,1,95403,16.541747012835504
qwen35_2b,Qwen3.5-2B,SEC_0054_16K,SEC_0054,16K,SEC,RETRIEVAL_CALCULATION,False,0,1,22017,14.426330282603496
qwen35_2b,Qwen3.5-2B,CT_0090_64K,CT_0090,64K,CLINICAL_TRIALS,ENTITY_UNIT_BINDING,True,1,0,75229,16.199001292663286
qwen35_2b,Qwen3.5-2B,FRED_0080_16K,FRED_0080,16K,FRED,TEMPORAL_VERSION,False,0,1,18909,14.206785448115358
qwen35_2b,Qwen3.5-2B,FDA_0055_8K,FDA_0055,8K,FDA,RETRIEVAL_CALCULATION,False,0,1,9807,13.259596162488423
qwen35_2b,Qwen3.5-2B,FDA_0094_64K,FDA_0094,64K,FDA,ENTITY_UNIT_BINDING,True,1,0,76856,16.229870272287243
qwen35_2b,Qwen3.5-2B,FRED_0022_16K,FRED_0022,16K,FRED,UNANSWERABLE,True,1,0,18875,14.204189023987166
qwen35_2b,Qwen3.5-2B,FDA_0056_64K,FDA_0056,64K,FDA,RETRIEVAL_CALCULATION,False,0,1,77170,16.235752485295425
qwen35_2b,Qwen3.5-2B,CT_0055_8K,CT_0055,8K,CLINICAL_TRIALS,RETRIEVAL_CALCULATION,False,0,1,9783,13.25606122646962
qwen35_2b,Qwen3.5-2B,CT_0096_32K,CT_0096,32K,CLINICAL_TRIALS,ENTITY_UNIT_BINDING,True,1,0,37957,15.212078350408019
qwen35_2b,Qwen3.5-2B,CT_0009_82K,CT_0009,82K,CLINICAL_TRIALS,ENTITY_UNIT_BINDING,False,0,1,94720,16.53138146051631
qwen35_2b,Qwen3.5-2B,FDA_0064_32K,FDA_0064,32K,FDA,RETRIEVAL_CALCULATION,False,0,1,38608,15.23661220021575
qwen35_2b,Qwen3.5-2B,FDA_0117_64K,FDA_0117,64K,FDA,UNANSWERABLE,True,1,0,77483,16.241592193084497
qwen35_2b,Qwen3.5-2B,CT_0065_32K,CT_0065,32K,CLINICAL_TRIALS,RETRIEVAL_CALCULATION,False,0,1,38337,15.22644982520283
qwen35_2b,Qwen3.5-2B,FDA_0017_4K,FDA_0017,4K,FDA,RETRIEVAL_CALCULATION,False,0,1,5055,12.303495376790377
qwen35_2b,Qwen3.5-2B,CT_0016_8K,CT_0016,8K,CLINICAL_TRIALS,RETRIEVAL_CALCULATION,False,0,1,9757,13.252221912938362
qwen35_2b,Qwen3.5-2B,SEC_0118_4K,SEC_0118,4K,SEC,UNANSWERABLE,True,1,0,5735,12.485577770903188
qwen35_2b,Qwen3.5-2B,CT_0104_32K,CT_0104,32K,CLINICAL_TRIALS,ENTITY_UNIT_BINDING,True,1,0,37960,15.212192371908472
qwen35_2b,Qwen3.5-2B,SEC_0066_82K,SEC_0066,82K,SEC,RETRIEVAL_CALCULATION,False,0,1,109913,16.746002506095735
qwen35_2b,Qwen3.5-2B,SEC_0056_64K,SEC_0056,64K,SEC,RETRIEVAL_CALCULATION,False,0,1,87790,16.421768993888083
qwen35_2b,Qwen3.5-2B,SEC_0025_16K,SEC_0025,16K,SEC,UNANSWERABLE,True,1,0,22006,14.425609311939068
qwen35_2b,Qwen3.5-2B,FRED_0087_4K,FRED_0087,4K,FRED,TEMPORAL_VERSION,True,1,0,5030,12.29634268469289
qwen35_2b,Qwen3.5-2B,FDA_0031_32K,FDA_0031,32K,FDA,DIRECT_RETRIEVAL,True,1,0,38733,15.2412756267847
qwen35_2b,Qwen3.5-2B,FDA_0070_82K,FDA_0070,82K,FDA,RETRIEVAL_CALCULATION,False,0,1,96477,16.557897426169557
qwen35_2b,Qwen3.5-2B,FRED_0009_8K,FRED_0009,8K,FRED,ENTITY_UNIT_BINDING,True,1,0,9702,13.244066464194818
qwen35_2b,Qwen3.5-2B,FDA_0084_82K,FDA_0084,82K,FDA,TEMPORAL_VERSION,True,1,0,97820,16.57784184422515
qwen35_2b,Qwen3.5-2B,SEC_0020_16K,SEC_0020,16K,SEC,TEMPORAL_VERSION,True,1,0,21952,14.422064766172813
qwen35_2b,Qwen3.5-2B,CT_0119_82K,CT_0119,82K,CLINICAL_TRIALS,UNANSWERABLE,True,1,0,94916,16.534363682549078
qwen35_2b,Qwen3.5-2B,FDA_0107_82K,FDA_0107,82K,FDA,UNANSWERABLE,False,0,1,97387,16.57144158217265
qwen35_2b,Qwen3.5-2B,CT_0057_16K,CT_0057,16K,CLINICAL_TRIALS,RETRIEVAL_CALCULATION,False,0,1,19073,14.219244163143573
qwen35_2b,Qwen3.5-2B,SEC_0120_32K,SEC_0120,32K,SEC,UNANSWERABLE,True,1,0,43669,15.414321873993487
qwen35_2b,Qwen3.5-2B,CT_0081_32K,CT_0081,32K,CLINICAL_TRIALS,ENTITY_UNIT_BINDING,False,0,1,38325,15.225998171433503
qwen35_2b,Qwen3.5-2B,SEC_0104_4K,SEC_0104,4K,SEC,ENTITY_UNIT_BINDING,False,0,1,5714,12.480285320936371
qwen35_2b,Qwen3.5-2B,FDA_0085_64K,FDA_0085,64K,FDA,TEMPORAL_VERSION,True,1,0,78168,16.25429050511706
qwen35_2b,Qwen3.5-2B,CT_0037_64K,CT_0037,64K,CLINICAL_TRIALS,DIRECT_RETRIEVAL,True,1,0,75674,16.207510085121587
qwen35_2b,Qwen3.5-2B,CT_0107_4K,CT_0107,4K,CLINICAL_TRIALS,UNANSWERABLE,False,0,1,4956,12.274960472140602
qwen35_2b,Qwen3.5-2B,FDA_0014_82K,FDA_0014,82K,FDA,RETRIEVAL_CALCULATION,False,0,1,96732,16.56170560745548
qwen35_2b,Qwen3.5-2B,CT_0007_82K,CT_0007,82K,CLINICAL_TRIALS,ENTITY_UNIT_BINDING,True,1,0,94543,16.528683023984254
qwen35_2b,Qwen3.5-2B,SEC_0035_32K,SEC_0035,32K,SEC,DIRECT_RETRIEVAL,False,0,1,44131,15.429504818426802
qwen35_2b,Qwen3.5-2B,FDA_0125_64K,FDA_0125,64K,FDA,UNANSWERABLE,False,0,1,77645,16.24460540387281
qwen35_2b,Qwen3.5-2B,SEC_0040_8K,SEC_0040,8K,SEC,DIRECT_RETRIEVAL,False,0,1,11040,13.430452551665532
qwen35_2b,Qwen3.5-2B,FDA_0079_64K,FDA_0079,64K,FDA,TEMPORAL_VERSION,True,1,0,77814,16.247742122338217
qwen35_2b,Qwen3.5-2B,FDA_0036_82K,FDA_0036,82K,FDA,DIRECT_RETRIEVAL,False,0,1,97129,16.567614487858314
qwen35_2b,Qwen3.5-2B,FRED_0063_32K,FRED_0063,32K,FRED,RETRIEVAL_CALCULATION,False,0,1,37746,15.204036147538904
qwen35_2b,Qwen3.5-2B,CT_0103_64K,CT_0103,64K,CLINICAL_TRIALS,ENTITY_UNIT_BINDING,False,0,1,75475,16.20371123128835
qwen35_2b,Qwen3.5-2B,SEC_0010_64K,SEC_0010,64K,SEC,RETRIEVAL_CALCULATION,False,0,1,88471,16.432917009744827
qwen35_2b,Qwen3.5-2B,CT_0066_82K,CT_0066,82K,CLINICAL_TRIALS,RETRIEVAL_CALCULATION,False,0,1,96299,16.555233196283485
qwen35_2b,Qwen3.5-2B,FRED_0115_4K,FRED_0115,4K,FRED,UNANSWERABLE,True,1,0,4936,12.269126679149418
qwen35_2b,Qwen3.5-2B,CT_0088_8K,CT_0088,8K,CLINICAL_TRIALS,ENTITY_UNIT_BINDING,True,1,0,9840,13.264442600226602
qwen35_2b,Qwen3.5-2B,FRED_0124_64K,FRED_0124,64K,FRED,UNANSWERABLE,True,1,0,76220,16.21788198769953
qwen35_2b,Qwen3.5-2B,CT_0016_32K,CT_0016,32K,CLINICAL_TRIALS,RETRIEVAL_CALCULATION,False,0,1,38135,15.218828079307237
qwen35_2b,Qwen3.5-2B,CT_0037_82K,CT_0037,82K,CLINICAL_TRIALS,DIRECT_RETRIEVAL,True,1,0,95058,16.53652042751375
qwen35_2b,Qwen3.5-2B,CT_0070_82K,CT_0070,82K,CLINICAL_TRIALS,RETRIEVAL_CALCULATION,False,0,1,96345,16.555922176715185
qwen35_2b,Qwen3.5-2B,FDA_0088_16K,FDA_0088,16K,FDA,TEMPORAL_VERSION,True,1,0,19780,14.271754805646474
qwen35_2b,Qwen3.5-2B,FRED_0084_64K,FRED_0084,64K,FRED,TEMPORAL_VERSION,False,0,1,75816,16.21021472246803
qwen35_2b,Qwen3.5-2B,FRED_0062_8K,FRED_0062,8K,FRED,RETRIEVAL_CALCULATION,False,0,1,9702,13.244066464194818
qwen35_2b,Qwen3.5-2B,FRED_0005_32K,FRED_0005,32K,FRED,DIRECT_RETRIEVAL,False,0,1,37455,15.19287070153673
qwen35_2b,Qwen3.5-2B,FDA_0061_8K,FDA_0061,8K,FDA,RETRIEVAL_CALCULATION,False,0,1,9848,13.265615046484458
qwen35_2b,Qwen3.5-2B,FDA_0034_82K,FDA_0034,82K,FDA,DIRECT_RETRIEVAL,True,1,0,97107,16.567287676237036
qwen35_2b,Qwen3.5-2B,CT_0115_8K,CT_0115,8K,CLINICAL_TRIALS,UNANSWERABLE,False,0,1,9654,13.236911111444602
qwen35_2b,Qwen3.5-2B,FDA_0053_16K,FDA_0053,16K,FDA,RETRIEVAL_CALCULATION,False,0,1,19416,14.244958393151133
qwen35_2b,Qwen3.5-2B,CT_0058_64K,CT_0058,64K,CLINICAL_TRIALS,RETRIEVAL_CALCULATION,False,0,1,75759,16.2091296672649
qwen35_2b,Qwen3.5-2B,CT_0111_32K,CT_0111,32K,CLINICAL_TRIALS,UNANSWERABLE,False,0,1,37918,15.210595250268323
qwen35_2b,Qwen3.5-2B,FDA_0038_16K,FDA_0038,16K,FDA,DIRECT_RETRIEVAL,True,1,0,19517,14.25244368973789
qwen35_2b,Qwen3.5-2B,CT_0047_8K,CT_0047,8K,CLINICAL_TRIALS,RETRIEVAL_CALCULATION,False,0,1,9590,13.227315099905493
qwen35_2b,Qwen3.5-2B,SEC_0099_32K,SEC_0099,32K,SEC,ENTITY_UNIT_BINDING,False,0,1,44177,15.431007830110529
qwen35_2b,Qwen3.5-2B,FRED_0060_4K,FRED_0060,4K,FRED,RETRIEVAL_CALCULATION,False,0,1,4968,12.278449458220482
qwen35_2b,Qwen3.5-2B,CT_0091_64K,CT_0091,64K,CLINICAL_TRIALS,ENTITY_UNIT_BINDING,True,1,0,75299,16.20034308502274
qwen35_2b,Qwen3.5-2B,CT_0115_16K,CT_0115,16K,CLINICAL_TRIALS,UNANSWERABLE,False,0,1,19000,14.213711798105672
qwen35_2b,Qwen3.5-2B,FRED_0034_64K,FRED_0034,64K,FRED,DIRECT_RETRIEVAL,False,0,1,74919,16.193044022527776
qwen35_2b,Qwen3.5-2B,CT_0020_64K,CT_0020,64K,CLINICAL_TRIALS,ENTITY_UNIT_BINDING,False,0,1,76284,16.219092873814482
qwen35_2b,Qwen3.5-2B,CT_0019_82K,CT_0019,82K,CLINICAL_TRIALS,ENTITY_UNIT_BINDING,False,0,1,95793,16.54763261552906
qwen35_2b,Qwen3.5-2B,CT_0034_32K,CT_0034,32K,CLINICAL_TRIALS,DIRECT_RETRIEVAL,True,1,0,38063,15.216101654102937
qwen35_2b,Qwen3.5-2B,FRED_0092_16K,FRED_0092,16K,FRED,ENTITY_UNIT_BINDING,False,0,1,19300,14.236313227042805
qwen35_2b,Qwen3.5-2B,FDA_0013_4K,FDA_0013,4K,FDA,RETRIEVAL_CALCULATION,False,0,1,5037,12.298349015658186
qwen35_2b,Qwen3.5-2B,FDA_0065_82K,FDA_0065,82K,FDA,RETRIEVAL_CALCULATION,False,0,1,96409,16.55688021116334
qwen35_2b,Qwen3.5-2B,CT_0087_4K,CT_0087,4K,CLINICAL_TRIALS,ENTITY_UNIT_BINDING,True,1,0,5049,12.301781962051106
qwen35_2b,Qwen3.5-2B,FRED_0009_64K,FRED_0009,64K,FRED,ENTITY_UNIT_BINDING,False,0,1,76239,16.218241575600786
qwen35_2b,Qwen3.5-2B,CT_0012_4K,CT_0012,4K,CLINICAL_TRIALS,RETRIEVAL_CALCULATION,False,0,1,4993,12.285691191330093
qwen35_2b,Qwen3.5-2B,SEC_0107_4K,SEC_0107,4K,SEC,UNANSWERABLE,True,1,0,5729,12.484067622432198
qwen35_2b,Qwen3.5-2B,FRED_0085_4K,FRED_0085,4K,FRED,TEMPORAL_VERSION,True,1,0,5009,12.290306896257901
qwen35_2b,Qwen3.5-2B,FRED_0048_82K,FRED_0048,82K,FRED,RETRIEVAL_CALCULATION,False,0,1,94737,16.53164036692527
qwen35_2b,Qwen3.5-2B,FDA_0002_64K,FDA_0002,64K,FDA,DIRECT_RETRIEVAL,True,1,0,77153,16.2354346348675
qwen35_2b,Qwen3.5-2B,FRED_0118_82K,FRED_0118,82K,FRED,UNANSWERABLE,True,1,0,95993,16.55064158503437
qwen35_2b,Qwen3.5-2B,FRED_0096_8K,FRED_0096,8K,FRED,ENTITY_UNIT_BINDING,False,0,1,9505,13.214470911535914
qwen35_2b,Qwen3.5-2B,CT_0021_82K,CT_0021,82K,CLINICAL_TRIALS,UNANSWERABLE,True,1,0,94609,16.5296898108706
qwen35_2b,Qwen3.5-2B,CT_0046_4K,CT_0046,4K,CLINICAL_TRIALS,RETRIEVAL_CALCULATION,False,0,1,4997,12.286846502735887
qwen35_2b,Qwen3.5-2B,FDA_0029_32K,FDA_0029,32K,FDA,DIRECT_RETRIEVAL,True,1,0,38859,15.24596115454363
qwen35_2b,Qwen3.5-2B,FRED_0035_64K,FRED_0035,64K,FRED,DIRECT_RETRIEVAL,False,0,1,76351,16.220359432257144
qwen35_2b,Qwen3.5-2B,CT_0109_32K,CT_0109,32K,CLINICAL_TRIALS,UNANSWERABLE,False,0,1,37944,15.211584153079526
qwen35_2b,Qwen3.5-2B,SEC_0044_8K,SEC_0044,8K,SEC,DIRECT_RETRIEVAL,True,1,0,11282,13.461735221604863
qwen35_2b,Qwen3.5-2B,CT_0102_32K,CT_0102,32K,CLINICAL_TRIALS,ENTITY_UNIT_BINDING,False,0,1,37938,15.211356004895151
qwen35_2b,Qwen3.5-2B,SEC_0118_32K,SEC_0118,32K,SEC,UNANSWERABLE,True,1,0,44025,15.426035383605933
qwen35_2b,Qwen3.5-2B,SEC_0043_32K,SEC_0043,32K,SEC,DIRECT_RETRIEVAL,False,0,1,43955,15.423739664711364
qwen35_2b,Qwen3.5-2B,SEC_0034_82K,SEC_0034,82K,SEC,DIRECT_RETRIEVAL,False,0,1,110454,16.753086140080388
qwen35_2b,Qwen3.5-2B,SEC_0042_32K,SEC_0042,32K,SEC,DIRECT_RETRIEVAL,False,0,1,44040,15.426526848451731
qwen35_2b,Qwen3.5-2B,SEC_0081_82K,SEC_0081,82K,SEC,TEMPORAL_VERSION,False,0,1,109967,16.746711124740216
qwen35_2b,Qwen3.5-2B,FRED_0018_82K,FRED_0018,82K,FRED,TEMPORAL_VERSION,False,0,1,96186,16.55353930264659
qwen35_2b,Qwen3.5-2B,SEC_0093_64K,SEC_0093,64K,SEC,TEMPORAL_VERSION,False,0,1,87630,16.4191372384377
qwen35_2b,Qwen3.5-2B,SEC_0020_4K,SEC_0020,4K,SEC,TEMPORAL_VERSION,True,1,0,5712,12.479780264029099
qwen35_2b,Qwen3.5-2B,CT_0101_4K,CT_0101,4K,CLINICAL_TRIALS,ENTITY_UNIT_BINDING,False,0,1,5051,12.302353326431202
qwen35_2b,Qwen3.5-2B,SEC_0079_32K,SEC_0079,32K,SEC,TEMPORAL_VERSION,False,0,1,44024,15.426002613329361
qwen35_2b,Qwen3.5-2B,FRED_0113_64K,FRED_0113,64K,FRED,UNANSWERABLE,True,1,0,76435,16.22194578697086
qwen35_2b,Qwen3.5-2B,FRED_0068_16K,FRED_0068,16K,FRED,RETRIEVAL_CALCULATION,False,0,1,18856,14.202736043250168
qwen35_2b,Qwen3.5-2B,CT_0087_8K,CT_0087,8K,CLINICAL_TRIALS,ENTITY_UNIT_BINDING,True,1,0,9778,13.255323690008137
qwen35_2b,Qwen3.5-2B,FRED_0095_32K,FRED_0095,32K,FRED,ENTITY_UNIT_BINDING,False,0,1,37834,15.207395692946912
qwen35_2b,Qwen3.5-2B,CT_0088_4K,CT_0088,4K,CLINICAL_TRIALS,ENTITY_UNIT_BINDING,True,1,0,5001,12.288000889707574
qwen35_2b,Qwen3.5-2B,FRED_0087_8K,FRED_0087,8K,FRED,TEMPORAL_VERSION,False,0,1,9722,13.247037418788581
qwen35_2b,Qwen3.5-2B,CT_0004_64K,CT_0004,64K,CLINICAL_TRIALS,DIRECT_RETRIEVAL,True,1,0,75998,16.213673831947144
qwen35_2b,Qwen3.5-2B,FRED_0083_8K,FRED_0083,8K,FRED,TEMPORAL_VERSION,True,1,0,9778,13.255323690008137
qwen35_2b,Qwen3.5-2B,FRED_0109_64K,FRED_0109,64K,FRED,UNANSWERABLE,True,1,0,76356,16.220453906972867
qwen35_2b,Qwen3.5-2B,CT_0106_4K,CT_0106,4K,CLINICAL_TRIALS,UNANSWERABLE,True,1,0,4942,12.270879295328784
qwen35_2b,Qwen3.5-2B,FRED_0006_64K,FRED_0006,64K,FRED,ENTITY_UNIT_BINDING,False,0,1,75865,16.211146837359976
qwen35_2b,Qwen3.5-2B,FDA_0104_16K,FDA_0104,16K,FDA,ENTITY_UNIT_BINDING,True,1,0,19466,14.248668839723136
qwen35_2b,Qwen3.5-2B,SEC_0064_64K,SEC_0064,64K,SEC,RETRIEVAL_CALCULATION,False,0,1,87946,16.424330341426376
qwen35_2b,Qwen3.5-2B,FDA_0007_16K,FDA_0007,16K,FDA,ENTITY_UNIT_BINDING,False,0,1,19402,14.243917755743324
qwen35_2b,Qwen3.5-2B,FDA_0117_4K,FDA_0117,4K,FDA,UNANSWERABLE,False,0,1,5023,12.294333559671829
qwen35_2b,Qwen3.5-2B,FRED_0103_64K,FRED_0103,64K,FRED,ENTITY_UNIT_BINDING,False,0,1,75044,16.195449108073895
qwen35_2b,Qwen3.5-2B,SEC_0071_4K,SEC_0071,4K,SEC,RETRIEVAL_CALCULATION,False,0,1,5710,12.479275030250205
qwen35_2b,Qwen3.5-2B,FDA_0098_32K,FDA_0098,32K,FDA,ENTITY_UNIT_BINDING,False,0,1,38538,15.233994081827822
qwen35_2b,Qwen3.5-2B,SEC_0113_16K,SEC_0113,16K,SEC,UNANSWERABLE,True,1,0,22133,14.43391139290193
qwen35_2b,Qwen3.5-2B,CT_0041_4K,CT_0041,4K,CLINICAL_TRIALS,DIRECT_RETRIEVAL,True,1,0,4964,12.277287400130357
qwen35_2b,Qwen3.5-2B,FDA_0064_4K,FDA_0064,4K,FDA,RETRIEVAL_CALCULATION,False,0,1,5117,12.32108251801004
qwen35_2b,Qwen3.5-2B,FDA_0017_32K,FDA_0017,32K,FDA,RETRIEVAL_CALCULATION,False,0,1,38530,15.233694565546912
qwen35_2b,Qwen3.5-2B,FRED_0100_8K,FRED_0100,8K,FRED,ENTITY_UNIT_BINDING,False,0,1,9553,13.221738149272364
qwen35_2b,Qwen3.5-2B,CT_0089_64K,CT_0089,64K,CLINICAL_TRIALS,ENTITY_UNIT_BINDING,True,1,0,75826,16.21040499891426
qwen35_2b,Qwen3.5-2B,CT_0091_82K,CT_0091,82K,CLINICAL_TRIALS,ENTITY_UNIT_BINDING,True,1,0,94385,16.52626997912482
qwen35_2b,Qwen3.5-2B,SEC_0098_64K,SEC_0098,64K,SEC,ENTITY_UNIT_BINDING,True,1,0,87929,16.424051440891663
qwen35_2b,Qwen3.5-2B,FRED_0004_4K,FRED_0004,4K,FRED,DIRECT_RETRIEVAL,True,1,0,4992,12.285402218862249
qwen35_2b,Qwen3.5-2B,CT_0092_16K,CT_0092,16K,CLINICAL_TRIALS,ENTITY_UNIT_BINDING,True,1,0,19140,14.224303209373389
qwen35_2b,Qwen3.5-2B,FRED_0049_4K,FRED_0049,4K,FRED,RETRIEVAL_CALCULATION,False,0,1,4915,12.262975701227942
qwen35_2b,Qwen3.5-2B,FRED_0046_16K,FRED_0046,16K,FRED,RETRIEVAL_CALCULATION,False,0,1,19179,14.227239879225015
qwen35_2b,Qwen3.5-2B,FDA_0037_82K,FDA_0037,82K,FDA,DIRECT_RETRIEVAL,False,0,1,97111,16.567347102038603
qwen35_2b,Qwen3.5-2B,SEC_0066_64K,SEC_0066,64K,SEC,RETRIEVAL_CALCULATION,False,0,1,87871,16.423099491910914
qwen35_2b,Qwen3.5-2B,CT_0085_4K,CT_0085,4K,CLINICAL_TRIALS,ENTITY_UNIT_BINDING,True,1,0,5025,12.294907880953653
qwen35_2b,Qwen3.5-2B,SEC_0052_82K,SEC_0052,82K,SEC,RETRIEVAL_CALCULATION,False,0,1,110012,16.74730137451629
qwen35_2b,Qwen3.5-2B,FRED_0113_16K,FRED_0113,16K,FRED,UNANSWERABLE,True,1,0,19263,14.233544784084891
qwen35_2b,Qwen3.5-2B,FRED_0008_64K,FRED_0008,64K,FRED,ENTITY_UNIT_BINDING,False,0,1,75343,16.201185859064566
qwen35_2b,Qwen3.5-2B,FDA_0109_8K,FDA_0109,8K,FDA,UNANSWERABLE,False,0,1,9874,13.269418929741096
qwen35_2b,Qwen3.5-2B,CT_0035_8K,CT_0035,8K,CLINICAL_TRIALS,DIRECT_RETRIEVAL,True,1,0,9617,13.23137120359292
qwen35_2b,Qwen3.5-2B,SEC_0047_82K,SEC_0047,82K,SEC,RETRIEVAL_CALCULATION,False,0,1,109865,16.745372330527083
qwen35_2b,Qwen3.5-2B,SEC_0013_16K,SEC_0013,16K,SEC,RETRIEVAL_CALCULATION,False,0,1,22254,14.441777053224166
qwen35_2b,Qwen3.5-2B,FRED_0101_82K,FRED_0101,82K,FRED,ENTITY_UNIT_BINDING,False,0,1,96037,16.55130271697115
qwen35_2b,Qwen3.5-2B,FRED_0045_4K,FRED_0045,4K,FRED,DIRECT_RETRIEVAL,True,1,0,4835,12.239300174364203
qwen35_2b,Qwen3.5-2B,SEC_0036_16K,SEC_0036,16K,SEC,DIRECT_RETRIEVAL,False,0,1,22145,14.434693376772678
qwen35_2b,Qwen3.5-2B,SEC_0036_8K,SEC_0036,8K,SEC,DIRECT_RETRIEVAL,False,0,1,11187,13.449535582494798
qwen35_2b,Qwen3.5-2B,SEC_0123_4K,SEC_0123,4K,SEC,UNANSWERABLE,True,1,0,5758,12.491352073563435
qwen35_2b,Qwen3.5-2B,FDA_0079_82K,FDA_0079,82K,FDA,TEMPORAL_VERSION,True,1,0,97833,16.57803356155695
qwen35_2b,Qwen3.5-2B,SEC_0076_32K,SEC_0076,32K,SEC,RETRIEVAL_CALCULATION,False,0,1,44290,15.434693376772678
qwen35_2b,Qwen3.5-2B,CT_0076_16K,CT_0076,16K,CLINICAL_TRIALS,ENTITY_UNIT_BINDING,False,0,1,19310,14.237060543838012
qwen35_2b,Qwen3.5-2B,FRED_0038_64K,FRED_0038,64K,FRED,DIRECT_RETRIEVAL,False,0,1,74816,16.191059214531656
qwen35_2b,Qwen3.5-2B,FDA_0069_4K,FDA_0069,4K,FDA,RETRIEVAL_CALCULATION,False,0,1,4985,12.283377789285558
qwen35_2b,Qwen3.5-2B,FDA_0092_16K,FDA_0092,16K,FDA,ENTITY_UNIT_BINDING,False,0,1,19502,14.251334464658857
qwen35_2b,Qwen3.5-2B,FRED_0036_8K,FRED_0036,8K,FRED,DIRECT_RETRIEVAL,True,1,0,9664,13.238404739325079
qwen35_2b,Qwen3.5-2B,SEC_0073_64K,SEC_0073,64K,SEC,RETRIEVAL_CALCULATION,False,0,1,87536,16.417588840382578
qwen35_2b,Qwen3.5-2B,FDA_0030_64K,FDA_0030,64K,FDA,DIRECT_RETRIEVAL,True,1,0,77191,16.236145027401857
qwen35_2b,Qwen3.5-2B,CT_0073_16K,CT_0073,16K,CLINICAL_TRIALS,RETRIEVAL_CALCULATION,False,0,1,19247,14.232345972244724
qwen35_2b,Qwen3.5-2B,SEC_0064_16K,SEC_0064,16K,SEC,RETRIEVAL_CALCULATION,False,0,1,22162,14.435800462194786
qwen35_2b,Qwen3.5-2B,FRED_0003_4K,FRED_0003,4K,FRED,DIRECT_RETRIEVAL,True,1,0,5007,12.289730740083755
qwen35_2b,Qwen3.5-2B,FRED_0114_82K,FRED_0114,82K,FRED,UNANSWERABLE,True,1,0,96088,16.55206865007526
qwen35_2b,Qwen3.5-2B,CT_0101_16K,CT_0101,16K,CLINICAL_TRIALS,ENTITY_UNIT_BINDING,False,0,1,19135,14.223926280555858
qwen35_2b,Qwen3.5-2B,FRED_0054_16K,FRED_0054,16K,FRED,RETRIEVAL_CALCULATION,False,0,1,19003,14.213939574077656
qwen35_2b,Qwen3.5-2B,CT_0095_4K,CT_0095,4K,CLINICAL_TRIALS,ENTITY_UNIT_BINDING,True,1,0,5051,12.302353326431202
qwen35_2b,Qwen3.5-2B,SEC_0056_8K,SEC_0056,8K,SEC,RETRIEVAL_CALCULATION,False,0,1,11139,13.443332100575896
qwen35_2b,Qwen3.5-2B,CT_0019_4K,CT_0019,4K,CLINICAL_TRIALS,ENTITY_UNIT_BINDING,True,1,0,5050,12.302067672526519
qwen35_2b,Qwen3.5-2B,FRED_0008_32K,FRED_0008,32K,FRED,ENTITY_UNIT_BINDING,False,0,1,37753,15.204303670693255
qwen35_2b,Qwen3.5-2B,FDA_0115_64K,FDA_0115,64K,FDA,UNANSWERABLE,True,1,0,77454,16.24105212639062
qwen35_2b,Qwen3.5-2B,FDA_0105_64K,FDA_0105,64K,FDA,ENTITY_UNIT_BINDING,False,0,1,77004,16.232645768607355
qwen35_2b,Qwen3.5-2B,FDA_0005_64K,FDA_0005,64K,FDA,DIRECT_RETRIEVAL,False,0,1,77197,16.236257162674672
qwen35_2b,Qwen3.5-2B,SEC_0039_32K,SEC_0039,32K,SEC,DIRECT_RETRIEVAL,True,1,0,44081,15.427869332103635
qwen35_2b,Qwen3.5-2B,FDA_0060_82K,FDA_0060,82K,FDA,RETRIEVAL_CALCULATION,False,0,1,97011,16.56586072216563
qwen35_2b,Qwen3.5-2B,FDA_0027_4K,FDA_0027,4K,FDA,DIRECT_RETRIEVAL,True,1,0,5017,12.292609222764296
qwen35_2b,Qwen3.5-2B,CT_0005_82K,CT_0005,82K,CLINICAL_TRIALS,DIRECT_RETRIEVAL,True,1,0,95257,16.539537493092077
qwen35_2b,Qwen3.5-2B,CT_0060_16K,CT_0060,16K,CLINICAL_TRIALS,RETRIEVAL_CALCULATION,False,0,1,19320,14.237807473723135
qwen35_2b,Qwen3.5-2B,FDA_0070_4K,FDA_0070,4K,FDA,RETRIEVAL_CALCULATION,False,0,1,5007,12.289730740083755
qwen35_2b,Qwen3.5-2B,FRED_0047_16K,FRED_0047,16K,FRED,RETRIEVAL_CALCULATION,False,0,1,18951,14.209986357601563
qwen35_2b,Qwen3.5-2B,FRED_0102_8K,FRED_0102,8K,FRED,ENTITY_UNIT_BINDING,False,0,1,9587,13.226863716982411
qwen35_2b,Qwen3.5-2B,CT_0121_32K,CT_0121,32K,CLINICAL_TRIALS,UNANSWERABLE,False,0,1,37693,15.202009003760558
qwen35_2b,Qwen3.5-2B,FRED_0067_32K,FRED_0067,32K,FRED,RETRIEVAL_CALCULATION,False,0,1,37803,15.206213109058822
qwen35_2b,Qwen3.5-2B,FRED_0110_32K,FRED_0110,32K,FRED,UNANSWERABLE,True,1,0,38329,15.226148738401143
qwen35_2b,Qwen3.5-2B,FRED_0017_32K,FRED_0017,32K,FRED,TEMPORAL_VERSION,False,0,1,37967,15.21245838703655
qwen35_2b,Qwen3.5-2B,FRED_0079_16K,FRED_0079,16K,FRED,TEMPORAL_VERSION,False,0,1,19128,14.223398414711628
qwen35_2b,Qwen3.5-2B,FDA_0072_32K,FDA_0072,32K,FDA,RETRIEVAL_CALCULATION,False,0,1,38634,15.237583435359321
qwen35_2b,Qwen3.5-2B,CT_0084_82K,CT_0084,82K,CLINICAL_TRIALS,ENTITY_UNIT_BINDING,False,0,1,95236,16.539219406905378
qwen35_2b,Qwen3.5-2B,SEC_0105_4K,SEC_0105,4K,SEC,ENTITY_UNIT_BINDING,True,1,0,5651,12.464290473850767
qwen35_2b,Qwen3.5-2B,FDA_0077_8K,FDA_0077,8K,FDA,RETRIEVAL_CALCULATION,False,0,1,9854,13.266493756312183
qwen35_2b,Qwen3.5-2B,FDA_0006_32K,FDA_0006,32K,FDA,ENTITY_UNIT_BINDING,False,0,1,38613,15.236799026991228
qwen35_2b,Qwen3.5-2B,FDA_0028_8K,FDA_0028,8K,FDA,DIRECT_RETRIEVAL,True,1,0,9813,13.260478544803934
qwen35_2b,Qwen3.5-2B,SEC_0117_8K,SEC_0117,8K,SEC,UNANSWERABLE,True,1,0,11226,13.45455634396194
qwen35_2b,Qwen3.5-2B,CT_0074_8K,CT_0074,8K,CLINICAL_TRIALS,ENTITY_UNIT_BINDING,True,1,0,9798,13.258271576282851
qwen35_2b,Qwen3.5-2B,FDA_0095_8K,FDA_0095,8K,FDA,ENTITY_UNIT_BINDING,False,0,1,9907,13.27423253678993
qwen35_2b,Qwen3.5-2B,SEC_0045_16K,SEC_0045,16K,SEC,DIRECT_RETRIEVAL,True,1,0,22110,14.432411404703588
qwen35_2b,Qwen3.5-2B,FDA_0066_82K,FDA_0066,82K,FDA,RETRIEVAL_CALCULATION,False,0,1,96598,16.55970569883874
qwen35_2b,Qwen3.5-2B,CT_0007_64K,CT_0007,64K,CLINICAL_TRIALS,ENTITY_UNIT_BINDING,True,1,0,75434,16.20292730855171
qwen35_2b,Qwen3.5-2B,FDA_0043_16K,FDA_0043,16K,FDA,DIRECT_RETRIEVAL,True,1,0,19452,14.247630876238699
qwen35_2b,Qwen3.5-2B,CT_0008_8K,CT_0008,8K,CLINICAL_TRIALS,ENTITY_UNIT_BINDING,True,1,0,9706,13.244661144764198
qwen35_2b,Qwen3.5-2B,FRED_0004_32K,FRED_0004,32K,FRED,DIRECT_RETRIEVAL,False,0,1,38242,15.222870355656543
qwen35_2b,Qwen3.5-2B,SEC_0034_16K,SEC_0034,16K,SEC,DIRECT_RETRIEVAL,True,1,0,22150,14.435019078329743
qwen35_2b,Qwen3.5-2B,FRED_0079_32K,FRED_0079,32K,FRED,TEMPORAL_VERSION,True,1,0,38031,15.214888253728928
qwen35_2b,Qwen3.5-2B,FDA_0058_82K,FDA_0058,82K,FDA,RETRIEVAL_CALCULATION,False,0,1,97026,16.566083776796003
qwen35_2b,Qwen3.5-2B,FDA_0010_82K,FDA_0010,82K,FDA,RETRIEVAL_CALCULATION,False,0,1,97225,16.569039709208933
qwen35_2b,Qwen3.5-2B,FRED_0005_8K,FRED_0005,8K,FRED,DIRECT_RETRIEVAL,True,1,0,9541,13.219924768862814
qwen35_2b,Qwen3.5-2B,FDA_0119_64K,FDA_0119,64K,FDA,UNANSWERABLE,False,0,1,77466,16.2412756267847
qwen35_2b,Qwen3.5-2B,FDA_0064_82K,FDA_0064,82K,FDA,RETRIEVAL_CALCULATION,False,0,1,96518,16.558510400573727
qwen35_2b,Qwen3.5-2B,SEC_0046_16K,SEC_0046,16K,SEC,RETRIEVAL_CALCULATION,False,0,1,22283,14.443655857907856
qwen35_2b,Qwen3.5-2B,FRED_0123_32K,FRED_0123,32K,FRED,UNANSWERABLE,True,1,0,38358,15.227239879225015
qwen35_2b,Qwen3.5-2B,FDA_0122_8K,FDA_0122,8K,FDA,UNANSWERABLE,False,0,1,9805,13.259301915079512
qwen35_2b,Qwen3.5-2B,FRED_0055_4K,FRED_0055,4K,FRED,RETRIEVAL_CALCULATION,False,0,1,4996,12.286557761607957
qwen35_2b,Qwen3.5-2B,FRED_0028_64K,FRED_0028,64K,FRED,DIRECT_RETRIEVAL,False,0,1,76538,16.22388858225719
qwen35_2b,Qwen3.5-2B,FRED_0028_16K,FRED_0028,16K,FRED,DIRECT_RETRIEVAL,False,0,1,19308,14.236911111444602
qwen35_2b,Qwen3.5-2B,CT_0009_16K,CT_0009,16K,CLINICAL_TRIALS,ENTITY_UNIT_BINDING,True,1,0,19141,14.22437858332084
qwen35_2b,Qwen3.5-2B,SEC_0115_64K,SEC_0115,64K,SEC,UNANSWERABLE,True,1,0,87842,16.422623281766356
qwen35_2b,Qwen3.5-2B,FDA_0094_8K,FDA_0094,8K,FDA,ENTITY_UNIT_BINDING,False,0,1,9751,13.251334464658857
qwen35_2b,Qwen3.5-2B,SEC_0111_4K,SEC_0111,4K,SEC,UNANSWERABLE,True,1,0,5719,12.481547190203287
qwen35_2b,Qwen3.5-2B,FDA_0114_8K,FDA_0114,8K,FDA,UNANSWERABLE,False,0,1,9874,13.269418929741096
qwen35_2b,Qwen3.5-2B,FRED_0083_4K,FRED_0083,4K,FRED,TEMPORAL_VERSION,True,1,0,4968,12.278449458220482
qwen35_2b,Qwen3.5-2B,FRED_0083_82K,FRED_0083,82K,FRED,TEMPORAL_VERSION,False,0,1,96082,16.55197856140119
qwen35_2b,Qwen3.5-2B,FDA_0010_8K,FDA_0010,8K,FDA,RETRIEVAL_CALCULATION,False,0,1,9802,13.258860431409756
qwen35_2b,Qwen3.5-2B,SEC_0088_4K,SEC_0088,4K,SEC,TEMPORAL_VERSION,True,1,0,5769,12.494105548061054
qwen35_2b,Qwen3.5-2B,SEC_0015_16K,SEC_0015,16K,SEC,RETRIEVAL_CALCULATION,False,0,1,22333,14.446889441476205
qwen35_2b,Qwen3.5-2B,CT_0116_64K,CT_0116,64K,CLINICAL_TRIALS,UNANSWERABLE,True,1,0,75506,16.204303670693257
qwen35_2b,Qwen3.5-2B,CT_0021_4K,CT_0021,4K,CLINICAL_TRIALS,UNANSWERABLE,True,1,0,4885,12.254142846855748
qwen35_2b,Qwen3.5-2B,SEC_0022_64K,SEC_0022,64K,SEC,UNANSWERABLE,True,1,0,88092,16.4267233875217
qwen35_2b,Qwen3.5-2B,FRED_0014_4K,FRED_0014,4K,FRED,RETRIEVAL_CALCULATION,False,0,1,4927,12.266493756312183
qwen35_2b,Qwen3.5-2B,SEC_0073_4K,SEC_0073,4K,SEC,RETRIEVAL_CALCULATION,False,0,1,5684,12.47269083924278
qwen35_2b,Qwen3.5-2B,CT_0031_82K,CT_0031,82K,CLINICAL_TRIALS,DIRECT_RETRIEVAL,True,1,0,95279,16.539870651036406
qwen35_2b,Qwen3.5-2B,CT_0003_64K,CT_0003,64K,CLINICAL_TRIALS,DIRECT_RETRIEVAL,True,1,0,75816,16.21021472246803
qwen35_2b,Qwen3.5-2B,FRED_0057_8K,FRED_0057,8K,FRED,RETRIEVAL_CALCULATION,False,0,1,9700,13.243769031961852
qwen35_2b,Qwen3.5-2B,SEC_0106_8K,SEC_0106,8K,SEC,UNANSWERABLE,True,1,0,11176,13.448116305409464
qwen35_2b,Qwen3.5-2B,CT_0022_64K,CT_0022,64K,CLINICAL_TRIALS,UNANSWERABLE,True,1,0,75540,16.204953163327534
qwen35_2b,Qwen3.5-2B,SEC_0113_32K,SEC_0113,32K,SEC,UNANSWERABLE,True,1,0,44109,15.428785432852068
qwen35_2b,Qwen3.5-2B,SEC_0067_8K,SEC_0067,8K,SEC,RETRIEVAL_CALCULATION,False,0,1,11373,13.4733252418918
qwen35_2b,Qwen3.5-2B,FDA_0121_64K,FDA_0121,64K,FDA,UNANSWERABLE,True,1,0,77571,16.24322977969599
qwen35_2b,Qwen3.5-2B,SEC_0114_32K,SEC_0114,32K,SEC,UNANSWERABLE,True,1,0,43988,15.424822387351801
qwen35_2b,Qwen3.5-2B,CT_0039_82K,CT_0039,82K,CLINICAL_TRIALS,DIRECT_RETRIEVAL,False,0,1,95038,16.536216855624556
qwen35_2b,Qwen3.5-2B,FRED_0056_82K,FRED_0056,82K,FRED,RETRIEVAL_CALCULATION,False,0,1,95016,16.535882852751254
qwen35_2b,Qwen3.5-2B,SEC_0037_16K,SEC_0037,16K,SEC,DIRECT_RETRIEVAL,False,0,1,22296,14.44449728710381
qwen35_2b,Qwen3.5-2B,CT_0037_32K,CT_0037,32K,CLINICAL_TRIALS,DIRECT_RETRIEVAL,True,1,0,37892,15.209605669143569
qwen35_2b,Qwen3.5-2B,SEC_0019_4K,SEC_0019,4K,SEC,TEMPORAL_VERSION,True,1,0,5766,12.493355121494906
qwen35_2b,Qwen3.5-2B,SEC_0047_64K,SEC_0047,64K,SEC,RETRIEVAL_CALCULATION,False,0,1,87721,16.420634638059106
qwen35_2b,Qwen3.5-2B,SEC_0050_82K,SEC_0050,82K,SEC,RETRIEVAL_CALCULATION,False,0,1,109582,16.741651314309884
qwen35_2b,Qwen3.5-2B,FRED_0014_16K,FRED_0014,16K,FRED,RETRIEVAL_CALCULATION,False,0,1,19039,14.216670084407065
qwen35_2b,Qwen3.5-2B,FDA_0009_16K,FDA_0009,16K,FDA,ENTITY_UNIT_BINDING,False,0,1,19429,14.24592402765914
qwen35_2b,Qwen3.5-2B,SEC_0065_64K,SEC_0065,64K,SEC,RETRIEVAL_CALCULATION,False,0,1,87628,16.419104311095357
qwen35_2b,Qwen3.5-2B,FDA_0093_64K,FDA_0093,64K,FDA,ENTITY_UNIT_BINDING,False,0,1,76870,16.230133048013254
qwen35_2b,Qwen3.5-2B,CT_0060_8K,CT_0060,8K,CLINICAL_TRIALS,RETRIEVAL_CALCULATION,False,0,1,9779,13.255471227467067
qwen35_2b,Qwen3.5-2B,SEC_0075_82K,SEC_0075,82K,SEC,RETRIEVAL_CALCULATION,False,0,1,109901,16.745844988007644
qwen35_2b,Qwen3.5-2B,SEC_0063_82K,SEC_0063,82K,SEC,RETRIEVAL_CALCULATION,False,0,1,110505,16.753752122895225
qwen35_2b,Qwen3.5-2B,SEC_0002_32K,SEC_0002,32K,SEC,DIRECT_RETRIEVAL,True,1,0,44311,15.435377265135699
qwen35_2b,Qwen3.5-2B,SEC_0109_64K,SEC_0109,64K,SEC,UNANSWERABLE,True,1,0,88096,16.42678889459556
qwen35_2b,Qwen3.5-2B,SEC_0047_16K,SEC_0047,16K,SEC,RETRIEVAL_CALCULATION,False,0,1,21997,14.425019158742739
qwen35_2b,Qwen3.5-2B,FDA_0082_64K,FDA_0082,64K,FDA,TEMPORAL_VERSION,True,1,0,78026,16.25166732173938
qwen35_2b,Qwen3.5-2B,FRED_0073_8K,FRED_0073,8K,FRED,RETRIEVAL_CALCULATION,False,0,1,9585,13.226562716555513
qwen35_2b,Qwen3.5-2B,CT_0111_4K,CT_0111,4K,CLINICAL_TRIALS,UNANSWERABLE,False,0,1,4946,12.272046524389937
qwen35_2b,Qwen3.5-2B,FDA_0029_16K,FDA_0029,16K,FDA,DIRECT_RETRIEVAL,True,1,0,19533,14.253625923896452
qwen35_2b,Qwen3.5-2B,SEC_0035_16K,SEC_0035,16K,SEC,DIRECT_RETRIEVAL,True,1,0,22182,14.4371018289084
qwen35_2b,Qwen3.5-2B,FDA_0025_82K,FDA_0025,82K,FDA,UNANSWERABLE,False,0,1,97232,16.56914357654506
qwen35_2b,Qwen3.5-2B,CT_0003_32K,CT_0003,32K,CLINICAL_TRIALS,DIRECT_RETRIEVAL,True,1,0,38042,15.215305475228288
qwen35_2b,Qwen3.5-2B,SEC_0119_4K,SEC_0119,4K,SEC,UNANSWERABLE,True,1,0,5782,12.49735289347705
qwen35_2b,Qwen3.5-2B,FRED_0071_82K,FRED_0071,82K,FRED,RETRIEVAL_CALCULATION,False,0,1,94750,16.531838322833178
qwen35_2b,Qwen3.5-2B,SEC_0121_16K,SEC_0121,16K,SEC,UNANSWERABLE,True,1,0,21929,14.420552403693419
qwen35_2b,Qwen3.5-2B,FRED_0107_64K,FRED_0107,64K,FRED,UNANSWERABLE,True,1,0,76355,16.22043501252465
qwen35_2b,Qwen3.5-2B,FDA_0113_4K,FDA_0113,4K,FDA,UNANSWERABLE,False,0,1,5002,12.28828934218097
qwen35_2b,Qwen3.5-2B,SEC_0022_32K,SEC_0022,32K,SEC,UNANSWERABLE,True,1,0,44189,15.431399662729344
qwen35_2b,Qwen3.5-2B,SEC_0003_8K,SEC_0003,8K,SEC,DIRECT_RETRIEVAL,True,1,0,11204,13.451726268074506
qwen35_2b,Qwen3.5-2B,FDA_0002_16K,FDA_0002,16K,FDA,DIRECT_RETRIEVAL,True,1,0,19464,14.24852060493843
qwen35_2b,Qwen3.5-2B,SEC_0125_64K,SEC_0125,64K,SEC,UNANSWERABLE,True,1,0,88007,16.425330658568114
qwen35_2b,Qwen3.5-2B,CT_0058_4K,CT_0058,4K,CLINICAL_TRIALS,RETRIEVAL_CALCULATION,False,0,1,4921,12.26473580113014
qwen35_2b,Qwen3.5-2B,FDA_0081_16K,FDA_0081,16K,FDA,TEMPORAL_VERSION,True,1,0,19671,14.263782680245184
qwen35_2b,Qwen3.5-2B,CT_0006_8K,CT_0006,8K,CLINICAL_TRIALS,ENTITY_UNIT_BINDING,True,1,0,9583,13.226261653315504
qwen35_2b,Qwen3.5-2B,CT_0059_32K,CT_0059,32K,CLINICAL_TRIALS,RETRIEVAL_CALCULATION,False,0,1,38319,15.225772291514318
qwen35_2b,Qwen3.5-2B,FRED_0056_4K,FRED_0056,4K,FRED,RETRIEVAL_CALCULATION,False,0,1,4973,12.279900715802762
qwen35_2b,Qwen3.5-2B,FDA_0005_4K,FDA_0005,4K,FDA,DIRECT_RETRIEVAL,True,1,0,5054,12.303209948944776
qwen35_2b,Qwen3.5-2B,SEC_0096_64K,SEC_0096,64K,SEC,ENTITY_UNIT_BINDING,False,0,1,87574,16.418214988659827
qwen35_2b,Qwen3.5-2B,CT_0073_8K,CT_0073,8K,CLINICAL_TRIALS,RETRIEVAL_CALCULATION,False,0,1,9734,13.248817059278503
qwen35_2b,Qwen3.5-2B,FRED_0073_16K,FRED_0073,16K,FRED,RETRIEVAL_CALCULATION,False,0,1,18958,14.210519152737335
qwen35_2b,Qwen3.5-2B,CT_0004_82K,CT_0004,82K,CLINICAL_TRIALS,DIRECT_RETRIEVAL,False,0,1,95231,16.53914366176101
qwen35_2b,Qwen3.5-2B,SEC_0119_32K,SEC_0119,32K,SEC,UNANSWERABLE,True,1,0,44155,15.430289193794
qwen35_2b,Qwen3.5-2B,SEC_0019_8K,SEC_0019,8K,SEC,TEMPORAL_VERSION,True,1,0,11153,13.445144206553637
qwen35_2b,Qwen3.5-2B,SEC_0115_16K,SEC_0115,16K,SEC,UNANSWERABLE,True,1,0,22127,14.433520241962103
qwen35_2b,Qwen3.5-2B,SEC_0122_16K,SEC_0122,16K,SEC,UNANSWERABLE,True,1,0,22156,14.43540982316332
qwen35_2b,Qwen3.5-2B,CT_0088_32K,CT_0088,32K,CLINICAL_TRIALS,ENTITY_UNIT_BINDING,False,0,1,38383,15.228179855959699
qwen35_2b,Qwen3.5-2B,FDA_0019_64K,FDA_0019,64K,FDA,TEMPORAL_VERSION,True,1,0,77883,16.249020836306222
qwen35_2b,Qwen3.5-2B,FDA_0102_64K,FDA_0102,64K,FDA,ENTITY_UNIT_BINDING,False,0,1,76862,16.229982896316304
qwen35_2b,Qwen3.5-2B,SEC_0113_8K,SEC_0113,8K,SEC,UNANSWERABLE,True,1,0,11320,13.466586337719244
qwen35_2b,Qwen3.5-2B,FDA_0120_32K,FDA_0120,32K,FDA,UNANSWERABLE,False,0,1,38887,15.247000319591129
qwen35_2b,Qwen3.5-2B,FDA_0063_82K,FDA_0063,82K,FDA,RETRIEVAL_CALCULATION,False,0,1,96537,16.558794373595564
qwen35_2b,Qwen3.5-2B,FRED_0110_8K,FRED_0110,8K,FRED,UNANSWERABLE,True,1,0,9724,13.247334178028728
qwen35_2b,Qwen3.5-2B,FRED_0042_32K,FRED_0042,32K,FRED,DIRECT_RETRIEVAL,False,0,1,38247,15.223058970364924
qwen35_2b,Qwen3.5-2B,FRED_0112_8K,FRED_0112,8K,FRED,UNANSWERABLE,True,1,0,9658,13.237508748172656
qwen35_2b,Qwen3.5-2B,FDA_0105_82K,FDA_0105,82K,FDA,ENTITY_UNIT_BINDING,False,0,1,96679,16.56091493020257
qwen35_2b,Qwen3.5-2B,SEC_0116_4K,SEC_0116,4K,SEC,UNANSWERABLE,True,1,0,5726,12.483311954999353
qwen35_2b,Qwen3.5-2B,FDA_0090_32K,FDA_0090,32K,FDA,ENTITY_UNIT_BINDING,False,0,1,38575,15.23537853634546
qwen35_2b,Qwen3.5-2B,FDA_0067_64K,FDA_0067,64K,FDA,RETRIEVAL_CALCULATION,False,0,1,77002,16.232608297468804
qwen35_2b,Qwen3.5-2B,FRED_0111_64K,FRED_0111,64K,FRED,UNANSWERABLE,True,1,0,76334,16.220038171939542
qwen35_2b,Qwen3.5-2B,CT_0080_4K,CT_0080,4K,CLINICAL_TRIALS,ENTITY_UNIT_BINDING,True,1,0,4969,12.27873982655011
qwen35_2b,Qwen3.5-2B,SEC_0009_64K,SEC_0009,64K,SEC,RETRIEVAL_CALCULATION,False,0,1,88507,16.4335039417046
qwen35_2b,Qwen3.5-2B,FDA_0062_8K,FDA_0062,8K,FDA,RETRIEVAL_CALCULATION,False,0,1,9884,13.270879295328784
qwen35_2b,Qwen3.5-2B,CT_0113_16K,CT_0113,16K,CLINICAL_TRIALS,UNANSWERABLE,False,0,1,19082,14.219924768862814
qwen35_2b,Qwen3.5-2B,SEC_0082_82K,SEC_0082,82K,SEC,TEMPORAL_VERSION,False,0,1,110091,16.74833700704401
qwen35_2b,Qwen3.5-2B,SEC_0008_8K,SEC_0008,8K,SEC,ENTITY_UNIT_BINDING,True,1,0,11091,13.4371018289084
qwen35_2b,Qwen3.5-2B,CT_0028_82K,CT_0028,82K,CLINICAL_TRIALS,DIRECT_RETRIEVAL,False,0,1,95024,16.53600431728855
qwen35_2b,Qwen3.5-2B,SEC_0004_4K,SEC_0004,4K,SEC,DIRECT_RETRIEVAL,False,0,1,5741,12.48708634027127
qwen35_2b,Qwen3.5-2B,SEC_0053_8K,SEC_0053,8K,SEC,RETRIEVAL_CALCULATION,False,0,1,11108,13.439311461818846
qwen35_2b,Qwen3.5-2B,FDA_0067_8K,FDA_0067,8K,FDA,RETRIEVAL_CALCULATION,False,0,1,9931,13.27772328161035
qwen35_2b,Qwen3.5-2B,FDA_0062_32K,FDA_0062,32K,FDA,RETRIEVAL_CALCULATION,False,0,1,38584,15.235715094761895
qwen35_2b,Qwen3.5-2B,FDA_0017_8K,FDA_0017,8K,FDA,RETRIEVAL_CALCULATION,False,0,1,9849,13.265761535294137
qwen35_2b,Qwen3.5-2B,FDA_0114_16K,FDA_0114,16K,FDA,UNANSWERABLE,False,0,1,19510,14.251926157496388
qwen35_2b,Qwen3.5-2B,FRED_0062_82K,FRED_0062,82K,FRED,RETRIEVAL_CALCULATION,False,0,1,95010,16.535791747636708
qwen35_2b,Qwen3.5-2B,SEC_0124_16K,SEC_0124,16K,SEC,UNANSWERABLE,True,1,0,22166,14.436060829465099
qwen35_2b,Qwen3.5-2B,SEC_0122_32K,SEC_0122,32K,SEC,UNANSWERABLE,True,1,0,44171,15.430811873886084
qwen35_2b,Qwen3.5-2B,FDA_0105_4K,FDA_0105,4K,FDA,ENTITY_UNIT_BINDING,True,1,0,5027,12.295481973695367
qwen35_2b,Qwen3.5-2B,SEC_0029_16K,SEC_0029,16K,SEC,DIRECT_RETRIEVAL,False,0,1,22168,14.436190995481416
qwen35_2b,Qwen3.5-2B,SEC_0014_16K,SEC_0014,16K,SEC,RETRIEVAL_CALCULATION,False,0,1,22156,14.43540982316332
qwen35_2b,Qwen3.5-2B,SEC_0120_64K,SEC_0120,64K,SEC,UNANSWERABLE,True,1,0,87271,16.413214708011395
qwen35_2b,Qwen3.5-2B,CT_0014_16K,CT_0014,16K,CLINICAL_TRIALS,RETRIEVAL_CALCULATION,False,0,1,19392,14.243173983472952
qwen35_2b,Qwen3.5-2B,FRED_0103_8K,FRED_0103,8K,FRED,ENTITY_UNIT_BINDING,True,1,0,9566,13.223700075986306
qwen35_2b,Qwen3.5-2B,FRED_0011_32K,FRED_0011,32K,FRED,RETRIEVAL_CALCULATION,False,0,1,38371,15.227728743558215
qwen35_2b,Qwen3.5-2B,CT_0078_16K,CT_0078,16K,CLINICAL_TRIALS,ENTITY_UNIT_BINDING,True,1,0,19298,14.236163717219272
qwen35_2b,Qwen3.5-2B,FRED_0052_16K,FRED_0052,16K,FRED,RETRIEVAL_CALCULATION,False,0,1,18875,14.204189023987166
qwen35_2b,Qwen3.5-2B,FDA_0089_16K,FDA_0089,16K,FDA,TEMPORAL_VERSION,True,1,0,19691,14.265248759372303
qwen35_2b,Qwen3.5-2B,FDA_0042_64K,FDA_0042,64K,FDA,DIRECT_RETRIEVAL,True,1,0,77296,16.238106137432077
qwen35_2b,Qwen3.5-2B,FRED_0084_82K,FRED_0084,82K,FRED,TEMPORAL_VERSION,False,0,1,95412,16.541883105442245
qwen35_2b,Qwen3.5-2B,FRED_0073_82K,FRED_0073,82K,FRED,RETRIEVAL_CALCULATION,False,0,1,94525,16.52840832376196
qwen35_2b,Qwen3.5-2B,SEC_0079_82K,SEC_0079,82K,SEC,TEMPORAL_VERSION,False,0,1,109989,16.7469997214687
qwen35_2b,Qwen3.5-2B,SEC_0067_32K,SEC_0067,32K,SEC,RETRIEVAL_CALCULATION,False,0,1,44547,15.443040656844211
qwen35_2b,Qwen3.5-2B,SEC_0092_82K,SEC_0092,82K,SEC,TEMPORAL_VERSION,False,0,1,110198,16.7497385148952
qwen35_2b,Qwen3.5-2B,FRED_0040_16K,FRED_0040,16K,FRED,DIRECT_RETRIEVAL,False,0,1,18823,14.200208961930477
qwen35_2b,Qwen3.5-2B,CT_0035_64K,CT_0035,64K,CLINICAL_TRIALS,DIRECT_RETRIEVAL,False,0,1,75910,16.212002331067666
qwen35_2b,Qwen3.5-2B,CT_0039_16K,CT_0039,16K,CLINICAL_TRIALS,DIRECT_RETRIEVAL,True,1,0,19105,14.221662637244874
qwen35_2b,Qwen3.5-2B,FDA_0102_4K,FDA_0102,4K,FDA,ENTITY_UNIT_BINDING,True,1,0,4974,12.280190792216906
qwen35_2b,Qwen3.5-2B,CT_0116_32K,CT_0116,32K,CLINICAL_TRIALS,UNANSWERABLE,False,0,1,37938,15.211356004895151
qwen35_2b,Qwen3.5-2B,CT_0105_32K,CT_0105,32K,CLINICAL_TRIALS,ENTITY_UNIT_BINDING,True,1,0,38041,15.215267550986578
qwen35_2b,Qwen3.5-2B,SEC_0071_82K,SEC_0071,82K,SEC,RETRIEVAL_CALCULATION,False,0,1,110031,16.747550518600356
qwen35_2b,Qwen3.5-2B,FDA_0049_8K,FDA_0049,8K,FDA,RETRIEVAL_CALCULATION,False,0,1,9804,13.25915476886684
qwen35_2b,Qwen3.5-2B,FDA_0081_32K,FDA_0081,32K,FDA,TEMPORAL_VERSION,True,1,0,39162,15.25716682468519
qwen35_2b,Qwen3.5-2B,FRED_0105_64K,FRED_0105,64K,FRED,ENTITY_UNIT_BINDING,False,0,1,75021,16.195006873226326
qwen35_2b,Qwen3.5-2B,FDA_0032_4K,FDA_0032,4K,FDA,DIRECT_RETRIEVAL,True,1,0,5105,12.317695245765163
qwen35_2b,Qwen3.5-2B,FRED_0028_32K,FRED_0028,32K,FRED,DIRECT_RETRIEVAL,False,0,1,38417,15.22945724227727
qwen35_2b,Qwen3.5-2B,FDA_0009_4K,FDA_0009,4K,FDA,ENTITY_UNIT_BINDING,False,0,1,4981,12.282219695672588
qwen35_2b,Qwen3.5-2B,CT_0005_4K,CT_0005,4K,CLINICAL_TRIALS,DIRECT_RETRIEVAL,True,1,0,4908,12.260919533662905
qwen35_2b,Qwen3.5-2B,CT_0003_82K,CT_0003,82K,CLINICAL_TRIALS,DIRECT_RETRIEVAL,True,1,0,95117,16.53741559260005
qwen35_2b,Qwen3.5-2B,FRED_0058_82K,FRED_0058,82K,FRED,RETRIEVAL_CALCULATION,False,0,1,94921,16.534439679064047
qwen35_2b,Qwen3.5-2B,SEC_0014_8K,SEC_0014,8K,SEC,RETRIEVAL_CALCULATION,False,0,1,11178,13.448374459662794
qwen35_2b,Qwen3.5-2B,SEC_0075_16K,SEC_0075,16K,SEC,RETRIEVAL_CALCULATION,False,0,1,22047,14.428294736938733
qwen35_2b,Qwen3.5-2B,CT_0103_16K,CT_0103,16K,CLINICAL_TRIALS,ENTITY_UNIT_BINDING,True,1,0,19131,14.223624666580811
qwen35_2b,Qwen3.5-2B,FDA_0096_16K,FDA_0096,16K,FDA,ENTITY_UNIT_BINDING,False,0,1,19342,14.23944935951928
qwen35_2b,Qwen3.5-2B,FRED_0049_64K,FRED_0049,64K,FRED,RETRIEVAL_CALCULATION,False,0,1,74890,16.19248546921378
qwen35_2b,Qwen3.5-2B,FDA_0057_8K,FDA_0057,8K,FDA,RETRIEVAL_CALCULATION,False,0,1,9794,13.257682480708766
qwen35_2b,Qwen3.5-2B,CT_0093_32K,CT_0093,32K,CLINICAL_TRIALS,ENTITY_UNIT_BINDING,True,1,0,37877,15.209034448040056
qwen35_2b,Qwen3.5-2B,FRED_0109_8K,FRED_0109,8K,FRED,UNANSWERABLE,True,1,0,9692,13.242578689451346
qwen35_2b,Qwen3.5-2B,FRED_0057_82K,FRED_0057,82K,FRED,RETRIEVAL_CALCULATION,False,0,1,94946,16.534819601601725
qwen35_2b,Qwen3.5-2B,SEC_0102_8K,SEC_0102,8K,SEC,ENTITY_UNIT_BINDING,True,1,0,11160,13.44604940671655
qwen35_2b,Qwen3.5-2B,CT_0125_8K,CT_0125,8K,CLINICAL_TRIALS,UNANSWERABLE,False,0,1,9432,13.203348002979762
qwen35_2b,Qwen3.5-2B,FRED_0116_16K,FRED_0116,16K,FRED,UNANSWERABLE,True,1,0,19170,14.226562716555513
qwen35_2b,Qwen3.5-2B,SEC_0018_82K,SEC_0018,82K,SEC,TEMPORAL_VERSION,True,1,0,110750,16.756947173217107
qwen35_2b,Qwen3.5-2B,FDA_0074_4K,FDA_0074,4K,FDA,RETRIEVAL_CALCULATION,False,0,1,5004,12.28886607416582
qwen35_2b,Qwen3.5-2B,SEC_0067_82K,SEC_0067,82K,SEC,RETRIEVAL_CALCULATION,False,0,1,111079,16.761226568755767
qwen35_2b,Qwen3.5-2B,FDA_0043_64K,FDA_0043,64K,FDA,DIRECT_RETRIEVAL,False,0,1,77392,16.239896822445864
qwen35_2b,Qwen3.5-2B,FRED_0056_16K,FRED_0056,16K,FRED,RETRIEVAL_CALCULATION,False,0,1,19100,14.221285017810473
qwen35_2b,Qwen3.5-2B,CT_0038_64K,CT_0038,64K,CLINICAL_TRIALS,DIRECT_RETRIEVAL,False,0,1,75850,16.21086156002176
qwen35_2b,Qwen3.5-2B,CT_0011_16K,CT_0011,16K,CLINICAL_TRIALS,RETRIEVAL_CALCULATION,False,0,1,19184,14.227615943414223
qwen35_2b,Qwen3.5-2B,CT_0005_8K,CT_0005,8K,CLINICAL_TRIALS,DIRECT_RETRIEVAL,True,1,0,9696,13.243173983472952
qwen35_2b,Qwen3.5-2B,FRED_0122_16K,FRED_0122,16K,FRED,UNANSWERABLE,True,1,0,19226,14.230771018439848
qwen35_2b,Qwen3.5-2B,FRED_0085_64K,FRED_0085,64K,FRED,TEMPORAL_VERSION,False,0,1,75724,16.2084630006775
qwen35_2b,Qwen3.5-2B,SEC_0048_82K,SEC_0048,82K,SEC,RETRIEVAL_CALCULATION,False,0,1,110448,16.753007768945245
qwen35_2b,Qwen3.5-2B,FRED_0073_64K,FRED_0073,64K,FRED,RETRIEVAL_CALCULATION,False,0,1,75103,16.196582917098297
qwen35_2b,Qwen3.5-2B,FRED_0045_8K,FRED_0045,8K,FRED,DIRECT_RETRIEVAL,True,1,0,9510,13.215229625747925
qwen35_2b,Qwen3.5-2B,FRED_0101_8K,FRED_0101,8K,FRED,ENTITY_UNIT_BINDING,False,0,1,9727,13.247779202465209
qwen35_2b,Qwen3.5-2B,FRED_0008_8K,FRED_0008,8K,FRED,ENTITY_UNIT_BINDING,False,0,1,9561,13.222945804499009
qwen35_2b,Qwen3.5-2B,FRED_0094_4K,FRED_0094,4K,FRED,ENTITY_UNIT_BINDING,False,0,1,4949,12.272921326867003
qwen35_2b,Qwen3.5-2B,SEC_0121_4K,SEC_0121,4K,SEC,UNANSWERABLE,True,1,0,5586,12.44759985827995
qwen35_2b,Qwen3.5-2B,FDA_0080_82K,FDA_0080,82K,FDA,TEMPORAL_VERSION,False,0,1,97921,16.57933067091002
qwen35_2b,Qwen3.5-2B,CT_0072_8K,CT_0072,8K,CLINICAL_TRIALS,RETRIEVAL_CALCULATION,False,0,1,9794,13.257682480708766
qwen35_2b,Qwen3.5-2B,FDA_0066_32K,FDA_0066,32K,FDA,RETRIEVAL_CALCULATION,False,0,1,38697,15.239934104759275
qwen35_2b,Qwen3.5-2B,CT_0086_64K,CT_0086,64K,CLINICAL_TRIALS,ENTITY_UNIT_BINDING,True,1,0,75965,16.21304724604008
qwen35_2b,Qwen3.5-2B,FDA_0020_64K,FDA_0020,64K,FDA,TEMPORAL_VERSION,False,0,1,78316,16.257019460533797
qwen35_2b,Qwen3.5-2B,FDA_0006_4K,FDA_0006,4K,FDA,ENTITY_UNIT_BINDING,False,0,1,5050,12.302067672526519
qwen35_2b,Qwen3.5-2B,CT_0098_8K,CT_0098,8K,CLINICAL_TRIALS,ENTITY_UNIT_BINDING,True,1,0,9814,13.260625556068227
qwen35_2b,Qwen3.5-2B,FRED_0093_4K,FRED_0093,4K,FRED,ENTITY_UNIT_BINDING,True,1,0,4867,12.248817059278503
qwen35_2b,Qwen3.5-2B,FDA_0115_16K,FDA_0115,16K,FDA,UNANSWERABLE,False,0,1,19524,14.252961036393684
qwen35_2b,Qwen3.5-2B,CT_0072_16K,CT_0072,16K,CLINICAL_TRIALS,RETRIEVAL_CALCULATION,False,0,1,19409,14.244438168275634
qwen35_2b,Qwen3.5-2B,FDA_0045_16K,FDA_0045,16K,FDA,DIRECT_RETRIEVAL,True,1,0,19423,14.245478430505111
qwen35_2b,Qwen3.5-2B,CT_0069_82K,CT_0069,82K,CLINICAL_TRIALS,RETRIEVAL_CALCULATION,False,0,1,96292,16.555128322584395
qwen35_2b,Qwen3.5-2B,FDA_0032_8K,FDA_0032,8K,FDA,DIRECT_RETRIEVAL,True,1,0,9832,13.263269200372662
qwen35_2b,Qwen3.5-2B,SEC_0039_4K,SEC_0039,4K,SEC,DIRECT_RETRIEVAL,True,1,0,5615,12.455070307287963
qwen35_2b,Qwen3.5-2B,FDA_0048_16K,FDA_0048,16K,FDA,RETRIEVAL_CALCULATION,False,0,1,19529,14.253330456169058
qwen35_2b,Qwen3.5-2B,FDA_0085_32K,FDA_0085,32K,FDA,TEMPORAL_VERSION,True,1,0,39386,15.26539528537699
qwen35_2b,Qwen3.5-2B,CT_0054_82K,CT_0054,82K,CLINICAL_TRIALS,RETRIEVAL_CALCULATION,False,0,1,94978,16.53530575650311
qwen35_2b,Qwen3.5-2B,FDA_0071_16K,FDA_0071,16K,FDA,RETRIEVAL_CALCULATION,False,0,1,19431,14.246072529464819
qwen35_2b,Qwen3.5-2B,FRED_0065_8K,FRED_0065,8K,FRED,RETRIEVAL_CALCULATION,False,0,1,9635,13.234068951183083
qwen35_2b,Qwen3.5-2B,FDA_0060_64K,FDA_0060,64K,FDA,RETRIEVAL_CALCULATION,False,0,1,77222,16.236724299184264
qwen35_2b,Qwen3.5-2B,SEC_0118_82K,SEC_0118,82K,SEC,UNANSWERABLE,True,1,0,110125,16.7487824935825
qwen35_2b,Qwen3.5-2B,CT_0024_64K,CT_0024,64K,CLINICAL_TRIALS,UNANSWERABLE,True,1,0,75560,16.20533508127573
qwen35_2b,Qwen3.5-2B,FRED_0077_82K,FRED_0077,82K,FRED,TEMPORAL_VERSION,False,0,1,96110,16.552398927092067
qwen35_2b,Qwen3.5-2B,FRED_0036_64K,FRED_0036,64K,FRED,DIRECT_RETRIEVAL,False,0,1,75674,16.207510085121587
qwen35_2b,Qwen3.5-2B,FRED_0125_4K,FRED_0125,4K,FRED,UNANSWERABLE,True,1,0,4976,12.280770770130603
qwen35_2b,Qwen3.5-2B,FRED_0065_32K,FRED_0065,32K,FRED,RETRIEVAL_CALCULATION,False,0,1,37886,15.209377207841781
qwen35_2b,Qwen3.5-2B,CT_0030_64K,CT_0030,64K,CLINICAL_TRIALS,DIRECT_RETRIEVAL,False,0,1,75927,16.212325385603748
qwen35_2b,Qwen3.5-2B,FDA_0001_64K,FDA_0001,64K,FDA,DIRECT_RETRIEVAL,True,1,0,77200,16.236313227042807
qwen35_2b,Qwen3.5-2B,FDA_0040_16K,FDA_0040,16K,FDA,DIRECT_RETRIEVAL,True,1,0,19459,14.248149951327756
qwen35_2b,Qwen3.5-2B,FRED_0074_64K,FRED_0074,64K,FRED,TEMPORAL_VERSION,False,0,1,76426,16.221775903804023
qwen35_2b,Qwen3.5-2B,FRED_0001_4K,FRED_0001,4K,FRED,DIRECT_RETRIEVAL,True,1,0,4960,12.276124405274238
qwen35_2b,Qwen3.5-2B,CT_0016_82K,CT_0016,82K,CLINICAL_TRIALS,RETRIEVAL_CALCULATION,False,0,1,95246,16.53937088526472
qwen35_2b,Qwen3.5-2B,FRED_0029_82K,FRED_0029,82K,FRED,DIRECT_RETRIEVAL,False,0,1,95400,16.541701645780236
qwen35_2b,Qwen3.5-2B,SEC_0018_4K,SEC_0018,4K,SEC,TEMPORAL_VERSION,True,1,0,5607,12.453013354466314
qwen35_2b,Qwen3.5-2B,CT_0042_82K,CT_0042,82K,CLINICAL_TRIALS,DIRECT_RETRIEVAL,False,0,1,95288,16.540006920751285
qwen35_2b,Qwen3.5-2B,SEC_0058_64K,SEC_0058,64K,SEC,RETRIEVAL_CALCULATION,False,0,1,87714,16.420519508634627
qwen35_2b,Qwen3.5-2B,FDA_0092_4K,FDA_0092,4K,FDA,ENTITY_UNIT_BINDING,True,1,0,5032,12.296916206879288
qwen35_2b,Qwen3.5-2B,FRED_0108_4K,FRED_0108,4K,FRED,UNANSWERABLE,True,1,0,4939,12.270003253378444
qwen35_2b,Qwen3.5-2B,FRED_0086_64K,FRED_0086,64K,FRED,TEMPORAL_VERSION,False,0,1,75755,16.209053492387795
qwen35_2b,Qwen3.5-2B,FDA_0070_64K,FDA_0070,64K,FDA,RETRIEVAL_CALCULATION,False,0,1,76770,16.228255027647965
qwen35_2b,Qwen3.5-2B,SEC_0040_16K,SEC_0040,16K,SEC,DIRECT_RETRIEVAL,False,0,1,22164,14.435930651703595
qwen35_2b,Qwen3.5-2B,CT_0015_8K,CT_0015,8K,CLINICAL_TRIALS,RETRIEVAL_CALCULATION,False,0,1,9878,13.270003253378444
qwen35_2b,Qwen3.5-2B,FDA_0119_16K,FDA_0119,16K,FDA,UNANSWERABLE,False,0,1,19591,14.257903419738916
qwen35_2b,Qwen3.5-2B,FRED_0093_32K,FRED_0093,32K,FRED,ENTITY_UNIT_BINDING,False,0,1,37753,15.204303670693255
qwen35_2b,Qwen3.5-2B,CT_0045_16K,CT_0045,16K,CLINICAL_TRIALS,DIRECT_RETRIEVAL,True,1,0,19121,14.222870355656543
qwen35_2b,Qwen3.5-2B,CT_0051_4K,CT_0051,4K,CLINICAL_TRIALS,RETRIEVAL_CALCULATION,False,0,1,4997,12.286846502735887
qwen35_2b,Qwen3.5-2B,FRED_0054_4K,FRED_0054,4K,FRED,RETRIEVAL_CALCULATION,False,0,1,4949,12.272921326867003
qwen35_2b,Qwen3.5-2B,FRED_0089_8K,FRED_0089,8K,FRED,TEMPORAL_VERSION,False,0,1,9747,13.250742529050639
qwen35_2b,Qwen3.5-2B,CT_0021_8K,CT_0021,8K,CLINICAL_TRIALS,UNANSWERABLE,False,0,1,9670,13.239300174364203
qwen35_2b,Qwen3.5-2B,FDA_0120_64K,FDA_0120,64K,FDA,UNANSWERABLE,True,1,0,77391,16.239878180927853
qwen35_2b,Qwen3.5-2B,SEC_0114_4K,SEC_0114,4K,SEC,UNANSWERABLE,True,1,0,5706,12.47826403158172
qwen35_2b,Qwen3.5-2B,SEC_0038_16K,SEC_0038,16K,SEC,DIRECT_RETRIEVAL,False,0,1,22207,14.43872688826255
qwen35_2b,Qwen3.5-2B,CT_0049_32K,CT_0049,32K,CLINICAL_TRIALS,RETRIEVAL_CALCULATION,False,0,1,38397,15.228705975542827
qwen35_2b,Qwen3.5-2B,FRED_0051_82K,FRED_0051,82K,FRED,RETRIEVAL_CALCULATION,False,0,1,94815,16.53282769514698
qwen35_2b,Qwen3.5-2B,CT_0023_16K,CT_0023,16K,CLINICAL_TRIALS,UNANSWERABLE,False,0,1,19027,14.21576048838625
qwen35_2b,Qwen3.5-2B,FDA_0095_4K,FDA_0095,4K,FDA,ENTITY_UNIT_BINDING,True,1,0,5093,12.314300001897534
qwen35_2b,Qwen3.5-2B,SEC_0094_32K,SEC_0094,32K,SEC,ENTITY_UNIT_BINDING,False,0,1,43967,15.424133476057744
qwen35_2b,Qwen3.5-2B,FDA_0120_16K,FDA_0120,16K,FDA,UNANSWERABLE,False,0,1,19490,14.250446470145253
qwen35_2b,Qwen3.5-2B,FRED_0066_8K,FRED_0066,8K,FRED,RETRIEVAL_CALCULATION,False,0,1,9623,13.2322710134189
qwen35_2b,Qwen3.5-2B,FDA_0050_4K,FDA_0050,4K,FDA,RETRIEVAL_CALCULATION,False,0,1,5054,12.303209948944776
qwen35_2b,Qwen3.5-2B,FRED_0108_32K,FRED_0108,32K,FRED,UNANSWERABLE,True,1,0,38282,15.22437858332084
qwen35_2b,Qwen3.5-2B,SEC_0024_8K,SEC_0024,8K,SEC,UNANSWERABLE,True,1,0,11096,13.437752072323603
qwen35_2b,Qwen3.5-2B,SEC_0032_32K,SEC_0032,32K,SEC,DIRECT_RETRIEVAL,False,0,1,44093,15.428262017942941
qwen35_2b,Qwen3.5-2B,FDA_0036_16K,FDA_0036,16K,FDA,DIRECT_RETRIEVAL,True,1,0,19543,14.254364328580854
qwen35_2b,Qwen3.5-2B,SEC_0110_64K,SEC_0110,64K,SEC,UNANSWERABLE,True,1,0,87998,16.425183114403126
qwen35_2b,Qwen3.5-2B,FDA_0063_32K,FDA_0063,32K,FDA,RETRIEVAL_CALCULATION,False,0,1,38621,15.237097899518051
qwen35_2b,Qwen3.5-2B,FDA_0009_82K,FDA_0009,82K,FDA,ENTITY_UNIT_BINDING,False,0,1,96545,16.558913924463422
qwen35_2b,Qwen3.5-2B,SEC_0068_8K,SEC_0068,8K,SEC,RETRIEVAL_CALCULATION,False,0,1,11249,13.457509135732698
qwen35_2b,Qwen3.5-2B,SEC_0045_64K,SEC_0045,64K,SEC,DIRECT_RETRIEVAL,False,0,1,87895,16.42349347801968
qwen35_2b,Qwen3.5-2B,CT_0092_8K,CT_0092,8K,CLINICAL_TRIALS,ENTITY_UNIT_BINDING,True,1,0,9777,13.25517613745972
qwen35_2b,Qwen3.5-2B,CT_0008_4K,CT_0008,4K,CLINICAL_TRIALS,ENTITY_UNIT_BINDING,True,1,0,4950,12.273212809854334
qwen35_2b,Qwen3.5-2B,SEC_0117_4K,SEC_0117,4K,SEC,UNANSWERABLE,True,1,0,5729,12.484067622432198
qwen35_2b,Qwen3.5-2B,FRED_0064_4K,FRED_0064,4K,FRED,RETRIEVAL_CALCULATION,True,1,0,4852,12.24436383512051
qwen35_2b,Qwen3.5-2B,SEC_0029_8K,SEC_0029,8K,SEC,DIRECT_RETRIEVAL,True,1,0,11256,13.458406613236532
qwen35_2b,Qwen3.5-2B,SEC_0074_4K,SEC_0074,4K,SEC,RETRIEVAL_CALCULATION,False,0,1,5665,12.467860240707878
qwen35_2b,Qwen3.5-2B,FRED_0117_64K,FRED_0117,64K,FRED,UNANSWERABLE,True,1,0,76229,16.218052329982957
qwen35_2b,Qwen3.5-2B,FDA_0058_32K,FDA_0058,32K,FDA,RETRIEVAL_CALCULATION,False,0,1,38656,15.238404739325079
qwen35_2b,Qwen3.5-2B,FRED_0076_8K,FRED_0076,8K,FRED,TEMPORAL_VERSION,True,1,0,9717,13.246295253516342
qwen35_2b,Qwen3.5-2B,FRED_0043_8K,FRED_0043,8K,FRED,DIRECT_RETRIEVAL,False,0,1,9752,13.251482410620213
qwen35_2b,Qwen3.5-2B,FRED_0016_8K,FRED_0016,8K,FRED,RETRIEVAL_CALCULATION,False,0,1,9607,13.229870272287243
qwen35_2b,Qwen3.5-2B,CT_0020_32K,CT_0020,32K,CLINICAL_TRIALS,ENTITY_UNIT_BINDING,False,0,1,38756,15.242132057682372
qwen35_2b,Qwen3.5-2B,CT_0110_4K,CT_0110,4K,CLINICAL_TRIALS,UNANSWERABLE,False,0,1,4956,12.274960472140602
qwen35_2b,Qwen3.5-2B,CT_0056_16K,CT_0056,16K,CLINICAL_TRIALS,RETRIEVAL_CALCULATION,False,0,1,19135,14.223926280555858
qwen35_2b,Qwen3.5-2B,SEC_0108_64K,SEC_0108,64K,SEC,UNANSWERABLE,True,1,0,88099,16.426838022949067
qwen35_2b,Qwen3.5-2B,CT_0122_64K,CT_0122,64K,CLINICAL_TRIALS,UNANSWERABLE,True,1,0,75139,16.197274295307665
qwen35_2b,Qwen3.5-2B,FRED_0123_4K,FRED_0123,4K,FRED,UNANSWERABLE,True,1,0,4967,12.278159031437237
qwen35_2b,Qwen3.5-2B,SEC_0074_64K,SEC_0074,64K,SEC,RETRIEVAL_CALCULATION,False,0,1,87198,16.41200742483638
qwen35_2b,Qwen3.5-2B,SEC_0089_16K,SEC_0089,16K,SEC,TEMPORAL_VERSION,False,0,1,22280,14.443461612227393
qwen35_2b,Qwen3.5-2B,CT_0062_4K,CT_0062,4K,CLINICAL_TRIALS,RETRIEVAL_CALCULATION,False,0,1,4990,12.284824100224624
qwen35_2b,Qwen3.5-2B,CT_0042_16K,CT_0042,16K,CLINICAL_TRIALS,DIRECT_RETRIEVAL,True,1,0,19201,14.228893828905882
qwen35_2b,Qwen3.5-2B,FDA_0117_16K,FDA_0117,16K,FDA,UNANSWERABLE,False,0,1,19576,14.25679838607939
qwen35_2b,Qwen3.5-2B,CT_0104_16K,CT_0104,16K,CLINICAL_TRIALS,ENTITY_UNIT_BINDING,True,1,0,19207,14.229344577203932
qwen35_2b,Qwen3.5-2B,CT_0023_32K,CT_0023,32K,CLINICAL_TRIALS,UNANSWERABLE,True,1,0,37841,15.207662593913284
qwen35_2b,Qwen3.5-2B,CT_0083_8K,CT_0083,8K,CLINICAL_TRIALS,ENTITY_UNIT_BINDING,True,1,0,9663,13.23825544610397
qwen35_2b,Qwen3.5-2B,FRED_0042_82K,FRED_0042,82K,FRED,DIRECT_RETRIEVAL,False,0,1,95911,16.549408666486002
qwen35_2b,Qwen3.5-2B,SEC_0059_16K,SEC_0059,16K,SEC,RETRIEVAL_CALCULATION,False,0,1,22013,14.426068153138157
qwen35_2b,Qwen3.5-2B,FRED_0059_16K,FRED_0059,16K,FRED,RETRIEVAL_CALCULATION,False,0,1,19318,14.237658118679688
qwen35_2b,Qwen3.5-2B,SEC_0117_82K,SEC_0117,82K,SEC,UNANSWERABLE,True,1,0,110227,16.750118128427484
qwen35_2b,Qwen3.5-2B,FRED_0051_4K,FRED_0051,4K,FRED,RETRIEVAL_CALCULATION,False,0,1,4950,12.273212809854334
qwen35_2b,Qwen3.5-2B,SEC_0070_64K,SEC_0070,64K,SEC,RETRIEVAL_CALCULATION,False,0,1,87777,16.421555342853825
qwen35_2b,Qwen3.5-2B,FRED_0083_32K,FRED_0083,32K,FRED,TEMPORAL_VERSION,False,0,1,38351,15.226976575953842
qwen35_2b,Qwen3.5-2B,FDA_0116_16K,FDA_0116,16K,FDA,UNANSWERABLE,False,0,1,19496,14.250890535723341
qwen35_2b,Qwen3.5-2B,SEC_0098_4K,SEC_0098,4K,SEC,ENTITY_UNIT_BINDING,True,1,0,5636,12.460455896309636
qwen35_2b,Qwen3.5-2B,CT_0036_64K,CT_0036,64K,CLINICAL_TRIALS,DIRECT_RETRIEVAL,True,1,0,75898,16.211774249009714
qwen35_2b,Qwen3.5-2B,CT_0050_64K,CT_0050,64K,CLINICAL_TRIALS,RETRIEVAL_CALCULATION,False,0,1,75881,16.21145107102333
qwen35_2b,Qwen3.5-2B,SEC_0083_32K,SEC_0083,32K,SEC,TEMPORAL_VERSION,True,1,0,43760,15.417325117679919
qwen35_2b,Qwen3.5-2B,CT_0033_32K,CT_0033,32K,CLINICAL_TRIALS,DIRECT_RETRIEVAL,False,0,1,38096,15.217351905270334
qwen35_2b,Qwen3.5-2B,FRED_0058_64K,FRED_0058,64K,FRED,RETRIEVAL_CALCULATION,False,0,1,75403,16.202334303560928
qwen35_2b,Qwen3.5-2B,SEC_0076_8K,SEC_0076,8K,SEC,RETRIEVAL_CALCULATION,False,0,1,11319,13.466458885531265
qwen35_2b,Qwen3.5-2B,FDA_0037_64K,FDA_0037,64K,FDA,DIRECT_RETRIEVAL,False,0,1,77208,16.236462721373893
qwen35_2b,Qwen3.5-2B,FDA_0125_32K,FDA_0125,32K,FDA,UNANSWERABLE,False,0,1,38970,15.2500763110564
qwen35_2b,Qwen3.5-2B,FRED_0068_82K,FRED_0068,82K,FRED,RETRIEVAL_CALCULATION,False,0,1,94395,16.52642282318057
qwen35_2b,Qwen3.5-2B,CT_0062_8K,CT_0062,8K,CLINICAL_TRIALS,RETRIEVAL_CALCULATION,False,0,1,9735,13.248965263607657
qwen35_2b,Qwen3.5-2B,CT_0004_4K,CT_0004,4K,CLINICAL_TRIALS,DIRECT_RETRIEVAL,True,1,0,5010,12.290594888082572
qwen35_2b,Qwen3.5-2B,FRED_0124_16K,FRED_0124,16K,FRED,UNANSWERABLE,True,1,0,19179,14.227239879225015
qwen35_2b,Qwen3.5-2B,FDA_0071_64K,FDA_0071,64K,FDA,RETRIEVAL_CALCULATION,False,0,1,76944,16.231521210875705
qwen35_2b,Qwen3.5-2B,FDA_0062_64K,FDA_0062,64K,FDA,RETRIEVAL_CALCULATION,False,0,1,76949,16.231614957507546
qwen35_2b,Qwen3.5-2B,FDA_0077_64K,FDA_0077,64K,FDA,RETRIEVAL_CALCULATION,False,0,1,76788,16.228593251782883
qwen35_2b,Qwen3.5-2B,CT_0116_8K,CT_0116,8K,CLINICAL_TRIALS,UNANSWERABLE,False,0,1,9639,13.234667766192569
qwen35_2b,Qwen3.5-2B,CT_0107_8K,CT_0107,8K,CLINICAL_TRIALS,UNANSWERABLE,False,0,1,9647,13.23586465108203
qwen35_2b,Qwen3.5-2B,CT_0079_16K,CT_0079,16K,CLINICAL_TRIALS,ENTITY_UNIT_BINDING,True,1,0,19319,14.23773279813416
qwen35_2b,Qwen3.5-2B,FRED_0111_82K,FRED_0111,82K,FRED,UNANSWERABLE,True,1,0,95994,16.550656614125305
qwen35_2b,Qwen3.5-2B,FRED_0095_8K,FRED_0095,8K,FRED,ENTITY_UNIT_BINDING,False,0,1,9629,13.233170262382705
qwen35_2b,Qwen3.5-2B,CT_0121_64K,CT_0121,64K,CLINICAL_TRIALS,UNANSWERABLE,False,0,1,75284,16.20005566312671
qwen35_2b,Qwen3.5-2B,FRED_0063_4K,FRED_0063,4K,FRED,RETRIEVAL_CALCULATION,False,0,1,4907,12.260625556068227
qwen35_2b,Qwen3.5-2B,CT_0099_4K,CT_0099,4K,CLINICAL_TRIALS,ENTITY_UNIT_BINDING,True,1,0,4935,12.26883436934376
qwen35_2b,Qwen3.5-2B,FRED_0045_16K,FRED_0045,16K,FRED,DIRECT_RETRIEVAL,True,1,0,18818,14.199825684374256
qwen35_2b,Qwen3.5-2B,FRED_0124_82K,FRED_0124,82K,FRED,UNANSWERABLE,True,1,0,95990,16.550596496822152
qwen35_2b,Qwen3.5-2B,FRED_0061_16K,FRED_0061,16K,FRED,RETRIEVAL_CALCULATION,False,0,1,19101,14.221360549604993
qwen35_2b,Qwen3.5-2B,CT_0005_64K,CT_0005,64K,CLINICAL_TRIALS,DIRECT_RETRIEVAL,True,1,0,75932,16.21242038787832
qwen35_2b,Qwen3.5-2B,FDA_0011_32K,FDA_0011,32K,FDA,RETRIEVAL_CALCULATION,False,0,1,38737,15.241424607813968
qwen35_2b,Qwen3.5-2B,SEC_0120_4K,SEC_0120,4K,SEC,UNANSWERABLE,True,1,0,5676,12.470658874060552
qwen35_2b,Qwen3.5-2B,FDA_0095_16K,FDA_0095,16K,FDA,ENTITY_UNIT_BINDING,True,1,0,19425,14.245626978182434
qwen35_2b,Qwen3.5-2B,FRED_0074_4K,FRED_0074,4K,FRED,TEMPORAL_VERSION,True,1,0,4980,12.281930026955443
qwen35_2b,Qwen3.5-2B,SEC_0044_64K,SEC_0044,64K,SEC,DIRECT_RETRIEVAL,False,0,1,88601,16.435035361477592
qwen35_2b,Qwen3.5-2B,FRED_0087_64K,FRED_0087,64K,FRED,TEMPORAL_VERSION,False,0,1,76381,16.220926187773777
qwen35_2b,Qwen3.5-2B,CT_0018_32K,CT_0018,32K,CLINICAL_TRIALS,ENTITY_UNIT_BINDING,False,0,1,38496,15.232420927176076
qwen35_2b,Qwen3.5-2B,SEC_0103_4K,SEC_0103,4K,SEC,ENTITY_UNIT_BINDING,False,0,1,5793,12.500094949671807
qwen35_2b,Qwen3.5-2B,SEC_0084_32K,SEC_0084,32K,SEC,TEMPORAL_VERSION,False,0,1,43810,15.418972594210313
qwen35_2b,Qwen3.5-2B,SEC_0018_64K,SEC_0018,64K,SEC,TEMPORAL_VERSION,True,1,0,88556,16.434302437819635
qwen35_2b,Qwen3.5-2B,SEC_0112_8K,SEC_0112,8K,SEC,UNANSWERABLE,True,1,0,11303,13.464418117738564
qwen35_2b,Qwen3.5-2B,SEC_0059_8K,SEC_0059,8K,SEC,RETRIEVAL_CALCULATION,False,0,1,11090,13.436971745049073
qwen35_2b,Qwen3.5-2B,FRED_0124_32K,FRED_0124,32K,FRED,UNANSWERABLE,True,1,0,38192,15.220982851081777
qwen35_2b,Qwen3.5-2B,FDA_0116_4K,FDA_0116,4K,FDA,UNANSWERABLE,False,0,1,5059,12.30463652380727
qwen35_2b,Qwen3.5-2B,FRED_0033_8K,FRED_0033,8K,FRED,DIRECT_RETRIEVAL,False,0,1,9760,13.252665432450248
qwen35_2b,Qwen3.5-2B,CT_0032_64K,CT_0032,64K,CLINICAL_TRIALS,DIRECT_RETRIEVAL,False,0,1,75813,16.210157634640197
qwen35_2b,Qwen3.5-2B,CT_0020_8K,CT_0020,8K,CLINICAL_TRIALS,ENTITY_UNIT_BINDING,True,1,0,9938,13.27873982655011
qwen35_2b,Qwen3.5-2B,FRED_0043_64K,FRED_0043,64K,FRED,DIRECT_RETRIEVAL,False,0,1,76234,16.21814695589491
qwen35_2b,Qwen3.5-2B,FDA_0054_16K,FDA_0054,16K,FDA,RETRIEVAL_CALCULATION,False,0,1,19472,14.249113452713729
qwen35_2b,Qwen3.5-2B,CT_0040_4K,CT_0040,4K,CLINICAL_TRIALS,DIRECT_RETRIEVAL,True,1,0,4928,12.266786540694902
qwen35_2b,Qwen3.5-2B,FRED_0003_32K,FRED_0003,32K,FRED,DIRECT_RETRIEVAL,False,0,1,38289,15.224642361130046
qwen35_2b,Qwen3.5-2B,CT_0080_64K,CT_0080,64K,CLINICAL_TRIALS,ENTITY_UNIT_BINDING,True,1,0,75993,16.213578912179436
qwen35_2b,Qwen3.5-2B,SEC_0106_32K,SEC_0106,32K,SEC,UNANSWERABLE,True,1,0,44071,15.427542012236342
qwen35_2b,Qwen3.5-2B,CT_0105_8K,CT_0105,8K,CLINICAL_TRIALS,ENTITY_UNIT_BINDING,True,1,0,9721,13.246889016274343
qwen35_2b,Qwen3.5-2B,SEC_0058_16K,SEC_0058,16K,SEC,RETRIEVAL_CALCULATION,False,0,1,22029,14.427116385356028
qwen35_2b,Qwen3.5-2B,FDA_0123_16K,FDA_0123,16K,FDA,UNANSWERABLE,False,0,1,19521,14.252739339114587
qwen35_2b,Qwen3.5-2B,SEC_0084_4K,SEC_0084,4K,SEC,TEMPORAL_VERSION,True,1,0,5587,12.44785810495403
qwen35_2b,Qwen3.5-2B,CT_0112_32K,CT_0112,32K,CLINICAL_TRIALS,UNANSWERABLE,False,0,1,38107,15.217768415002498
qwen35_2b,Qwen3.5-2B,FDA_0124_32K,FDA_0124,32K,FDA,UNANSWERABLE,False,0,1,38788,15.243322768605955
qwen35_2b,Qwen3.5-2B,SEC_0006_82K,SEC_0006,82K,SEC,ENTITY_UNIT_BINDING,False,0,1,109731,16.743611632158494
qwen35_2b,Qwen3.5-2B,SEC_0015_4K,SEC_0015,4K,SEC,RETRIEVAL_CALCULATION,False,0,1,5722,12.482303782323182
qwen35_2b,Qwen3.5-2B,SEC_0027_64K,SEC_0027,64K,SEC,DIRECT_RETRIEVAL,False,0,1,88054,16.426100921926068
qwen35_2b,Qwen3.5-2B,SEC_0014_4K,SEC_0014,4K,SEC,RETRIEVAL_CALCULATION,False,0,1,5731,12.484571180915806
qwen35_2b,Qwen3.5-2B,CT_0086_8K,CT_0086,8K,CLINICAL_TRIALS,ENTITY_UNIT_BINDING,True,1,0,9747,13.250742529050639
qwen35_2b,Qwen3.5-2B,FDA_0099_32K,FDA_0099,32K,FDA,ENTITY_UNIT_BINDING,True,1,0,38590,15.235939423428617
qwen35_2b,Qwen3.5-2B,SEC_0030_8K,SEC_0030,8K,SEC,DIRECT_RETRIEVAL,True,1,0,11147,13.44436786839631
qwen35_2b,Qwen3.5-2B,CT_0011_8K,CT_0011,8K,CLINICAL_TRIALS,RETRIEVAL_CALCULATION,False,0,1,9770,13.254142846855748
qwen35_2b,Qwen3.5-2B,CT_0091_32K,CT_0091,32K,CLINICAL_TRIALS,ENTITY_UNIT_BINDING,True,1,0,37708,15.202583012749797
qwen35_2b,Qwen3.5-2B,CT_0107_64K,CT_0107,64K,CLINICAL_TRIALS,UNANSWERABLE,True,1,0,75362,16.201549632077036
qwen35_2b,Qwen3.5-2B,CT_0115_64K,CT_0115,64K,CLINICAL_TRIALS,UNANSWERABLE,True,1,0,75528,16.20472396401958
qwen35_2b,Qwen3.5-2B,FRED_0111_8K,FRED_0111,8K,FRED,UNANSWERABLE,True,1,0,9649,13.236163717219272
qwen35_2b,Qwen3.5-2B,FRED_0049_32K,FRED_0049,32K,FRED,RETRIEVAL_CALCULATION,False,0,1,37557,15.196794206705707
qwen35_2b,Qwen3.5-2B,CT_0064_4K,CT_0064,4K,CLINICAL_TRIALS,RETRIEVAL_CALCULATION,False,0,1,5058,12.304351321663239
qwen35_2b,Qwen3.5-2B,FRED_0012_16K,FRED_0012,16K,FRED,RETRIEVAL_CALCULATION,False,0,1,18952,14.21006248324023
qwen35_2b,Qwen3.5-2B,FRED_0013_32K,FRED_0013,32K,FRED,RETRIEVAL_CALCULATION,False,0,1,37847,15.207891326876592
qwen35_2b,Qwen3.5-2B,FDA_0075_32K,FDA_0075,32K,FDA,RETRIEVAL_CALCULATION,False,0,1,38479,15.231783686095365
qwen35_2b,Qwen3.5-2B,CT_0096_4K,CT_0096,4K,CLINICAL_TRIALS,ENTITY_UNIT_BINDING,True,1,0,4983,12.282798858683533
qwen35_2b,Qwen3.5-2B,CT_0101_32K,CT_0101,32K,CLINICAL_TRIALS,ENTITY_UNIT_BINDING,True,1,0,37966,15.21242038787832
qwen35_2b,Qwen3.5-2B,CT_0075_64K,CT_0075,64K,CLINICAL_TRIALS,ENTITY_UNIT_BINDING,False,0,1,76071,16.215058949835402
qwen35_2b,Qwen3.5-2B,FRED_0033_16K,FRED_0033,16K,FRED,DIRECT_RETRIEVAL,False,0,1,19240,14.231821178657404
qwen35_2b,Qwen3.5-2B,SEC_0046_8K,SEC_0046,8K,SEC,RETRIEVAL_CALCULATION,False,0,1,11325,13.46722342982096
qwen35_2b,Qwen3.5-2B,CT_0103_4K,CT_0103,4K,CLINICAL_TRIALS,ENTITY_UNIT_BINDING,True,1,0,4940,12.27029532647204
qwen35_2b,Qwen3.5-2B,FDA_0017_16K,FDA_0017,16K,FDA,RETRIEVAL_CALCULATION,False,0,1,19378,14.242132057682372
qwen35_2b,Qwen3.5-2B,CT_0001_64K,CT_0001,64K,CLINICAL_TRIALS,DIRECT_RETRIEVAL,False,0,1,75826,16.21040499891426
qwen35_2b,Qwen3.5-2B,SEC_0056_82K,SEC_0056,82K,SEC,RETRIEVAL_CALCULATION,False,0,1,109945,16.746422470269287
qwen35_2b,Qwen3.5-2B,FRED_0054_8K,FRED_0054,8K,FRED,RETRIEVAL_CALCULATION,False,0,1,9607,13.229870272287243
qwen35_2b,Qwen3.5-2B,FRED_0060_82K,FRED_0060,82K,FRED,RETRIEVAL_CALCULATION,False,0,1,94671,16.53063494079171
qwen35_2b,Qwen3.5-2B,SEC_0124_4K,SEC_0124,4K,SEC,UNANSWERABLE,True,1,0,5708,12.478769619475763
qwen35_2b,Qwen3.5-2B,CT_0112_64K,CT_0112,64K,CLINICAL_TRIALS,UNANSWERABLE,False,0,1,75950,16.212762344276808
qwen35_2b,Qwen3.5-2B,CT_0089_4K,CT_0089,4K,CLINICAL_TRIALS,ENTITY_UNIT_BINDING,True,1,0,5032,12.296916206879288
qwen35_2b,Qwen3.5-2B,FDA_0046_64K,FDA_0046,64K,FDA,RETRIEVAL_CALCULATION,False,0,1,77287,16.237938146703694
qwen35_2b,Qwen3.5-2B,FDA_0022_16K,FDA_0022,16K,FDA,UNANSWERABLE,False,0,1,19508,14.251778257035868
qwen35_2b,Qwen3.5-2B,SEC_0001_64K,SEC_0001,64K,SEC,DIRECT_RETRIEVAL,False,0,1,88540,16.434041752985227
qwen35_2b,Qwen3.5-2B,SEC_0060_64K,SEC_0060,64K,SEC,RETRIEVAL_CALCULATION,False,0,1,87981,16.42490437869294
qwen35_2b,Qwen3.5-2B,FRED_0036_32K,FRED_0036,32K,FRED,DIRECT_RETRIEVAL,False,0,1,38049,15.215570917010226
qwen35_2b,Qwen3.5-2B,SEC_0044_16K,SEC_0044,16K,SEC,DIRECT_RETRIEVAL,True,1,0,22257,14.44197152583225
qwen35_2b,Qwen3.5-2B,FRED_0103_32K,FRED_0103,32K,FRED,ENTITY_UNIT_BINDING,False,0,1,37584,15.197830998012197
qwen35_2b,Qwen3.5-2B,FRED_0038_8K,FRED_0038,8K,FRED,DIRECT_RETRIEVAL,True,1,0,9532,13.21856323619027
qwen35_2b,Qwen3.5-2B,FRED_0119_16K,FRED_0119,16K,FRED,UNANSWERABLE,True,1,0,19291,14.235640310787543
qwen35_2b,Qwen3.5-2B,FDA_0076_64K,FDA_0076,64K,FDA,RETRIEVAL_CALCULATION,False,0,1,76843,16.229626223391982
qwen35_2b,Qwen3.5-2B,FRED_0055_8K,FRED_0055,8K,FRED,RETRIEVAL_CALCULATION,False,0,1,9825,13.262241692033331
qwen35_2b,Qwen3.5-2B,CT_0065_8K,CT_0065,8K,CLINICAL_TRIALS,RETRIEVAL_CALCULATION,False,0,1,9794,13.257682480708766
qwen35_2b,Qwen3.5-2B,CT_0062_82K,CT_0062,82K,CLINICAL_TRIALS,RETRIEVAL_CALCULATION,False,0,1,95781,16.547451877636515
qwen35_2b,Qwen3.5-2B,FDA_0048_64K,FDA_0048,64K,FDA,RETRIEVAL_CALCULATION,False,0,1,77208,16.236462721373893
qwen35_2b,Qwen3.5-2B,CT_0084_64K,CT_0084,64K,CLINICAL_TRIALS,ENTITY_UNIT_BINDING,False,0,1,76129,16.21615850721283
qwen35_2b,Qwen3.5-2B,FRED_0082_8K,FRED_0082,8K,FRED,TEMPORAL_VERSION,True,1,0,9747,13.250742529050639
qwen35_2b,Qwen3.5-2B,FDA_0051_32K,FDA_0051,32K,FDA,RETRIEVAL_CALCULATION,False,0,1,38691,15.239710396425615
qwen35_2b,Qwen3.5-2B,SEC_0052_64K,SEC_0052,64K,SEC,RETRIEVAL_CALCULATION,False,0,1,87881,16.423263665865402
qwen35_2b,Qwen3.5-2B,FRED_0014_8K,FRED_0014,8K,FRED,RETRIEVAL_CALCULATION,False,0,1,9628,13.233020426474496
qwen35_2b,Qwen3.5-2B,SEC_0023_64K,SEC_0023,64K,SEC,UNANSWERABLE,True,1,0,87414,16.415576736083995
qwen35_2b,Qwen3.5-2B,SEC_0065_8K,SEC_0065,8K,SEC,RETRIEVAL_CALCULATION,False,0,1,11111,13.439701045971955
qwen35_2b,Qwen3.5-2B,CT_0110_64K,CT_0110,64K,CLINICAL_TRIALS,UNANSWERABLE,True,1,0,75344,16.201205007299528
qwen35_2b,Qwen3.5-2B,SEC_0094_8K,SEC_0094,8K,SEC,ENTITY_UNIT_BINDING,True,1,0,11154,13.445273555640638
qwen35_2b,Qwen3.5-2B,FRED_0104_32K,FRED_0104,32K,FRED,ENTITY_UNIT_BINDING,False,0,1,37487,15.194102754167144
qwen35_2b,Qwen3.5-2B,SEC_0030_82K,SEC_0030,82K,SEC,DIRECT_RETRIEVAL,False,0,1,109616,16.742098869778307
qwen35_2b,Qwen3.5-2B,FDA_0099_64K,FDA_0099,64K,FDA,ENTITY_UNIT_BINDING,True,1,0,77014,16.23283310970293
qwen35_2b,Qwen3.5-2B,SEC_0032_16K,SEC_0032,16K,SEC,DIRECT_RETRIEVAL,False,0,1,22175,14.436646484075789
qwen35_2b,Qwen3.5-2B,SEC_0051_32K,SEC_0051,32K,SEC,RETRIEVAL_CALCULATION,False,0,1,44297,15.434921375583052
qwen35_2b,Qwen3.5-2B,FDA_0072_64K,FDA_0072,64K,FDA,RETRIEVAL_CALCULATION,False,0,1,76997,16.232514615364284
qwen35_2b,Qwen3.5-2B,FRED_0060_32K,FRED_0060,32K,FRED,RETRIEVAL_CALCULATION,False,0,1,37753,15.204303670693255
qwen35_2b,Qwen3.5-2B,SEC_0065_32K,SEC_0065,32K,SEC,RETRIEVAL_CALCULATION,False,0,1,43904,15.422064766172813
qwen35_2b,Qwen3.5-2B,CT_0105_16K,CT_0105,16K,CLINICAL_TRIALS,ENTITY_UNIT_BINDING,True,1,0,19122,14.222945804499009
qwen35_2b,Qwen3.5-2B,CT_0065_4K,CT_0065,4K,CLINICAL_TRIALS,RETRIEVAL_CALCULATION,False,0,1,5091,12.313733350263819
qwen35_2b,Qwen3.5-2B,FRED_0028_4K,FRED_0028,4K,FRED,DIRECT_RETRIEVAL,False,0,1,4999,12.287423811683523
qwen35_2b,Qwen3.5-2B,CT_0052_82K,CT_0052,82K,CLINICAL_TRIALS,RETRIEVAL_CALCULATION,False,0,1,95135,16.537688583273614
qwen35_2b,Qwen3.5-2B,FDA_0084_32K,FDA_0084,32K,FDA,TEMPORAL_VERSION,True,1,0,39199,15.258529229975572
qwen35_2b,Qwen3.5-2B,FRED_0072_8K,FRED_0072,8K,FRED,RETRIEVAL_CALCULATION,False,0,1,9620,13.231821178657404
qwen35_2b,Qwen3.5-2B,SEC_0025_8K,SEC_0025,8K,SEC,UNANSWERABLE,True,1,0,11126,13.441647390253612
qwen35_2b,Qwen3.5-2B,FRED_0002_4K,FRED_0002,4K,FRED,DIRECT_RETRIEVAL,True,1,0,4963,12.27699673929712
qwen35_2b,Qwen3.5-2B,CT_0098_64K,CT_0098,64K,CLINICAL_TRIALS,ENTITY_UNIT_BINDING,True,1,0,75686,16.207738842263858
qwen35_2b,Qwen3.5-2B,CT_0043_16K,CT_0043,16K,CLINICAL_TRIALS,DIRECT_RETRIEVAL,True,1,0,18878,14.204418308289435
qwen35_2b,Qwen3.5-2B,CT_0003_4K,CT_0003,4K,CLINICAL_TRIALS,DIRECT_RETRIEVAL,True,1,0,5020,12.293471648838134
qwen35_2b,Qwen3.5-2B,SEC_0106_64K,SEC_0106,64K,SEC,UNANSWERABLE,True,1,0,88033,16.425756812525574
qwen35_2b,Qwen3.5-2B,CT_0090_82K,CT_0090,82K,CLINICAL_TRIALS,ENTITY_UNIT_BINDING,True,1,0,94349,16.5257196064087
qwen35_2b,Qwen3.5-2B,FDA_0103_16K,FDA_0103,16K,FDA,ENTITY_UNIT_BINDING,True,1,0,19391,14.243099585151974
qwen35_2b,Qwen3.5-2B,FRED_0044_32K,FRED_0044,32K,FRED,DIRECT_RETRIEVAL,False,0,1,38324,15.225960527236161
qwen35_2b,Qwen3.5-2B,FRED_0111_32K,FRED_0111,32K,FRED,UNANSWERABLE,True,1,0,38265,15.22373777921099
qwen35_2b,Qwen3.5-2B,FRED_0011_82K,FRED_0011,82K,FRED,RETRIEVAL_CALCULATION,False,0,1,96069,16.551783349973093
qwen35_2b,Qwen3.5-2B,SEC_0112_82K,SEC_0112,82K,SEC,UNANSWERABLE,True,1,0,110394,16.752302237083004
qwen35_2b,Qwen3.5-2B,CT_0001_4K,CT_0001,4K,CLINICAL_TRIALS,DIRECT_RETRIEVAL,True,1,0,4921,12.26473580113014
qwen35_2b,Qwen3.5-2B,CT_0053_82K,CT_0053,82K,CLINICAL_TRIALS,RETRIEVAL_CALCULATION,False,0,1,95207,16.538780029700554
qwen35_2b,Qwen3.5-2B,FDA_0008_82K,FDA_0008,82K,FDA,ENTITY_UNIT_BINDING,False,0,1,96602,16.55976543776384
qwen35_2b,Qwen3.5-2B,FDA_0004_32K,FDA_0004,32K,FDA,DIRECT_RETRIEVAL,True,1,0,38661,15.238591334128667
qwen35_2b,Qwen3.5-2B,FRED_0038_4K,FRED_0038,4K,FRED,DIRECT_RETRIEVAL,True,1,0,4884,12.253847484987404
qwen35_2b,Qwen3.5-2B,SEC_0094_4K,SEC_0094,4K,SEC,ENTITY_UNIT_BINDING,False,0,1,5603,12.45198377723019
qwen35_2b,Qwen3.5-2B,SEC_0013_82K,SEC_0013,82K,SEC,RETRIEVAL_CALCULATION,False,0,1,110252,16.750445301320838
qwen35_2b,Qwen3.5-2B,FDA_0034_64K,FDA_0034,64K,FDA,DIRECT_RETRIEVAL,True,1,0,77364,16.239374768870096
qwen35_2b,Qwen3.5-2B,SEC_0083_64K,SEC_0083,64K,SEC,TEMPORAL_VERSION,False,0,1,87233,16.412586385309105
qwen35_2b,Qwen3.5-2B,FRED_0088_32K,FRED_0088,32K,FRED,TEMPORAL_VERSION,False,0,1,38264,15.223700075986306
qwen35_2b,Qwen3.5-2B,FRED_0097_32K,FRED_0097,32K,FRED,ENTITY_UNIT_BINDING,False,0,1,38219,15.222002410248
qwen35_2b,Qwen3.5-2B,FRED_0125_8K,FRED_0125,8K,FRED,UNANSWERABLE,True,1,0,9647,13.23586465108203
qwen35_2b,Qwen3.5-2B,CT_0013_82K,CT_0013,82K,CLINICAL_TRIALS,RETRIEVAL_CALCULATION,False,0,1,95763,16.547180728335963
qwen35_2b,Qwen3.5-2B,CT_0123_4K,CT_0123,4K,CLINICAL_TRIALS,UNANSWERABLE,False,0,1,4959,12.27583351001347
qwen35_2b,Qwen3.5-2B,FDA_0069_16K,FDA_0069,16K,FDA,RETRIEVAL_CALCULATION,False,0,1,19403,14.24399211188512
qwen35_2b,Qwen3.5-2B,SEC_0082_4K,SEC_0082,4K,SEC,TEMPORAL_VERSION,True,1,0,5696,12.475733430966399
qwen35_2b,Qwen3.5-2B,CT_0069_16K,CT_0069,16K,CLINICAL_TRIALS,RETRIEVAL_CALCULATION,False,0,1,19489,14.250372445924969
qwen35_2b,Qwen3.5-2B,FRED_0062_64K,FRED_0062,64K,FRED,RETRIEVAL_CALCULATION,False,0,1,75504,16.20426545613684
qwen35_2b,Qwen3.5-2B,FDA_0086_32K,FDA_0086,32K,FDA,TEMPORAL_VERSION,True,1,0,39106,15.25510235552599
qwen35_2b,Qwen3.5-2B,FDA_0063_16K,FDA_0063,16K,FDA,RETRIEVAL_CALCULATION,False,0,1,19334,14.238852526315656
qwen35_2b,Qwen3.5-2B,SEC_0097_32K,SEC_0097,32K,SEC,ENTITY_UNIT_BINDING,False,0,1,44403,15.43836953222641
qwen35_2b,Qwen3.5-2B,SEC_0047_4K,SEC_0047,4K,SEC,RETRIEVAL_CALCULATION,False,0,1,5718,12.481294904631097
qwen35_2b,Qwen3.5-2B,FRED_0018_32K,FRED_0018,32K,FRED,TEMPORAL_VERSION,False,0,1,38258,15.223473835943885
qwen35_2b,Qwen3.5-2B,SEC_0092_64K,SEC_0092,64K,SEC,TEMPORAL_VERSION,False,0,1,88090,16.42669063286933
qwen35_2b,Qwen3.5-2B,FDA_0099_8K,FDA_0099,8K,FDA,ENTITY_UNIT_BINDING,False,0,1,9886,13.271171191139773
qwen35_2b,Qwen3.5-2B,FDA_0125_4K,FDA_0125,4K,FDA,UNANSWERABLE,False,0,1,5026,12.295194955880655
qwen35_2b,Qwen3.5-2B,FDA_0079_4K,FDA_0079,4K,FDA,TEMPORAL_VERSION,True,1,0,5143,12.328394438352458
qwen35_2b,Qwen3.5-2B,FDA_0039_16K,FDA_0039,16K,FDA,DIRECT_RETRIEVAL,True,1,0,19516,14.252369767926027
qwen35_2b,Qwen3.5-2B,CT_0080_8K,CT_0080,8K,CLINICAL_TRIALS,ENTITY_UNIT_BINDING,True,1,0,9786,13.256503567433041
qwen35_2b,Qwen3.5-2B,SEC_0073_8K,SEC_0073,8K,SEC,RETRIEVAL_CALCULATION,False,0,1,11119,13.440739423014273
qwen35_2b,Qwen3.5-2B,SEC_0063_16K,SEC_0063,16K,SEC,RETRIEVAL_CALCULATION,False,0,1,22273,14.443008270572767
qwen35_2b,Qwen3.5-2B,SEC_0021_64K,SEC_0021,64K,SEC,UNANSWERABLE,True,1,0,87925,16.423985809400033
qwen35_2b,Qwen3.5-2B,SEC_0088_82K,SEC_0088,82K,SEC,TEMPORAL_VERSION,False,0,1,110109,16.748572869994
qwen35_2b,Qwen3.5-2B,FRED_0061_32K,FRED_0061,32K,FRED,RETRIEVAL_CALCULATION,False,0,1,37909,15.210252779764968
qwen35_2b,Qwen3.5-2B,FRED_0031_64K,FRED_0031,64K,FRED,DIRECT_RETRIEVAL,False,0,1,75839,16.210652320782557
qwen35_2b,Qwen3.5-2B,FDA_0082_16K,FDA_0082,16K,FDA,TEMPORAL_VERSION,True,1,0,19770,14.271025250616571
qwen35_2b,Qwen3.5-2B,CT_0037_4K,CT_0037,4K,CLINICAL_TRIALS,DIRECT_RETRIEVAL,True,1,0,4925,12.2659080092311
qwen35_2b,Qwen3.5-2B,CT_0036_32K,CT_0036,32K,CLINICAL_TRIALS,DIRECT_RETRIEVAL,True,1,0,38015,15.21428117062147
qwen35_2b,Qwen3.5-2B,FRED_0025_32K,FRED_0025,32K,FRED,UNANSWERABLE,True,1,0,37584,15.197830998012197
qwen35_2b,Qwen3.5-2B,FRED_0027_82K,FRED_0027,82K,FRED,DIRECT_RETRIEVAL,False,0,1,95586,16.54451170895181
qwen35_2b,Qwen3.5-2B,FDA_0105_16K,FDA_0105,16K,FDA,ENTITY_UNIT_BINDING,True,1,0,19398,14.243620292847242
qwen35_2b,Qwen3.5-2B,SEC_0111_16K,SEC_0111,16K,SEC,UNANSWERABLE,True,1,0,22232,14.440350119200563
qwen35_2b,Qwen3.5-2B,FRED_0114_16K,FRED_0114,16K,FRED,UNANSWERABLE,True,1,0,19218,14.23017058349584
qwen35_2b,Qwen3.5-2B,FDA_0091_32K,FDA_0091,32K,FDA,ENTITY_UNIT_BINDING,False,0,1,38575,15.23537853634546
qwen35_2b,Qwen3.5-2B,CT_0089_8K,CT_0089,8K,CLINICAL_TRIALS,ENTITY_UNIT_BINDING,True,1,0,9868,13.268542000300123
qwen35_2b,Qwen3.5-2B,SEC_0103_16K,SEC_0103,16K,SEC,ENTITY_UNIT_BINDING,False,0,1,22258,14.442036344209926
qwen35_2b,Qwen3.5-2B,FDA_0052_4K,FDA_0052,4K,FDA,RETRIEVAL_CALCULATION,False,0,1,5038,12.298635406734242
qwen35_2b,Qwen3.5-2B,SEC_0108_4K,SEC_0108,4K,SEC,UNANSWERABLE,True,1,0,5685,12.47294463377961
qwen35_2b,Qwen3.5-2B,CT_0110_32K,CT_0110,32K,CLINICAL_TRIALS,UNANSWERABLE,False,0,1,37860,15.208386790591067
qwen35_2b,Qwen3.5-2B,FRED_0065_4K,FRED_0065,4K,FRED,RETRIEVAL_CALCULATION,False,0,1,4935,12.26883436934376
qwen35_2b,Qwen3.5-2B,FDA_0081_4K,FDA_0081,4K,FDA,TEMPORAL_VERSION,True,1,0,5147,12.329516067206534
qwen35_2b,Qwen3.5-2B,FRED_0114_4K,FRED_0114,4K,FRED,UNANSWERABLE,True,1,0,4950,12.273212809854334
qwen35_2b,Qwen3.5-2B,FDA_0046_4K,FDA_0046,4K,FDA,RETRIEVAL_CALCULATION,False,0,1,4973,12.279900715802762
qwen35_2b,Qwen3.5-2B,FRED_0026_16K,FRED_0026,16K,FRED,DIRECT_RETRIEVAL,False,0,1,19244,14.232121084082221
qwen35_2b,Qwen3.5-2B,FRED_0050_8K,FRED_0050,8K,FRED,RETRIEVAL_CALCULATION,False,0,1,9637,13.234368389756364
qwen35_2b,Qwen3.5-2B,FDA_0016_4K,FDA_0016,4K,FDA,RETRIEVAL_CALCULATION,False,0,1,5095,12.314866431053176
qwen35_2b,Qwen3.5-2B,SEC_0054_8K,SEC_0054,8K,SEC,RETRIEVAL_CALCULATION,False,0,1,11124,13.441388029346687
qwen35_2b,Qwen3.5-2B,SEC_0060_16K,SEC_0060,16K,SEC,RETRIEVAL_CALCULATION,False,0,1,22187,14.437426987250259
qwen35_2b,Qwen3.5-2B,CT_0093_64K,CT_0093,64K,CLINICAL_TRIALS,ENTITY_UNIT_BINDING,True,1,0,75485,16.20390236735658
qwen35_2b,Qwen3.5-2B,SEC_0008_16K,SEC_0008,16K,SEC,ENTITY_UNIT_BINDING,True,1,0,22052,14.428621886091111
qwen35_2b,Qwen3.5-2B,CT_0038_8K,CT_0038,8K,CLINICAL_TRIALS,DIRECT_RETRIEVAL,True,1,0,9755,13.251926157496388
qwen35_2b,Qwen3.5-2B,CT_0063_82K,CT_0063,82K,CLINICAL_TRIALS,RETRIEVAL_CALCULATION,False,0,1,94249,16.524189690740357
qwen35_2b,Qwen3.5-2B,CT_0006_82K,CT_0006,82K,CLINICAL_TRIALS,ENTITY_UNIT_BINDING,True,1,0,94462,16.527446460872525
qwen35_2b,Qwen3.5-2B,FDA_0063_64K,FDA_0063,64K,FDA,RETRIEVAL_CALCULATION,False,0,1,76904,16.230771018439846
qwen35_2b,Qwen3.5-2B,CT_0021_16K,CT_0021,16K,CLINICAL_TRIALS,UNANSWERABLE,False,0,1,19068,14.218865910069676
qwen35_2b,Qwen3.5-2B,FDA_0026_64K,FDA_0026,64K,FDA,DIRECT_RETRIEVAL,True,1,0,77254,16.237322013288317
qwen35_2b,Qwen3.5-2B,FDA_0075_82K,FDA_0075,82K,FDA,RETRIEVAL_CALCULATION,False,0,1,96476,16.55788247232027
qwen35_2b,Qwen3.5-2B,SEC_0086_4K,SEC_0086,4K,SEC,TEMPORAL_VERSION,True,1,0,5592,12.449148645375436
qwen35_2b,Qwen3.5-2B,FRED_0082_4K,FRED_0082,4K,FRED,TEMPORAL_VERSION,True,1,0,5009,12.290306896257901
qwen35_2b,Qwen3.5-2B,FRED_0120_8K,FRED_0120,8K,FRED,UNANSWERABLE,True,1,0,9736,13.249113452713729
qwen35_2b,Qwen3.5-2B,FDA_0077_16K,FDA_0077,16K,FDA,RETRIEVAL_CALCULATION,False,0,1,19444,14.247037418788581
qwen35_2b,Qwen3.5-2B,CT_0121_16K,CT_0121,16K,CLINICAL_TRIALS,UNANSWERABLE,False,0,1,19003,14.213939574077656
qwen35_2b,Qwen3.5-2B,FRED_0081_4K,FRED_0081,4K,FRED,TEMPORAL_VERSION,True,1,0,4936,12.269126679149418
qwen35_2b,Qwen3.5-2B,CT_0061_32K,CT_0061,32K,CLINICAL_TRIALS,RETRIEVAL_CALCULATION,False,0,1,38330,15.22618637768788
qwen35_2b,Qwen3.5-2B,CT_0078_32K,CT_0078,32K,CLINICAL_TRIALS,ENTITY_UNIT_BINDING,False,0,1,38074,15.216518524890075
qwen35_2b,Qwen3.5-2B,FDA_0112_16K,FDA_0112,16K,FDA,UNANSWERABLE,False,0,1,19440,14.246740598493144
qwen35_2b,Qwen3.5-2B,SEC_0029_32K,SEC_0029,32K,SEC,DIRECT_RETRIEVAL,False,0,1,44184,15.431236412071062
qwen35_2b,Qwen3.5-2B,CT_0017_8K,CT_0017,8K,CLINICAL_TRIALS,ENTITY_UNIT_BINDING,True,1,0,9792,13.257387842692651
qwen35_2b,Qwen3.5-2B,FRED_0078_16K,FRED_0078,16K,FRED,TEMPORAL_VERSION,False,0,1,19159,14.22573464142256
qwen35_2b,Qwen3.5-2B,CT_0113_4K,CT_0113,4K,CLINICAL_TRIALS,UNANSWERABLE,False,0,1,4953,12.274086905634414
qwen35_2b,Qwen3.5-2B,SEC_0084_82K,SEC_0084,82K,SEC,TEMPORAL_VERSION,True,1,0,109474,16.740228745861263
qwen35_2b,Qwen3.5-2B,SEC_0092_32K,SEC_0092,32K,SEC,TEMPORAL_VERSION,False,0,1,44070,15.427509276164798
qwen35_2b,Qwen3.5-2B,FDA_0033_32K,FDA_0033,32K,FDA,DIRECT_RETRIEVAL,True,1,0,38677,15.239188275373166
qwen35_2b,Qwen3.5-2B,SEC_0033_82K,SEC_0033,82K,SEC,DIRECT_RETRIEVAL,False,0,1,110117,16.74867768559554
qwen35_2b,Qwen3.5-2B,CT_0087_82K,CT_0087,82K,CLINICAL_TRIALS,ENTITY_UNIT_BINDING,False,0,1,95367,16.54120251399304
qwen35_2b,Qwen3.5-2B,FRED_0018_16K,FRED_0018,16K,FRED,TEMPORAL_VERSION,False,0,1,19261,14.233394987070856
qwen35_2b,Qwen3.5-2B,SEC_0041_82K,SEC_0041,82K,SEC,DIRECT_RETRIEVAL,False,0,1,109871,16.74545111752828
qwen35_2b,Qwen3.5-2B,CT_0040_16K,CT_0040,16K,CLINICAL_TRIALS,DIRECT_RETRIEVAL,True,1,0,19209,14.2294947953466
qwen35_2b,Qwen3.5-2B,CT_0012_32K,CT_0012,32K,CLINICAL_TRIALS,RETRIEVAL_CALCULATION,False,0,1,37992,15.213408040858337
qwen35_2b,Qwen3.5-2B,FRED_0117_8K,FRED_0117,8K,FRED,UNANSWERABLE,True,1,0,9718,13.246443717117286
qwen35_2b,Qwen3.5-2B,SEC_0050_16K,SEC_0050,16K,SEC,RETRIEVAL_CALCULATION,False,0,1,22022,14.426657877473291
qwen35_2b,Qwen3.5-2B,CT_0071_4K,CT_0071,4K,CLINICAL_TRIALS,RETRIEVAL_CALCULATION,False,0,1,5086,12.312315746690107
qwen35_2b,Qwen3.5-2B,FRED_0098_8K,FRED_0098,8K,FRED,ENTITY_UNIT_BINDING,False,0,1,9536,13.219168520462162
qwen35_2b,Qwen3.5-2B,FRED_0022_82K,FRED_0022,82K,FRED,UNANSWERABLE,True,1,0,94623,16.5299032814317
qwen35_2b,Qwen3.5-2B,CT_0091_8K,CT_0091,8K,CLINICAL_TRIALS,ENTITY_UNIT_BINDING,True,1,0,9537,13.219319801859132
qwen35_2b,Qwen3.5-2B,SEC_0104_82K,SEC_0104,82K,SEC,ENTITY_UNIT_BINDING,False,0,1,109952,16.746514321138463
qwen35_2b,Qwen3.5-2B,CT_0024_32K,CT_0024,32K,CLINICAL_TRIALS,UNANSWERABLE,False,0,1,37884,15.209301046034142
qwen35_2b,Qwen3.5-2B,SEC_0084_64K,SEC_0084,64K,SEC,TEMPORAL_VERSION,True,1,0,87490,16.41683050763877
qwen35_2b,Qwen3.5-2B,SEC_0074_32K,SEC_0074,32K,SEC,RETRIEVAL_CALCULATION,False,0,1,43607,15.412272121310464
qwen35_2b,Qwen3.5-2B,FRED_0042_16K,FRED_0042,16K,FRED,DIRECT_RETRIEVAL,False,0,1,19243,14.232046113570558
qwen35_2b,Qwen3.5-2B,FDA_0031_8K,FDA_0031,8K,FDA,DIRECT_RETRIEVAL,True,1,0,9834,13.263562639820615
qwen35_2b,Qwen3.5-2B,CT_0099_16K,CT_0099,16K,CLINICAL_TRIALS,ENTITY_UNIT_BINDING,True,1,0,18998,14.213559927476458
qwen35_2b,Qwen3.5-2B,FDA_0073_64K,FDA_0073,64K,FDA,RETRIEVAL_CALCULATION,False,0,1,76941,16.231464959972456
qwen35_2b,Qwen3.5-2B,FDA_0056_32K,FDA_0056,32K,FDA,RETRIEVAL_CALCULATION,False,0,1,38764,15.24242982755771
qwen35_2b,Qwen3.5-2B,FRED_0054_82K,FRED_0054,82K,FRED,RETRIEVAL_CALCULATION,False,0,1,94435,16.527034037526793
qwen35_2b,Qwen3.5-2B,SEC_0036_64K,SEC_0036,64K,SEC,DIRECT_RETRIEVAL,False,0,1,88061,16.426215606822772
qwen35_2b,Qwen3.5-2B,CT_0068_82K,CT_0068,82K,CLINICAL_TRIALS,RETRIEVAL_CALCULATION,False,0,1,96208,16.55386924319607
qwen35_2b,Qwen3.5-2B,CT_0053_64K,CT_0053,64K,CLINICAL_TRIALS,RETRIEVAL_CALCULATION,False,0,1,75812,16.210138604862244
qwen35_2b,Qwen3.5-2B,FDA_0083_8K,FDA_0083,8K,FDA,TEMPORAL_VERSION,True,1,0,9979,13.284679534360391
qwen35_2b,Qwen3.5-2B,FDA_0111_82K,FDA_0111,82K,FDA,UNANSWERABLE,False,0,1,97341,16.57075997528391
qwen35_2b,Qwen3.5-2B,SEC_0117_16K,SEC_0117,16K,SEC,UNANSWERABLE,True,1,0,22195,14.437947088212455
qwen35_2b,Qwen3.5-2B,FDA_0049_32K,FDA_0049,32K,FDA,RETRIEVAL_CALCULATION,False,0,1,38762,15.242355390850479
qwen35_2b,Qwen3.5-2B,FRED_0045_82K,FRED_0045,82K,FRED,DIRECT_RETRIEVAL,False,0,1,94198,16.52340880859438
qwen35_2b,Qwen3.5-2B,CT_0029_4K,CT_0029,4K,CLINICAL_TRIALS,DIRECT_RETRIEVAL,True,1,0,4980,12.281930026955443
qwen35_2b,Qwen3.5-2B,CT_0073_4K,CT_0073,4K,CLINICAL_TRIALS,RETRIEVAL_CALCULATION,False,0,1,4885,12.254142846855748
qwen35_2b,Qwen3.5-2B,SEC_0117_32K,SEC_0117,32K,SEC,UNANSWERABLE,True,1,0,44207,15.431987212190743
qwen35_2b,Qwen3.5-2B,SEC_0123_64K,SEC_0123,64K,SEC,UNANSWERABLE,True,1,0,88062,16.426231989635248
qwen35_2b,Qwen3.5-2B,FDA_0114_82K,FDA_0114,82K,FDA,UNANSWERABLE,False,0,1,97386,16.571426768055282
qwen35_2b,Qwen3.5-2B,FRED_0040_4K,FRED_0040,4K,FRED,DIRECT_RETRIEVAL,True,1,0,4885,12.254142846855748
qwen35_2b,Qwen3.5-2B,SEC_0069_82K,SEC_0069,82K,SEC,RETRIEVAL_CALCULATION,False,0,1,110334,16.75151790791239
qwen35_2b,Qwen3.5-2B,CT_0087_16K,CT_0087,16K,CLINICAL_TRIALS,ENTITY_UNIT_BINDING,True,1,0,19194,14.22836777783683
qwen35_2b,Qwen3.5-2B,FDA_0125_8K,FDA_0125,8K,FDA,UNANSWERABLE,False,0,1,9869,13.26868819222819
qwen35_2b,Qwen3.5-2B,CT_0054_16K,CT_0054,16K,CLINICAL_TRIALS,RETRIEVAL_CALCULATION,False,0,1,19051,14.217579107303543
qwen35_2b,Qwen3.5-2B,CT_0087_64K,CT_0087,64K,CLINICAL_TRIALS,ENTITY_UNIT_BINDING,False,0,1,76231,16.21809018109252
qwen35_2b,Qwen3.5-2B,SEC_0119_82K,SEC_0119,82K,SEC,UNANSWERABLE,True,1,0,110297,16.75103402562012
qwen35_2b,Qwen3.5-2B,FDA_0076_4K,FDA_0076,4K,FDA,RETRIEVAL_CALCULATION,False,0,1,4999,12.287423811683523
qwen35_2b,Qwen3.5-2B,FRED_0112_32K,FRED_0112,32K,FRED,UNANSWERABLE,True,1,0,38165,15.219962570878849
qwen35_2b,Qwen3.5-2B,FRED_0058_8K,FRED_0058,8K,FRED,RETRIEVAL_CALCULATION,False,0,1,9699,13.243620292847242
qwen35_2b,Qwen3.5-2B,FDA_0051_4K,FDA_0051,4K,FDA,RETRIEVAL_CALCULATION,False,0,1,5037,12.298349015658186
qwen35_2b,Qwen3.5-2B,CT_0035_16K,CT_0035,16K,CLINICAL_TRIALS,DIRECT_RETRIEVAL,True,1,0,19067,14.218790247552763
qwen35_2b,Qwen3.5-2B,FDA_0059_4K,FDA_0059,4K,FDA,RETRIEVAL_CALCULATION,False,0,1,4976,12.280770770130603
qwen35_2b,Qwen3.5-2B,FDA_0121_32K,FDA_0121,32K,FDA,UNANSWERABLE,False,0,1,38876,15.246592165441838
qwen35_2b,Qwen3.5-2B,FRED_0004_82K,FRED_0004,82K,FRED,DIRECT_RETRIEVAL,False,0,1,95982,16.550476254700033
qwen35_2b,Qwen3.5-2B,FDA_0004_8K,FDA_0004,8K,FDA,DIRECT_RETRIEVAL,True,1,0,9856,13.266786540694902
qwen35_2b,Qwen3.5-2B,FDA_0111_16K,FDA_0111,16K,FDA,UNANSWERABLE,False,0,1,19502,14.251334464658857
qwen35_2b,Qwen3.5-2B,CT_0008_82K,CT_0008,82K,CLINICAL_TRIALS,ENTITY_UNIT_BINDING,False,0,1,94739,16.531670823448334
qwen35_2b,Qwen3.5-2B,CT_0046_82K,CT_0046,82K,CLINICAL_TRIALS,RETRIEVAL_CALCULATION,False,0,1,95183,16.53841630596333
qwen35_2b,Qwen3.5-2B,SEC_0069_64K,SEC_0069,64K,SEC,RETRIEVAL_CALCULATION,False,0,1,88316,16.430387210736566
qwen35_2b,Qwen3.5-2B,CT_0107_16K,CT_0107,16K,CLINICAL_TRIALS,UNANSWERABLE,True,1,0,18957,14.210443051192236
qwen35_2b,Qwen3.5-2B,CT_0109_8K,CT_0109,8K,CLINICAL_TRIALS,UNANSWERABLE,False,0,1,9640,13.234817431117325
qwen35_2b,Qwen3.5-2B,FRED_0061_82K,FRED_0061,82K,FRED,RETRIEVAL_CALCULATION,False,0,1,94959,16.535017121788776
qwen35_2b,Qwen3.5-2B,FDA_0058_64K,FDA_0058,64K,FDA,RETRIEVAL_CALCULATION,False,0,1,77177,16.23588334453199
qwen35_2b,Qwen3.5-2B,SEC_0059_82K,SEC_0059,82K,SEC,RETRIEVAL_CALCULATION,False,0,1,109777,16.744216293244673
qwen35_2b,Qwen3.5-2B,CT_0047_82K,CT_0047,82K,CLINICAL_TRIALS,RETRIEVAL_CALCULATION,False,0,1,94921,16.534439679064047
qwen35_2b,Qwen3.5-2B,CT_0006_64K,CT_0006,64K,CLINICAL_TRIALS,ENTITY_UNIT_BINDING,True,1,0,75357,16.201453911229535
qwen35_2b,Qwen3.5-2B,FDA_0111_8K,FDA_0111,8K,FDA,UNANSWERABLE,False,0,1,9818,13.261213451366048
qwen35_2b,Qwen3.5-2B,FDA_0101_82K,FDA_0101,82K,FDA,ENTITY_UNIT_BINDING,True,1,0,96585,16.55951153024668
qwen35_2b,Qwen3.5-2B,FDA_0004_16K,FDA_0004,16K,FDA,DIRECT_RETRIEVAL,True,1,0,19444,14.247037418788581
qwen35_2b,Qwen3.5-2B,CT_0002_16K,CT_0002,16K,CLINICAL_TRIALS,DIRECT_RETRIEVAL,True,1,0,19180,14.227315099905493
qwen35_2b,Qwen3.5-2B,FDA_0097_82K,FDA_0097,82K,FDA,ENTITY_UNIT_BINDING,False,0,1,96646,16.560422402730058
qwen35_2b,Qwen3.5-2B,FRED_0054_64K,FRED_0054,64K,FRED,RETRIEVAL_CALCULATION,False,0,1,75080,16.196141029718238
qwen35_2b,Qwen3.5-2B,CT_0060_4K,CT_0060,4K,CLINICAL_TRIALS,RETRIEVAL_CALCULATION,False,0,1,5072,12.308339030139408
qwen35_2b,Qwen3.5-2B,CT_0004_16K,CT_0004,16K,CLINICAL_TRIALS,DIRECT_RETRIEVAL,True,1,0,19267,14.233844331460146
qwen35_2b,Qwen3.5-2B,SEC_0050_32K,SEC_0050,32K,SEC,RETRIEVAL_CALCULATION,False,0,1,43959,15.423870947104785
qwen35_2b,Qwen3.5-2B,CT_0092_32K,CT_0092,32K,CLINICAL_TRIALS,ENTITY_UNIT_BINDING,True,1,0,37903,15.210024420923006
qwen35_2b,Qwen3.5-2B,CT_0065_64K,CT_0065,64K,CLINICAL_TRIALS,RETRIEVAL_CALCULATION,False,0,1,76685,16.226656785935187
qwen35_2b,Qwen3.5-2B,CT_0001_82K,CT_0001,82K,CLINICAL_TRIALS,DIRECT_RETRIEVAL,False,0,1,95139,16.53774924085336
qwen35_2b,Qwen3.5-2B,FDA_0001_32K,FDA_0001,32K,FDA,DIRECT_RETRIEVAL,True,1,0,38742,15.241610812468506
qwen35_2b,Qwen3.5-2B,FRED_0101_16K,FRED_0101,16K,FRED,ENTITY_UNIT_BINDING,False,0,1,19231,14.2311461634197
qwen35_2b,Qwen3.5-2B,SEC_0043_4K,SEC_0043,4K,SEC,DIRECT_RETRIEVAL,True,1,0,5719,12.481547190203287
qwen35_2b,Qwen3.5-2B,FRED_0021_4K,FRED_0021,4K,FRED,UNANSWERABLE,True,1,0,4946,12.272046524389937
qwen35_2b,Qwen3.5-2B,FRED_0083_16K,FRED_0083,16K,FRED,TEMPORAL_VERSION,True,1,0,19261,14.233394987070856
qwen35_2b,Qwen3.5-2B,SEC_0011_4K,SEC_0011,4K,SEC,RETRIEVAL_CALCULATION,False,0,1,5652,12.46454575033394
qwen35_2b,Qwen3.5-2B,CT_0122_8K,CT_0122,8K,CLINICAL_TRIALS,UNANSWERABLE,False,0,1,9595,13.228067091082742
qwen35_2b,Qwen3.5-2B,SEC_0077_82K,SEC_0077,82K,SEC,RETRIEVAL_CALCULATION,False,0,1,110106,16.748533562180064
qwen35_2b,Qwen3.5-2B,FDA_0068_64K,FDA_0068,64K,FDA,RETRIEVAL_CALCULATION,False,0,1,76861,16.22996412625534
qwen35_2b,Qwen3.5-2B,SEC_0086_32K,SEC_0086,32K,SEC,TEMPORAL_VERSION,True,1,0,43878,15.421210147409056
qwen35_2b,Qwen3.5-2B,FDA_0102_8K,FDA_0102,8K,FDA,ENTITY_UNIT_BINDING,False,0,1,9830,13.262975701227942
qwen35_2b,Qwen3.5-2B,FDA_0121_8K,FDA_0121,8K,FDA,UNANSWERABLE,False,0,1,9845,13.265175490788916
qwen35_2b,Qwen3.5-2B,FRED_0058_4K,FRED_0058,4K,FRED,RETRIEVAL_CALCULATION,False,0,1,4944,12.271463027904375
qwen35_2b,Qwen3.5-2B,SEC_0104_16K,SEC_0104,16K,SEC,ENTITY_UNIT_BINDING,False,0,1,22144,14.434628227636725
qwen35_2b,Qwen3.5-2B,FRED_0031_16K,FRED_0031,16K,FRED,DIRECT_RETRIEVAL,False,0,1,19126,14.223247560417468
qwen35_2b,Qwen3.5-2B,CT_0033_16K,CT_0033,16K,CLINICAL_TRIALS,DIRECT_RETRIEVAL,False,0,1,19149,14.224981433176941
qwen35_2b,Qwen3.5-2B,CT_0066_64K,CT_0066,64K,CLINICAL_TRIALS,RETRIEVAL_CALCULATION,False,0,1,76819,16.22917556309519
qwen35_2b,Qwen3.5-2B,FRED_0115_32K,FRED_0115,32K,FRED,UNANSWERABLE,True,1,0,38179,15.220491695126958
qwen35_2b,Qwen3.5-2B,FDA_0108_32K,FDA_0108,32K,FDA,UNANSWERABLE,False,0,1,38900,15.247482534760916
qwen35_2b,Qwen3.5-2B,FDA_0033_16K,FDA_0033,16K,FDA,DIRECT_RETRIEVAL,True,1,0,19493,14.250668520019875
qwen35_2b,Qwen3.5-2B,FRED_0047_32K,FRED_0047,32K,FRED,RETRIEVAL_CALCULATION,False,0,1,37666,15.200975211704645
qwen35_2b,Qwen3.5-2B,CT_0076_64K,CT_0076,64K,CLINICAL_TRIALS,ENTITY_UNIT_BINDING,False,0,1,75931,16.212401387923876
qwen35_2b,Qwen3.5-2B,SEC_0044_32K,SEC_0044,32K,SEC,DIRECT_RETRIEVAL,False,0,1,44500,15.441517715628486
qwen35_2b,Qwen3.5-2B,FRED_0094_32K,FRED_0094,32K,FRED,ENTITY_UNIT_BINDING,False,0,1,37999,15.213673831947144
qwen35_2b,Qwen3.5-2B,CT_0113_64K,CT_0113,64K,CLINICAL_TRIALS,UNANSWERABLE,True,1,0,75438,16.20300380757293
qwen35_2b,Qwen3.5-2B,FRED_0035_4K,FRED_0035,4K,FRED,DIRECT_RETRIEVAL,False,0,1,4999,12.287423811683523
qwen35_2b,Qwen3.5-2B,CT_0069_8K,CT_0069,8K,CLINICAL_TRIALS,RETRIEVAL_CALCULATION,False,0,1,9828,13.262682142362165
qwen35_2b,Qwen3.5-2B,SEC_0123_16K,SEC_0123,16K,SEC,UNANSWERABLE,True,1,0,22206,14.438661921021376
qwen35_2b,Qwen3.5-2B,CT_0125_16K,CT_0125,16K,CLINICAL_TRIALS,UNANSWERABLE,False,0,1,18687,14.189747357807576
qwen35_2b,Qwen3.5-2B,FRED_0105_82K,FRED_0105,82K,FRED,ENTITY_UNIT_BINDING,False,0,1,94549,16.528774579102908
qwen35_2b,Qwen3.5-2B,CT_0070_4K,CT_0070,4K,CLINICAL_TRIALS,RETRIEVAL_CALCULATION,False,0,1,5126,12.323617763291578
qwen35_2b,Qwen3.5-2B,SEC_0107_16K,SEC_0107,16K,SEC,UNANSWERABLE,True,1,0,22354,14.448245388310358
qwen35_2b,Qwen3.5-2B,FRED_0109_82K,FRED_0109,82K,FRED,UNANSWERABLE,True,1,0,96068,16.551768332615257
qwen35_2b,Qwen3.5-2B,FDA_0057_16K,FDA_0057,16K,FDA,RETRIEVAL_CALCULATION,False,0,1,19471,14.249039360063383
qwen35_2b,Qwen3.5-2B,FDA_0078_4K,FDA_0078,4K,FDA,TEMPORAL_VERSION,True,1,0,5126,12.323617763291578
qwen35_2b,Qwen3.5-2B,SEC_0032_4K,SEC_0032,4K,SEC,DIRECT_RETRIEVAL,True,1,0,5591,12.448890629629261
qwen35_2b,Qwen3.5-2B,FDA_0014_8K,FDA_0014,8K,FDA,RETRIEVAL_CALCULATION,False,0,1,9866,13.268249571994492
qwen35_2b,Qwen3.5-2B,FRED_0034_16K,FRED_0034,16K,FRED,DIRECT_RETRIEVAL,True,1,0,18863,14.203271522207837
qwen35_2b,Qwen3.5-2B,SEC_0122_8K,SEC_0122,8K,SEC,UNANSWERABLE,True,1,0,11176,13.448116305409464
qwen35_2b,Qwen3.5-2B,SEC_0119_64K,SEC_0119,64K,SEC,UNANSWERABLE,True,1,0,88088,16.42665787747329
qwen35_2b,Qwen3.5-2B,FDA_0120_8K,FDA_0120,8K,FDA,UNANSWERABLE,False,0,1,9891,13.271900672391544
qwen35_2b,Qwen3.5-2B,FRED_0027_64K,FRED_0027,64K,FRED,DIRECT_RETRIEVAL,False,0,1,75863,16.211108803640663
qwen35_2b,Qwen3.5-2B,CT_0068_4K,CT_0068,4K,CLINICAL_TRIALS,RETRIEVAL_CALCULATION,False,0,1,4946,12.272046524389937
qwen35_2b,Qwen3.5-2B,FRED_0088_82K,FRED_0088,82K,FRED,TEMPORAL_VERSION,False,0,1,95904,16.549303368513574
qwen35_2b,Qwen3.5-2B,FRED_0099_64K,FRED_0099,64K,FRED,ENTITY_UNIT_BINDING,False,0,1,75046,16.195487556872376
qwen35_2b,Qwen3.5-2B,SEC_0125_8K,SEC_0125,8K,SEC,UNANSWERABLE,True,1,0,11231,13.455198769515098
qwen35_2b,Qwen3.5-2B,CT_0079_64K,CT_0079,64K,CLINICAL_TRIALS,ENTITY_UNIT_BINDING,False,0,1,76479,16.2227760390544
qwen35_2b,Qwen3.5-2B,SEC_0028_32K,SEC_0028,32K,SEC,DIRECT_RETRIEVAL,True,1,0,44175,15.430942514326341
qwen35_2b,Qwen3.5-2B,FDA_0040_4K,FDA_0040,4K,FDA,DIRECT_RETRIEVAL,True,1,0,5023,12.294333559671829
qwen35_2b,Qwen3.5-2B,FDA_0078_82K,FDA_0078,82K,FDA,TEMPORAL_VERSION,True,1,0,98015,16.580714932549004
qwen35_2b,Qwen3.5-2B,FRED_0024_8K,FRED_0024,8K,FRED,UNANSWERABLE,True,1,0,9647,13.23586465108203
qwen35_2b,Qwen3.5-2B,CT_0036_82K,CT_0036,82K,CLINICAL_TRIALS,DIRECT_RETRIEVAL,True,1,0,95221,16.538992159540793
qwen35_2b,Qwen3.5-2B,FRED_0108_8K,FRED_0108,8K,FRED,UNANSWERABLE,True,1,0,9673,13.23974768355692
qwen35_2b,Qwen3.5-2B,FRED_0043_82K,FRED_0043,82K,FRED,DIRECT_RETRIEVAL,False,0,1,95935,16.54976962977074
qwen35_2b,Qwen3.5-2B,FRED_0061_64K,FRED_0061,64K,FRED,RETRIEVAL_CALCULATION,False,0,1,75502,16.204227240568166
qwen35_2b,Qwen3.5-2B,FDA_0085_8K,FDA_0085,8K,FDA,TEMPORAL_VERSION,True,1,0,9939,13.27888498880217
qwen35_2b,Qwen3.5-2B,SEC_0046_32K,SEC_0046,32K,SEC,RETRIEVAL_CALCULATION,False,0,1,44224,15.432541900388259
qwen35_2b,Qwen3.5-2B,SEC_0037_8K,SEC_0037,8K,SEC,DIRECT_RETRIEVAL,True,1,0,11180,13.448632567730552
phi4mini,Phi-4-mini-instruct,SEC_0110_8K,SEC_0110,8K,SEC,UNANSWERABLE,True,1,0,8249,13.010003521295205
phi4mini,Phi-4-mini-instruct,FRED_0015_4K,FRED_0015,4K,FRED,RETRIEVAL_CALCULATION,True,1,0,4207,12.03857610276879
phi4mini,Phi-4-mini-instruct,FDA_0030_16K,FDA_0030,16K,FDA,DIRECT_RETRIEVAL,True,1,0,16204,13.984062369686436
phi4mini,Phi-4-mini-instruct,FRED_0098_16K,FRED_0098,16K,FRED,ENTITY_UNIT_BINDING,False,0,1,16221,13.985575141803155
phi4mini,Phi-4-mini-instruct,FRED_0007_8K,FRED_0007,8K,FRED,ENTITY_UNIT_BINDING,True,1,0,8172,12.996473488733228
phi4mini,Phi-4-mini-instruct,SEC_0070_4K,SEC_0070,4K,SEC,RETRIEVAL_CALCULATION,False,0,1,4231,12.04678297035635
phi4mini,Phi-4-mini-instruct,FRED_0030_16K,FRED_0030,16K,FRED,DIRECT_RETRIEVAL,True,1,0,16105,13.975221040270178
phi4mini,Phi-4-mini-instruct,FRED_0095_4K,FRED_0095,4K,FRED,ENTITY_UNIT_BINDING,True,1,0,4167,12.024793384702548
phi4mini,Phi-4-mini-instruct,SEC_0031_16K,SEC_0031,16K,SEC,DIRECT_RETRIEVAL,False,0,1,16298,13.992407315348498
phi4mini,Phi-4-mini-instruct,FDA_0035_4K,FDA_0035,4K,FDA,DIRECT_RETRIEVAL,True,1,0,4185,12.031011907437707
phi4mini,Phi-4-mini-instruct,FDA_0028_4K,FDA_0028,4K,FDA,DIRECT_RETRIEVAL,True,1,0,4224,12.044394119358454
phi4mini,Phi-4-mini-instruct,FDA_0001_8K,FDA_0001,8K,FDA,DIRECT_RETRIEVAL,True,1,0,8219,13.004747157546761
phi4mini,Phi-4-mini-instruct,SEC_0007_16K,SEC_0007,16K,SEC,ENTITY_UNIT_BINDING,True,1,0,16155,13.979693130152725
phi4mini,Phi-4-mini-instruct,CT_0108_4K,CT_0108,4K,CLINICAL_TRIALS,UNANSWERABLE,False,0,1,4163,12.023407843140218
phi4mini,Phi-4-mini-instruct,FRED_0035_16K,FRED_0035,16K,FRED,DIRECT_RETRIEVAL,False,0,1,16158,13.979961015222829
phi4mini,Phi-4-mini-instruct,FDA_0077_4K,FDA_0077,4K,FDA,RETRIEVAL_CALCULATION,False,0,1,4194,12.034111146096592
phi4mini,Phi-4-mini-instruct,FRED_0018_8K,FRED_0018,8K,FRED,TEMPORAL_VERSION,False,0,1,8201,13.00158412208535
phi4mini,Phi-4-mini-instruct,FDA_0100_16K,FDA_0100,16K,FDA,ENTITY_UNIT_BINDING,False,0,1,16071,13.972172081440796
phi4mini,Phi-4-mini-instruct,FRED_0111_16K,FRED_0111,16K,FRED,UNANSWERABLE,True,1,0,16127,13.977190467909072
phi4mini,Phi-4-mini-instruct,CT_0053_16K,CT_0053,16K,CLINICAL_TRIALS,RETRIEVAL_CALCULATION,False,0,1,16208,13.984418458801137
phi4mini,Phi-4-mini-instruct,CT_0017_4K,CT_0017,4K,CLINICAL_TRIALS,ENTITY_UNIT_BINDING,True,1,0,4154,12.020285500844647
phi4mini,Phi-4-mini-instruct,CT_0054_8K,CT_0054,8K,CLINICAL_TRIALS,RETRIEVAL_CALCULATION,False,0,1,8214,13.003869231979056
phi4mini,Phi-4-mini-instruct,FRED_0100_4K,FRED_0100,4K,FRED,ENTITY_UNIT_BINDING,True,1,0,4195,12.034455095327186
phi4mini,Phi-4-mini-instruct,FRED_0034_4K,FRED_0034,4K,FRED,DIRECT_RETRIEVAL,True,1,0,4179,12.02894204332241
phi4mini,Phi-4-mini-instruct,SEC_0071_8K,SEC_0071,8K,SEC,RETRIEVAL_CALCULATION,False,0,1,8284,13.016111838220512
phi4mini,Phi-4-mini-instruct,FRED_0118_8K,FRED_0118,8K,FRED,UNANSWERABLE,True,1,0,8197,13.00088028255882
phi4mini,Phi-4-mini-instruct,FRED_0025_4K,FRED_0025,4K,FRED,UNANSWERABLE,False,0,1,4154,12.020285500844647
phi4mini,Phi-4-mini-instruct,FDA_0104_8K,FDA_0104,8K,FDA,ENTITY_UNIT_BINDING,True,1,0,8204,13.002111776479852
phi4mini,Phi-4-mini-instruct,CT_0018_8K,CT_0018,8K,CLINICAL_TRIALS,ENTITY_UNIT_BINDING,True,1,0,8320,13.022367813028454
phi4mini,Phi-4-mini-instruct,SEC_0087_4K,SEC_0087,4K,SEC,TEMPORAL_VERSION,False,0,1,4240,12.049848549450562
phi4mini,Phi-4-mini-instruct,SEC_0077_4K,SEC_0077,4K,SEC,RETRIEVAL_CALCULATION,False,0,1,4174,12.027214885159834
phi4mini,Phi-4-mini-instruct,CT_0007_8K,CT_0007,8K,CLINICAL_TRIALS,ENTITY_UNIT_BINDING,True,1,0,8263,13.012449952425579
phi4mini,Phi-4-mini-instruct,SEC_0055_16K,SEC_0055,16K,SEC,RETRIEVAL_CALCULATION,False,0,1,16231,13.986464267334126
phi4mini,Phi-4-mini-instruct,FDA_0001_16K,FDA_0001,16K,FDA,DIRECT_RETRIEVAL,True,1,0,16196,13.983349927676457
phi4mini,Phi-4-mini-instruct,FDA_0028_16K,FDA_0028,16K,FDA,DIRECT_RETRIEVAL,True,1,0,16202,13.983884292164655
phi4mini,Phi-4-mini-instruct,SEC_0099_4K,SEC_0099,4K,SEC,ENTITY_UNIT_BINDING,True,1,0,4206,12.03823313473178
phi4mini,Phi-4-mini-instruct,CT_0068_8K,CT_0068,8K,CLINICAL_TRIALS,RETRIEVAL_CALCULATION,False,0,1,8302,13.019243216603607
phi4mini,Phi-4-mini-instruct,FDA_0049_16K,FDA_0049,16K,FDA,RETRIEVAL_CALCULATION,False,0,1,16094,13.974235317355356
phi4mini,Phi-4-mini-instruct,FDA_0079_8K,FDA_0079,8K,FDA,TEMPORAL_VERSION,False,0,1,8237,13.007903273382047
phi4mini,Phi-4-mini-instruct,SEC_0006_4K,SEC_0006,4K,SEC,ENTITY_UNIT_BINDING,False,0,1,4246,12.051888655905378
phi4mini,Phi-4-mini-instruct,FDA_0020_16K,FDA_0020,16K,FDA,TEMPORAL_VERSION,True,1,0,16256,13.988684686772165
phi4mini,Phi-4-mini-instruct,CT_0125_4K,CT_0125,4K,CLINICAL_TRIALS,UNANSWERABLE,False,0,1,4242,12.050528905530555
phi4mini,Phi-4-mini-instruct,SEC_0081_4K,SEC_0081,4K,SEC,TEMPORAL_VERSION,False,0,1,4253,12.054265139625764
phi4mini,Phi-4-mini-instruct,CT_0066_16K,CT_0066,16K,CLINICAL_TRIALS,RETRIEVAL_CALCULATION,False,0,1,16314,13.993822936745916
phi4mini,Phi-4-mini-instruct,CT_0028_8K,CT_0028,8K,CLINICAL_TRIALS,DIRECT_RETRIEVAL,True,1,0,8308,13.020285500844647
phi4mini,Phi-4-mini-instruct,CT_0006_16K,CT_0006,16K,CLINICAL_TRIALS,ENTITY_UNIT_BINDING,True,1,0,16284,13.99116750614001
phi4mini,Phi-4-mini-instruct,FRED_0046_8K,FRED_0046,8K,FRED,RETRIEVAL_CALCULATION,False,0,1,8223,13.00544911354693
phi4mini,Phi-4-mini-instruct,FRED_0085_16K,FRED_0085,16K,FRED,TEMPORAL_VERSION,False,0,1,16148,13.97906787148051
phi4mini,Phi-4-mini-instruct,FDA_0016_16K,FDA_0016,16K,FDA,RETRIEVAL_CALCULATION,False,0,1,16175,13.981478091767233
phi4mini,Phi-4-mini-instruct,SEC_0060_4K,SEC_0060,4K,SEC,RETRIEVAL_CALCULATION,False,0,1,4261,12.05697633617822
phi4mini,Phi-4-mini-instruct,CT_0097_16K,CT_0097,16K,CLINICAL_TRIALS,ENTITY_UNIT_BINDING,True,1,0,16312,13.993646060016596
phi4mini,Phi-4-mini-instruct,FDA_0093_8K,FDA_0093,8K,FDA,ENTITY_UNIT_BINDING,False,0,1,8131,12.989217079314361
phi4mini,Phi-4-mini-instruct,FDA_0038_8K,FDA_0038,8K,FDA,DIRECT_RETRIEVAL,True,1,0,8178,12.997532347526366
phi4mini,Phi-4-mini-instruct,FRED_0044_16K,FRED_0044,16K,FRED,DIRECT_RETRIEVAL,True,1,0,16142,13.978531719709377
phi4mini,Phi-4-mini-instruct,CT_0109_16K,CT_0109,16K,CLINICAL_TRIALS,UNANSWERABLE,False,0,1,16284,13.99116750614001
phi4mini,Phi-4-mini-instruct,FDA_0093_16K,FDA_0093,16K,FDA,ENTITY_UNIT_BINDING,False,0,1,16079,13.972890063435528
phi4mini,Phi-4-mini-instruct,FDA_0010_16K,FDA_0010,16K,FDA,RETRIEVAL_CALCULATION,True,1,0,16141,13.978442341706009
phi4mini,Phi-4-mini-instruct,FDA_0121_16K,FDA_0121,16K,FDA,UNANSWERABLE,False,0,1,16148,13.97906787148051
phi4mini,Phi-4-mini-instruct,FRED_0003_8K,FRED_0003,8K,FRED,DIRECT_RETRIEVAL,False,0,1,8173,12.996650019175894
phi4mini,Phi-4-mini-instruct,SEC_0070_16K,SEC_0070,16K,SEC,RETRIEVAL_CALCULATION,False,0,1,16241,13.987352845239087
phi4mini,Phi-4-mini-instruct,FRED_0052_4K,FRED_0052,4K,FRED,RETRIEVAL_CALCULATION,False,0,1,4195,12.034455095327186
phi4mini,Phi-4-mini-instruct,FRED_0036_4K,FRED_0036,4K,FRED,DIRECT_RETRIEVAL,True,1,0,4151,12.019243216603607
phi4mini,Phi-4-mini-instruct,FDA_0015_16K,FDA_0015,16K,FDA,RETRIEVAL_CALCULATION,False,0,1,16177,13.981656466525235
phi4mini,Phi-4-mini-instruct,SEC_0106_16K,SEC_0106,16K,SEC,UNANSWERABLE,False,0,1,16240,13.987264012072538
phi4mini,Phi-4-mini-instruct,SEC_0034_8K,SEC_0034,8K,SEC,DIRECT_RETRIEVAL,True,1,0,8189,12.999471572532684
phi4mini,Phi-4-mini-instruct,SEC_0001_8K,SEC_0001,8K,SEC,DIRECT_RETRIEVAL,True,1,0,8199,13.001232245244363
phi4mini,Phi-4-mini-instruct,FDA_0086_8K,FDA_0086,8K,FDA,TEMPORAL_VERSION,True,1,0,8188,12.99929538702341
phi4mini,Phi-4-mini-instruct,FDA_0058_8K,FDA_0058,8K,FDA,RETRIEVAL_CALCULATION,False,0,1,8091,12.98210230695676
phi4mini,Phi-4-mini-instruct,SEC_0058_4K,SEC_0058,4K,SEC,RETRIEVAL_CALCULATION,False,0,1,4229,12.046100845028802
phi4mini,Phi-4-mini-instruct,FDA_0087_16K,FDA_0087,16K,FDA,TEMPORAL_VERSION,True,1,0,16296,13.992230264965889
phi4mini,Phi-4-mini-instruct,SEC_0112_4K,SEC_0112,4K,SEC,UNANSWERABLE,True,1,0,4154,12.020285500844647
phi4mini,Phi-4-mini-instruct,CT_0053_4K,CT_0053,4K,CLINICAL_TRIALS,RETRIEVAL_CALCULATION,False,0,1,4227,12.045418397030792
phi4mini,Phi-4-mini-instruct,SEC_0010_4K,SEC_0010,4K,SEC,RETRIEVAL_CALCULATION,False,0,1,4191,12.03307880613062
phi4mini,Phi-4-mini-instruct,FRED_0061_4K,FRED_0061,4K,FRED,RETRIEVAL_CALCULATION,False,0,1,4266,12.058668250340572
phi4mini,Phi-4-mini-instruct,CT_0022_4K,CT_0022,4K,CLINICAL_TRIALS,UNANSWERABLE,False,0,1,4204,12.037546953962178
phi4mini,Phi-4-mini-instruct,SEC_0046_4K,SEC_0046,4K,SEC,RETRIEVAL_CALCULATION,False,0,1,4204,12.037546953962178
phi4mini,Phi-4-mini-instruct,FRED_0028_8K,FRED_0028,8K,FRED,DIRECT_RETRIEVAL,False,0,1,8230,13.006676715308988
phi4mini,Phi-4-mini-instruct,FRED_0057_16K,FRED_0057,16K,FRED,RETRIEVAL_CALCULATION,True,1,0,16223,13.985753010751832
phi4mini,Phi-4-mini-instruct,FDA_0040_8K,FDA_0040,8K,FDA,DIRECT_RETRIEVAL,True,1,0,8165,12.995237170449057
phi4mini,Phi-4-mini-instruct,FDA_0110_4K,FDA_0110,4K,FDA,UNANSWERABLE,False,0,1,4196,12.034798962577268
phi4mini,Phi-4-mini-instruct,FDA_0002_8K,FDA_0002,8K,FDA,DIRECT_RETRIEVAL,True,1,0,8155,12.993469161599247
phi4mini,Phi-4-mini-instruct,FDA_0091_16K,FDA_0091,16K,FDA,ENTITY_UNIT_BINDING,True,1,0,16146,13.978889176361573
phi4mini,Phi-4-mini-instruct,FDA_0082_8K,FDA_0082,8K,FDA,TEMPORAL_VERSION,False,0,1,8186,12.998942951443086
phi4mini,Phi-4-mini-instruct,FRED_0071_8K,FRED_0071,8K,FRED,RETRIEVAL_CALCULATION,False,0,1,8232,13.007027266893969
phi4mini,Phi-4-mini-instruct,CT_0043_8K,CT_0043,8K,CLINICAL_TRIALS,DIRECT_RETRIEVAL,True,1,0,8228,13.006326078524934
phi4mini,Phi-4-mini-instruct,FRED_0064_8K,FRED_0064,8K,FRED,RETRIEVAL_CALCULATION,False,0,1,8155,12.993469161599247
phi4mini,Phi-4-mini-instruct,CT_0076_4K,CT_0076,4K,CLINICAL_TRIALS,ENTITY_UNIT_BINDING,False,0,1,4221,12.04336911395769
phi4mini,Phi-4-mini-instruct,CT_0082_8K,CT_0082,8K,CLINICAL_TRIALS,ENTITY_UNIT_BINDING,False,0,1,8207,13.002639237959455
phi4mini,Phi-4-mini-instruct,FDA_0122_4K,FDA_0122,4K,FDA,UNANSWERABLE,False,0,1,4142,12.016111838220512
phi4mini,Phi-4-mini-instruct,SEC_0039_16K,SEC_0039,16K,SEC,DIRECT_RETRIEVAL,False,0,1,16254,13.98850717892317
phi4mini,Phi-4-mini-instruct,CT_0054_4K,CT_0054,4K,CLINICAL_TRIALS,RETRIEVAL_CALCULATION,False,0,1,4185,12.031011907437707
phi4mini,Phi-4-mini-instruct,FDA_0050_16K,FDA_0050,16K,FDA,RETRIEVAL_CALCULATION,False,0,1,16218,13.985308297255852
phi4mini,Phi-4-mini-instruct,FDA_0061_4K,FDA_0061,4K,FDA,RETRIEVAL_CALCULATION,False,0,1,4203,12.037203741151973
phi4mini,Phi-4-mini-instruct,FRED_0089_16K,FRED_0089,16K,FRED,TEMPORAL_VERSION,True,1,0,16211,13.984685467970762
phi4mini,Phi-4-mini-instruct,CT_0028_16K,CT_0028,16K,CLINICAL_TRIALS,DIRECT_RETRIEVAL,True,1,0,16358,13.99770874846085
phi4mini,Phi-4-mini-instruct,FDA_0103_8K,FDA_0103,8K,FDA,ENTITY_UNIT_BINDING,True,1,0,8171,12.996296936687374
phi4mini,Phi-4-mini-instruct,FDA_0090_8K,FDA_0090,8K,FDA,ENTITY_UNIT_BINDING,True,1,0,8186,12.998942951443086
phi4mini,Phi-4-mini-instruct,FRED_0030_8K,FRED_0030,8K,FRED,DIRECT_RETRIEVAL,True,1,0,8121,12.98744167293612
phi4mini,Phi-4-mini-instruct,FRED_0004_16K,FRED_0004,16K,FRED,DIRECT_RETRIEVAL,True,1,0,16095,13.97432495636504
phi4mini,Phi-4-mini-instruct,SEC_0007_4K,SEC_0007,4K,SEC,ENTITY_UNIT_BINDING,True,1,0,4107,12.003869231979056
phi4mini,Phi-4-mini-instruct,FDA_0100_8K,FDA_0100,8K,FDA,ENTITY_UNIT_BINDING,False,0,1,8085,12.981032058361023
phi4mini,Phi-4-mini-instruct,FDA_0027_16K,FDA_0027,16K,FDA,DIRECT_RETRIEVAL,True,1,0,16188,13.982637133669424
phi4mini,Phi-4-mini-instruct,CT_0081_16K,CT_0081,16K,CLINICAL_TRIALS,ENTITY_UNIT_BINDING,True,1,0,16282,13.990990303530822
phi4mini,Phi-4-mini-instruct,SEC_0026_8K,SEC_0026,8K,SEC,DIRECT_RETRIEVAL,True,1,0,8212,13.003517912108602
phi4mini,Phi-4-mini-instruct,SEC_0049_8K,SEC_0049,8K,SEC,RETRIEVAL_CALCULATION,False,0,1,8250,13.010178404020541
phi4mini,Phi-4-mini-instruct,FDA_0041_4K,FDA_0041,4K,FDA,DIRECT_RETRIEVAL,True,1,0,4220,12.043027283594547
phi4mini,Phi-4-mini-instruct,CT_0068_16K,CT_0068,16K,CLINICAL_TRIALS,RETRIEVAL_CALCULATION,False,0,1,16330,13.995237170449057
phi4mini,Phi-4-mini-instruct,FDA_0069_8K,FDA_0069,8K,FDA,RETRIEVAL_CALCULATION,False,0,1,8200,13.001408194392809
phi4mini,Phi-4-mini-instruct,CT_0111_16K,CT_0111,16K,CLINICAL_TRIALS,UNANSWERABLE,False,0,1,16316,13.993999791792524
phi4mini,Phi-4-mini-instruct,FDA_0093_4K,FDA_0093,4K,FDA,ENTITY_UNIT_BINDING,False,0,1,4190,12.032734528586714
phi4mini,Phi-4-mini-instruct,SEC_0043_16K,SEC_0043,16K,SEC,DIRECT_RETRIEVAL,False,0,1,16280,13.99081307915361
phi4mini,Phi-4-mini-instruct,CT_0089_16K,CT_0089,16K,CLINICAL_TRIALS,ENTITY_UNIT_BINDING,True,1,0,16327,13.994972107207802
phi4mini,Phi-4-mini-instruct,FRED_0104_8K,FRED_0104,8K,FRED,ENTITY_UNIT_BINDING,True,1,0,8129,12.988862172783449
phi4mini,Phi-4-mini-instruct,FDA_0060_8K,FDA_0060,8K,FDA,RETRIEVAL_CALCULATION,False,0,1,8202,13.001760028327217
phi4mini,Phi-4-mini-instruct,CT_0057_8K,CT_0057,8K,CLINICAL_TRIALS,RETRIEVAL_CALCULATION,True,1,0,8226,13.005975356500382
phi4mini,Phi-4-mini-instruct,FDA_0046_8K,FDA_0046,8K,FDA,RETRIEVAL_CALCULATION,True,1,0,8163,12.994883741970835
phi4mini,Phi-4-mini-instruct,FDA_0106_8K,FDA_0106,8K,FDA,UNANSWERABLE,False,0,1,8196,13.000704269011246
phi4mini,Phi-4-mini-instruct,FRED_0010_4K,FRED_0010,4K,FRED,RETRIEVAL_CALCULATION,False,0,1,4225,12.044735626056909
phi4mini,Phi-4-mini-instruct,FRED_0092_8K,FRED_0092,8K,FRED,ENTITY_UNIT_BINDING,False,0,1,8215,13.004044859837437
phi4mini,Phi-4-mini-instruct,SEC_0031_4K,SEC_0031,4K,SEC,DIRECT_RETRIEVAL,True,1,0,4157,12.021327032624372
phi4mini,Phi-4-mini-instruct,FDA_0025_4K,FDA_0025,4K,FDA,UNANSWERABLE,False,0,1,4151,12.019243216603607
phi4mini,Phi-4-mini-instruct,FDA_0059_16K,FDA_0059,16K,FDA,RETRIEVAL_CALCULATION,False,0,1,16085,13.973428315540101
phi4mini,Phi-4-mini-instruct,CT_0032_4K,CT_0032,4K,CLINICAL_TRIALS,DIRECT_RETRIEVAL,True,1,0,4218,12.042343379793692
phi4mini,Phi-4-mini-instruct,CT_0094_8K,CT_0094,8K,CLINICAL_TRIALS,ENTITY_UNIT_BINDING,True,1,0,8302,13.019243216603607
phi4mini,Phi-4-mini-instruct,FDA_0118_8K,FDA_0118,8K,FDA,UNANSWERABLE,False,0,1,8187,12.999119179995297
phi4mini,Phi-4-mini-instruct,CT_0122_16K,CT_0122,16K,CLINICAL_TRIALS,UNANSWERABLE,False,0,1,16266,13.989571898558868
phi4mini,Phi-4-mini-instruct,SEC_0067_4K,SEC_0067,4K,SEC,RETRIEVAL_CALCULATION,False,0,1,4169,12.025485656808389
phi4mini,Phi-4-mini-instruct,SEC_0106_4K,SEC_0106,4K,SEC,UNANSWERABLE,False,0,1,4244,12.051208940914766
phi4mini,Phi-4-mini-instruct,FRED_0015_16K,FRED_0015,16K,FRED,RETRIEVAL_CALCULATION,False,0,1,16181,13.982013149892127
phi4mini,Phi-4-mini-instruct,CT_0049_8K,CT_0049,8K,CLINICAL_TRIALS,RETRIEVAL_CALCULATION,False,0,1,8194,13.0003521774803
phi4mini,Phi-4-mini-instruct,FDA_0003_8K,FDA_0003,8K,FDA,DIRECT_RETRIEVAL,False,0,1,8189,12.999471572532684
phi4mini,Phi-4-mini-instruct,FRED_0071_16K,FRED_0071,16K,FRED,RETRIEVAL_CALCULATION,False,0,1,16203,13.983973333673147
phi4mini,Phi-4-mini-instruct,SEC_0118_8K,SEC_0118,8K,SEC,UNANSWERABLE,False,0,1,8212,13.003517912108602
phi4mini,Phi-4-mini-instruct,FRED_0056_8K,FRED_0056,8K,FRED,RETRIEVAL_CALCULATION,False,0,1,8198,13.001056274634779
phi4mini,Phi-4-mini-instruct,FRED_0118_4K,FRED_0118,4K,FRED,UNANSWERABLE,True,1,0,4181,12.029632328044137
phi4mini,Phi-4-mini-instruct,CT_0027_8K,CT_0027,8K,CLINICAL_TRIALS,DIRECT_RETRIEVAL,True,1,0,8164,12.995060467032719
phi4mini,Phi-4-mini-instruct,SEC_0079_16K,SEC_0079,16K,SEC,TEMPORAL_VERSION,True,1,0,16154,13.97960382407446
phi4mini,Phi-4-mini-instruct,FDA_0071_4K,FDA_0071,4K,FDA,RETRIEVAL_CALCULATION,False,0,1,4242,12.050528905530555
phi4mini,Phi-4-mini-instruct,FRED_0076_4K,FRED_0076,4K,FRED,TEMPORAL_VERSION,True,1,0,4148,12.018200178813226
phi4mini,Phi-4-mini-instruct,SEC_0085_8K,SEC_0085,8K,SEC,TEMPORAL_VERSION,True,1,0,8150,12.992584344005802
phi4mini,Phi-4-mini-instruct,CT_0117_4K,CT_0117,4K,CLINICAL_TRIALS,UNANSWERABLE,False,0,1,4222,12.043710863347156
phi4mini,Phi-4-mini-instruct,FDA_0024_16K,FDA_0024,16K,FDA,UNANSWERABLE,False,0,1,16168,13.980853606379736
phi4mini,Phi-4-mini-instruct,SEC_0099_16K,SEC_0099,16K,SEC,ENTITY_UNIT_BINDING,False,0,1,16261,13.989128360866411
phi4mini,Phi-4-mini-instruct,CT_0010_4K,CT_0010,4K,CLINICAL_TRIALS,RETRIEVAL_CALCULATION,True,1,0,4206,12.03823313473178
phi4mini,Phi-4-mini-instruct,FRED_0027_16K,FRED_0027,16K,FRED,DIRECT_RETRIEVAL,True,1,0,16129,13.977369373544331
phi4mini,Phi-4-mini-instruct,SEC_0020_8K,SEC_0020,8K,SEC,TEMPORAL_VERSION,True,1,0,8215,13.004044859837437
phi4mini,Phi-4-mini-instruct,CT_0090_16K,CT_0090,16K,CLINICAL_TRIALS,ENTITY_UNIT_BINDING,True,1,0,16315,13.993911366979226
phi4mini,Phi-4-mini-instruct,FRED_0041_4K,FRED_0041,4K,FRED,DIRECT_RETRIEVAL,True,1,0,4204,12.037546953962178
phi4mini,Phi-4-mini-instruct,SEC_0093_8K,SEC_0093,8K,SEC,TEMPORAL_VERSION,True,1,0,8208,13.002815015607053
phi4mini,Phi-4-mini-instruct,FDA_0097_4K,FDA_0097,4K,FDA,ENTITY_UNIT_BINDING,True,1,0,4132,12.01262453886506
phi4mini,Phi-4-mini-instruct,CT_0082_4K,CT_0082,4K,CLINICAL_TRIALS,ENTITY_UNIT_BINDING,False,0,1,4250,12.053247125912426
phi4mini,Phi-4-mini-instruct,FDA_0035_8K,FDA_0035,8K,FDA,DIRECT_RETRIEVAL,True,1,0,8140,12.99081307915361
phi4mini,Phi-4-mini-instruct,SEC_0048_4K,SEC_0048,4K,SEC,RETRIEVAL_CALCULATION,False,0,1,4219,12.042685372219351
phi4mini,Phi-4-mini-instruct,CT_0094_4K,CT_0094,4K,CLINICAL_TRIALS,ENTITY_UNIT_BINDING,True,1,0,4264,12.057991722759176
phi4mini,Phi-4-mini-instruct,FDA_0107_4K,FDA_0107,4K,FDA,UNANSWERABLE,False,0,1,4201,12.036517070486518
phi4mini,Phi-4-mini-instruct,FDA_0054_8K,FDA_0054,8K,FDA,RETRIEVAL_CALCULATION,False,0,1,8180,12.997885127829111
phi4mini,Phi-4-mini-instruct,CT_0056_8K,CT_0056,8K,CLINICAL_TRIALS,RETRIEVAL_CALCULATION,False,0,1,8216,13.004220466318195
phi4mini,Phi-4-mini-instruct,FRED_0018_4K,FRED_0018,4K,FRED,TEMPORAL_VERSION,True,1,0,4231,12.04678297035635
phi4mini,Phi-4-mini-instruct,FDA_0036_4K,FDA_0036,4K,FDA,DIRECT_RETRIEVAL,True,1,0,4187,12.031701202740303
phi4mini,Phi-4-mini-instruct,CT_0084_16K,CT_0084,16K,CLINICAL_TRIALS,ENTITY_UNIT_BINDING,True,1,0,16289,13.991610417462953
phi4mini,Phi-4-mini-instruct,SEC_0057_8K,SEC_0057,8K,SEC,RETRIEVAL_CALCULATION,False,0,1,8222,13.005273656563938
phi4mini,Phi-4-mini-instruct,FDA_0036_8K,FDA_0036,8K,FDA,DIRECT_RETRIEVAL,True,1,0,8179,12.99770874846085
phi4mini,Phi-4-mini-instruct,SEC_0086_8K,SEC_0086,8K,SEC,TEMPORAL_VERSION,True,1,0,8261,13.012100716151568
phi4mini,Phi-4-mini-instruct,FDA_0052_8K,FDA_0052,8K,FDA,RETRIEVAL_CALCULATION,False,0,1,8183,12.998414136589261
phi4mini,Phi-4-mini-instruct,FRED_0051_8K,FRED_0051,8K,FRED,RETRIEVAL_CALCULATION,False,0,1,8180,12.997885127829111
phi4mini,Phi-4-mini-instruct,SEC_0086_16K,SEC_0086,16K,SEC,TEMPORAL_VERSION,False,0,1,16249,13.988063313725414
phi4mini,Phi-4-mini-instruct,FRED_0073_4K,FRED_0073,4K,FRED,RETRIEVAL_CALCULATION,False,0,1,4224,12.044394119358454
phi4mini,Phi-4-mini-instruct,FDA_0030_8K,FDA_0030,8K,FDA,DIRECT_RETRIEVAL,True,1,0,8147,12.992053192852639
phi4mini,Phi-4-mini-instruct,FDA_0079_16K,FDA_0079,16K,FDA,TEMPORAL_VERSION,True,1,0,16197,13.983439002170414
phi4mini,Phi-4-mini-instruct,FRED_0032_8K,FRED_0032,8K,FRED,DIRECT_RETRIEVAL,False,0,1,8134,12.989749275462133
phi4mini,Phi-4-mini-instruct,SEC_0017_8K,SEC_0017,8K,SEC,TEMPORAL_VERSION,True,1,0,8280,13.015415052386688
phi4mini,Phi-4-mini-instruct,SEC_0072_16K,SEC_0072,16K,SEC,RETRIEVAL_CALCULATION,False,0,1,16311,13.993557613519258
phi4mini,Phi-4-mini-instruct,FDA_0043_4K,FDA_0043,4K,FDA,DIRECT_RETRIEVAL,True,1,0,4195,12.034455095327186
phi4mini,Phi-4-mini-instruct,FRED_0107_4K,FRED_0107,4K,FRED,UNANSWERABLE,True,1,0,4173,12.026869205263395
phi4mini,Phi-4-mini-instruct,SEC_0092_8K,SEC_0092,8K,SEC,TEMPORAL_VERSION,True,1,0,8148,12.992230264965889
phi4mini,Phi-4-mini-instruct,CT_0031_16K,CT_0031,16K,CLINICAL_TRIALS,DIRECT_RETRIEVAL,True,1,0,16292,13.991876099003415
phi4mini,Phi-4-mini-instruct,FRED_0116_4K,FRED_0116,4K,FRED,UNANSWERABLE,True,1,0,4172,12.026523442519766
phi4mini,Phi-4-mini-instruct,SEC_0016_8K,SEC_0016,8K,SEC,RETRIEVAL_CALCULATION,False,0,1,8133,12.989571898558868
phi4mini,Phi-4-mini-instruct,FDA_0123_4K,FDA_0123,4K,FDA,UNANSWERABLE,False,0,1,4135,12.013671614058637
phi4mini,Phi-4-mini-instruct,FDA_0013_8K,FDA_0013,8K,FDA,RETRIEVAL_CALCULATION,False,0,1,8213,13.003693582737847
phi4mini,Phi-4-mini-instruct,SEC_0021_16K,SEC_0021,16K,SEC,UNANSWERABLE,True,1,0,16143,13.97862109217593
phi4mini,Phi-4-mini-instruct,CT_0037_8K,CT_0037,8K,CLINICAL_TRIALS,DIRECT_RETRIEVAL,True,1,0,8298,13.01854794187165
phi4mini,Phi-4-mini-instruct,SEC_0023_8K,SEC_0023,8K,SEC,UNANSWERABLE,True,1,0,8230,13.006676715308988
phi4mini,Phi-4-mini-instruct,CT_0053_8K,CT_0053,8K,CLINICAL_TRIALS,RETRIEVAL_CALCULATION,False,0,1,8218,13.004571615167656
phi4mini,Phi-4-mini-instruct,FRED_0046_4K,FRED_0046,4K,FRED,RETRIEVAL_CALCULATION,False,0,1,4228,12.045759661382682
phi4mini,Phi-4-mini-instruct,SEC_0051_8K,SEC_0051,8K,SEC,RETRIEVAL_CALCULATION,False,0,1,8218,13.004571615167656
phi4mini,Phi-4-mini-instruct,FRED_0093_8K,FRED_0093,8K,FRED,ENTITY_UNIT_BINDING,True,1,0,8125,12.988152097690541
phi4mini,Phi-4-mini-instruct,CT_0026_8K,CT_0026,8K,CLINICAL_TRIALS,DIRECT_RETRIEVAL,True,1,0,8178,12.997532347526366
phi4mini,Phi-4-mini-instruct,FDA_0072_8K,FDA_0072,8K,FDA,RETRIEVAL_CALCULATION,False,0,1,8204,13.002111776479852
phi4mini,Phi-4-mini-instruct,FDA_0014_4K,FDA_0014,4K,FDA,RETRIEVAL_CALCULATION,False,0,1,4209,12.039261794341055
phi4mini,Phi-4-mini-instruct,FDA_0039_8K,FDA_0039,8K,FDA,DIRECT_RETRIEVAL,True,1,0,8182,12.998237821888047
phi4mini,Phi-4-mini-instruct,FDA_0104_4K,FDA_0104,4K,FDA,ENTITY_UNIT_BINDING,False,0,1,4206,12.03823313473178
phi4mini,Phi-4-mini-instruct,CT_0010_16K,CT_0010,16K,CLINICAL_TRIALS,RETRIEVAL_CALCULATION,True,1,0,16271,13.990015299933379
phi4mini,Phi-4-mini-instruct,SEC_0018_16K,SEC_0018,16K,SEC,TEMPORAL_VERSION,True,1,0,16196,13.983349927676457
phi4mini,Phi-4-mini-instruct,FRED_0105_8K,FRED_0105,8K,FRED,ENTITY_UNIT_BINDING,True,1,0,8147,12.992053192852639
phi4mini,Phi-4-mini-instruct,CT_0057_4K,CT_0057,4K,CLINICAL_TRIALS,RETRIEVAL_CALCULATION,True,1,0,4231,12.04678297035635
phi4mini,Phi-4-mini-instruct,SEC_0065_4K,SEC_0065,4K,SEC,RETRIEVAL_CALCULATION,False,0,1,4266,12.058668250340572
phi4mini,Phi-4-mini-instruct,SEC_0006_16K,SEC_0006,16K,SEC,ENTITY_UNIT_BINDING,True,1,0,16316,13.993999791792524
phi4mini,Phi-4-mini-instruct,FRED_0011_16K,FRED_0011,16K,FRED,RETRIEVAL_CALCULATION,False,0,1,16264,13.989394499844732
phi4mini,Phi-4-mini-instruct,SEC_0037_4K,SEC_0037,4K,SEC,DIRECT_RETRIEVAL,True,1,0,4162,12.023061249735335
phi4mini,Phi-4-mini-instruct,FDA_0057_4K,FDA_0057,4K,FDA,RETRIEVAL_CALCULATION,False,0,1,4213,12.040632200562253
phi4mini,Phi-4-mini-instruct,FRED_0020_8K,FRED_0020,8K,FRED,TEMPORAL_VERSION,False,0,1,8165,12.995237170449057
phi4mini,Phi-4-mini-instruct,FRED_0062_4K,FRED_0062,4K,FRED,RETRIEVAL_CALCULATION,False,0,1,4195,12.034455095327186
phi4mini,Phi-4-mini-instruct,SEC_0119_8K,SEC_0119,8K,SEC,UNANSWERABLE,True,1,0,8178,12.997532347526366
phi4mini,Phi-4-mini-instruct,FDA_0074_8K,FDA_0074,8K,FDA,RETRIEVAL_CALCULATION,False,0,1,8165,12.995237170449057
phi4mini,Phi-4-mini-instruct,SEC_0089_4K,SEC_0089,4K,SEC,TEMPORAL_VERSION,True,1,0,4199,12.035830072835017
phi4mini,Phi-4-mini-instruct,FRED_0094_8K,FRED_0094,8K,FRED,ENTITY_UNIT_BINDING,False,0,1,8170,12.996120363033047
phi4mini,Phi-4-mini-instruct,FDA_0024_4K,FDA_0024,4K,FDA,UNANSWERABLE,False,0,1,4192,12.03342300153745
phi4mini,Phi-4-mini-instruct,CT_0039_8K,CT_0039,8K,CLINICAL_TRIALS,DIRECT_RETRIEVAL,True,1,0,8216,13.004220466318195
phi4mini,Phi-4-mini-instruct,SEC_0023_4K,SEC_0023,4K,SEC,UNANSWERABLE,False,0,1,4173,12.026869205263395
phi4mini,Phi-4-mini-instruct,FDA_0030_4K,FDA_0030,4K,FDA,DIRECT_RETRIEVAL,True,1,0,4198,12.035486451292154
phi4mini,Phi-4-mini-instruct,FRED_0071_4K,FRED_0071,4K,FRED,RETRIEVAL_CALCULATION,False,0,1,4178,12.028596777067108
phi4mini,Phi-4-mini-instruct,CT_0056_4K,CT_0056,4K,CLINICAL_TRIALS,RETRIEVAL_CALCULATION,False,0,1,4195,12.034455095327186
phi4mini,Phi-4-mini-instruct,SEC_0116_8K,SEC_0116,8K,SEC,UNANSWERABLE,False,0,1,8264,13.01262453886506
phi4mini,Phi-4-mini-instruct,FDA_0070_16K,FDA_0070,16K,FDA,RETRIEVAL_CALCULATION,False,0,1,16218,13.985308297255852
phi4mini,Phi-4-mini-instruct,FRED_0069_4K,FRED_0069,4K,FRED,RETRIEVAL_CALCULATION,False,0,1,4190,12.032734528586714
phi4mini,Phi-4-mini-instruct,FRED_0082_16K,FRED_0082,16K,FRED,TEMPORAL_VERSION,True,1,0,16201,13.983795245160282
phi4mini,Phi-4-mini-instruct,SEC_0016_4K,SEC_0016,4K,SEC,RETRIEVAL_CALCULATION,False,0,1,4173,12.026869205263395
phi4mini,Phi-4-mini-instruct,SEC_0048_16K,SEC_0048,16K,SEC,RETRIEVAL_CALCULATION,False,0,1,16209,13.984507467348589
phi4mini,Phi-4-mini-instruct,CT_0064_16K,CT_0064,16K,CLINICAL_TRIALS,RETRIEVAL_CALCULATION,False,0,1,16332,13.99541385222515
phi4mini,Phi-4-mini-instruct,CT_0113_8K,CT_0113,8K,CLINICAL_TRIALS,UNANSWERABLE,False,0,1,8250,13.010178404020541
phi4mini,Phi-4-mini-instruct,CT_0066_8K,CT_0066,8K,CLINICAL_TRIALS,RETRIEVAL_CALCULATION,False,0,1,8216,13.004220466318195
phi4mini,Phi-4-mini-instruct,SEC_0062_8K,SEC_0062,8K,SEC,RETRIEVAL_CALCULATION,False,0,1,8178,12.997532347526366
phi4mini,Phi-4-mini-instruct,CT_0063_8K,CT_0063,8K,CLINICAL_TRIALS,RETRIEVAL_CALCULATION,False,0,1,8333,13.024620264759832
phi4mini,Phi-4-mini-instruct,FDA_0003_4K,FDA_0003,4K,FDA,DIRECT_RETRIEVAL,False,0,1,4141,12.01576348736988
phi4mini,Phi-4-mini-instruct,SEC_0026_16K,SEC_0026,16K,SEC,DIRECT_RETRIEVAL,False,0,1,16164,13.98049663618346
phi4mini,Phi-4-mini-instruct,SEC_0042_4K,SEC_0042,4K,SEC,DIRECT_RETRIEVAL,True,1,0,4092,11.99859042974533
phi4mini,Phi-4-mini-instruct,FRED_0067_8K,FRED_0067,8K,FRED,RETRIEVAL_CALCULATION,False,0,1,8181,12.99806148563642
phi4mini,Phi-4-mini-instruct,CT_0104_4K,CT_0104,4K,CLINICAL_TRIALS,ENTITY_UNIT_BINDING,True,1,0,4280,12.06339508128851
phi4mini,Phi-4-mini-instruct,FDA_0045_8K,FDA_0045,8K,FDA,DIRECT_RETRIEVAL,True,1,0,8168,12.995767150877802
phi4mini,Phi-4-mini-instruct,FDA_0097_16K,FDA_0097,16K,FDA,ENTITY_UNIT_BINDING,False,0,1,16137,13.978084774310688
phi4mini,Phi-4-mini-instruct,SEC_0087_8K,SEC_0087,8K,SEC,TEMPORAL_VERSION,False,0,1,8258,13.011576703176177
phi4mini,Phi-4-mini-instruct,SEC_0107_8K,SEC_0107,8K,SEC,UNANSWERABLE,True,1,0,8243,13.008953779526196
phi4mini,Phi-4-mini-instruct,FDA_0012_4K,FDA_0012,4K,FDA,RETRIEVAL_CALCULATION,False,0,1,4188,12.032045726930809
phi4mini,Phi-4-mini-instruct,SEC_0100_16K,SEC_0100,16K,SEC,ENTITY_UNIT_BINDING,True,1,0,16321,13.99444183458205
phi4mini,Phi-4-mini-instruct,FDA_0052_16K,FDA_0052,16K,FDA,RETRIEVAL_CALCULATION,False,0,1,16133,13.97772711827145
phi4mini,Phi-4-mini-instruct,CT_0063_4K,CT_0063,4K,CLINICAL_TRIALS,RETRIEVAL_CALCULATION,False,0,1,4288,12.066089190457772
phi4mini,Phi-4-mini-instruct,SEC_0109_8K,SEC_0109,8K,SEC,UNANSWERABLE,True,1,0,8230,13.006676715308988
phi4mini,Phi-4-mini-instruct,CT_0012_8K,CT_0012,8K,CLINICAL_TRIALS,RETRIEVAL_CALCULATION,False,0,1,8229,13.006501407569434
phi4mini,Phi-4-mini-instruct,SEC_0035_8K,SEC_0035,8K,SEC,DIRECT_RETRIEVAL,True,1,0,8172,12.996473488733228
phi4mini,Phi-4-mini-instruct,SEC_0039_8K,SEC_0039,8K,SEC,DIRECT_RETRIEVAL,False,0,1,8203,13.001935913123642
phi4mini,Phi-4-mini-instruct,CT_0122_4K,CT_0122,4K,CLINICAL_TRIALS,UNANSWERABLE,False,0,1,4218,12.042343379793692
phi4mini,Phi-4-mini-instruct,FDA_0026_16K,FDA_0026,16K,FDA,DIRECT_RETRIEVAL,True,1,0,16212,13.984774460046841
phi4mini,Phi-4-mini-instruct,CT_0025_4K,CT_0025,4K,CLINICAL_TRIALS,UNANSWERABLE,False,0,1,4131,12.01227534485612
phi4mini,Phi-4-mini-instruct,CT_0069_4K,CT_0069,4K,CLINICAL_TRIALS,RETRIEVAL_CALCULATION,False,0,1,4210,12.039604517953759
phi4mini,Phi-4-mini-instruct,SEC_0005_8K,SEC_0005,8K,SEC,DIRECT_RETRIEVAL,True,1,0,8166,12.99541385222515
phi4mini,Phi-4-mini-instruct,FRED_0112_16K,FRED_0112,16K,FRED,UNANSWERABLE,False,0,1,16133,13.97772711827145
phi4mini,Phi-4-mini-instruct,FRED_0080_4K,FRED_0080,4K,FRED,TEMPORAL_VERSION,True,1,0,4162,12.023061249735335
phi4mini,Phi-4-mini-instruct,CT_0076_8K,CT_0076,8K,CLINICAL_TRIALS,ENTITY_UNIT_BINDING,False,0,1,8266,13.01297364837454
phi4mini,Phi-4-mini-instruct,SEC_0096_8K,SEC_0096,8K,SEC,ENTITY_UNIT_BINDING,True,1,0,8263,13.012449952425579
phi4mini,Phi-4-mini-instruct,CT_0032_16K,CT_0032,16K,CLINICAL_TRIALS,DIRECT_RETRIEVAL,True,1,0,16322,13.99453022688921
phi4mini,Phi-4-mini-instruct,SEC_0124_8K,SEC_0124,8K,SEC,UNANSWERABLE,True,1,0,8222,13.005273656563938
phi4mini,Phi-4-mini-instruct,FRED_0063_8K,FRED_0063,8K,FRED,RETRIEVAL_CALCULATION,False,0,1,8175,12.997003015272806
phi4mini,Phi-4-mini-instruct,CT_0118_4K,CT_0118,4K,CLINICAL_TRIALS,UNANSWERABLE,False,0,1,4225,12.044735626056909
phi4mini,Phi-4-mini-instruct,SEC_0009_4K,SEC_0009,4K,SEC,RETRIEVAL_CALCULATION,False,0,1,4229,12.046100845028802
phi4mini,Phi-4-mini-instruct,SEC_0052_4K,SEC_0052,4K,SEC,RETRIEVAL_CALCULATION,False,0,1,4264,12.057991722759176
phi4mini,Phi-4-mini-instruct,FRED_0065_16K,FRED_0065,16K,FRED,RETRIEVAL_CALCULATION,False,0,1,16179,13.981834819231716
phi4mini,Phi-4-mini-instruct,SEC_0013_4K,SEC_0013,4K,SEC,RETRIEVAL_CALCULATION,False,0,1,4128,12.011227255423254
phi4mini,Phi-4-mini-instruct,CT_0007_16K,CT_0007,16K,CLINICAL_TRIALS,ENTITY_UNIT_BINDING,True,1,0,16319,13.994265033718973
phi4mini,Phi-4-mini-instruct,CT_0062_16K,CT_0062,16K,CLINICAL_TRIALS,RETRIEVAL_CALCULATION,False,0,1,16408,14.002111776479852
phi4mini,Phi-4-mini-instruct,CT_0114_16K,CT_0114,16K,CLINICAL_TRIALS,UNANSWERABLE,False,0,1,16293,13.991964648645357
phi4mini,Phi-4-mini-instruct,CT_0026_16K,CT_0026,16K,CLINICAL_TRIALS,DIRECT_RETRIEVAL,True,1,0,16249,13.988063313725414
phi4mini,Phi-4-mini-instruct,CT_0115_4K,CT_0115,4K,CLINICAL_TRIALS,UNANSWERABLE,False,0,1,4149,12.01854794187165
phi4mini,Phi-4-mini-instruct,FRED_0029_16K,FRED_0029,16K,FRED,DIRECT_RETRIEVAL,False,0,1,16105,13.975221040270178
phi4mini,Phi-4-mini-instruct,CT_0061_4K,CT_0061,4K,CLINICAL_TRIALS,RETRIEVAL_CALCULATION,False,0,1,4155,12.020632761657707
phi4mini,Phi-4-mini-instruct,SEC_0074_16K,SEC_0074,16K,SEC,RETRIEVAL_CALCULATION,False,0,1,16242,13.98744167293612
phi4mini,Phi-4-mini-instruct,FRED_0084_16K,FRED_0084,16K,FRED,TEMPORAL_VERSION,False,0,1,16153,13.979514512467604
phi4mini,Phi-4-mini-instruct,FRED_0023_16K,FRED_0023,16K,FRED,UNANSWERABLE,True,1,0,16177,13.981656466525235
phi4mini,Phi-4-mini-instruct,FRED_0067_4K,FRED_0067,4K,FRED,RETRIEVAL_CALCULATION,False,0,1,4229,12.046100845028802
phi4mini,Phi-4-mini-instruct,FRED_0076_16K,FRED_0076,16K,FRED,TEMPORAL_VERSION,True,1,0,16136,13.977995368612962
phi4mini,Phi-4-mini-instruct,SEC_0100_8K,SEC_0100,8K,SEC,ENTITY_UNIT_BINDING,True,1,0,8209,13.002990771840553
phi4mini,Phi-4-mini-instruct,FRED_0058_16K,FRED_0058,16K,FRED,RETRIEVAL_CALCULATION,False,0,1,16146,13.978889176361573
phi4mini,Phi-4-mini-instruct,FRED_0091_8K,FRED_0091,8K,FRED,ENTITY_UNIT_BINDING,True,1,0,8145,12.99169898341288
phi4mini,Phi-4-mini-instruct,SEC_0108_8K,SEC_0108,8K,SEC,UNANSWERABLE,True,1,0,8166,12.99541385222515
phi4mini,Phi-4-mini-instruct,FRED_0078_8K,FRED_0078,8K,FRED,TEMPORAL_VERSION,True,1,0,8144,12.991521846075695
phi4mini,Phi-4-mini-instruct,CT_0097_8K,CT_0097,8K,CLINICAL_TRIALS,ENTITY_UNIT_BINDING,True,1,0,8318,13.022020969646356
phi4mini,Phi-4-mini-instruct,CT_0100_4K,CT_0100,4K,CLINICAL_TRIALS,ENTITY_UNIT_BINDING,False,0,1,4277,12.062383491876334
phi4mini,Phi-4-mini-instruct,CT_0109_4K,CT_0109,4K,CLINICAL_TRIALS,UNANSWERABLE,False,0,1,4182,12.029977346589579
phi4mini,Phi-4-mini-instruct,FDA_0122_16K,FDA_0122,16K,FDA,UNANSWERABLE,False,0,1,16160,13.980139577639157
phi4mini,Phi-4-mini-instruct,FDA_0108_4K,FDA_0108,4K,FDA,UNANSWERABLE,False,0,1,4148,12.018200178813226
phi4mini,Phi-4-mini-instruct,CT_0114_4K,CT_0114,4K,CLINICAL_TRIALS,UNANSWERABLE,False,0,1,4197,12.03514274788591
phi4mini,Phi-4-mini-instruct,FDA_0091_4K,FDA_0091,4K,FDA,ENTITY_UNIT_BINDING,True,1,0,4117,12.007377733321269
phi4mini,Phi-4-mini-instruct,FDA_0067_4K,FDA_0067,4K,FDA,RETRIEVAL_CALCULATION,False,0,1,4197,12.03514274788591
phi4mini,Phi-4-mini-instruct,SEC_0082_8K,SEC_0082,8K,SEC,TEMPORAL_VERSION,False,0,1,8194,13.0003521774803
phi4mini,Phi-4-mini-instruct,CT_0028_4K,CT_0028,4K,CLINICAL_TRIALS,DIRECT_RETRIEVAL,True,1,0,4193,12.03376711484639
phi4mini,Phi-4-mini-instruct,FDA_0039_4K,FDA_0039,4K,FDA,DIRECT_RETRIEVAL,True,1,0,4187,12.031701202740303
phi4mini,Phi-4-mini-instruct,CT_0120_8K,CT_0120,8K,CLINICAL_TRIALS,UNANSWERABLE,False,0,1,8278,13.015066533230291
phi4mini,Phi-4-mini-instruct,FRED_0055_16K,FRED_0055,16K,FRED,RETRIEVAL_CALCULATION,False,0,1,16197,13.983439002170414
phi4mini,Phi-4-mini-instruct,FDA_0042_8K,FDA_0042,8K,FDA,DIRECT_RETRIEVAL,True,1,0,8206,13.002463438892535
phi4mini,Phi-4-mini-instruct,FRED_0090_16K,FRED_0090,16K,FRED,ENTITY_UNIT_BINDING,False,0,1,16148,13.97906787148051
phi4mini,Phi-4-mini-instruct,FDA_0108_8K,FDA_0108,8K,FDA,UNANSWERABLE,False,0,1,8206,13.002463438892535
phi4mini,Phi-4-mini-instruct,SEC_0064_8K,SEC_0064,8K,SEC,RETRIEVAL_CALCULATION,False,0,1,8257,13.011401989880063
phi4mini,Phi-4-mini-instruct,CT_0002_4K,CT_0002,4K,CLINICAL_TRIALS,DIRECT_RETRIEVAL,True,1,0,4211,12.039947160169094
phi4mini,Phi-4-mini-instruct,SEC_0102_4K,SEC_0102,4K,SEC,ENTITY_UNIT_BINDING,True,1,0,4163,12.023407843140218
phi4mini,Phi-4-mini-instruct,SEC_0051_4K,SEC_0051,4K,SEC,RETRIEVAL_CALCULATION,False,0,1,4249,12.052907628313287
phi4mini,Phi-4-mini-instruct,SEC_0066_16K,SEC_0066,16K,SEC,RETRIEVAL_CALCULATION,False,0,1,16276,13.99045856507371
phi4mini,Phi-4-mini-instruct,CT_0044_8K,CT_0044,8K,CLINICAL_TRIALS,DIRECT_RETRIEVAL,True,1,0,8247,13.00965369223411
phi4mini,Phi-4-mini-instruct,SEC_0053_4K,SEC_0053,4K,SEC,RETRIEVAL_CALCULATION,False,0,1,4161,12.022714573044759
phi4mini,Phi-4-mini-instruct,CT_0034_16K,CT_0034,16K,CLINICAL_TRIALS,DIRECT_RETRIEVAL,True,1,0,16214,13.984952427732367
phi4mini,Phi-4-mini-instruct,FDA_0099_4K,FDA_0099,4K,FDA,ENTITY_UNIT_BINDING,True,1,0,4178,12.028596777067108
phi4mini,Phi-4-mini-instruct,CT_0102_8K,CT_0102,8K,CLINICAL_TRIALS,ENTITY_UNIT_BINDING,True,1,0,8317,13.021847516680607
phi4mini,Phi-4-mini-instruct,FDA_0111_4K,FDA_0111,4K,FDA,UNANSWERABLE,False,0,1,4203,12.037203741151973
phi4mini,Phi-4-mini-instruct,FRED_0005_4K,FRED_0005,4K,FRED,DIRECT_RETRIEVAL,True,1,0,4168,12.025139562278508
phi4mini,Phi-4-mini-instruct,FRED_0117_4K,FRED_0117,4K,FRED,UNANSWERABLE,True,1,0,4178,12.028596777067108
phi4mini,Phi-4-mini-instruct,FDA_0033_8K,FDA_0033,8K,FDA,DIRECT_RETRIEVAL,True,1,0,8173,12.996650019175894
phi4mini,Phi-4-mini-instruct,FRED_0090_4K,FRED_0090,4K,FRED,ENTITY_UNIT_BINDING,True,1,0,4163,12.023407843140218
phi4mini,Phi-4-mini-instruct,FDA_0019_8K,FDA_0019,8K,FDA,TEMPORAL_VERSION,True,1,0,8246,13.009478745888066
phi4mini,Phi-4-mini-instruct,SEC_0055_4K,SEC_0055,4K,SEC,RETRIEVAL_CALCULATION,False,0,1,4263,12.057653339963936
phi4mini,Phi-4-mini-instruct,FRED_0030_4K,FRED_0030,4K,FRED,DIRECT_RETRIEVAL,True,1,0,4154,12.020285500844647
phi4mini,Phi-4-mini-instruct,CT_0015_16K,CT_0015,16K,CLINICAL_TRIALS,RETRIEVAL_CALCULATION,False,0,1,16340,13.996120363033047
phi4mini,Phi-4-mini-instruct,SEC_0095_8K,SEC_0095,8K,SEC,ENTITY_UNIT_BINDING,True,1,0,8165,12.995237170449057
phi4mini,Phi-4-mini-instruct,SEC_0072_4K,SEC_0072,4K,SEC,RETRIEVAL_CALCULATION,False,0,1,4172,12.026523442519766
phi4mini,Phi-4-mini-instruct,SEC_0125_16K,SEC_0125,16K,SEC,UNANSWERABLE,True,1,0,16181,13.982013149892127
phi4mini,Phi-4-mini-instruct,FDA_0083_16K,FDA_0083,16K,FDA,TEMPORAL_VERSION,True,1,0,16229,13.986286486059608
phi4mini,Phi-4-mini-instruct,SEC_0093_16K,SEC_0093,16K,SEC,TEMPORAL_VERSION,True,1,0,16281,13.990901694063554
phi4mini,Phi-4-mini-instruct,FRED_0002_8K,FRED_0002,8K,FRED,DIRECT_RETRIEVAL,False,0,1,8178,12.997532347526366
phi4mini,Phi-4-mini-instruct,FRED_0048_4K,FRED_0048,4K,FRED,RETRIEVAL_CALCULATION,False,0,1,4206,12.03823313473178
phi4mini,Phi-4-mini-instruct,FRED_0088_4K,FRED_0088,4K,FRED,TEMPORAL_VERSION,True,1,0,4181,12.029632328044137
phi4mini,Phi-4-mini-instruct,FRED_0104_4K,FRED_0104,4K,FRED,ENTITY_UNIT_BINDING,True,1,0,4143,12.016460104979208
phi4mini,Phi-4-mini-instruct,CT_0025_8K,CT_0025,8K,CLINICAL_TRIALS,UNANSWERABLE,False,0,1,8200,13.001408194392809
phi4mini,Phi-4-mini-instruct,FDA_0005_8K,FDA_0005,8K,FDA,DIRECT_RETRIEVAL,False,0,1,8144,12.991521846075695
phi4mini,Phi-4-mini-instruct,SEC_0052_16K,SEC_0052,16K,SEC,RETRIEVAL_CALCULATION,False,0,1,16294,13.992053192852639
phi4mini,Phi-4-mini-instruct,FDA_0124_8K,FDA_0124,8K,FDA,UNANSWERABLE,False,0,1,8185,12.998766701361516
phi4mini,Phi-4-mini-instruct,SEC_0096_16K,SEC_0096,16K,SEC,ENTITY_UNIT_BINDING,True,1,0,16207,13.984329444761876
phi4mini,Phi-4-mini-instruct,FRED_0001_8K,FRED_0001,8K,FRED,DIRECT_RETRIEVAL,True,1,0,8123,12.987796929042542
phi4mini,Phi-4-mini-instruct,CT_0018_16K,CT_0018,16K,CLINICAL_TRIALS,ENTITY_UNIT_BINDING,True,1,0,16426,14.003693582737847
phi4mini,Phi-4-mini-instruct,CT_0029_8K,CT_0029,8K,CLINICAL_TRIALS,DIRECT_RETRIEVAL,True,1,0,8254,13.010877723007034
phi4mini,Phi-4-mini-instruct,CT_0027_16K,CT_0027,16K,CLINICAL_TRIALS,DIRECT_RETRIEVAL,True,1,0,16204,13.984062369686436
phi4mini,Phi-4-mini-instruct,CT_0108_8K,CT_0108,8K,CLINICAL_TRIALS,UNANSWERABLE,False,0,1,8266,13.01297364837454
phi4mini,Phi-4-mini-instruct,FRED_0007_4K,FRED_0007,4K,FRED,ENTITY_UNIT_BINDING,True,1,0,4151,12.019243216603607
phi4mini,Phi-4-mini-instruct,FRED_0039_8K,FRED_0039,8K,FRED,DIRECT_RETRIEVAL,False,0,1,8216,13.004220466318195
phi4mini,Phi-4-mini-instruct,FRED_0109_4K,FRED_0109,4K,FRED,UNANSWERABLE,False,0,1,4177,12.028251428162793
phi4mini,Phi-4-mini-instruct,FRED_0081_8K,FRED_0081,8K,FRED,TEMPORAL_VERSION,True,1,0,8143,12.991344686986519
phi4mini,Phi-4-mini-instruct,CT_0075_16K,CT_0075,16K,CLINICAL_TRIALS,ENTITY_UNIT_BINDING,True,1,0,16264,13.989394499844732
phi4mini,Phi-4-mini-instruct,FDA_0094_4K,FDA_0094,4K,FDA,ENTITY_UNIT_BINDING,True,1,0,4205,12.037890085142507
phi4mini,Phi-4-mini-instruct,SEC_0061_8K,SEC_0061,8K,SEC,RETRIEVAL_CALCULATION,False,0,1,8169,12.995943767764953
phi4mini,Phi-4-mini-instruct,FDA_0024_8K,FDA_0024,8K,FDA,UNANSWERABLE,False,0,1,8134,12.989749275462133
phi4mini,Phi-4-mini-instruct,SEC_0091_4K,SEC_0091,4K,SEC,TEMPORAL_VERSION,True,1,0,4170,12.025831668332026
phi4mini,Phi-4-mini-instruct,FDA_0068_8K,FDA_0068,8K,FDA,RETRIEVAL_CALCULATION,False,0,1,8213,13.003693582737847
phi4mini,Phi-4-mini-instruct,CT_0048_8K,CT_0048,8K,CLINICAL_TRIALS,RETRIEVAL_CALCULATION,False,0,1,8242,13.0087787482805
phi4mini,Phi-4-mini-instruct,SEC_0068_4K,SEC_0068,4K,SEC,RETRIEVAL_CALCULATION,False,0,1,4220,12.043027283594547
phi4mini,Phi-4-mini-instruct,CT_0104_8K,CT_0104,8K,CLINICAL_TRIALS,ENTITY_UNIT_BINDING,True,1,0,8277,13.01489224207443
phi4mini,Phi-4-mini-instruct,FDA_0090_16K,FDA_0090,16K,FDA,ENTITY_UNIT_BINDING,False,0,1,16178,13.981745645634575
phi4mini,Phi-4-mini-instruct,FRED_0013_16K,FRED_0013,16K,FRED,RETRIEVAL_CALCULATION,False,0,1,16203,13.983973333673147
phi4mini,Phi-4-mini-instruct,FDA_0087_8K,FDA_0087,8K,FDA,TEMPORAL_VERSION,True,1,0,8229,13.006501407569434
phi4mini,Phi-4-mini-instruct,FDA_0098_8K,FDA_0098,8K,FDA,ENTITY_UNIT_BINDING,True,1,0,8108,12.985130373466898
phi4mini,Phi-4-mini-instruct,SEC_0105_8K,SEC_0105,8K,SEC,ENTITY_UNIT_BINDING,True,1,0,8263,13.012449952425579
phi4mini,Phi-4-mini-instruct,SEC_0110_16K,SEC_0110,16K,SEC,UNANSWERABLE,True,1,0,16241,13.987352845239087
phi4mini,Phi-4-mini-instruct,CT_0111_8K,CT_0111,8K,CLINICAL_TRIALS,UNANSWERABLE,False,0,1,8241,13.008603695797012
phi4mini,Phi-4-mini-instruct,SEC_0112_16K,SEC_0112,16K,SEC,UNANSWERABLE,False,0,1,16220,13.985486199104635
phi4mini,Phi-4-mini-instruct,FDA_0008_4K,FDA_0008,4K,FDA,ENTITY_UNIT_BINDING,True,1,0,4144,12.016808287686555
phi4mini,Phi-4-mini-instruct,FRED_0012_4K,FRED_0012,4K,FRED,RETRIEVAL_CALCULATION,True,1,0,4219,12.042685372219351
phi4mini,Phi-4-mini-instruct,SEC_0080_16K,SEC_0080,16K,SEC,TEMPORAL_VERSION,True,1,0,16189,13.982726252182031
phi4mini,Phi-4-mini-instruct,SEC_0005_16K,SEC_0005,16K,SEC,DIRECT_RETRIEVAL,True,1,0,16307,13.993203773296528
phi4mini,Phi-4-mini-instruct,FDA_0089_4K,FDA_0089,4K,FDA,TEMPORAL_VERSION,False,0,1,4232,12.047123912114026
phi4mini,Phi-4-mini-instruct,CT_0112_8K,CT_0112,8K,CLINICAL_TRIALS,UNANSWERABLE,False,0,1,8178,12.997532347526366
phi4mini,Phi-4-mini-instruct,FRED_0031_8K,FRED_0031,8K,FRED,DIRECT_RETRIEVAL,False,0,1,8172,12.996473488733228
phi4mini,Phi-4-mini-instruct,FDA_0042_4K,FDA_0042,4K,FDA,DIRECT_RETRIEVAL,False,0,1,4136,12.014020470314934
phi4mini,Phi-4-mini-instruct,FRED_0022_4K,FRED_0022,4K,FRED,UNANSWERABLE,False,0,1,4171,12.026177596889225
phi4mini,Phi-4-mini-instruct,FDA_0037_4K,FDA_0037,4K,FDA,DIRECT_RETRIEVAL,False,0,1,4163,12.023407843140218
phi4mini,Phi-4-mini-instruct,CT_0001_16K,CT_0001,16K,CLINICAL_TRIALS,DIRECT_RETRIEVAL,True,1,0,16287,13.99143326925044
phi4mini,Phi-4-mini-instruct,SEC_0116_16K,SEC_0116,16K,SEC,UNANSWERABLE,True,1,0,16368,13.99859042974533
phi4mini,Phi-4-mini-instruct,SEC_0038_4K,SEC_0038,4K,SEC,DIRECT_RETRIEVAL,True,1,0,4161,12.022714573044759
phi4mini,Phi-4-mini-instruct,FRED_0086_16K,FRED_0086,16K,FRED,TEMPORAL_VERSION,True,1,0,16111,13.975758423579428
phi4mini,Phi-4-mini-instruct,FDA_0032_16K,FDA_0032,16K,FDA,DIRECT_RETRIEVAL,True,1,0,16171,13.981121276074845
phi4mini,Phi-4-mini-instruct,CT_0036_4K,CT_0036,4K,CLINICAL_TRIALS,DIRECT_RETRIEVAL,True,1,0,4249,12.052907628313287
phi4mini,Phi-4-mini-instruct,FRED_0048_16K,FRED_0048,16K,FRED,RETRIEVAL_CALCULATION,False,0,1,16215,13.98504140334317
phi4mini,Phi-4-mini-instruct,CT_0116_4K,CT_0116,4K,CLINICAL_TRIALS,UNANSWERABLE,False,0,1,4212,12.040289721025717
phi4mini,Phi-4-mini-instruct,SEC_0033_4K,SEC_0033,4K,SEC,DIRECT_RETRIEVAL,True,1,0,4214,12.040974598817305
phi4mini,Phi-4-mini-instruct,SEC_0023_16K,SEC_0023,16K,SEC,UNANSWERABLE,True,1,0,16252,13.988329649231089
phi4mini,Phi-4-mini-instruct,SEC_0030_16K,SEC_0030,16K,SEC,DIRECT_RETRIEVAL,True,1,0,16232,13.98655314975666
phi4mini,Phi-4-mini-instruct,SEC_0100_4K,SEC_0100,4K,SEC,ENTITY_UNIT_BINDING,True,1,0,4214,12.040974598817305
phi4mini,Phi-4-mini-instruct,FRED_0033_4K,FRED_0033,4K,FRED,DIRECT_RETRIEVAL,True,1,0,4207,12.03857610276879
phi4mini,Phi-4-mini-instruct,FDA_0098_4K,FDA_0098,4K,FDA,ENTITY_UNIT_BINDING,False,0,1,4163,12.023407843140218
phi4mini,Phi-4-mini-instruct,CT_0106_16K,CT_0106,16K,CLINICAL_TRIALS,UNANSWERABLE,False,0,1,16336,13.995767150877802
phi4mini,Phi-4-mini-instruct,FDA_0031_16K,FDA_0031,16K,FDA,DIRECT_RETRIEVAL,True,1,0,16126,13.97710100677111
phi4mini,Phi-4-mini-instruct,CT_0096_8K,CT_0096,8K,CLINICAL_TRIALS,ENTITY_UNIT_BINDING,True,1,0,8300,13.018895621121649
phi4mini,Phi-4-mini-instruct,SEC_0083_8K,SEC_0083,8K,SEC,TEMPORAL_VERSION,False,0,1,8203,13.001935913123642
phi4mini,Phi-4-mini-instruct,FRED_0124_4K,FRED_0124,4K,FRED,UNANSWERABLE,True,1,0,4201,12.036517070486518
phi4mini,Phi-4-mini-instruct,FRED_0122_4K,FRED_0122,4K,FRED,UNANSWERABLE,True,1,0,4167,12.024793384702548
phi4mini,Phi-4-mini-instruct,FRED_0114_8K,FRED_0114,8K,FRED,UNANSWERABLE,True,1,0,8153,12.993115299679177
phi4mini,Phi-4-mini-instruct,FDA_0066_16K,FDA_0066,16K,FDA,RETRIEVAL_CALCULATION,False,0,1,16234,13.986730898175647
phi4mini,Phi-4-mini-instruct,FDA_0113_16K,FDA_0113,16K,FDA,UNANSWERABLE,False,0,1,16174,13.981388896117206
phi4mini,Phi-4-mini-instruct,FDA_0087_4K,FDA_0087,4K,FDA,TEMPORAL_VERSION,True,1,0,4209,12.039261794341055
phi4mini,Phi-4-mini-instruct,FDA_0012_8K,FDA_0012,8K,FDA,RETRIEVAL_CALCULATION,False,0,1,8191,12.999823879015725
phi4mini,Phi-4-mini-instruct,CT_0102_4K,CT_0102,4K,CLINICAL_TRIALS,ENTITY_UNIT_BINDING,True,1,0,4269,12.059682447247638
phi4mini,Phi-4-mini-instruct,FDA_0014_16K,FDA_0014,16K,FDA,RETRIEVAL_CALCULATION,False,0,1,16172,13.981210488271694
phi4mini,Phi-4-mini-instruct,SEC_0050_4K,SEC_0050,4K,SEC,RETRIEVAL_CALCULATION,False,0,1,4248,12.052568050804153
phi4mini,Phi-4-mini-instruct,CT_0077_4K,CT_0077,4K,CLINICAL_TRIALS,ENTITY_UNIT_BINDING,True,1,0,4200,12.036173612553485
phi4mini,Phi-4-mini-instruct,SEC_0027_4K,SEC_0027,4K,SEC,DIRECT_RETRIEVAL,True,1,0,4110,12.004922678569045
phi4mini,Phi-4-mini-instruct,FDA_0075_8K,FDA_0075,8K,FDA,RETRIEVAL_CALCULATION,False,0,1,8166,12.99541385222515
phi4mini,Phi-4-mini-instruct,FDA_0108_16K,FDA_0108,16K,FDA,UNANSWERABLE,False,0,1,16163,13.98040737983172
phi4mini,Phi-4-mini-instruct,CT_0049_16K,CT_0049,16K,CLINICAL_TRIALS,RETRIEVAL_CALCULATION,False,0,1,16209,13.984507467348589
phi4mini,Phi-4-mini-instruct,SEC_0121_8K,SEC_0121,8K,SEC,UNANSWERABLE,True,1,0,8229,13.006501407569434
phi4mini,Phi-4-mini-instruct,FRED_0107_8K,FRED_0107,8K,FRED,UNANSWERABLE,True,1,0,8196,13.000704269011246
phi4mini,Phi-4-mini-instruct,SEC_0003_4K,SEC_0003,4K,SEC,DIRECT_RETRIEVAL,False,0,1,4262,12.057314877782703
phi4mini,Phi-4-mini-instruct,CT_0051_8K,CT_0051,8K,CLINICAL_TRIALS,RETRIEVAL_CALCULATION,False,0,1,8246,13.009478745888066
phi4mini,Phi-4-mini-instruct,FRED_0121_16K,FRED_0121,16K,FRED,UNANSWERABLE,False,0,1,16150,13.97924654446865
phi4mini,Phi-4-mini-instruct,FRED_0105_16K,FRED_0105,16K,FRED,ENTITY_UNIT_BINDING,True,1,0,16154,13.97960382407446
phi4mini,Phi-4-mini-instruct,CT_0084_4K,CT_0084,4K,CLINICAL_TRIALS,ENTITY_UNIT_BINDING,True,1,0,4221,12.04336911395769
phi4mini,Phi-4-mini-instruct,FRED_0039_16K,FRED_0039,16K,FRED,DIRECT_RETRIEVAL,False,0,1,16221,13.985575141803155
phi4mini,Phi-4-mini-instruct,FDA_0011_8K,FDA_0011,8K,FDA,RETRIEVAL_CALCULATION,False,0,1,8148,12.992230264965889
phi4mini,Phi-4-mini-instruct,SEC_0110_4K,SEC_0110,4K,SEC,UNANSWERABLE,True,1,0,4131,12.01227534485612
phi4mini,Phi-4-mini-instruct,SEC_0075_8K,SEC_0075,8K,SEC,RETRIEVAL_CALCULATION,False,0,1,8271,13.013846052731347
phi4mini,Phi-4-mini-instruct,FRED_0040_8K,FRED_0040,8K,FRED,DIRECT_RETRIEVAL,True,1,0,8186,12.998942951443086
phi4mini,Phi-4-mini-instruct,SEC_0002_8K,SEC_0002,8K,SEC,DIRECT_RETRIEVAL,True,1,0,8178,12.997532347526366
phi4mini,Phi-4-mini-instruct,CT_0004_8K,CT_0004,8K,CLINICAL_TRIALS,DIRECT_RETRIEVAL,True,1,0,8222,13.005273656563938
phi4mini,Phi-4-mini-instruct,SEC_0028_16K,SEC_0028,16K,SEC,DIRECT_RETRIEVAL,False,0,1,16229,13.986286486059608
phi4mini,Phi-4-mini-instruct,CT_0103_8K,CT_0103,8K,CLINICAL_TRIALS,ENTITY_UNIT_BINDING,True,1,0,8345,13.02669633424996
phi4mini,Phi-4-mini-instruct,FDA_0110_16K,FDA_0110,16K,FDA,UNANSWERABLE,False,0,1,16212,13.984774460046841
phi4mini,Phi-4-mini-instruct,FDA_0047_16K,FDA_0047,16K,FDA,RETRIEVAL_CALCULATION,False,0,1,16127,13.977190467909072
phi4mini,Phi-4-mini-instruct,FDA_0075_16K,FDA_0075,16K,FDA,RETRIEVAL_CALCULATION,False,0,1,16195,13.98326084768255
phi4mini,Phi-4-mini-instruct,SEC_0076_16K,SEC_0076,16K,SEC,RETRIEVAL_CALCULATION,False,0,1,16295,13.992141731625926
phi4mini,Phi-4-mini-instruct,FRED_0086_8K,FRED_0086,8K,FRED,TEMPORAL_VERSION,True,1,0,8184,12.99859042974533
phi4mini,Phi-4-mini-instruct,CT_0031_8K,CT_0031,8K,CLINICAL_TRIALS,DIRECT_RETRIEVAL,True,1,0,8251,13.010353265549254
phi4mini,Phi-4-mini-instruct,SEC_0123_8K,SEC_0123,8K,SEC,UNANSWERABLE,True,1,0,8236,13.007728114632254
phi4mini,Phi-4-mini-instruct,CT_0112_16K,CT_0112,16K,CLINICAL_TRIALS,UNANSWERABLE,False,0,1,16270,13.98992663055989
phi4mini,Phi-4-mini-instruct,SEC_0084_16K,SEC_0084,16K,SEC,TEMPORAL_VERSION,True,1,0,16227,13.986108682874654
phi4mini,Phi-4-mini-instruct,SEC_0084_8K,SEC_0084,8K,SEC,TEMPORAL_VERSION,True,1,0,8254,13.010877723007034
phi4mini,Phi-4-mini-instruct,FRED_0039_4K,FRED_0039,4K,FRED,DIRECT_RETRIEVAL,True,1,0,4231,12.04678297035635
phi4mini,Phi-4-mini-instruct,CT_0078_8K,CT_0078,8K,CLINICAL_TRIALS,ENTITY_UNIT_BINDING,True,1,0,8252,13.010528105886484
phi4mini,Phi-4-mini-instruct,CT_0072_4K,CT_0072,4K,CLINICAL_TRIALS,RETRIEVAL_CALCULATION,False,0,1,4220,12.043027283594547
phi4mini,Phi-4-mini-instruct,FDA_0101_16K,FDA_0101,16K,FDA,ENTITY_UNIT_BINDING,False,0,1,16150,13.97924654446865
phi4mini,Phi-4-mini-instruct,CT_0086_16K,CT_0086,16K,CLINICAL_TRIALS,ENTITY_UNIT_BINDING,False,0,1,16360,13.997885127829111
phi4mini,Phi-4-mini-instruct,SEC_0091_8K,SEC_0091,8K,SEC,TEMPORAL_VERSION,True,1,0,8192,13.0
phi4mini,Phi-4-mini-instruct,FRED_0084_8K,FRED_0084,8K,FRED,TEMPORAL_VERSION,False,0,1,8191,12.999823879015725
phi4mini,Phi-4-mini-instruct,FDA_0075_4K,FDA_0075,4K,FDA,RETRIEVAL_CALCULATION,False,0,1,4197,12.03514274788591
phi4mini,Phi-4-mini-instruct,CT_0116_16K,CT_0116,16K,CLINICAL_TRIALS,UNANSWERABLE,False,0,1,16343,13.99638521541103
phi4mini,Phi-4-mini-instruct,FRED_0008_4K,FRED_0008,4K,FRED,ENTITY_UNIT_BINDING,True,1,0,4190,12.032734528586714
phi4mini,Phi-4-mini-instruct,FDA_0026_4K,FDA_0026,4K,FDA,DIRECT_RETRIEVAL,True,1,0,4212,12.040289721025717
phi4mini,Phi-4-mini-instruct,CT_0071_8K,CT_0071,8K,CLINICAL_TRIALS,RETRIEVAL_CALCULATION,False,0,1,8329,13.02392757717438
phi4mini,Phi-4-mini-instruct,SEC_0029_4K,SEC_0029,4K,SEC,DIRECT_RETRIEVAL,True,1,0,4234,12.047805554007589
phi4mini,Phi-4-mini-instruct,FRED_0067_16K,FRED_0067,16K,FRED,RETRIEVAL_CALCULATION,False,0,1,16157,13.979871725726225
phi4mini,Phi-4-mini-instruct,SEC_0088_8K,SEC_0088,8K,SEC,TEMPORAL_VERSION,True,1,0,8300,13.018895621121649
phi4mini,Phi-4-mini-instruct,SEC_0077_16K,SEC_0077,16K,SEC,RETRIEVAL_CALCULATION,False,0,1,16331,13.995325514041804
phi4mini,Phi-4-mini-instruct,SEC_0025_4K,SEC_0025,4K,SEC,UNANSWERABLE,False,0,1,4220,12.043027283594547
phi4mini,Phi-4-mini-instruct,SEC_0087_16K,SEC_0087,16K,SEC,TEMPORAL_VERSION,True,1,0,16269,13.989837955736364
phi4mini,Phi-4-mini-instruct,FRED_0035_8K,FRED_0035,8K,FRED,DIRECT_RETRIEVAL,True,1,0,8172,12.996473488733228
phi4mini,Phi-4-mini-instruct,SEC_0063_4K,SEC_0063,4K,SEC,RETRIEVAL_CALCULATION,False,0,1,4146,12.017504401109415
phi4mini,Phi-4-mini-instruct,CT_0016_16K,CT_0016,16K,CLINICAL_TRIALS,RETRIEVAL_CALCULATION,False,0,1,16218,13.985308297255852
phi4mini,Phi-4-mini-instruct,FDA_0034_16K,FDA_0034,16K,FDA,DIRECT_RETRIEVAL,True,1,0,16159,13.980050299193577
phi4mini,Phi-4-mini-instruct,SEC_0098_16K,SEC_0098,16K,SEC,ENTITY_UNIT_BINDING,True,1,0,16282,13.990990303530822
phi4mini,Phi-4-mini-instruct,SEC_0114_8K,SEC_0114,8K,SEC,UNANSWERABLE,True,1,0,8165,12.995237170449057
phi4mini,Phi-4-mini-instruct,FRED_0106_4K,FRED_0106,4K,FRED,UNANSWERABLE,False,0,1,4183,12.030322282644034
phi4mini,Phi-4-mini-instruct,SEC_0085_16K,SEC_0085,16K,SEC,TEMPORAL_VERSION,True,1,0,16272,13.9901039638575
phi4mini,Phi-4-mini-instruct,FRED_0050_16K,FRED_0050,16K,FRED,RETRIEVAL_CALCULATION,False,0,1,16145,13.978799820501344
phi4mini,Phi-4-mini-instruct,FDA_0038_4K,FDA_0038,4K,FDA,DIRECT_RETRIEVAL,True,1,0,4192,12.03342300153745
phi4mini,Phi-4-mini-instruct,FDA_0064_8K,FDA_0064,8K,FDA,RETRIEVAL_CALCULATION,False,0,1,8223,13.00544911354693
phi4mini,Phi-4-mini-instruct,CT_0119_8K,CT_0119,8K,CLINICAL_TRIALS,UNANSWERABLE,False,0,1,8230,13.006676715308988
phi4mini,Phi-4-mini-instruct,FRED_0027_8K,FRED_0027,8K,FRED,DIRECT_RETRIEVAL,False,0,1,8177,12.997355925020381
phi4mini,Phi-4-mini-instruct,FRED_0123_8K,FRED_0123,8K,FRED,UNANSWERABLE,True,1,0,8192,13.0
phi4mini,Phi-4-mini-instruct,CT_0005_16K,CT_0005,16K,CLINICAL_TRIALS,DIRECT_RETRIEVAL,True,1,0,16340,13.996120363033047
phi4mini,Phi-4-mini-instruct,CT_0030_16K,CT_0030,16K,CLINICAL_TRIALS,DIRECT_RETRIEVAL,True,1,0,16320,13.994353436858859
phi4mini,Phi-4-mini-instruct,CT_0070_16K,CT_0070,16K,CLINICAL_TRIALS,RETRIEVAL_CALCULATION,False,0,1,16325,13.994795371321155
phi4mini,Phi-4-mini-instruct,SEC_0045_4K,SEC_0045,4K,SEC,DIRECT_RETRIEVAL,False,0,1,4227,12.045418397030792
phi4mini,Phi-4-mini-instruct,SEC_0069_8K,SEC_0069,8K,SEC,RETRIEVAL_CALCULATION,False,0,1,8280,13.015415052386688
phi4mini,Phi-4-mini-instruct,FRED_0111_4K,FRED_0111,4K,FRED,UNANSWERABLE,True,1,0,4200,12.036173612553485
phi4mini,Phi-4-mini-instruct,SEC_0073_16K,SEC_0073,16K,SEC,RETRIEVAL_CALCULATION,False,0,1,16307,13.993203773296528
phi4mini,Phi-4-mini-instruct,SEC_0109_4K,SEC_0109,4K,SEC,UNANSWERABLE,False,0,1,4163,12.023407843140218
phi4mini,Phi-4-mini-instruct,FDA_0019_4K,FDA_0019,4K,FDA,TEMPORAL_VERSION,True,1,0,4156,12.020979938904212
phi4mini,Phi-4-mini-instruct,CT_0082_16K,CT_0082,16K,CLINICAL_TRIALS,ENTITY_UNIT_BINDING,False,0,1,16250,13.988152097690541
phi4mini,Phi-4-mini-instruct,CT_0090_4K,CT_0090,4K,CLINICAL_TRIALS,ENTITY_UNIT_BINDING,True,1,0,4213,12.040632200562253
phi4mini,Phi-4-mini-instruct,FDA_0018_4K,FDA_0018,4K,FDA,TEMPORAL_VERSION,True,1,0,4162,12.023061249735335
phi4mini,Phi-4-mini-instruct,FDA_0033_4K,FDA_0033,4K,FDA,DIRECT_RETRIEVAL,True,1,0,4236,12.048486873992337
phi4mini,Phi-4-mini-instruct,SEC_0041_4K,SEC_0041,4K,SEC,DIRECT_RETRIEVAL,True,1,0,4195,12.034455095327186
phi4mini,Phi-4-mini-instruct,FDA_0085_16K,FDA_0085,16K,FDA,TEMPORAL_VERSION,True,1,0,16240,13.987264012072538
phi4mini,Phi-4-mini-instruct,CT_0006_4K,CT_0006,4K,CLINICAL_TRIALS,ENTITY_UNIT_BINDING,True,1,0,4214,12.040974598817305
phi4mini,Phi-4-mini-instruct,FDA_0112_4K,FDA_0112,4K,FDA,UNANSWERABLE,False,0,1,4142,12.016111838220512
phi4mini,Phi-4-mini-instruct,FDA_0074_16K,FDA_0074,16K,FDA,RETRIEVAL_CALCULATION,False,0,1,16176,13.981567281903015
phi4mini,Phi-4-mini-instruct,FDA_0078_16K,FDA_0078,16K,FDA,TEMPORAL_VERSION,False,0,1,16246,13.987796929042542
phi4mini,Phi-4-mini-instruct,FDA_0062_16K,FDA_0062,16K,FDA,RETRIEVAL_CALCULATION,True,1,0,16187,13.982548009651426
phi4mini,Phi-4-mini-instruct,SEC_0049_4K,SEC_0049,4K,SEC,RETRIEVAL_CALCULATION,False,0,1,4194,12.034111146096592
phi4mini,Phi-4-mini-instruct,SEC_0101_8K,SEC_0101,8K,SEC,ENTITY_UNIT_BINDING,True,1,0,8226,13.005975356500382
phi4mini,Phi-4-mini-instruct,CT_0024_16K,CT_0024,16K,CLINICAL_TRIALS,UNANSWERABLE,False,0,1,16258,13.988862172783449
phi4mini,Phi-4-mini-instruct,SEC_0027_8K,SEC_0027,8K,SEC,DIRECT_RETRIEVAL,True,1,0,8208,13.002815015607053
phi4mini,Phi-4-mini-instruct,FRED_0021_8K,FRED_0021,8K,FRED,UNANSWERABLE,True,1,0,8198,13.001056274634779
phi4mini,Phi-4-mini-instruct,SEC_0056_4K,SEC_0056,4K,SEC,RETRIEVAL_CALCULATION,False,0,1,4149,12.01854794187165
phi4mini,Phi-4-mini-instruct,SEC_0006_8K,SEC_0006,8K,SEC,ENTITY_UNIT_BINDING,False,0,1,8251,13.010353265549254
phi4mini,Phi-4-mini-instruct,CT_0029_16K,CT_0029,16K,CLINICAL_TRIALS,DIRECT_RETRIEVAL,False,0,1,16348,13.996826528020659
phi4mini,Phi-4-mini-instruct,FDA_0021_4K,FDA_0021,4K,FDA,UNANSWERABLE,False,0,1,4172,12.026523442519766
phi4mini,Phi-4-mini-instruct,FDA_0086_4K,FDA_0086,4K,FDA,TEMPORAL_VERSION,True,1,0,4211,12.039947160169094
phi4mini,Phi-4-mini-instruct,SEC_0108_16K,SEC_0108,16K,SEC,UNANSWERABLE,False,0,1,16175,13.981478091767233
phi4mini,Phi-4-mini-instruct,FRED_0122_8K,FRED_0122,8K,FRED,UNANSWERABLE,False,0,1,8189,12.999471572532684
phi4mini,Phi-4-mini-instruct,FRED_0097_16K,FRED_0097,16K,FRED,ENTITY_UNIT_BINDING,False,0,1,16084,13.97333862080036
phi4mini,Phi-4-mini-instruct,FDA_0065_8K,FDA_0065,8K,FDA,RETRIEVAL_CALCULATION,False,0,1,8208,13.002815015607053
phi4mini,Phi-4-mini-instruct,SEC_0076_4K,SEC_0076,4K,SEC,RETRIEVAL_CALCULATION,False,0,1,4258,12.055960234452295
phi4mini,Phi-4-mini-instruct,CT_0002_8K,CT_0002,8K,CLINICAL_TRIALS,DIRECT_RETRIEVAL,True,1,0,8283,13.015937673309226
phi4mini,Phi-4-mini-instruct,CT_0003_8K,CT_0003,8K,CLINICAL_TRIALS,DIRECT_RETRIEVAL,True,1,0,8212,13.003517912108602
phi4mini,Phi-4-mini-instruct,SEC_0111_8K,SEC_0111,8K,SEC,UNANSWERABLE,True,1,0,8163,12.994883741970835
phi4mini,Phi-4-mini-instruct,SEC_0030_4K,SEC_0030,4K,SEC,DIRECT_RETRIEVAL,True,1,0,4205,12.037890085142507
phi4mini,Phi-4-mini-instruct,SEC_0095_4K,SEC_0095,4K,SEC,ENTITY_UNIT_BINDING,True,1,0,4131,12.01227534485612
phi4mini,Phi-4-mini-instruct,CT_0063_16K,CT_0063,16K,CLINICAL_TRIALS,RETRIEVAL_CALCULATION,False,0,1,16422,14.003342220086113
phi4mini,Phi-4-mini-instruct,FRED_0026_4K,FRED_0026,4K,FRED,DIRECT_RETRIEVAL,True,1,0,4205,12.037890085142507
phi4mini,Phi-4-mini-instruct,FDA_0022_4K,FDA_0022,4K,FDA,UNANSWERABLE,False,0,1,4181,12.029632328044137
phi4mini,Phi-4-mini-instruct,FRED_0120_4K,FRED_0120,4K,FRED,UNANSWERABLE,False,0,1,4185,12.031011907437707
phi4mini,Phi-4-mini-instruct,FRED_0074_16K,FRED_0074,16K,FRED,TEMPORAL_VERSION,False,0,1,16161,13.980228850560252
phi4mini,Phi-4-mini-instruct,CT_0124_8K,CT_0124,8K,CLINICAL_TRIALS,UNANSWERABLE,False,0,1,8180,12.997885127829111
phi4mini,Phi-4-mini-instruct,CT_0009_8K,CT_0009,8K,CLINICAL_TRIALS,ENTITY_UNIT_BINDING,True,1,0,8327,13.023581108623029
phi4mini,Phi-4-mini-instruct,FRED_0096_16K,FRED_0096,16K,FRED,ENTITY_UNIT_BINDING,True,1,0,16216,13.985130373466898
phi4mini,Phi-4-mini-instruct,CT_0119_16K,CT_0119,16K,CLINICAL_TRIALS,UNANSWERABLE,False,0,1,16228,13.986197587206274
phi4mini,Phi-4-mini-instruct,CT_0123_8K,CT_0123,8K,CLINICAL_TRIALS,UNANSWERABLE,False,0,1,8191,12.999823879015725
phi4mini,Phi-4-mini-instruct,FDA_0047_8K,FDA_0047,8K,FDA,RETRIEVAL_CALCULATION,False,0,1,8114,12.986197587206274
phi4mini,Phi-4-mini-instruct,FRED_0121_4K,FRED_0121,4K,FRED,UNANSWERABLE,True,1,0,4206,12.03823313473178
phi4mini,Phi-4-mini-instruct,FRED_0087_16K,FRED_0087,16K,FRED,TEMPORAL_VERSION,True,1,0,16220,13.985486199104635
phi4mini,Phi-4-mini-instruct,SEC_0055_8K,SEC_0055,8K,SEC,RETRIEVAL_CALCULATION,False,0,1,8187,12.999119179995297
phi4mini,Phi-4-mini-instruct,SEC_0081_16K,SEC_0081,16K,SEC,TEMPORAL_VERSION,False,0,1,16282,13.990990303530822
phi4mini,Phi-4-mini-instruct,SEC_0070_8K,SEC_0070,8K,SEC,RETRIEVAL_CALCULATION,False,0,1,8232,13.007027266893969
phi4mini,Phi-4-mini-instruct,FRED_0004_8K,FRED_0004,8K,FRED,DIRECT_RETRIEVAL,True,1,0,8196,13.000704269011246
phi4mini,Phi-4-mini-instruct,SEC_0019_16K,SEC_0019,16K,SEC,TEMPORAL_VERSION,True,1,0,16257,13.988773432507186
phi4mini,Phi-4-mini-instruct,CT_0013_4K,CT_0013,4K,CLINICAL_TRIALS,RETRIEVAL_CALCULATION,False,0,1,4313,12.074476000734501
phi4mini,Phi-4-mini-instruct,FRED_0026_8K,FRED_0026,8K,FRED,DIRECT_RETRIEVAL,False,0,1,8217,13.004396051426534
phi4mini,Phi-4-mini-instruct,FDA_0076_8K,FDA_0076,8K,FDA,RETRIEVAL_CALCULATION,False,0,1,8195,13.000528233986822
phi4mini,Phi-4-mini-instruct,SEC_0096_4K,SEC_0096,4K,SEC,ENTITY_UNIT_BINDING,True,1,0,4209,12.039261794341055
phi4mini,Phi-4-mini-instruct,FDA_0023_16K,FDA_0023,16K,FDA,UNANSWERABLE,False,0,1,16223,13.985753010751832
phi4mini,Phi-4-mini-instruct,CT_0065_16K,CT_0065,16K,CLINICAL_TRIALS,RETRIEVAL_CALCULATION,False,0,1,16375,13.999207286199537
phi4mini,Phi-4-mini-instruct,FDA_0113_8K,FDA_0113,8K,FDA,UNANSWERABLE,False,0,1,8189,12.999471572532684
phi4mini,Phi-4-mini-instruct,FDA_0041_8K,FDA_0041,8K,FDA,DIRECT_RETRIEVAL,True,1,0,8212,13.003517912108602
phi4mini,Phi-4-mini-instruct,SEC_0095_16K,SEC_0095,16K,SEC,ENTITY_UNIT_BINDING,True,1,0,16136,13.977995368612962
phi4mini,Phi-4-mini-instruct,FRED_0091_16K,FRED_0091,16K,FRED,ENTITY_UNIT_BINDING,True,1,0,16168,13.980853606379736
phi4mini,Phi-4-mini-instruct,CT_0035_4K,CT_0035,4K,CLINICAL_TRIALS,DIRECT_RETRIEVAL,True,1,0,4131,12.01227534485612
phi4mini,Phi-4-mini-instruct,FRED_0023_8K,FRED_0023,8K,FRED,UNANSWERABLE,True,1,0,8173,12.996650019175894
phi4mini,Phi-4-mini-instruct,CT_0055_4K,CT_0055,4K,CLINICAL_TRIALS,RETRIEVAL_CALCULATION,False,0,1,4215,12.041316915829444
phi4mini,Phi-4-mini-instruct,FRED_0091_4K,FRED_0091,4K,FRED,ENTITY_UNIT_BINDING,True,1,0,4181,12.029632328044137
phi4mini,Phi-4-mini-instruct,SEC_0004_16K,SEC_0004,16K,SEC,DIRECT_RETRIEVAL,True,1,0,16283,13.991078907556085
phi4mini,Phi-4-mini-instruct,SEC_0081_8K,SEC_0081,8K,SEC,TEMPORAL_VERSION,False,0,1,8185,12.998766701361516
phi4mini,Phi-4-mini-instruct,SEC_0033_8K,SEC_0033,8K,SEC,DIRECT_RETRIEVAL,True,1,0,8256,13.011227255423254
phi4mini,Phi-4-mini-instruct,FDA_0018_16K,FDA_0018,16K,FDA,TEMPORAL_VERSION,True,1,0,16239,13.987175173435798
phi4mini,Phi-4-mini-instruct,FRED_0069_16K,FRED_0069,16K,FRED,RETRIEVAL_CALCULATION,False,0,1,16180,13.981923987317339
phi4mini,Phi-4-mini-instruct,SEC_0051_16K,SEC_0051,16K,SEC,RETRIEVAL_CALCULATION,False,0,1,16231,13.986464267334126
phi4mini,Phi-4-mini-instruct,CT_0050_8K,CT_0050,8K,CLINICAL_TRIALS,RETRIEVAL_CALCULATION,False,0,1,8131,12.989217079314361
phi4mini,Phi-4-mini-instruct,SEC_0056_16K,SEC_0056,16K,SEC,RETRIEVAL_CALCULATION,False,0,1,16168,13.980853606379736
phi4mini,Phi-4-mini-instruct,FDA_0119_8K,FDA_0119,8K,FDA,UNANSWERABLE,False,0,1,8221,13.005098178239706
phi4mini,Phi-4-mini-instruct,CT_0030_4K,CT_0030,4K,CLINICAL_TRIALS,DIRECT_RETRIEVAL,True,1,0,4226,12.04507705193494
phi4mini,Phi-4-mini-instruct,FRED_0102_16K,FRED_0102,16K,FRED,ENTITY_UNIT_BINDING,True,1,0,16097,13.97450421767751
phi4mini,Phi-4-mini-instruct,FRED_0119_8K,FRED_0119,8K,FRED,UNANSWERABLE,True,1,0,8154,12.993292241488547
phi4mini,Phi-4-mini-instruct,FRED_0027_4K,FRED_0027,4K,FRED,DIRECT_RETRIEVAL,False,0,1,4204,12.037546953962178
phi4mini,Phi-4-mini-instruct,CT_0058_8K,CT_0058,8K,CLINICAL_TRIALS,RETRIEVAL_CALCULATION,False,0,1,8223,13.00544911354693
phi4mini,Phi-4-mini-instruct,CT_0023_4K,CT_0023,4K,CLINICAL_TRIALS,UNANSWERABLE,False,0,1,4218,12.042343379793692
phi4mini,Phi-4-mini-instruct,SEC_0109_16K,SEC_0109,16K,SEC,UNANSWERABLE,True,1,0,16254,13.98850717892317
phi4mini,Phi-4-mini-instruct,FDA_0080_8K,FDA_0080,8K,FDA,TEMPORAL_VERSION,True,1,0,8238,13.008078410868256
phi4mini,Phi-4-mini-instruct,FRED_0120_16K,FRED_0120,16K,FRED,UNANSWERABLE,False,0,1,16173,13.981299694952254
phi4mini,Phi-4-mini-instruct,SEC_0062_4K,SEC_0062,4K,SEC,RETRIEVAL_CALCULATION,False,0,1,4148,12.018200178813226
phi4mini,Phi-4-mini-instruct,CT_0026_4K,CT_0026,4K,CLINICAL_TRIALS,DIRECT_RETRIEVAL,True,1,0,4208,12.038918989292302
phi4mini,Phi-4-mini-instruct,FRED_0121_8K,FRED_0121,8K,FRED,UNANSWERABLE,False,0,1,8167,12.9955905123663
phi4mini,Phi-4-mini-instruct,FDA_0008_8K,FDA_0008,8K,FDA,ENTITY_UNIT_BINDING,False,0,1,8169,12.995943767764953
phi4mini,Phi-4-mini-instruct,FRED_0106_8K,FRED_0106,8K,FRED,UNANSWERABLE,True,1,0,8199,13.001232245244363
phi4mini,Phi-4-mini-instruct,SEC_0105_16K,SEC_0105,16K,SEC,ENTITY_UNIT_BINDING,True,1,0,16323,13.994618613781007
phi4mini,Phi-4-mini-instruct,FDA_0008_16K,FDA_0008,16K,FDA,ENTITY_UNIT_BINDING,False,0,1,16139,13.978263569086092
phi4mini,Phi-4-mini-instruct,SEC_0057_16K,SEC_0057,16K,SEC,RETRIEVAL_CALCULATION,False,0,1,16257,13.988773432507186
phi4mini,Phi-4-mini-instruct,FRED_0020_4K,FRED_0020,4K,FRED,TEMPORAL_VERSION,True,1,0,4199,12.035830072835017
phi4mini,Phi-4-mini-instruct,FDA_0051_8K,FDA_0051,8K,FDA,RETRIEVAL_CALCULATION,False,0,1,8191,12.999823879015725
phi4mini,Phi-4-mini-instruct,SEC_0120_16K,SEC_0120,16K,SEC,UNANSWERABLE,True,1,0,16243,13.987530495164307
phi4mini,Phi-4-mini-instruct,FRED_0101_4K,FRED_0101,4K,FRED,ENTITY_UNIT_BINDING,True,1,0,4226,12.04507705193494
phi4mini,Phi-4-mini-instruct,CT_0055_16K,CT_0055,16K,CLINICAL_TRIALS,RETRIEVAL_CALCULATION,False,0,1,16307,13.993203773296528
phi4mini,Phi-4-mini-instruct,FRED_0053_4K,FRED_0053,4K,FRED,RETRIEVAL_CALCULATION,False,0,1,4227,12.045418397030792
phi4mini,Phi-4-mini-instruct,CT_0041_16K,CT_0041,16K,CLINICAL_TRIALS,DIRECT_RETRIEVAL,True,1,0,16299,13.99249583239248
phi4mini,Phi-4-mini-instruct,FRED_0007_16K,FRED_0007,16K,FRED,ENTITY_UNIT_BINDING,True,1,0,16109,13.975579318049602
phi4mini,Phi-4-mini-instruct,CT_0041_8K,CT_0041,8K,CLINICAL_TRIALS,DIRECT_RETRIEVAL,True,1,0,8203,13.001935913123642
phi4mini,Phi-4-mini-instruct,SEC_0022_8K,SEC_0022,8K,SEC,UNANSWERABLE,True,1,0,8167,12.9955905123663
phi4mini,Phi-4-mini-instruct,CT_0014_4K,CT_0014,4K,CLINICAL_TRIALS,RETRIEVAL_CALCULATION,False,0,1,4212,12.040289721025717
phi4mini,Phi-4-mini-instruct,FRED_0094_16K,FRED_0094,16K,FRED,ENTITY_UNIT_BINDING,False,0,1,16136,13.977995368612962
phi4mini,Phi-4-mini-instruct,SEC_0036_4K,SEC_0036,4K,SEC,DIRECT_RETRIEVAL,True,1,0,4237,12.04882741336389
phi4mini,Phi-4-mini-instruct,FRED_0110_4K,FRED_0110,4K,FRED,UNANSWERABLE,True,1,0,4185,12.031011907437707
phi4mini,Phi-4-mini-instruct,FRED_0103_4K,FRED_0103,4K,FRED,ENTITY_UNIT_BINDING,True,1,0,4146,12.017504401109415
phi4mini,Phi-4-mini-instruct,FDA_0068_4K,FDA_0068,4K,FDA,RETRIEVAL_CALCULATION,False,0,1,4203,12.037203741151973
phi4mini,Phi-4-mini-instruct,CT_0095_8K,CT_0095,8K,CLINICAL_TRIALS,ENTITY_UNIT_BINDING,True,1,0,8267,13.01314817145476
phi4mini,Phi-4-mini-instruct,FDA_0044_4K,FDA_0044,4K,FDA,DIRECT_RETRIEVAL,True,1,0,4104,12.002815015607053
phi4mini,Phi-4-mini-instruct,CT_0091_16K,CT_0091,16K,CLINICAL_TRIALS,ENTITY_UNIT_BINDING,True,1,0,16300,13.992584344005802
phi4mini,Phi-4-mini-instruct,SEC_0069_16K,SEC_0069,16K,SEC,RETRIEVAL_CALCULATION,False,0,1,16298,13.992407315348498
phi4mini,Phi-4-mini-instruct,FRED_0043_16K,FRED_0043,16K,FRED,DIRECT_RETRIEVAL,True,1,0,16146,13.978889176361573
phi4mini,Phi-4-mini-instruct,FDA_0066_8K,FDA_0066,8K,FDA,RETRIEVAL_CALCULATION,False,0,1,8217,13.004396051426534
phi4mini,Phi-4-mini-instruct,FRED_0070_4K,FRED_0070,4K,FRED,RETRIEVAL_CALCULATION,False,0,1,4201,12.036517070486518
phi4mini,Phi-4-mini-instruct,CT_0015_4K,CT_0015,4K,CLINICAL_TRIALS,RETRIEVAL_CALCULATION,False,0,1,4195,12.034455095327186
phi4mini,Phi-4-mini-instruct,FDA_0006_8K,FDA_0006,8K,FDA,ENTITY_UNIT_BINDING,True,1,0,8201,13.00158412208535
phi4mini,Phi-4-mini-instruct,FDA_0062_4K,FDA_0062,4K,FDA,RETRIEVAL_CALCULATION,False,0,1,4223,12.044052531801302
phi4mini,Phi-4-mini-instruct,FDA_0006_16K,FDA_0006,16K,FDA,ENTITY_UNIT_BINDING,False,0,1,16191,13.982904472693795
phi4mini,Phi-4-mini-instruct,SEC_0022_4K,SEC_0022,4K,SEC,UNANSWERABLE,False,0,1,4161,12.022714573044759
phi4mini,Phi-4-mini-instruct,FDA_0047_4K,FDA_0047,4K,FDA,RETRIEVAL_CALCULATION,False,0,1,4181,12.029632328044137
phi4mini,Phi-4-mini-instruct,FRED_0095_16K,FRED_0095,16K,FRED,ENTITY_UNIT_BINDING,True,1,0,16114,13.976027040189834
phi4mini,Phi-4-mini-instruct,FRED_0107_16K,FRED_0107,16K,FRED,UNANSWERABLE,False,0,1,16149,13.979157210740587
phi4mini,Phi-4-mini-instruct,FRED_0106_16K,FRED_0106,16K,FRED,UNANSWERABLE,False,0,1,16130,13.977458818043004
phi4mini,Phi-4-mini-instruct,SEC_0067_16K,SEC_0067,16K,SEC,RETRIEVAL_CALCULATION,False,0,1,16212,13.984774460046841
phi4mini,Phi-4-mini-instruct,FDA_0109_4K,FDA_0109,4K,FDA,UNANSWERABLE,False,0,1,4141,12.01576348736988
phi4mini,Phi-4-mini-instruct,CT_0120_4K,CT_0120,4K,CLINICAL_TRIALS,UNANSWERABLE,False,0,1,4190,12.032734528586714
phi4mini,Phi-4-mini-instruct,SEC_0077_8K,SEC_0077,8K,SEC,RETRIEVAL_CALCULATION,False,0,1,8215,13.004044859837437
phi4mini,Phi-4-mini-instruct,FDA_0055_4K,FDA_0055,4K,FDA,RETRIEVAL_CALCULATION,True,1,0,4164,12.023754353299417
phi4mini,Phi-4-mini-instruct,SEC_0119_16K,SEC_0119,16K,SEC,UNANSWERABLE,True,1,0,16149,13.979157210740587
phi4mini,Phi-4-mini-instruct,FDA_0080_4K,FDA_0080,4K,FDA,TEMPORAL_VERSION,True,1,0,4233,12.04746477331842
phi4mini,Phi-4-mini-instruct,FDA_0068_16K,FDA_0068,16K,FDA,RETRIEVAL_CALCULATION,False,0,1,16230,13.986375379435334
phi4mini,Phi-4-mini-instruct,CT_0027_4K,CT_0027,4K,CLINICAL_TRIALS,DIRECT_RETRIEVAL,True,1,0,4221,12.04336911395769
phi4mini,Phi-4-mini-instruct,FDA_0013_16K,FDA_0013,16K,FDA,RETRIEVAL_CALCULATION,False,0,1,16227,13.986108682874654
phi4mini,Phi-4-mini-instruct,FDA_0092_8K,FDA_0092,8K,FDA,ENTITY_UNIT_BINDING,False,0,1,8200,13.001408194392809
phi4mini,Phi-4-mini-instruct,FRED_0013_4K,FRED_0013,4K,FRED,RETRIEVAL_CALCULATION,False,0,1,4207,12.03857610276879
phi4mini,Phi-4-mini-instruct,FRED_0016_4K,FRED_0016,4K,FRED,RETRIEVAL_CALCULATION,True,1,0,4165,12.02410078025291
phi4mini,Phi-4-mini-instruct,CT_0044_4K,CT_0044,4K,CLINICAL_TRIALS,DIRECT_RETRIEVAL,True,1,0,4159,12.022020969646356
phi4mini,Phi-4-mini-instruct,FRED_0116_8K,FRED_0116,8K,FRED,UNANSWERABLE,False,0,1,8193,13.000176099486442
phi4mini,Phi-4-mini-instruct,CT_0020_4K,CT_0020,4K,CLINICAL_TRIALS,ENTITY_UNIT_BINDING,True,1,0,4246,12.051888655905378
phi4mini,Phi-4-mini-instruct,CT_0079_4K,CT_0079,4K,CLINICAL_TRIALS,ENTITY_UNIT_BINDING,True,1,0,4213,12.040632200562253
phi4mini,Phi-4-mini-instruct,FRED_0105_4K,FRED_0105,4K,FRED,ENTITY_UNIT_BINDING,True,1,0,4188,12.032045726930809
phi4mini,Phi-4-mini-instruct,FRED_0093_16K,FRED_0093,16K,FRED,ENTITY_UNIT_BINDING,True,1,0,16122,13.976743106734322
phi4mini,Phi-4-mini-instruct,FRED_0108_16K,FRED_0108,16K,FRED,UNANSWERABLE,False,0,1,16149,13.979157210740587
phi4mini,Phi-4-mini-instruct,FRED_0080_8K,FRED_0080,8K,FRED,TEMPORAL_VERSION,True,1,0,8190,12.99964773652837
phi4mini,Phi-4-mini-instruct,CT_0012_16K,CT_0012,16K,CLINICAL_TRIALS,RETRIEVAL_CALCULATION,False,0,1,16293,13.991964648645357
phi4mini,Phi-4-mini-instruct,CT_0091_4K,CT_0091,4K,CLINICAL_TRIALS,ENTITY_UNIT_BINDING,False,0,1,4253,12.054265139625764
phi4mini,Phi-4-mini-instruct,CT_0067_8K,CT_0067,8K,CLINICAL_TRIALS,RETRIEVAL_CALCULATION,False,0,1,8303,13.019416982944184
phi4mini,Phi-4-mini-instruct,FDA_0027_8K,FDA_0027,8K,FDA,DIRECT_RETRIEVAL,True,1,0,8164,12.995060467032719
phi4mini,Phi-4-mini-instruct,FRED_0118_16K,FRED_0118,16K,FRED,UNANSWERABLE,True,1,0,16184,13.982280604558284
phi4mini,Phi-4-mini-instruct,FDA_0051_16K,FDA_0051,16K,FDA,RETRIEVAL_CALCULATION,False,0,1,16165,13.980585887013447
phi4mini,Phi-4-mini-instruct,SEC_0002_16K,SEC_0002,16K,SEC,DIRECT_RETRIEVAL,True,1,0,16213,13.984863446633817
phi4mini,Phi-4-mini-instruct,FRED_0075_8K,FRED_0075,8K,FRED,TEMPORAL_VERSION,False,0,1,8130,12.98903963696239
phi4mini,Phi-4-mini-instruct,FDA_0025_8K,FDA_0025,8K,FDA,UNANSWERABLE,False,0,1,8179,12.99770874846085
phi4mini,Phi-4-mini-instruct,FDA_0045_4K,FDA_0045,4K,FDA,DIRECT_RETRIEVAL,True,1,0,4120,12.00842862207058
phi4mini,Phi-4-mini-instruct,SEC_0060_8K,SEC_0060,8K,SEC,RETRIEVAL_CALCULATION,False,0,1,8271,13.013846052731347
phi4mini,Phi-4-mini-instruct,FDA_0029_4K,FDA_0029,4K,FDA,DIRECT_RETRIEVAL,True,1,0,4182,12.029977346589579
phi4mini,Phi-4-mini-instruct,CT_0047_16K,CT_0047,16K,CLINICAL_TRIALS,RETRIEVAL_CALCULATION,False,0,1,16223,13.985753010751832
phi4mini,Phi-4-mini-instruct,SEC_0042_16K,SEC_0042,16K,SEC,DIRECT_RETRIEVAL,True,1,0,16173,13.981299694952254
phi4mini,Phi-4-mini-instruct,FDA_0022_8K,FDA_0022,8K,FDA,UNANSWERABLE,False,0,1,8164,12.995060467032719
phi4mini,Phi-4-mini-instruct,FRED_0063_16K,FRED_0063,16K,FRED,RETRIEVAL_CALCULATION,False,0,1,16160,13.980139577639157
phi4mini,Phi-4-mini-instruct,FDA_0010_4K,FDA_0010,4K,FDA,RETRIEVAL_CALCULATION,True,1,0,4111,12.005273656563938
phi4mini,Phi-4-mini-instruct,FRED_0019_4K,FRED_0019,4K,FRED,TEMPORAL_VERSION,True,1,0,4178,12.028596777067108
phi4mini,Phi-4-mini-instruct,CT_0083_16K,CT_0083,16K,CLINICAL_TRIALS,ENTITY_UNIT_BINDING,False,0,1,16351,13.997091250803301
phi4mini,Phi-4-mini-instruct,CT_0024_8K,CT_0024,8K,CLINICAL_TRIALS,UNANSWERABLE,False,0,1,8211,13.003342220086113
phi4mini,Phi-4-mini-instruct,CT_0019_16K,CT_0019,16K,CLINICAL_TRIALS,ENTITY_UNIT_BINDING,False,0,1,16332,13.99541385222515
phi4mini,Phi-4-mini-instruct,CT_0066_4K,CT_0066,4K,CLINICAL_TRIALS,RETRIEVAL_CALCULATION,False,0,1,4197,12.03514274788591
phi4mini,Phi-4-mini-instruct,FRED_0081_16K,FRED_0081,16K,FRED,TEMPORAL_VERSION,True,1,0,16126,13.97710100677111
phi4mini,Phi-4-mini-instruct,FDA_0034_4K,FDA_0034,4K,FDA,DIRECT_RETRIEVAL,True,1,0,4197,12.03514274788591
phi4mini,Phi-4-mini-instruct,SEC_0008_4K,SEC_0008,4K,SEC,ENTITY_UNIT_BINDING,True,1,0,4232,12.047123912114026
phi4mini,Phi-4-mini-instruct,FRED_0075_4K,FRED_0075,4K,FRED,TEMPORAL_VERSION,True,1,0,4140,12.015415052386688
phi4mini,Phi-4-mini-instruct,FDA_0098_16K,FDA_0098,16K,FDA,ENTITY_UNIT_BINDING,False,0,1,16140,13.978352958165143
phi4mini,Phi-4-mini-instruct,SEC_0097_8K,SEC_0097,8K,SEC,ENTITY_UNIT_BINDING,True,1,0,8262,13.01227534485612
phi4mini,Phi-4-mini-instruct,FDA_0044_8K,FDA_0044,8K,FDA,DIRECT_RETRIEVAL,True,1,0,8145,12.99169898341288
phi4mini,Phi-4-mini-instruct,FRED_0097_8K,FRED_0097,8K,FRED,ENTITY_UNIT_BINDING,True,1,0,8164,12.995060467032719
phi4mini,Phi-4-mini-instruct,CT_0077_8K,CT_0077,8K,CLINICAL_TRIALS,ENTITY_UNIT_BINDING,True,1,0,8165,12.995237170449057
phi4mini,Phi-4-mini-instruct,SEC_0007_8K,SEC_0007,8K,SEC,ENTITY_UNIT_BINDING,True,1,0,8211,13.003342220086113
phi4mini,Phi-4-mini-instruct,CT_0032_8K,CT_0032,8K,CLINICAL_TRIALS,DIRECT_RETRIEVAL,True,1,0,8260,13.011926066306808
phi4mini,Phi-4-mini-instruct,SEC_0053_16K,SEC_0053,16K,SEC,RETRIEVAL_CALCULATION,False,0,1,16276,13.99045856507371
phi4mini,Phi-4-mini-instruct,FDA_0021_16K,FDA_0021,16K,FDA,UNANSWERABLE,False,0,1,16201,13.983795245160282
phi4mini,Phi-4-mini-instruct,FDA_0021_8K,FDA_0021,8K,FDA,UNANSWERABLE,False,0,1,8145,12.99169898341288
phi4mini,Phi-4-mini-instruct,SEC_0010_16K,SEC_0010,16K,SEC,RETRIEVAL_CALCULATION,False,0,1,16291,13.991787543926145
phi4mini,Phi-4-mini-instruct,CT_0038_16K,CT_0038,16K,CLINICAL_TRIALS,DIRECT_RETRIEVAL,True,1,0,16257,13.988773432507186
phi4mini,Phi-4-mini-instruct,FRED_0011_8K,FRED_0011,8K,FRED,RETRIEVAL_CALCULATION,False,0,1,8204,13.002111776479852
phi4mini,Phi-4-mini-instruct,CT_0085_8K,CT_0085,8K,CLINICAL_TRIALS,ENTITY_UNIT_BINDING,True,1,0,8273,13.014194866814499
phi4mini,Phi-4-mini-instruct,FDA_0004_4K,FDA_0004,4K,FDA,DIRECT_RETRIEVAL,True,1,0,4184,12.030667136246942
phi4mini,Phi-4-mini-instruct,CT_0018_4K,CT_0018,4K,CLINICAL_TRIALS,ENTITY_UNIT_BINDING,True,1,0,4280,12.06339508128851
phi4mini,Phi-4-mini-instruct,CT_0020_16K,CT_0020,16K,CLINICAL_TRIALS,ENTITY_UNIT_BINDING,True,1,0,16314,13.993822936745916
phi4mini,Phi-4-mini-instruct,SEC_0078_16K,SEC_0078,16K,SEC,TEMPORAL_VERSION,True,1,0,16291,13.991787543926145
phi4mini,Phi-4-mini-instruct,CT_0048_4K,CT_0048,4K,CLINICAL_TRIALS,RETRIEVAL_CALCULATION,False,0,1,4236,12.048486873992337
phi4mini,Phi-4-mini-instruct,FDA_0101_8K,FDA_0101,8K,FDA,ENTITY_UNIT_BINDING,False,0,1,8133,12.989571898558868
phi4mini,Phi-4-mini-instruct,CT_0094_16K,CT_0094,16K,CLINICAL_TRIALS,ENTITY_UNIT_BINDING,True,1,0,16328,13.995060467032719
phi4mini,Phi-4-mini-instruct,SEC_0068_16K,SEC_0068,16K,SEC,RETRIEVAL_CALCULATION,False,0,1,16298,13.992407315348498
phi4mini,Phi-4-mini-instruct,FRED_0006_4K,FRED_0006,4K,FRED,ENTITY_UNIT_BINDING,True,1,0,4197,12.03514274788591
phi4mini,Phi-4-mini-instruct,FRED_0072_16K,FRED_0072,16K,FRED,RETRIEVAL_CALCULATION,False,0,1,16152,13.979425195331473
phi4mini,Phi-4-mini-instruct,FDA_0103_4K,FDA_0103,4K,FDA,ENTITY_UNIT_BINDING,True,1,0,4159,12.022020969646356
phi4mini,Phi-4-mini-instruct,FRED_0016_16K,FRED_0016,16K,FRED,RETRIEVAL_CALCULATION,True,1,0,16130,13.977458818043004
phi4mini,Phi-4-mini-instruct,CT_0008_16K,CT_0008,16K,CLINICAL_TRIALS,ENTITY_UNIT_BINDING,True,1,0,16367,13.99850228586011
phi4mini,Phi-4-mini-instruct,FRED_0079_4K,FRED_0079,4K,FRED,TEMPORAL_VERSION,True,1,0,4185,12.031011907437707
phi4mini,Phi-4-mini-instruct,SEC_0063_8K,SEC_0063,8K,SEC,RETRIEVAL_CALCULATION,False,0,1,8154,12.993292241488547
phi4mini,Phi-4-mini-instruct,SEC_0012_8K,SEC_0012,8K,SEC,RETRIEVAL_CALCULATION,False,0,1,8277,13.01489224207443
phi4mini,Phi-4-mini-instruct,CT_0034_4K,CT_0034,4K,CLINICAL_TRIALS,DIRECT_RETRIEVAL,True,1,0,4190,12.032734528586714
phi4mini,Phi-4-mini-instruct,FRED_0042_4K,FRED_0042,4K,FRED,DIRECT_RETRIEVAL,True,1,0,4207,12.03857610276879
phi4mini,Phi-4-mini-instruct,CT_0049_4K,CT_0049,4K,CLINICAL_TRIALS,RETRIEVAL_CALCULATION,False,0,1,4155,12.020632761657707
phi4mini,Phi-4-mini-instruct,FDA_0091_8K,FDA_0091,8K,FDA,ENTITY_UNIT_BINDING,False,0,1,8143,12.991344686986519
phi4mini,Phi-4-mini-instruct,FDA_0090_4K,FDA_0090,4K,FDA,ENTITY_UNIT_BINDING,True,1,0,4180,12.029287226968245
phi4mini,Phi-4-mini-instruct,CT_0033_8K,CT_0033,8K,CLINICAL_TRIALS,DIRECT_RETRIEVAL,True,1,0,8201,13.00158412208535
phi4mini,Phi-4-mini-instruct,SEC_0120_8K,SEC_0120,8K,SEC,UNANSWERABLE,False,0,1,8137,12.99028127536032
phi4mini,Phi-4-mini-instruct,FRED_0005_16K,FRED_0005,16K,FRED,DIRECT_RETRIEVAL,False,0,1,16163,13.98040737983172
phi4mini,Phi-4-mini-instruct,SEC_0093_4K,SEC_0093,4K,SEC,TEMPORAL_VERSION,True,1,0,4205,12.037890085142507
phi4mini,Phi-4-mini-instruct,FDA_0118_16K,FDA_0118,16K,FDA,UNANSWERABLE,False,0,1,16139,13.978263569086092
phi4mini,Phi-4-mini-instruct,FDA_0088_8K,FDA_0088,8K,FDA,TEMPORAL_VERSION,True,1,0,8191,12.999823879015725
phi4mini,Phi-4-mini-instruct,SEC_0082_16K,SEC_0082,16K,SEC,TEMPORAL_VERSION,False,0,1,16324,13.9947069952581
phi4mini,Phi-4-mini-instruct,FRED_0023_4K,FRED_0023,4K,FRED,UNANSWERABLE,True,1,0,4192,12.03342300153745
phi4mini,Phi-4-mini-instruct,CT_0045_4K,CT_0045,4K,CLINICAL_TRIALS,DIRECT_RETRIEVAL,True,1,0,4231,12.04678297035635
phi4mini,Phi-4-mini-instruct,CT_0074_4K,CT_0074,4K,CLINICAL_TRIALS,ENTITY_UNIT_BINDING,False,0,1,4158,12.02167404285837
phi4mini,Phi-4-mini-instruct,SEC_0017_16K,SEC_0017,16K,SEC,TEMPORAL_VERSION,True,1,0,16366,13.998414136589261
phi4mini,Phi-4-mini-instruct,SEC_0040_4K,SEC_0040,4K,SEC,DIRECT_RETRIEVAL,True,1,0,4227,12.045418397030792
phi4mini,Phi-4-mini-instruct,FDA_0012_16K,FDA_0012,16K,FDA,RETRIEVAL_CALCULATION,False,0,1,16136,13.977995368612962
phi4mini,Phi-4-mini-instruct,CT_0106_8K,CT_0106,8K,CLINICAL_TRIALS,UNANSWERABLE,False,0,1,8275,13.014543596581943
phi4mini,Phi-4-mini-instruct,SEC_0032_8K,SEC_0032,8K,SEC,DIRECT_RETRIEVAL,True,1,0,8151,12.99276135094313
phi4mini,Phi-4-mini-instruct,SEC_0054_4K,SEC_0054,4K,SEC,RETRIEVAL_CALCULATION,False,0,1,4213,12.040632200562253
phi4mini,Phi-4-mini-instruct,CT_0052_4K,CT_0052,4K,CLINICAL_TRIALS,RETRIEVAL_CALCULATION,False,0,1,4154,12.020285500844647
phi4mini,Phi-4-mini-instruct,FDA_0118_4K,FDA_0118,4K,FDA,UNANSWERABLE,False,0,1,4190,12.032734528586714
phi4mini,Phi-4-mini-instruct,FRED_0034_8K,FRED_0034,8K,FRED,DIRECT_RETRIEVAL,True,1,0,8182,12.998237821888047
phi4mini,Phi-4-mini-instruct,FDA_0009_8K,FDA_0009,8K,FDA,ENTITY_UNIT_BINDING,False,0,1,8192,13.0
phi4mini,Phi-4-mini-instruct,FRED_0031_4K,FRED_0031,4K,FRED,DIRECT_RETRIEVAL,False,0,1,4150,12.018895621121649
phi4mini,Phi-4-mini-instruct,FDA_0061_16K,FDA_0061,16K,FDA,RETRIEVAL_CALCULATION,False,0,1,16130,13.977458818043004
phi4mini,Phi-4-mini-instruct,SEC_0038_8K,SEC_0038,8K,SEC,DIRECT_RETRIEVAL,True,1,0,8249,13.010003521295205
phi4mini,Phi-4-mini-instruct,FDA_0001_4K,FDA_0001,4K,FDA,DIRECT_RETRIEVAL,True,1,0,4218,12.042343379793692
phi4mini,Phi-4-mini-instruct,FRED_0096_4K,FRED_0096,4K,FRED,ENTITY_UNIT_BINDING,True,1,0,4175,12.027560482248777
phi4mini,Phi-4-mini-instruct,CT_0036_16K,CT_0036,16K,CLINICAL_TRIALS,DIRECT_RETRIEVAL,True,1,0,16253,13.988418416807852
phi4mini,Phi-4-mini-instruct,SEC_0083_4K,SEC_0083,4K,SEC,TEMPORAL_VERSION,True,1,0,4211,12.039947160169094
phi4mini,Phi-4-mini-instruct,CT_0019_8K,CT_0019,8K,CLINICAL_TRIALS,ENTITY_UNIT_BINDING,False,0,1,8279,13.01524080333268
phi4mini,Phi-4-mini-instruct,SEC_0074_8K,SEC_0074,8K,SEC,RETRIEVAL_CALCULATION,False,0,1,8289,13.016982347533649
phi4mini,Phi-4-mini-instruct,SEC_0118_16K,SEC_0118,16K,SEC,UNANSWERABLE,True,1,0,16193,13.983082671192154
phi4mini,Phi-4-mini-instruct,FDA_0053_8K,FDA_0053,8K,FDA,RETRIEVAL_CALCULATION,False,0,1,8158,12.993999791792524
phi4mini,Phi-4-mini-instruct,FRED_0001_16K,FRED_0001,16K,FRED,DIRECT_RETRIEVAL,False,0,1,16158,13.979961015222829
phi4mini,Phi-4-mini-instruct,SEC_0113_4K,SEC_0113,4K,SEC,UNANSWERABLE,False,0,1,4179,12.02894204332241
phi4mini,Phi-4-mini-instruct,SEC_0021_8K,SEC_0021,8K,SEC,UNANSWERABLE,True,1,0,8215,13.004044859837437
phi4mini,Phi-4-mini-instruct,CT_0100_8K,CT_0100,8K,CLINICAL_TRIALS,ENTITY_UNIT_BINDING,True,1,0,8287,13.016634206836763
phi4mini,Phi-4-mini-instruct,SEC_0062_16K,SEC_0062,16K,SEC,RETRIEVAL_CALCULATION,False,0,1,16206,13.984240425230123
phi4mini,Phi-4-mini-instruct,FDA_0063_8K,FDA_0063,8K,FDA,RETRIEVAL_CALCULATION,False,0,1,8150,12.992584344005802
phi4mini,Phi-4-mini-instruct,FDA_0107_16K,FDA_0107,16K,FDA,UNANSWERABLE,False,0,1,16203,13.983973333673147
phi4mini,Phi-4-mini-instruct,FRED_0041_16K,FRED_0041,16K,FRED,DIRECT_RETRIEVAL,False,0,1,16213,13.984863446633817
phi4mini,Phi-4-mini-instruct,SEC_0012_4K,SEC_0012,4K,SEC,RETRIEVAL_CALCULATION,False,0,1,4149,12.01854794187165
phi4mini,Phi-4-mini-instruct,FDA_0059_8K,FDA_0059,8K,FDA,RETRIEVAL_CALCULATION,True,1,0,8141,12.990990303530822
phi4mini,Phi-4-mini-instruct,SEC_0069_4K,SEC_0069,4K,SEC,RETRIEVAL_CALCULATION,False,0,1,4224,12.044394119358454
phi4mini,Phi-4-mini-instruct,CT_0100_16K,CT_0100,16K,CLINICAL_TRIALS,ENTITY_UNIT_BINDING,True,1,0,16389,14.000440208419151
phi4mini,Phi-4-mini-instruct,FRED_0097_4K,FRED_0097,4K,FRED,ENTITY_UNIT_BINDING,True,1,0,4119,12.008078410868256
phi4mini,Phi-4-mini-instruct,CT_0011_4K,CT_0011,4K,CLINICAL_TRIALS,RETRIEVAL_CALCULATION,False,0,1,4166,12.024447124040647
phi4mini,Phi-4-mini-instruct,FDA_0094_16K,FDA_0094,16K,FDA,ENTITY_UNIT_BINDING,False,0,1,16172,13.981210488271694
phi4mini,Phi-4-mini-instruct,CT_0003_16K,CT_0003,16K,CLINICAL_TRIALS,DIRECT_RETRIEVAL,True,1,0,16259,13.988950907601627
phi4mini,Phi-4-mini-instruct,FRED_0068_4K,FRED_0068,4K,FRED,RETRIEVAL_CALCULATION,False,0,1,4196,12.034798962577268
phi4mini,Phi-4-mini-instruct,SEC_0091_16K,SEC_0091,16K,SEC,TEMPORAL_VERSION,True,1,0,16263,13.989305792306912
phi4mini,Phi-4-mini-instruct,CT_0023_8K,CT_0023,8K,CLINICAL_TRIALS,UNANSWERABLE,False,0,1,8255,13.01105249980062
phi4mini,Phi-4-mini-instruct,SEC_0066_8K,SEC_0066,8K,SEC,RETRIEVAL_CALCULATION,False,0,1,8187,12.999119179995297
phi4mini,Phi-4-mini-instruct,FDA_0099_16K,FDA_0099,16K,FDA,ENTITY_UNIT_BINDING,False,0,1,16198,13.983528071165095
phi4mini,Phi-4-mini-instruct,FRED_0029_8K,FRED_0029,8K,FRED,DIRECT_RETRIEVAL,True,1,0,8140,12.99081307915361
phi4mini,Phi-4-mini-instruct,SEC_0065_16K,SEC_0065,16K,SEC,RETRIEVAL_CALCULATION,False,0,1,16357,13.997620550689716
phi4mini,Phi-4-mini-instruct,SEC_0021_4K,SEC_0021,4K,SEC,UNANSWERABLE,True,1,0,4193,12.03376711484639
phi4mini,Phi-4-mini-instruct,FDA_0097_8K,FDA_0097,8K,FDA,ENTITY_UNIT_BINDING,False,0,1,8120,12.987264012072538
phi4mini,Phi-4-mini-instruct,SEC_0016_16K,SEC_0016,16K,SEC,RETRIEVAL_CALCULATION,False,0,1,16221,13.985575141803155
phi4mini,Phi-4-mini-instruct,FRED_0112_4K,FRED_0112,4K,FRED,UNANSWERABLE,False,0,1,4208,12.038918989292302
phi4mini,Phi-4-mini-instruct,FDA_0064_16K,FDA_0064,16K,FDA,RETRIEVAL_CALCULATION,False,0,1,16167,13.980764372110903
phi4mini,Phi-4-mini-instruct,SEC_0017_4K,SEC_0017,4K,SEC,TEMPORAL_VERSION,True,1,0,4160,12.022367813028454
phi4mini,Phi-4-mini-instruct,FRED_0088_16K,FRED_0088,16K,FRED,TEMPORAL_VERSION,False,0,1,16146,13.978889176361573
phi4mini,Phi-4-mini-instruct,CT_0118_16K,CT_0118,16K,CLINICAL_TRIALS,UNANSWERABLE,False,0,1,16329,13.99514882144625
phi4mini,Phi-4-mini-instruct,CT_0124_16K,CT_0124,16K,CLINICAL_TRIALS,UNANSWERABLE,False,0,1,16245,13.987708123216846
phi4mini,Phi-4-mini-instruct,FRED_0003_16K,FRED_0003,16K,FRED,DIRECT_RETRIEVAL,False,0,1,16171,13.981121276074845
phi4mini,Phi-4-mini-instruct,FRED_0015_8K,FRED_0015,8K,FRED,RETRIEVAL_CALCULATION,True,1,0,8189,12.999471572532684
phi4mini,Phi-4-mini-instruct,FRED_0113_8K,FRED_0113,8K,FRED,UNANSWERABLE,False,0,1,8186,12.998942951443086
phi4mini,Phi-4-mini-instruct,SEC_0033_16K,SEC_0033,16K,SEC,DIRECT_RETRIEVAL,True,1,0,16291,13.991787543926145
phi4mini,Phi-4-mini-instruct,FRED_0029_4K,FRED_0029,4K,FRED,DIRECT_RETRIEVAL,True,1,0,4207,12.03857610276879
phi4mini,Phi-4-mini-instruct,FRED_0025_8K,FRED_0025,8K,FRED,UNANSWERABLE,False,0,1,8157,12.993822936745916
phi4mini,Phi-4-mini-instruct,SEC_0061_4K,SEC_0061,4K,SEC,RETRIEVAL_CALCULATION,False,0,1,4221,12.04336911395769
phi4mini,Phi-4-mini-instruct,CT_0093_8K,CT_0093,8K,CLINICAL_TRIALS,ENTITY_UNIT_BINDING,True,1,0,8259,13.011751395316717
phi4mini,Phi-4-mini-instruct,FRED_0084_4K,FRED_0084,4K,FRED,TEMPORAL_VERSION,True,1,0,4185,12.031011907437707
phi4mini,Phi-4-mini-instruct,FRED_0009_16K,FRED_0009,16K,FRED,ENTITY_UNIT_BINDING,True,1,0,16082,13.973159214589735
phi4mini,Phi-4-mini-instruct,SEC_0026_4K,SEC_0026,4K,SEC,DIRECT_RETRIEVAL,True,1,0,4161,12.022714573044759
phi4mini,Phi-4-mini-instruct,CT_0031_4K,CT_0031,4K,CLINICAL_TRIALS,DIRECT_RETRIEVAL,True,1,0,4211,12.039947160169094
phi4mini,Phi-4-mini-instruct,SEC_0041_16K,SEC_0041,16K,SEC,DIRECT_RETRIEVAL,True,1,0,16184,13.982280604558284
phi4mini,Phi-4-mini-instruct,SEC_0010_8K,SEC_0010,8K,SEC,RETRIEVAL_CALCULATION,False,0,1,8281,13.015589280397393
phi4mini,Phi-4-mini-instruct,FRED_0098_4K,FRED_0098,4K,FRED,ENTITY_UNIT_BINDING,False,0,1,4193,12.03376711484639
phi4mini,Phi-4-mini-instruct,CT_0064_8K,CT_0064,8K,CLINICAL_TRIALS,RETRIEVAL_CALCULATION,False,0,1,8291,13.017330404240013
phi4mini,Phi-4-mini-instruct,CT_0022_16K,CT_0022,16K,CLINICAL_TRIALS,UNANSWERABLE,False,0,1,16314,13.993822936745916
phi4mini,Phi-4-mini-instruct,FDA_0065_4K,FDA_0065,4K,FDA,RETRIEVAL_CALCULATION,False,0,1,4183,12.030322282644034
phi4mini,Phi-4-mini-instruct,FRED_0117_16K,FRED_0117,16K,FRED,UNANSWERABLE,True,1,0,16182,13.98210230695676
phi4mini,Phi-4-mini-instruct,FRED_0060_8K,FRED_0060,8K,FRED,RETRIEVAL_CALCULATION,False,0,1,8220,13.004922678569045
phi4mini,Phi-4-mini-instruct,FRED_0077_8K,FRED_0077,8K,FRED,TEMPORAL_VERSION,False,0,1,8177,12.997355925020381
phi4mini,Phi-4-mini-instruct,CT_0059_4K,CT_0059,4K,CLINICAL_TRIALS,RETRIEVAL_CALCULATION,False,0,1,4208,12.038918989292302
phi4mini,Phi-4-mini-instruct,CT_0078_4K,CT_0078,4K,CLINICAL_TRIALS,ENTITY_UNIT_BINDING,True,1,0,4219,12.042685372219351
phi4mini,Phi-4-mini-instruct,FRED_0060_16K,FRED_0060,16K,FRED,RETRIEVAL_CALCULATION,False,0,1,16214,13.984952427732367
phi4mini,Phi-4-mini-instruct,SEC_0115_4K,SEC_0115,4K,SEC,UNANSWERABLE,True,1,0,4158,12.02167404285837
phi4mini,Phi-4-mini-instruct,SEC_0092_4K,SEC_0092,4K,SEC,TEMPORAL_VERSION,False,0,1,4103,12.002463438892535
phi4mini,Phi-4-mini-instruct,FDA_0106_4K,FDA_0106,4K,FDA,UNANSWERABLE,False,0,1,4144,12.016808287686555
phi4mini,Phi-4-mini-instruct,CT_0096_16K,CT_0096,16K,CLINICAL_TRIALS,ENTITY_UNIT_BINDING,True,1,0,16314,13.993822936745916
phi4mini,Phi-4-mini-instruct,FDA_0026_8K,FDA_0026,8K,FDA,DIRECT_RETRIEVAL,True,1,0,8162,12.9947069952581
phi4mini,Phi-4-mini-instruct,FDA_0015_8K,FDA_0015,8K,FDA,RETRIEVAL_CALCULATION,False,0,1,8137,12.99028127536032
phi4mini,Phi-4-mini-instruct,CT_0071_16K,CT_0071,16K,CLINICAL_TRIALS,RETRIEVAL_CALCULATION,False,0,1,16404,14.001760028327217
phi4mini,Phi-4-mini-instruct,FRED_0017_16K,FRED_0017,16K,FRED,TEMPORAL_VERSION,True,1,0,16115,13.976116567946907
phi4mini,Phi-4-mini-instruct,CT_0024_4K,CT_0024,4K,CLINICAL_TRIALS,UNANSWERABLE,False,0,1,4153,12.019938156424795
phi4mini,Phi-4-mini-instruct,CT_0101_8K,CT_0101,8K,CLINICAL_TRIALS,ENTITY_UNIT_BINDING,True,1,0,8283,13.015937673309226
phi4mini,Phi-4-mini-instruct,CT_0047_4K,CT_0047,4K,CLINICAL_TRIALS,RETRIEVAL_CALCULATION,True,1,0,4148,12.018200178813226
phi4mini,Phi-4-mini-instruct,CT_0093_4K,CT_0093,4K,CLINICAL_TRIALS,ENTITY_UNIT_BINDING,True,1,0,4245,12.0515488384404
phi4mini,Phi-4-mini-instruct,FDA_0056_8K,FDA_0056,8K,FDA,RETRIEVAL_CALCULATION,False,0,1,8188,12.99929538702341
phi4mini,Phi-4-mini-instruct,FRED_0059_8K,FRED_0059,8K,FRED,RETRIEVAL_CALCULATION,False,0,1,8180,12.997885127829111
phi4mini,Phi-4-mini-instruct,CT_0046_16K,CT_0046,16K,CLINICAL_TRIALS,RETRIEVAL_CALCULATION,False,0,1,16187,13.982548009651426
phi4mini,Phi-4-mini-instruct,CT_0061_16K,CT_0061,16K,CLINICAL_TRIALS,RETRIEVAL_CALCULATION,False,0,1,16257,13.988773432507186
phi4mini,Phi-4-mini-instruct,FRED_0077_4K,FRED_0077,4K,FRED,TEMPORAL_VERSION,True,1,0,4229,12.046100845028802
phi4mini,Phi-4-mini-instruct,FDA_0072_4K,FDA_0072,4K,FDA,RETRIEVAL_CALCULATION,False,0,1,4160,12.022367813028454
phi4mini,Phi-4-mini-instruct,FRED_0044_4K,FRED_0044,4K,FRED,DIRECT_RETRIEVAL,True,1,0,4177,12.028251428162793
phi4mini,Phi-4-mini-instruct,FDA_0084_8K,FDA_0084,8K,FDA,TEMPORAL_VERSION,True,1,0,8243,13.008953779526196
phi4mini,Phi-4-mini-instruct,FDA_0042_16K,FDA_0042,16K,FDA,DIRECT_RETRIEVAL,True,1,0,16131,13.977548256996624
phi4mini,Phi-4-mini-instruct,CT_0036_8K,CT_0036,8K,CLINICAL_TRIALS,DIRECT_RETRIEVAL,True,1,0,8280,13.015415052386688
phi4mini,Phi-4-mini-instruct,FRED_0077_16K,FRED_0077,16K,FRED,TEMPORAL_VERSION,False,0,1,16221,13.985575141803155
phi4mini,Phi-4-mini-instruct,FDA_0123_8K,FDA_0123,8K,FDA,UNANSWERABLE,False,0,1,8180,12.997885127829111
phi4mini,Phi-4-mini-instruct,FDA_0020_4K,FDA_0020,4K,FDA,TEMPORAL_VERSION,True,1,0,4183,12.030322282644034
phi4mini,Phi-4-mini-instruct,CT_0075_4K,CT_0075,4K,CLINICAL_TRIALS,ENTITY_UNIT_BINDING,True,1,0,4186,12.031356596255709
phi4mini,Phi-4-mini-instruct,SEC_0059_4K,SEC_0059,4K,SEC,RETRIEVAL_CALCULATION,False,0,1,4255,12.054943416573325
phi4mini,Phi-4-mini-instruct,SEC_0090_4K,SEC_0090,4K,SEC,TEMPORAL_VERSION,False,0,1,4280,12.06339508128851
phi4mini,Phi-4-mini-instruct,SEC_0011_16K,SEC_0011,16K,SEC,RETRIEVAL_CALCULATION,False,0,1,16218,13.985308297255852
phi4mini,Phi-4-mini-instruct,SEC_0075_4K,SEC_0075,4K,SEC,RETRIEVAL_CALCULATION,False,0,1,4214,12.040974598817305
phi4mini,Phi-4-mini-instruct,FDA_0002_4K,FDA_0002,4K,FDA,DIRECT_RETRIEVAL,True,1,0,4201,12.036517070486518
phi4mini,Phi-4-mini-instruct,SEC_0085_4K,SEC_0085,4K,SEC,TEMPORAL_VERSION,True,1,0,4197,12.03514274788591
phi4mini,Phi-4-mini-instruct,FRED_0099_16K,FRED_0099,16K,FRED,ENTITY_UNIT_BINDING,True,1,0,16140,13.978352958165143
phi4mini,Phi-4-mini-instruct,FDA_0031_4K,FDA_0031,4K,FDA,DIRECT_RETRIEVAL,True,1,0,4136,12.014020470314934
phi4mini,Phi-4-mini-instruct,SEC_0003_16K,SEC_0003,16K,SEC,DIRECT_RETRIEVAL,True,1,0,16301,13.99267285018913
phi4mini,Phi-4-mini-instruct,FDA_0025_16K,FDA_0025,16K,FDA,UNANSWERABLE,False,0,1,16161,13.980228850560252
phi4mini,Phi-4-mini-instruct,SEC_0005_4K,SEC_0005,4K,SEC,DIRECT_RETRIEVAL,True,1,0,4149,12.01854794187165
phi4mini,Phi-4-mini-instruct,FDA_0020_8K,FDA_0020,8K,FDA,TEMPORAL_VERSION,False,0,1,8158,12.993999791792524
phi4mini,Phi-4-mini-instruct,FDA_0007_4K,FDA_0007,4K,FDA,ENTITY_UNIT_BINDING,False,0,1,4172,12.026523442519766
phi4mini,Phi-4-mini-instruct,CT_0007_4K,CT_0007,4K,CLINICAL_TRIALS,ENTITY_UNIT_BINDING,False,0,1,4193,12.03376711484639
phi4mini,Phi-4-mini-instruct,CT_0044_16K,CT_0044,16K,CLINICAL_TRIALS,DIRECT_RETRIEVAL,True,1,0,16280,13.99081307915361
phi4mini,Phi-4-mini-instruct,SEC_0027_16K,SEC_0027,16K,SEC,DIRECT_RETRIEVAL,True,1,0,16219,13.985397250922427
phi4mini,Phi-4-mini-instruct,FRED_0057_4K,FRED_0057,4K,FRED,RETRIEVAL_CALCULATION,True,1,0,4244,12.051208940914766
phi4mini,Phi-4-mini-instruct,FRED_0066_16K,FRED_0066,16K,FRED,RETRIEVAL_CALCULATION,False,0,1,16149,13.979157210740587
phi4mini,Phi-4-mini-instruct,SEC_0044_4K,SEC_0044,4K,SEC,DIRECT_RETRIEVAL,True,1,0,4139,12.015066533230291
phi4mini,Phi-4-mini-instruct,FRED_0013_8K,FRED_0013,8K,FRED,RETRIEVAL_CALCULATION,False,0,1,8169,12.995943767764953
phi4mini,Phi-4-mini-instruct,FRED_0115_16K,FRED_0115,16K,FRED,UNANSWERABLE,False,0,1,16145,13.978799820501344
phi4mini,Phi-4-mini-instruct,SEC_0078_4K,SEC_0078,4K,SEC,TEMPORAL_VERSION,True,1,0,4186,12.031356596255709
phi4mini,Phi-4-mini-instruct,SEC_0066_4K,SEC_0066,4K,SEC,RETRIEVAL_CALCULATION,False,0,1,4227,12.045418397030792
phi4mini,Phi-4-mini-instruct,FDA_0005_16K,FDA_0005,16K,FDA,DIRECT_RETRIEVAL,True,1,0,16170,13.981032058361023
phi4mini,Phi-4-mini-instruct,FDA_0049_4K,FDA_0049,4K,FDA,RETRIEVAL_CALCULATION,False,0,1,4168,12.025139562278508
phi4mini,Phi-4-mini-instruct,FDA_0055_16K,FDA_0055,16K,FDA,RETRIEVAL_CALCULATION,True,1,0,16134,13.977816540594029
phi4mini,Phi-4-mini-instruct,CT_0061_8K,CT_0061,8K,CLINICAL_TRIALS,RETRIEVAL_CALCULATION,False,0,1,8180,12.997885127829111
phi4mini,Phi-4-mini-instruct,FRED_0059_4K,FRED_0059,4K,FRED,RETRIEVAL_CALCULATION,False,0,1,4237,12.04882741336389
phi4mini,Phi-4-mini-instruct,CT_0045_8K,CT_0045,8K,CLINICAL_TRIALS,DIRECT_RETRIEVAL,True,1,0,8270,13.013671614058637
phi4mini,Phi-4-mini-instruct,FDA_0121_4K,FDA_0121,4K,FDA,UNANSWERABLE,False,0,1,4169,12.025485656808389
phi4mini,Phi-4-mini-instruct,SEC_0012_16K,SEC_0012,16K,SEC,RETRIEVAL_CALCULATION,False,0,1,16222,13.985664079018662
phi4mini,Phi-4-mini-instruct,SEC_0050_8K,SEC_0050,8K,SEC,RETRIEVAL_CALCULATION,False,0,1,8190,12.99964773652837
phi4mini,Phi-4-mini-instruct,CT_0075_8K,CT_0075,8K,CLINICAL_TRIALS,ENTITY_UNIT_BINDING,True,1,0,8217,13.004396051426534
phi4mini,Phi-4-mini-instruct,FDA_0015_4K,FDA_0015,4K,FDA,RETRIEVAL_CALCULATION,False,0,1,4204,12.037546953962178
phi4mini,Phi-4-mini-instruct,FDA_0050_8K,FDA_0050,8K,FDA,RETRIEVAL_CALCULATION,True,1,0,8140,12.99081307915361
phi4mini,Phi-4-mini-instruct,FDA_0071_8K,FDA_0071,8K,FDA,RETRIEVAL_CALCULATION,False,0,1,8249,13.010003521295205
phi4mini,Phi-4-mini-instruct,FDA_0056_4K,FDA_0056,4K,FDA,RETRIEVAL_CALCULATION,False,0,1,4127,12.010877723007034
phi4mini,Phi-4-mini-instruct,FRED_0124_8K,FRED_0124,8K,FRED,UNANSWERABLE,True,1,0,8174,12.996826528020659
phi4mini,Phi-4-mini-instruct,CT_0124_4K,CT_0124,4K,CLINICAL_TRIALS,UNANSWERABLE,False,0,1,4158,12.02167404285837
phi4mini,Phi-4-mini-instruct,FRED_0047_8K,FRED_0047,8K,FRED,RETRIEVAL_CALCULATION,False,0,1,8232,13.007027266893969
phi4mini,Phi-4-mini-instruct,CT_0108_16K,CT_0108,16K,CLINICAL_TRIALS,UNANSWERABLE,False,0,1,16263,13.989305792306912
phi4mini,Phi-4-mini-instruct,FDA_0084_4K,FDA_0084,4K,FDA,TEMPORAL_VERSION,True,1,0,4178,12.028596777067108
phi4mini,Phi-4-mini-instruct,FRED_0049_8K,FRED_0049,8K,FRED,RETRIEVAL_CALCULATION,False,0,1,8231,13.006852001748774
phi4mini,Phi-4-mini-instruct,FRED_0024_16K,FRED_0024,16K,FRED,UNANSWERABLE,True,1,0,16154,13.97960382407446
phi4mini,Phi-4-mini-instruct,FRED_0044_8K,FRED_0044,8K,FRED,DIRECT_RETRIEVAL,False,0,1,8187,12.999119179995297
phi4mini,Phi-4-mini-instruct,SEC_0071_16K,SEC_0071,16K,SEC,RETRIEVAL_CALCULATION,False,0,1,16252,13.988329649231089
phi4mini,Phi-4-mini-instruct,FDA_0011_4K,FDA_0011,4K,FDA,RETRIEVAL_CALCULATION,False,0,1,4160,12.022367813028454
phi4mini,Phi-4-mini-instruct,FRED_0061_8K,FRED_0061,8K,FRED,RETRIEVAL_CALCULATION,False,0,1,8189,12.999471572532684
phi4mini,Phi-4-mini-instruct,FRED_0109_16K,FRED_0109,16K,FRED,UNANSWERABLE,True,1,0,16174,13.981388896117206
phi4mini,Phi-4-mini-instruct,SEC_0090_8K,SEC_0090,8K,SEC,TEMPORAL_VERSION,False,0,1,8298,13.01854794187165
phi4mini,Phi-4-mini-instruct,SEC_0041_8K,SEC_0041,8K,SEC,DIRECT_RETRIEVAL,True,1,0,8145,12.99169898341288
phi4mini,Phi-4-mini-instruct,FRED_0050_4K,FRED_0050,4K,FRED,RETRIEVAL_CALCULATION,True,1,0,4221,12.04336911395769
phi4mini,Phi-4-mini-instruct,FDA_0100_4K,FDA_0100,4K,FDA,ENTITY_UNIT_BINDING,True,1,0,4158,12.02167404285837
phi4mini,Phi-4-mini-instruct,SEC_0098_8K,SEC_0098,8K,SEC,ENTITY_UNIT_BINDING,True,1,0,8152,12.992938336165814
phi4mini,Phi-4-mini-instruct,CT_0085_16K,CT_0085,16K,CLINICAL_TRIALS,ENTITY_UNIT_BINDING,True,1,0,16315,13.993911366979226
phi4mini,Phi-4-mini-instruct,CT_0110_16K,CT_0110,16K,CLINICAL_TRIALS,UNANSWERABLE,False,0,1,16224,13.985841937003341
phi4mini,Phi-4-mini-instruct,FDA_0115_4K,FDA_0115,4K,FDA,UNANSWERABLE,False,0,1,4157,12.021327032624372
phi4mini,Phi-4-mini-instruct,FDA_0072_16K,FDA_0072,16K,FDA,RETRIEVAL_CALCULATION,False,0,1,16149,13.979157210740587
phi4mini,Phi-4-mini-instruct,FRED_0037_4K,FRED_0037,4K,FRED,DIRECT_RETRIEVAL,True,1,0,4231,12.04678297035635
phi4mini,Phi-4-mini-instruct,FRED_0102_4K,FRED_0102,4K,FRED,ENTITY_UNIT_BINDING,True,1,0,4155,12.020632761657707
phi4mini,Phi-4-mini-instruct,FRED_0053_8K,FRED_0053,8K,FRED,RETRIEVAL_CALCULATION,True,1,0,8208,13.002815015607053
phi4mini,Phi-4-mini-instruct,FDA_0096_4K,FDA_0096,4K,FDA,ENTITY_UNIT_BINDING,True,1,0,4138,12.014717929860009
phi4mini,Phi-4-mini-instruct,FRED_0036_16K,FRED_0036,16K,FRED,DIRECT_RETRIEVAL,False,0,1,16168,13.980853606379736
phi4mini,Phi-4-mini-instruct,FRED_0074_8K,FRED_0074,8K,FRED,TEMPORAL_VERSION,True,1,0,8211,13.003342220086113
phi4mini,Phi-4-mini-instruct,CT_0099_8K,CT_0099,8K,CLINICAL_TRIALS,ENTITY_UNIT_BINDING,False,0,1,8336,13.025139562278508
phi4mini,Phi-4-mini-instruct,FRED_0024_4K,FRED_0024,4K,FRED,UNANSWERABLE,False,0,1,4195,12.034455095327186
phi4mini,Phi-4-mini-instruct,CT_0090_8K,CT_0090,8K,CLINICAL_TRIALS,ENTITY_UNIT_BINDING,True,1,0,8321,13.022541203454827
phi4mini,Phi-4-mini-instruct,CT_0117_8K,CT_0117,8K,CLINICAL_TRIALS,UNANSWERABLE,False,0,1,8262,13.01227534485612
phi4mini,Phi-4-mini-instruct,FDA_0035_16K,FDA_0035,16K,FDA,DIRECT_RETRIEVAL,True,1,0,16230,13.986375379435334
phi4mini,Phi-4-mini-instruct,SEC_0088_16K,SEC_0088,16K,SEC,TEMPORAL_VERSION,False,0,1,16343,13.99638521541103
phi4mini,Phi-4-mini-instruct,CT_0009_4K,CT_0009,4K,CLINICAL_TRIALS,ENTITY_UNIT_BINDING,True,1,0,4272,12.060695931687555
phi4mini,Phi-4-mini-instruct,FRED_0025_16K,FRED_0025,16K,FRED,UNANSWERABLE,True,1,0,16138,13.978174174468169
phi4mini,Phi-4-mini-instruct,CT_0013_8K,CT_0013,8K,CLINICAL_TRIALS,RETRIEVAL_CALCULATION,False,0,1,8364,13.029977346589579
phi4mini,Phi-4-mini-instruct,FRED_0079_8K,FRED_0079,8K,FRED,TEMPORAL_VERSION,True,1,0,8130,12.98903963696239
phi4mini,Phi-4-mini-instruct,FDA_0041_16K,FDA_0041,16K,FDA,DIRECT_RETRIEVAL,True,1,0,16200,13.98370619265935
phi4mini,Phi-4-mini-instruct,SEC_0028_8K,SEC_0028,8K,SEC,DIRECT_RETRIEVAL,False,0,1,8163,12.994883741970835
phi4mini,Phi-4-mini-instruct,SEC_0097_4K,SEC_0097,4K,SEC,ENTITY_UNIT_BINDING,True,1,0,4158,12.02167404285837
phi4mini,Phi-4-mini-instruct,FDA_0046_16K,FDA_0046,16K,FDA,RETRIEVAL_CALCULATION,False,0,1,16139,13.978263569086092
phi4mini,Phi-4-mini-instruct,FRED_0037_16K,FRED_0037,16K,FRED,DIRECT_RETRIEVAL,True,1,0,16230,13.986375379435334
phi4mini,Phi-4-mini-instruct,CT_0059_8K,CT_0059,8K,CLINICAL_TRIALS,RETRIEVAL_CALCULATION,False,0,1,8312,13.020979938904212
phi4mini,Phi-4-mini-instruct,CT_0040_8K,CT_0040,8K,CLINICAL_TRIALS,DIRECT_RETRIEVAL,True,1,0,8264,13.01262453886506
phi4mini,Phi-4-mini-instruct,FRED_0125_16K,FRED_0125,16K,FRED,UNANSWERABLE,False,0,1,16191,13.982904472693795
phi4mini,Phi-4-mini-instruct,FDA_0003_16K,FDA_0003,16K,FDA,DIRECT_RETRIEVAL,True,1,0,16203,13.983973333673147
phi4mini,Phi-4-mini-instruct,CT_0042_8K,CT_0042,8K,CLINICAL_TRIALS,DIRECT_RETRIEVAL,True,1,0,8207,13.002639237959455
phi4mini,Phi-4-mini-instruct,FDA_0119_4K,FDA_0119,4K,FDA,UNANSWERABLE,False,0,1,4162,12.023061249735335
phi4mini,Phi-4-mini-instruct,SEC_0001_4K,SEC_0001,4K,SEC,DIRECT_RETRIEVAL,True,1,0,4242,12.050528905530555
phi4mini,Phi-4-mini-instruct,SEC_0011_8K,SEC_0011,8K,SEC,RETRIEVAL_CALCULATION,False,0,1,8190,12.99964773652837
phi4mini,Phi-4-mini-instruct,CT_0119_4K,CT_0119,4K,CLINICAL_TRIALS,UNANSWERABLE,False,0,1,4160,12.022367813028454
phi4mini,Phi-4-mini-instruct,SEC_0024_4K,SEC_0024,4K,SEC,UNANSWERABLE,False,0,1,4210,12.039604517953759
phi4mini,Phi-4-mini-instruct,FRED_0017_8K,FRED_0017,8K,FRED,TEMPORAL_VERSION,True,1,0,8132,12.989394499844732
phi4mini,Phi-4-mini-instruct,CT_0080_16K,CT_0080,16K,CLINICAL_TRIALS,ENTITY_UNIT_BINDING,False,0,1,16206,13.984240425230123
phi4mini,Phi-4-mini-instruct,SEC_0034_4K,SEC_0034,4K,SEC,DIRECT_RETRIEVAL,True,1,0,4172,12.026523442519766
phi4mini,Phi-4-mini-instruct,SEC_0048_8K,SEC_0048,8K,SEC,RETRIEVAL_CALCULATION,False,0,1,8215,13.004044859837437
phi4mini,Phi-4-mini-instruct,CT_0050_4K,CT_0050,4K,CLINICAL_TRIALS,RETRIEVAL_CALCULATION,False,0,1,4157,12.021327032624372
phi4mini,Phi-4-mini-instruct,SEC_0049_16K,SEC_0049,16K,SEC,RETRIEVAL_CALCULATION,False,0,1,16231,13.986464267334126
phi4mini,Phi-4-mini-instruct,CT_0052_8K,CT_0052,8K,CLINICAL_TRIALS,RETRIEVAL_CALCULATION,False,0,1,8189,12.999471572532684
phi4mini,Phi-4-mini-instruct,FRED_0100_16K,FRED_0100,16K,FRED,ENTITY_UNIT_BINDING,True,1,0,16159,13.980050299193577
phi4mini,Phi-4-mini-instruct,FDA_0073_4K,FDA_0073,4K,FDA,RETRIEVAL_CALCULATION,True,1,0,4186,12.031356596255709
phi4mini,Phi-4-mini-instruct,FRED_0072_4K,FRED_0072,4K,FRED,RETRIEVAL_CALCULATION,False,0,1,4220,12.043027283594547
phi4mini,Phi-4-mini-instruct,FRED_0070_8K,FRED_0070,8K,FRED,RETRIEVAL_CALCULATION,False,0,1,8234,13.007377733321269
phi4mini,Phi-4-mini-instruct,FRED_0088_8K,FRED_0088,8K,FRED,TEMPORAL_VERSION,False,0,1,8152,12.992938336165814
phi4mini,Phi-4-mini-instruct,SEC_0115_8K,SEC_0115,8K,SEC,UNANSWERABLE,True,1,0,8156,12.993646060016596
phi4mini,Phi-4-mini-instruct,FDA_0067_16K,FDA_0067,16K,FDA,RETRIEVAL_CALCULATION,False,0,1,16193,13.983082671192154
phi4mini,Phi-4-mini-instruct,FDA_0073_8K,FDA_0073,8K,FDA,RETRIEVAL_CALCULATION,True,1,0,8163,12.994883741970835
phi4mini,Phi-4-mini-instruct,FDA_0081_8K,FDA_0081,8K,FDA,TEMPORAL_VERSION,True,1,0,8259,13.011751395316717
phi4mini,Phi-4-mini-instruct,CT_0120_16K,CT_0120,16K,CLINICAL_TRIALS,UNANSWERABLE,False,0,1,16327,13.994972107207802
phi4mini,Phi-4-mini-instruct,CT_0038_4K,CT_0038,4K,CLINICAL_TRIALS,DIRECT_RETRIEVAL,True,1,0,4209,12.039261794341055
phi4mini,Phi-4-mini-instruct,FRED_0099_4K,FRED_0099,4K,FRED,ENTITY_UNIT_BINDING,True,1,0,4127,12.010877723007034
phi4mini,Phi-4-mini-instruct,FDA_0048_4K,FDA_0048,4K,FDA,RETRIEVAL_CALCULATION,True,1,0,4135,12.013671614058637
phi4mini,Phi-4-mini-instruct,CT_0112_4K,CT_0112,4K,CLINICAL_TRIALS,UNANSWERABLE,False,0,1,4174,12.027214885159834
phi4mini,Phi-4-mini-instruct,FRED_0089_4K,FRED_0089,4K,FRED,TEMPORAL_VERSION,True,1,0,4217,12.042001306279133
phi4mini,Phi-4-mini-instruct,FDA_0018_8K,FDA_0018,8K,FDA,TEMPORAL_VERSION,True,1,0,8197,13.00088028255882
phi4mini,Phi-4-mini-instruct,FRED_0086_4K,FRED_0086,4K,FRED,TEMPORAL_VERSION,True,1,0,4200,12.036173612553485
phi4mini,Phi-4-mini-instruct,SEC_0061_16K,SEC_0061,16K,SEC,RETRIEVAL_CALCULATION,False,0,1,16161,13.980228850560252
phi4mini,Phi-4-mini-instruct,FRED_0052_8K,FRED_0052,8K,FRED,RETRIEVAL_CALCULATION,True,1,0,8196,13.000704269011246
phi4mini,Phi-4-mini-instruct,SEC_0101_4K,SEC_0101,4K,SEC,ENTITY_UNIT_BINDING,True,1,0,4133,12.01297364837454
phi4mini,Phi-4-mini-instruct,CT_0033_4K,CT_0033,4K,CLINICAL_TRIALS,DIRECT_RETRIEVAL,True,1,0,4214,12.040974598817305
phi4mini,Phi-4-mini-instruct,FRED_0011_4K,FRED_0011,4K,FRED,RETRIEVAL_CALCULATION,False,0,1,4252,12.053925881531105
phi4mini,Phi-4-mini-instruct,FDA_0073_16K,FDA_0073,16K,FDA,RETRIEVAL_CALCULATION,True,1,0,16195,13.98326084768255
phi4mini,Phi-4-mini-instruct,SEC_0001_16K,SEC_0001,16K,SEC,DIRECT_RETRIEVAL,True,1,0,16264,13.989394499844732
phi4mini,Phi-4-mini-instruct,FDA_0085_4K,FDA_0085,4K,FDA,TEMPORAL_VERSION,True,1,0,4201,12.036517070486518
phi4mini,Phi-4-mini-instruct,CT_0114_8K,CT_0114,8K,CLINICAL_TRIALS,UNANSWERABLE,False,0,1,8237,13.007903273382047
phi4mini,Phi-4-mini-instruct,SEC_0122_4K,SEC_0122,4K,SEC,UNANSWERABLE,False,0,1,4193,12.03376711484639
phi4mini,Phi-4-mini-instruct,CT_0013_16K,CT_0013,16K,CLINICAL_TRIALS,RETRIEVAL_CALCULATION,False,0,1,16464,14.007027266893969
phi4mini,Phi-4-mini-instruct,SEC_0022_16K,SEC_0022,16K,SEC,UNANSWERABLE,True,1,0,16196,13.983349927676457
phi4mini,Phi-4-mini-instruct,FDA_0065_16K,FDA_0065,16K,FDA,RETRIEVAL_CALCULATION,True,1,0,16203,13.983973333673147
phi4mini,Phi-4-mini-instruct,SEC_0047_8K,SEC_0047,8K,SEC,RETRIEVAL_CALCULATION,False,0,1,8265,13.012799104179676
phi4mini,Phi-4-mini-instruct,CT_0016_4K,CT_0016,4K,CLINICAL_TRIALS,RETRIEVAL_CALCULATION,False,0,1,4198,12.035486451292154
phi4mini,Phi-4-mini-instruct,SEC_0097_16K,SEC_0097,16K,SEC,ENTITY_UNIT_BINDING,True,1,0,16279,13.990724458800322
phi4mini,Phi-4-mini-instruct,FRED_0041_8K,FRED_0041,8K,FRED,DIRECT_RETRIEVAL,True,1,0,8161,12.99453022688921
phi4mini,Phi-4-mini-instruct,FRED_0110_16K,FRED_0110,16K,FRED,UNANSWERABLE,True,1,0,16179,13.981834819231716
phi4mini,Phi-4-mini-instruct,CT_0037_16K,CT_0037,16K,CLINICAL_TRIALS,DIRECT_RETRIEVAL,True,1,0,16358,13.99770874846085
phi4mini,Phi-4-mini-instruct,FDA_0125_16K,FDA_0125,16K,FDA,UNANSWERABLE,False,0,1,16174,13.981388896117206
phi4mini,Phi-4-mini-instruct,CT_0052_16K,CT_0052,16K,CLINICAL_TRIALS,RETRIEVAL_CALCULATION,False,0,1,16212,13.984774460046841
phi4mini,Phi-4-mini-instruct,SEC_0052_8K,SEC_0052,8K,SEC,RETRIEVAL_CALCULATION,False,0,1,8292,13.017504401109415
phi4mini,Phi-4-mini-instruct,CT_0098_4K,CT_0098,4K,CLINICAL_TRIALS,ENTITY_UNIT_BINDING,False,0,1,4254,12.054604317960672
phi4mini,Phi-4-mini-instruct,FRED_0123_16K,FRED_0123,16K,FRED,UNANSWERABLE,False,0,1,16163,13.98040737983172
phi4mini,Phi-4-mini-instruct,FDA_0023_4K,FDA_0023,4K,FDA,UNANSWERABLE,False,0,1,4157,12.021327032624372
phi4mini,Phi-4-mini-instruct,FRED_0064_16K,FRED_0064,16K,FRED,RETRIEVAL_CALCULATION,False,0,1,16170,13.981032058361023
phi4mini,Phi-4-mini-instruct,CT_0043_4K,CT_0043,4K,CLINICAL_TRIALS,DIRECT_RETRIEVAL,True,1,0,4210,12.039604517953759
phi4mini,Phi-4-mini-instruct,FRED_0010_16K,FRED_0010,16K,FRED,RETRIEVAL_CALCULATION,False,0,1,16202,13.983884292164655
phi4mini,Phi-4-mini-instruct,FDA_0120_4K,FDA_0120,4K,FDA,UNANSWERABLE,False,0,1,4167,12.024793384702548
phi4mini,Phi-4-mini-instruct,CT_0039_4K,CT_0039,4K,CLINICAL_TRIALS,DIRECT_RETRIEVAL,True,1,0,4174,12.027214885159834
phi4mini,Phi-4-mini-instruct,SEC_0079_4K,SEC_0079,4K,SEC,TEMPORAL_VERSION,True,1,0,4210,12.039604517953759
phi4mini,Phi-4-mini-instruct,SEC_0089_8K,SEC_0089,8K,SEC,TEMPORAL_VERSION,True,1,0,8303,13.019416982944184
phi4mini,Phi-4-mini-instruct,FRED_0017_4K,FRED_0017,4K,FRED,TEMPORAL_VERSION,True,1,0,4196,12.034798962577268
phi4mini,Phi-4-mini-instruct,CT_0077_16K,CT_0077,16K,CLINICAL_TRIALS,ENTITY_UNIT_BINDING,True,1,0,16311,13.993557613519258
phi4mini,Phi-4-mini-instruct,FDA_0037_16K,FDA_0037,16K,FDA,DIRECT_RETRIEVAL,True,1,0,16155,13.979693130152725
phi4mini,Phi-4-mini-instruct,FRED_0010_8K,FRED_0010,8K,FRED,RETRIEVAL_CALCULATION,False,0,1,8226,13.005975356500382
phi4mini,Phi-4-mini-instruct,FDA_0016_8K,FDA_0016,8K,FDA,RETRIEVAL_CALCULATION,False,0,1,8203,13.001935913123642
phi4mini,Phi-4-mini-instruct,SEC_0042_8K,SEC_0042,8K,SEC,DIRECT_RETRIEVAL,True,1,0,8126,12.988329649231089
phi4mini,Phi-4-mini-instruct,CT_0081_8K,CT_0081,8K,CLINICAL_TRIALS,ENTITY_UNIT_BINDING,True,1,0,8272,13.014020470314934
phi4mini,Phi-4-mini-instruct,FDA_0063_4K,FDA_0063,4K,FDA,RETRIEVAL_CALCULATION,False,0,1,4227,12.045418397030792
phi4mini,Phi-4-mini-instruct,SEC_0004_8K,SEC_0004,8K,SEC,DIRECT_RETRIEVAL,True,1,0,8218,13.004571615167656
phi4mini,Phi-4-mini-instruct,CT_0092_4K,CT_0092,4K,CLINICAL_TRIALS,ENTITY_UNIT_BINDING,False,0,1,4270,12.060020354507852
phi4mini,Phi-4-mini-instruct,FDA_0066_4K,FDA_0066,4K,FDA,RETRIEVAL_CALCULATION,False,0,1,4226,12.04507705193494
phi4mini,Phi-4-mini-instruct,FDA_0089_8K,FDA_0089,8K,FDA,TEMPORAL_VERSION,True,1,0,8246,13.009478745888066
phi4mini,Phi-4-mini-instruct,FDA_0109_16K,FDA_0109,16K,FDA,UNANSWERABLE,False,0,1,16192,13.98299357469431
phi4mini,Phi-4-mini-instruct,FDA_0124_16K,FDA_0124,16K,FDA,UNANSWERABLE,False,0,1,16146,13.978889176361573
phi4mini,Phi-4-mini-instruct,FRED_0119_4K,FRED_0119,4K,FRED,UNANSWERABLE,True,1,0,4199,12.035830072835017
phi4mini,Phi-4-mini-instruct,SEC_0114_16K,SEC_0114,16K,SEC,UNANSWERABLE,True,1,0,16294,13.992053192852639
phi4mini,Phi-4-mini-instruct,CT_0059_16K,CT_0059,16K,CLINICAL_TRIALS,RETRIEVAL_CALCULATION,False,0,1,16337,13.99585546202409
phi4mini,Phi-4-mini-instruct,CT_0017_16K,CT_0017,16K,CLINICAL_TRIALS,ENTITY_UNIT_BINDING,False,0,1,16286,13.991344686986519
phi4mini,Phi-4-mini-instruct,SEC_0057_4K,SEC_0057,4K,SEC,RETRIEVAL_CALCULATION,False,0,1,4270,12.060020354507852
phi4mini,Phi-4-mini-instruct,FRED_0032_4K,FRED_0032,4K,FRED,DIRECT_RETRIEVAL,True,1,0,4200,12.036173612553485
phi4mini,Phi-4-mini-instruct,FDA_0116_8K,FDA_0116,8K,FDA,UNANSWERABLE,False,0,1,8201,13.00158412208535
phi4mini,Phi-4-mini-instruct,FRED_0008_16K,FRED_0008,16K,FRED,ENTITY_UNIT_BINDING,True,1,0,16135,13.977905957374304
phi4mini,Phi-4-mini-instruct,FRED_0075_16K,FRED_0075,16K,FRED,TEMPORAL_VERSION,False,0,1,16156,13.979782430703086
phi4mini,Phi-4-mini-instruct,FRED_0002_16K,FRED_0002,16K,FRED,DIRECT_RETRIEVAL,False,0,1,16114,13.976027040189834
phi4mini,Phi-4-mini-instruct,FRED_0021_16K,FRED_0021,16K,FRED,UNANSWERABLE,False,0,1,16150,13.97924654446865
phi4mini,Phi-4-mini-instruct,FDA_0037_8K,FDA_0037,8K,FDA,DIRECT_RETRIEVAL,True,1,0,8097,12.983171762188007
phi4mini,Phi-4-mini-instruct,FDA_0060_16K,FDA_0060,16K,FDA,RETRIEVAL_CALCULATION,False,0,1,16205,13.984151400205203
phi4mini,Phi-4-mini-instruct,CT_0046_8K,CT_0046,8K,CLINICAL_TRIALS,RETRIEVAL_CALCULATION,False,0,1,8170,12.996120363033047
phi4mini,Phi-4-mini-instruct,CT_0110_8K,CT_0110,8K,CLINICAL_TRIALS,UNANSWERABLE,False,0,1,8231,13.006852001748774
phi4mini,Phi-4-mini-instruct,FRED_0070_16K,FRED_0070,16K,FRED,RETRIEVAL_CALCULATION,False,0,1,16190,13.982815365189929
phi4mini,Phi-4-mini-instruct,FRED_0062_16K,FRED_0062,16K,FRED,RETRIEVAL_CALCULATION,False,0,1,16219,13.985397250922427
phi4mini,Phi-4-mini-instruct,CT_0030_8K,CT_0030,8K,CLINICAL_TRIALS,DIRECT_RETRIEVAL,True,1,0,8236,13.007728114632254
phi4mini,Phi-4-mini-instruct,CT_0070_8K,CT_0070,8K,CLINICAL_TRIALS,RETRIEVAL_CALCULATION,False,0,1,8251,13.010353265549254
phi4mini,Phi-4-mini-instruct,CT_0067_16K,CT_0067,16K,CLINICAL_TRIALS,RETRIEVAL_CALCULATION,False,0,1,16373,13.999031068410032
phi4mini,Phi-4-mini-instruct,FDA_0060_4K,FDA_0060,4K,FDA,RETRIEVAL_CALCULATION,False,0,1,4136,12.014020470314934
phi4mini,Phi-4-mini-instruct,SEC_0080_4K,SEC_0080,4K,SEC,TEMPORAL_VERSION,True,1,0,4198,12.035486451292154
phi4mini,Phi-4-mini-instruct,CT_0067_4K,CT_0067,4K,CLINICAL_TRIALS,RETRIEVAL_CALCULATION,False,0,1,4238,12.04916787237217
phi4mini,Phi-4-mini-instruct,FDA_0110_8K,FDA_0110,8K,FDA,UNANSWERABLE,False,0,1,8153,12.993115299679177
phi4mini,Phi-4-mini-instruct,FDA_0023_8K,FDA_0023,8K,FDA,UNANSWERABLE,False,0,1,8204,13.002111776479852
phi4mini,Phi-4-mini-instruct,FDA_0044_16K,FDA_0044,16K,FDA,DIRECT_RETRIEVAL,True,1,0,16122,13.976743106734322
phi4mini,Phi-4-mini-instruct,FRED_0038_16K,FRED_0038,16K,FRED,DIRECT_RETRIEVAL,True,1,0,16132,13.977637690405876
phi4mini,Phi-4-mini-instruct,FRED_0019_16K,FRED_0019,16K,FRED,TEMPORAL_VERSION,False,0,1,16162,13.980318117957545
phi4mini,Phi-4-mini-instruct,FDA_0088_4K,FDA_0088,4K,FDA,TEMPORAL_VERSION,True,1,0,4164,12.023754353299417
phi4mini,Phi-4-mini-instruct,SEC_0028_4K,SEC_0028,4K,SEC,DIRECT_RETRIEVAL,False,0,1,4170,12.025831668332026
phi4mini,Phi-4-mini-instruct,FDA_0011_16K,FDA_0011,16K,FDA,RETRIEVAL_CALCULATION,False,0,1,16168,13.980853606379736
phi4mini,Phi-4-mini-instruct,SEC_0045_8K,SEC_0045,8K,SEC,DIRECT_RETRIEVAL,True,1,0,8199,13.001232245244363
phi4mini,Phi-4-mini-instruct,SEC_0094_16K,SEC_0094,16K,SEC,ENTITY_UNIT_BINDING,False,0,1,16108,13.975489756945754
phi4mini,Phi-4-mini-instruct,SEC_0103_8K,SEC_0103,8K,SEC,ENTITY_UNIT_BINDING,True,1,0,8230,13.006676715308988
phi4mini,Phi-4-mini-instruct,FRED_0020_16K,FRED_0020,16K,FRED,TEMPORAL_VERSION,False,0,1,16148,13.97906787148051
phi4mini,Phi-4-mini-instruct,CT_0098_16K,CT_0098,16K,CLINICAL_TRIALS,ENTITY_UNIT_BINDING,False,0,1,16337,13.99585546202409
phi4mini,Phi-4-mini-instruct,CT_0074_16K,CT_0074,16K,CLINICAL_TRIALS,ENTITY_UNIT_BINDING,False,0,1,16331,13.995325514041804
phi4mini,Phi-4-mini-instruct,CT_0010_8K,CT_0010,8K,CLINICAL_TRIALS,RETRIEVAL_CALCULATION,True,1,0,8160,12.994353436858859
phi4mini,Phi-4-mini-instruct,SEC_0079_8K,SEC_0079,8K,SEC,TEMPORAL_VERSION,True,1,0,8158,12.993999791792524
phi4mini,Phi-4-mini-instruct,CT_0034_8K,CT_0034,8K,CLINICAL_TRIALS,DIRECT_RETRIEVAL,True,1,0,8170,12.996120363033047
phi4mini,Phi-4-mini-instruct,FRED_0049_16K,FRED_0049,16K,FRED,RETRIEVAL_CALCULATION,False,0,1,16202,13.983884292164655
phi4mini,Phi-4-mini-instruct,SEC_0015_8K,SEC_0015,8K,SEC,RETRIEVAL_CALCULATION,False,0,1,8265,13.012799104179676
phi4mini,Phi-4-mini-instruct,SEC_0090_16K,SEC_0090,16K,SEC,TEMPORAL_VERSION,False,0,1,16335,13.995678834325425
phi4mini,Phi-4-mini-instruct,SEC_0104_8K,SEC_0104,8K,SEC,ENTITY_UNIT_BINDING,True,1,0,8137,12.99028127536032
phi4mini,Phi-4-mini-instruct,SEC_0024_16K,SEC_0024,16K,SEC,UNANSWERABLE,True,1,0,16252,13.988329649231089
phi4mini,Phi-4-mini-instruct,FDA_0106_16K,FDA_0106,16K,FDA,UNANSWERABLE,False,0,1,16175,13.981478091767233
phi4mini,Phi-4-mini-instruct,FDA_0070_8K,FDA_0070,8K,FDA,RETRIEVAL_CALCULATION,False,0,1,8165,12.995237170449057
phi4mini,Phi-4-mini-instruct,FDA_0029_8K,FDA_0029,8K,FDA,DIRECT_RETRIEVAL,True,1,0,8166,12.99541385222515
phi4mini,Phi-4-mini-instruct,FDA_0102_16K,FDA_0102,16K,FDA,ENTITY_UNIT_BINDING,True,1,0,16134,13.977816540594029
phi4mini,Phi-4-mini-instruct,CT_0088_16K,CT_0088,16K,CLINICAL_TRIALS,ENTITY_UNIT_BINDING,False,0,1,16203,13.983973333673147
phi4mini,Phi-4-mini-instruct,SEC_0009_16K,SEC_0009,16K,SEC,RETRIEVAL_CALCULATION,False,0,1,16250,13.988152097690541
phi4mini,Phi-4-mini-instruct,SEC_0018_8K,SEC_0018,8K,SEC,TEMPORAL_VERSION,True,1,0,8167,12.9955905123663
phi4mini,Phi-4-mini-instruct,FDA_0115_8K,FDA_0115,8K,FDA,UNANSWERABLE,False,0,1,8199,13.001232245244363
phi4mini,Phi-4-mini-instruct,FRED_0078_4K,FRED_0078,4K,FRED,TEMPORAL_VERSION,True,1,0,4193,12.03376711484639
phi4mini,Phi-4-mini-instruct,FDA_0056_16K,FDA_0056,16K,FDA,RETRIEVAL_CALCULATION,False,0,1,16140,13.978352958165143
phi4mini,Phi-4-mini-instruct,FDA_0084_16K,FDA_0084,16K,FDA,TEMPORAL_VERSION,False,0,1,16241,13.987352845239087
phi4mini,Phi-4-mini-instruct,FDA_0101_4K,FDA_0101,4K,FDA,ENTITY_UNIT_BINDING,False,0,1,4158,12.02167404285837
phi4mini,Phi-4-mini-instruct,SEC_0009_8K,SEC_0009,8K,SEC,RETRIEVAL_CALCULATION,False,0,1,8211,13.003342220086113
phi4mini,Phi-4-mini-instruct,FRED_0103_16K,FRED_0103,16K,FRED,ENTITY_UNIT_BINDING,True,1,0,16110,13.97566887359393
phi4mini,Phi-4-mini-instruct,CT_0048_16K,CT_0048,16K,CLINICAL_TRIALS,RETRIEVAL_CALCULATION,False,0,1,16313,13.993734501091927
phi4mini,Phi-4-mini-instruct,SEC_0064_4K,SEC_0064,4K,SEC,RETRIEVAL_CALCULATION,False,0,1,4272,12.060695931687555
phi4mini,Phi-4-mini-instruct,FDA_0043_8K,FDA_0043,8K,FDA,DIRECT_RETRIEVAL,True,1,0,8159,12.994176625161732
phi4mini,Phi-4-mini-instruct,CT_0079_8K,CT_0079,8K,CLINICAL_TRIALS,ENTITY_UNIT_BINDING,True,1,0,8220,13.004922678569045
phi4mini,Phi-4-mini-instruct,FRED_0019_8K,FRED_0019,8K,FRED,TEMPORAL_VERSION,True,1,0,8144,12.991521846075695
phi4mini,Phi-4-mini-instruct,FDA_0124_4K,FDA_0124,4K,FDA,UNANSWERABLE,False,0,1,4127,12.010877723007034
phi4mini,Phi-4-mini-instruct,CT_0050_16K,CT_0050,16K,CLINICAL_TRIALS,RETRIEVAL_CALCULATION,False,0,1,16171,13.981121276074845
phi4mini,Phi-4-mini-instruct,FDA_0105_8K,FDA_0105,8K,FDA,ENTITY_UNIT_BINDING,False,0,1,8197,13.00088028255882
phi4mini,Phi-4-mini-instruct,FRED_0068_8K,FRED_0068,8K,FRED,RETRIEVAL_CALCULATION,False,0,1,8168,12.995767150877802
phi4mini,Phi-4-mini-instruct,CT_0042_4K,CT_0042,4K,CLINICAL_TRIALS,DIRECT_RETRIEVAL,True,1,0,4168,12.025139562278508
phi4mini,Phi-4-mini-instruct,CT_0121_8K,CT_0121,8K,CLINICAL_TRIALS,UNANSWERABLE,False,0,1,8192,13.0
phi4mini,Phi-4-mini-instruct,CT_0022_8K,CT_0022,8K,CLINICAL_TRIALS,UNANSWERABLE,False,0,1,8262,13.01227534485612
phi4mini,Phi-4-mini-instruct,FRED_0047_4K,FRED_0047,4K,FRED,RETRIEVAL_CALCULATION,False,0,1,4240,12.049848549450562
phi4mini,Phi-4-mini-instruct,FDA_0117_8K,FDA_0117,8K,FDA,UNANSWERABLE,False,0,1,8144,12.991521846075695
phi4mini,Phi-4-mini-instruct,FDA_0048_8K,FDA_0048,8K,FDA,RETRIEVAL_CALCULATION,False,0,1,8170,12.996120363033047
phi4mini,Phi-4-mini-instruct,SEC_0102_16K,SEC_0102,16K,SEC,ENTITY_UNIT_BINDING,True,1,0,16199,13.98361713466118
phi4mini,Phi-4-mini-instruct,FRED_0053_16K,FRED_0053,16K,FRED,RETRIEVAL_CALCULATION,False,0,1,16211,13.984685467970762
phi4mini,Phi-4-mini-instruct,FRED_0037_8K,FRED_0037,8K,FRED,DIRECT_RETRIEVAL,True,1,0,8212,13.003517912108602
phi4mini,Phi-4-mini-instruct,SEC_0092_16K,SEC_0092,16K,SEC,TEMPORAL_VERSION,True,1,0,16043,13.969656326855189
phi4mini,Phi-4-mini-instruct,FDA_0086_16K,FDA_0086,16K,FDA,TEMPORAL_VERSION,True,1,0,16269,13.989837955736364
phi4mini,Phi-4-mini-instruct,FDA_0034_8K,FDA_0034,8K,FDA,DIRECT_RETRIEVAL,True,1,0,8180,12.997885127829111
phi4mini,Phi-4-mini-instruct,CT_0058_16K,CT_0058,16K,CLINICAL_TRIALS,RETRIEVAL_CALCULATION,False,0,1,16338,13.995943767764953
phi4mini,Phi-4-mini-instruct,FRED_0113_4K,FRED_0113,4K,FRED,UNANSWERABLE,False,0,1,4175,12.027560482248777
phi4mini,Phi-4-mini-instruct,FRED_0022_8K,FRED_0022,8K,FRED,UNANSWERABLE,False,0,1,8143,12.991344686986519
phi4mini,Phi-4-mini-instruct,FRED_0092_4K,FRED_0092,4K,FRED,ENTITY_UNIT_BINDING,True,1,0,4208,12.038918989292302
phi4mini,Phi-4-mini-instruct,FRED_0099_8K,FRED_0099,8K,FRED,ENTITY_UNIT_BINDING,True,1,0,8127,12.98850717892317
phi4mini,Phi-4-mini-instruct,FRED_0009_4K,FRED_0009,4K,FRED,ENTITY_UNIT_BINDING,False,0,1,4175,12.027560482248777
phi4mini,Phi-4-mini-instruct,CT_0093_16K,CT_0093,16K,CLINICAL_TRIALS,ENTITY_UNIT_BINDING,True,1,0,16277,13.990547201761041
phi4mini,Phi-4-mini-instruct,SEC_0099_8K,SEC_0099,8K,SEC,ENTITY_UNIT_BINDING,False,0,1,8233,13.007202510749742
phi4mini,Phi-4-mini-instruct,FRED_0032_16K,FRED_0032,16K,FRED,DIRECT_RETRIEVAL,True,1,0,16121,13.97665361785045
phi4mini,Phi-4-mini-instruct,FDA_0058_16K,FDA_0058,16K,FDA,RETRIEVAL_CALCULATION,False,0,1,16131,13.977548256996624
phi4mini,Phi-4-mini-instruct,SEC_0101_16K,SEC_0101,16K,SEC,ENTITY_UNIT_BINDING,True,1,0,16255,13.988595935577719
phi4mini,Phi-4-mini-instruct,FDA_0053_4K,FDA_0053,4K,FDA,RETRIEVAL_CALCULATION,False,0,1,4185,12.031011907437707
phi4mini,Phi-4-mini-instruct,CT_0001_8K,CT_0001,8K,CLINICAL_TRIALS,DIRECT_RETRIEVAL,True,1,0,8229,13.006501407569434
phi4mini,Phi-4-mini-instruct,CT_0117_16K,CT_0117,16K,CLINICAL_TRIALS,UNANSWERABLE,False,0,1,16299,13.99249583239248
phi4mini,Phi-4-mini-instruct,SEC_0058_8K,SEC_0058,8K,SEC,RETRIEVAL_CALCULATION,False,0,1,8118,12.986908624697694
phi4mini,Phi-4-mini-instruct,CT_0121_4K,CT_0121,4K,CLINICAL_TRIALS,UNANSWERABLE,False,0,1,4172,12.026523442519766
phi4mini,Phi-4-mini-instruct,CT_0081_4K,CT_0081,4K,CLINICAL_TRIALS,ENTITY_UNIT_BINDING,True,1,0,4183,12.030322282644034
phi4mini,Phi-4-mini-instruct,SEC_0080_8K,SEC_0080,8K,SEC,TEMPORAL_VERSION,False,0,1,8144,12.991521846075695
phi4mini,Phi-4-mini-instruct,FDA_0107_8K,FDA_0107,8K,FDA,UNANSWERABLE,False,0,1,8198,13.001056274634779
phi4mini,Phi-4-mini-instruct,FRED_0104_16K,FRED_0104,16K,FRED,ENTITY_UNIT_BINDING,True,1,0,16117,13.976295606795597
phi4mini,Phi-4-mini-instruct,SEC_0125_4K,SEC_0125,4K,SEC,UNANSWERABLE,False,0,1,4219,12.042685372219351
phi4mini,Phi-4-mini-instruct,FRED_0115_8K,FRED_0115,8K,FRED,UNANSWERABLE,False,0,1,8171,12.996296936687374
phi4mini,Phi-4-mini-instruct,FDA_0019_16K,FDA_0019,16K,FDA,TEMPORAL_VERSION,True,1,0,16281,13.990901694063554
phi4mini,Phi-4-mini-instruct,SEC_0072_8K,SEC_0072,8K,SEC,RETRIEVAL_CALCULATION,False,0,1,8238,13.008078410868256
phi4mini,Phi-4-mini-instruct,FRED_0051_16K,FRED_0051,16K,FRED,RETRIEVAL_CALCULATION,False,0,1,16163,13.98040737983172
phi4mini,Phi-4-mini-instruct,SEC_0035_4K,SEC_0035,4K,SEC,DIRECT_RETRIEVAL,True,1,0,4133,12.01297364837454
phi4mini,Phi-4-mini-instruct,FRED_0042_8K,FRED_0042,8K,FRED,DIRECT_RETRIEVAL,True,1,0,8185,12.998766701361516
phi4mini,Phi-4-mini-instruct,FDA_0078_8K,FDA_0078,8K,FDA,TEMPORAL_VERSION,True,1,0,8183,12.998414136589261
phi4mini,Phi-4-mini-instruct,FDA_0114_4K,FDA_0114,4K,FDA,UNANSWERABLE,False,0,1,4205,12.037890085142507
phi4mini,Phi-4-mini-instruct,FDA_0080_16K,FDA_0080,16K,FDA,TEMPORAL_VERSION,True,1,0,16242,13.98744167293612
phi4mini,Phi-4-mini-instruct,SEC_0083_16K,SEC_0083,16K,SEC,TEMPORAL_VERSION,False,0,1,16205,13.984151400205203
phi4mini,Phi-4-mini-instruct,SEC_0031_8K,SEC_0031,8K,SEC,DIRECT_RETRIEVAL,False,0,1,8164,12.995060467032719
phi4mini,Phi-4-mini-instruct,CT_0083_4K,CT_0083,4K,CLINICAL_TRIALS,ENTITY_UNIT_BINDING,False,0,1,4218,12.042343379793692
phi4mini,Phi-4-mini-instruct,SEC_0002_4K,SEC_0002,4K,SEC,DIRECT_RETRIEVAL,True,1,0,4212,12.040289721025717
phi4mini,Phi-4-mini-instruct,FRED_0066_4K,FRED_0066,4K,FRED,RETRIEVAL_CALCULATION,True,1,0,4232,12.047123912114026
phi4mini,Phi-4-mini-instruct,FRED_0006_8K,FRED_0006,8K,FRED,ENTITY_UNIT_BINDING,True,1,0,8179,12.99770874846085
phi4mini,Phi-4-mini-instruct,SEC_0078_8K,SEC_0078,8K,SEC,TEMPORAL_VERSION,True,1,0,8222,13.005273656563938
phi4mini,Phi-4-mini-instruct,FDA_0076_16K,FDA_0076,16K,FDA,RETRIEVAL_CALCULATION,False,0,1,16144,13.978710459106358
phi4mini,Phi-4-mini-instruct,FDA_0054_4K,FDA_0054,4K,FDA,RETRIEVAL_CALCULATION,False,0,1,4155,12.020632761657707
phi4mini,Phi-4-mini-instruct,CT_0025_16K,CT_0025,16K,CLINICAL_TRIALS,UNANSWERABLE,False,0,1,16213,13.984863446633817
phi4mini,Phi-4-mini-instruct,CT_0123_16K,CT_0123,16K,CLINICAL_TRIALS,UNANSWERABLE,False,0,1,16296,13.992230264965889
phi4mini,Phi-4-mini-instruct,CT_0086_4K,CT_0086,4K,CLINICAL_TRIALS,ENTITY_UNIT_BINDING,False,0,1,4247,12.052228393347402
phi4mini,Phi-4-mini-instruct,FRED_0043_4K,FRED_0043,4K,FRED,DIRECT_RETRIEVAL,True,1,0,4163,12.023407843140218
phi4mini,Phi-4-mini-instruct,FDA_0082_4K,FDA_0082,4K,FDA,TEMPORAL_VERSION,True,1,0,4192,12.03342300153745
phi4mini,Phi-4-mini-instruct,FDA_0058_4K,FDA_0058,4K,FDA,RETRIEVAL_CALCULATION,False,0,1,4137,12.014369242235137
phi4mini,Phi-4-mini-instruct,FDA_0096_8K,FDA_0096,8K,FDA,ENTITY_UNIT_BINDING,False,0,1,8148,12.992230264965889
phi4mini,Phi-4-mini-instruct,CT_0097_4K,CT_0097,4K,CLINICAL_TRIALS,ENTITY_UNIT_BINDING,True,1,0,4271,12.060358182642142
phi4mini,Phi-4-mini-instruct,FDA_0083_4K,FDA_0083,4K,FDA,TEMPORAL_VERSION,False,0,1,4191,12.03307880613062
phi4mini,Phi-4-mini-instruct,FRED_0090_8K,FRED_0090,8K,FRED,ENTITY_UNIT_BINDING,False,0,1,8179,12.99770874846085
phi4mini,Phi-4-mini-instruct,SEC_0013_8K,SEC_0013,8K,SEC,RETRIEVAL_CALCULATION,False,0,1,8228,13.006326078524934
phi4mini,Phi-4-mini-instruct,CT_0051_16K,CT_0051,16K,CLINICAL_TRIALS,RETRIEVAL_CALCULATION,False,0,1,16267,13.989660589736523
phi4mini,Phi-4-mini-instruct,CT_0014_8K,CT_0014,8K,CLINICAL_TRIALS,RETRIEVAL_CALCULATION,False,0,1,8302,13.019243216603607
phi4mini,Phi-4-mini-instruct,CT_0105_4K,CT_0105,4K,CLINICAL_TRIALS,ENTITY_UNIT_BINDING,True,1,0,4282,12.06406908038551
phi4mini,Phi-4-mini-instruct,FDA_0007_8K,FDA_0007,8K,FDA,ENTITY_UNIT_BINDING,False,0,1,8143,12.991344686986519
phi4mini,Phi-4-mini-instruct,FDA_0112_8K,FDA_0112,8K,FDA,UNANSWERABLE,False,0,1,8198,13.001056274634779
phi4mini,Phi-4-mini-instruct,FRED_0048_8K,FRED_0048,8K,FRED,RETRIEVAL_CALCULATION,False,0,1,8233,13.007202510749742
phi4mini,Phi-4-mini-instruct,FRED_0085_8K,FRED_0085,8K,FRED,TEMPORAL_VERSION,True,1,0,8169,12.995943767764953
phi4mini,Phi-4-mini-instruct,CT_0118_8K,CT_0118,8K,CLINICAL_TRIALS,UNANSWERABLE,False,0,1,8209,13.002990771840553
phi4mini,Phi-4-mini-instruct,FRED_0012_8K,FRED_0012,8K,FRED,RETRIEVAL_CALCULATION,True,1,0,8173,12.996650019175894
phi4mini,Phi-4-mini-instruct,CT_0095_16K,CT_0095,16K,CLINICAL_TRIALS,ENTITY_UNIT_BINDING,True,1,0,16391,14.000616254183969
phi4mini,Phi-4-mini-instruct,CT_0084_8K,CT_0084,8K,CLINICAL_TRIALS,ENTITY_UNIT_BINDING,True,1,0,8190,12.99964773652837
phi4mini,Phi-4-mini-instruct,FRED_0069_8K,FRED_0069,8K,FRED,RETRIEVAL_CALCULATION,False,0,1,8223,13.00544911354693
phi4mini,Phi-4-mini-instruct,FRED_0006_16K,FRED_0006,16K,FRED,ENTITY_UNIT_BINDING,True,1,0,16122,13.976743106734322
phi4mini,Phi-4-mini-instruct,SEC_0043_8K,SEC_0043,8K,SEC,DIRECT_RETRIEVAL,False,0,1,8267,13.01314817145476
phi4mini,Phi-4-mini-instruct,CT_0102_16K,CT_0102,16K,CLINICAL_TRIALS,ENTITY_UNIT_BINDING,True,1,0,16371,13.9988548290938
phi4mini,Phi-4-mini-instruct,SEC_0054_16K,SEC_0054,16K,SEC,RETRIEVAL_CALCULATION,False,0,1,16308,13.993292241488547
phi4mini,Phi-4-mini-instruct,FRED_0080_16K,FRED_0080,16K,FRED,TEMPORAL_VERSION,True,1,0,16132,13.977637690405876
phi4mini,Phi-4-mini-instruct,FDA_0055_8K,FDA_0055,8K,FDA,RETRIEVAL_CALCULATION,True,1,0,8168,12.995767150877802
phi4mini,Phi-4-mini-instruct,FRED_0022_16K,FRED_0022,16K,FRED,UNANSWERABLE,True,1,0,16126,13.97710100677111
phi4mini,Phi-4-mini-instruct,CT_0055_8K,CT_0055,8K,CLINICAL_TRIALS,RETRIEVAL_CALCULATION,False,0,1,8240,13.00842862207058
phi4mini,Phi-4-mini-instruct,FDA_0017_4K,FDA_0017,4K,FDA,RETRIEVAL_CALCULATION,False,0,1,4223,12.044052531801302
phi4mini,Phi-4-mini-instruct,CT_0016_8K,CT_0016,8K,CLINICAL_TRIALS,RETRIEVAL_CALCULATION,False,0,1,8204,13.002111776479852
phi4mini,Phi-4-mini-instruct,SEC_0118_4K,SEC_0118,4K,SEC,UNANSWERABLE,True,1,0,4230,12.046441948007311
phi4mini,Phi-4-mini-instruct,SEC_0025_16K,SEC_0025,16K,SEC,UNANSWERABLE,False,0,1,16184,13.982280604558284
phi4mini,Phi-4-mini-instruct,FRED_0087_4K,FRED_0087,4K,FRED,TEMPORAL_VERSION,True,1,0,4235,12.04814625421956
phi4mini,Phi-4-mini-instruct,FRED_0009_8K,FRED_0009,8K,FRED,ENTITY_UNIT_BINDING,True,1,0,8136,12.9901039638575
phi4mini,Phi-4-mini-instruct,SEC_0020_16K,SEC_0020,16K,SEC,TEMPORAL_VERSION,True,1,0,16116,13.9762060901486
phi4mini,Phi-4-mini-instruct,CT_0057_16K,CT_0057,16K,CLINICAL_TRIALS,RETRIEVAL_CALCULATION,True,1,0,16276,13.99045856507371
phi4mini,Phi-4-mini-instruct,SEC_0104_4K,SEC_0104,4K,SEC,ENTITY_UNIT_BINDING,False,0,1,4209,12.039261794341055
phi4mini,Phi-4-mini-instruct,CT_0107_4K,CT_0107,4K,CLINICAL_TRIALS,UNANSWERABLE,False,0,1,4235,12.04814625421956
phi4mini,Phi-4-mini-instruct,SEC_0040_8K,SEC_0040,8K,SEC,DIRECT_RETRIEVAL,True,1,0,8139,12.990635833003022
phi4mini,Phi-4-mini-instruct,FRED_0115_4K,FRED_0115,4K,FRED,UNANSWERABLE,True,1,0,4171,12.026177596889225
phi4mini,Phi-4-mini-instruct,CT_0088_8K,CT_0088,8K,CLINICAL_TRIALS,ENTITY_UNIT_BINDING,False,0,1,8220,13.004922678569045
phi4mini,Phi-4-mini-instruct,FDA_0088_16K,FDA_0088,16K,FDA,TEMPORAL_VERSION,True,1,0,16285,13.991256099283266
phi4mini,Phi-4-mini-instruct,FRED_0062_8K,FRED_0062,8K,FRED,RETRIEVAL_CALCULATION,False,0,1,8248,13.00982861736811
phi4mini,Phi-4-mini-instruct,FDA_0061_8K,FDA_0061,8K,FDA,RETRIEVAL_CALCULATION,False,0,1,8188,12.99929538702341
phi4mini,Phi-4-mini-instruct,CT_0115_8K,CT_0115,8K,CLINICAL_TRIALS,UNANSWERABLE,False,0,1,8211,13.003342220086113
phi4mini,Phi-4-mini-instruct,FDA_0053_16K,FDA_0053,16K,FDA,RETRIEVAL_CALCULATION,True,1,0,16143,13.97862109217593
phi4mini,Phi-4-mini-instruct,FDA_0038_16K,FDA_0038,16K,FDA,DIRECT_RETRIEVAL,True,1,0,16196,13.983349927676457
phi4mini,Phi-4-mini-instruct,CT_0047_8K,CT_0047,8K,CLINICAL_TRIALS,RETRIEVAL_CALCULATION,False,0,1,8160,12.994353436858859
phi4mini,Phi-4-mini-instruct,FRED_0060_4K,FRED_0060,4K,FRED,RETRIEVAL_CALCULATION,False,0,1,4242,12.050528905530555
phi4mini,Phi-4-mini-instruct,CT_0115_16K,CT_0115,16K,CLINICAL_TRIALS,UNANSWERABLE,False,0,1,16193,13.983082671192154
phi4mini,Phi-4-mini-instruct,FRED_0092_16K,FRED_0092,16K,FRED,ENTITY_UNIT_BINDING,True,1,0,16218,13.985308297255852
phi4mini,Phi-4-mini-instruct,FDA_0013_4K,FDA_0013,4K,FDA,RETRIEVAL_CALCULATION,True,1,0,4187,12.031701202740303
phi4mini,Phi-4-mini-instruct,CT_0087_4K,CT_0087,4K,CLINICAL_TRIALS,ENTITY_UNIT_BINDING,True,1,0,4260,12.056637715113201
phi4mini,Phi-4-mini-instruct,CT_0012_4K,CT_0012,4K,CLINICAL_TRIALS,RETRIEVAL_CALCULATION,False,0,1,4222,12.043710863347156
phi4mini,Phi-4-mini-instruct,SEC_0107_4K,SEC_0107,4K,SEC,UNANSWERABLE,True,1,0,4185,12.031011907437707
phi4mini,Phi-4-mini-instruct,FRED_0085_4K,FRED_0085,4K,FRED,TEMPORAL_VERSION,True,1,0,4204,12.037546953962178
phi4mini,Phi-4-mini-instruct,FRED_0096_8K,FRED_0096,8K,FRED,ENTITY_UNIT_BINDING,True,1,0,8154,12.993292241488547
phi4mini,Phi-4-mini-instruct,CT_0046_4K,CT_0046,4K,CLINICAL_TRIALS,RETRIEVAL_CALCULATION,False,0,1,4179,12.02894204332241
phi4mini,Phi-4-mini-instruct,SEC_0044_8K,SEC_0044,8K,SEC,DIRECT_RETRIEVAL,True,1,0,8212,13.003517912108602
phi4mini,Phi-4-mini-instruct,SEC_0020_4K,SEC_0020,4K,SEC,TEMPORAL_VERSION,True,1,0,4235,12.04814625421956
phi4mini,Phi-4-mini-instruct,CT_0101_4K,CT_0101,4K,CLINICAL_TRIALS,ENTITY_UNIT_BINDING,True,1,0,4270,12.060020354507852
phi4mini,Phi-4-mini-instruct,FRED_0068_16K,FRED_0068,16K,FRED,RETRIEVAL_CALCULATION,False,0,1,16160,13.980139577639157
phi4mini,Phi-4-mini-instruct,CT_0087_8K,CT_0087,8K,CLINICAL_TRIALS,ENTITY_UNIT_BINDING,True,1,0,8318,13.022020969646356
phi4mini,Phi-4-mini-instruct,CT_0088_4K,CT_0088,4K,CLINICAL_TRIALS,ENTITY_UNIT_BINDING,False,0,1,4173,12.026869205263395
phi4mini,Phi-4-mini-instruct,FRED_0087_8K,FRED_0087,8K,FRED,TEMPORAL_VERSION,True,1,0,8182,12.998237821888047
phi4mini,Phi-4-mini-instruct,FRED_0083_8K,FRED_0083,8K,FRED,TEMPORAL_VERSION,False,0,1,8226,13.005975356500382
phi4mini,Phi-4-mini-instruct,CT_0106_4K,CT_0106,4K,CLINICAL_TRIALS,UNANSWERABLE,False,0,1,4234,12.047805554007589
phi4mini,Phi-4-mini-instruct,FDA_0104_16K,FDA_0104,16K,FDA,ENTITY_UNIT_BINDING,True,1,0,16198,13.983528071165095
phi4mini,Phi-4-mini-instruct,FDA_0007_16K,FDA_0007,16K,FDA,ENTITY_UNIT_BINDING,True,1,0,16155,13.979693130152725
phi4mini,Phi-4-mini-instruct,FDA_0117_4K,FDA_0117,4K,FDA,UNANSWERABLE,False,0,1,4155,12.020632761657707
phi4mini,Phi-4-mini-instruct,SEC_0071_4K,SEC_0071,4K,SEC,RETRIEVAL_CALCULATION,False,0,1,4241,12.050188767596435
phi4mini,Phi-4-mini-instruct,SEC_0113_16K,SEC_0113,16K,SEC,UNANSWERABLE,True,1,0,16142,13.978531719709377
phi4mini,Phi-4-mini-instruct,CT_0041_4K,CT_0041,4K,CLINICAL_TRIALS,DIRECT_RETRIEVAL,True,1,0,4225,12.044735626056909
phi4mini,Phi-4-mini-instruct,FDA_0064_4K,FDA_0064,4K,FDA,RETRIEVAL_CALCULATION,False,0,1,4235,12.04814625421956
phi4mini,Phi-4-mini-instruct,FRED_0100_8K,FRED_0100,8K,FRED,ENTITY_UNIT_BINDING,True,1,0,8127,12.98850717892317
phi4mini,Phi-4-mini-instruct,FRED_0004_4K,FRED_0004,4K,FRED,DIRECT_RETRIEVAL,True,1,0,4164,12.023754353299417
phi4mini,Phi-4-mini-instruct,CT_0092_16K,CT_0092,16K,CLINICAL_TRIALS,ENTITY_UNIT_BINDING,True,1,0,16369,13.998678568245579
phi4mini,Phi-4-mini-instruct,FRED_0049_4K,FRED_0049,4K,FRED,RETRIEVAL_CALCULATION,False,0,1,4202,12.036860446673046
phi4mini,Phi-4-mini-instruct,FRED_0046_16K,FRED_0046,16K,FRED,RETRIEVAL_CALCULATION,False,0,1,16144,13.978710459106358
phi4mini,Phi-4-mini-instruct,CT_0085_4K,CT_0085,4K,CLINICAL_TRIALS,ENTITY_UNIT_BINDING,True,1,0,4246,12.051888655905378
phi4mini,Phi-4-mini-instruct,FRED_0113_16K,FRED_0113,16K,FRED,UNANSWERABLE,False,0,1,16185,13.982369745096536
phi4mini,Phi-4-mini-instruct,FDA_0109_8K,FDA_0109,8K,FDA,UNANSWERABLE,False,0,1,8173,12.996650019175894
phi4mini,Phi-4-mini-instruct,CT_0035_8K,CT_0035,8K,CLINICAL_TRIALS,DIRECT_RETRIEVAL,True,1,0,8102,12.984062369686436
phi4mini,Phi-4-mini-instruct,SEC_0013_16K,SEC_0013,16K,SEC,RETRIEVAL_CALCULATION,False,0,1,16233,13.986642026703608
phi4mini,Phi-4-mini-instruct,FRED_0045_4K,FRED_0045,4K,FRED,DIRECT_RETRIEVAL,True,1,0,4149,12.01854794187165
phi4mini,Phi-4-mini-instruct,SEC_0036_16K,SEC_0036,16K,SEC,DIRECT_RETRIEVAL,True,1,0,16217,13.985219338104233
phi4mini,Phi-4-mini-instruct,SEC_0036_8K,SEC_0036,8K,SEC,DIRECT_RETRIEVAL,True,1,0,8221,13.005098178239706
phi4mini,Phi-4-mini-instruct,SEC_0123_4K,SEC_0123,4K,SEC,UNANSWERABLE,True,1,0,4196,12.034798962577268
phi4mini,Phi-4-mini-instruct,CT_0076_16K,CT_0076,16K,CLINICAL_TRIALS,ENTITY_UNIT_BINDING,False,0,1,16316,13.993999791792524
phi4mini,Phi-4-mini-instruct,FDA_0069_4K,FDA_0069,4K,FDA,RETRIEVAL_CALCULATION,False,0,1,4171,12.026177596889225
phi4mini,Phi-4-mini-instruct,FDA_0092_16K,FDA_0092,16K,FDA,ENTITY_UNIT_BINDING,False,0,1,16234,13.986730898175647
phi4mini,Phi-4-mini-instruct,FRED_0036_8K,FRED_0036,8K,FRED,DIRECT_RETRIEVAL,True,1,0,8147,12.992053192852639
phi4mini,Phi-4-mini-instruct,CT_0073_16K,CT_0073,16K,CLINICAL_TRIALS,RETRIEVAL_CALCULATION,False,0,1,16283,13.991078907556085
phi4mini,Phi-4-mini-instruct,SEC_0064_16K,SEC_0064,16K,SEC,RETRIEVAL_CALCULATION,False,0,1,16287,13.99143326925044
phi4mini,Phi-4-mini-instruct,FRED_0003_4K,FRED_0003,4K,FRED,DIRECT_RETRIEVAL,True,1,0,4225,12.044735626056909
phi4mini,Phi-4-mini-instruct,CT_0101_16K,CT_0101,16K,CLINICAL_TRIALS,ENTITY_UNIT_BINDING,True,1,0,16329,13.99514882144625
phi4mini,Phi-4-mini-instruct,FRED_0054_16K,FRED_0054,16K,FRED,RETRIEVAL_CALCULATION,False,0,1,16263,13.989305792306912
phi4mini,Phi-4-mini-instruct,CT_0095_4K,CT_0095,4K,CLINICAL_TRIALS,ENTITY_UNIT_BINDING,True,1,0,4282,12.06406908038551
phi4mini,Phi-4-mini-instruct,SEC_0056_8K,SEC_0056,8K,SEC,RETRIEVAL_CALCULATION,False,0,1,8189,12.999471572532684
phi4mini,Phi-4-mini-instruct,CT_0019_4K,CT_0019,4K,CLINICAL_TRIALS,ENTITY_UNIT_BINDING,True,1,0,4204,12.037546953962178
phi4mini,Phi-4-mini-instruct,FDA_0027_4K,FDA_0027,4K,FDA,DIRECT_RETRIEVAL,True,1,0,4167,12.024793384702548
phi4mini,Phi-4-mini-instruct,CT_0060_16K,CT_0060,16K,CLINICAL_TRIALS,RETRIEVAL_CALCULATION,False,0,1,16341,13.9962086525616
phi4mini,Phi-4-mini-instruct,FDA_0070_4K,FDA_0070,4K,FDA,RETRIEVAL_CALCULATION,False,0,1,4192,12.03342300153745
phi4mini,Phi-4-mini-instruct,FRED_0047_16K,FRED_0047,16K,FRED,RETRIEVAL_CALCULATION,False,0,1,16208,13.984418458801137
phi4mini,Phi-4-mini-instruct,FRED_0102_8K,FRED_0102,8K,FRED,ENTITY_UNIT_BINDING,True,1,0,8153,12.993115299679177
phi4mini,Phi-4-mini-instruct,FRED_0079_16K,FRED_0079,16K,FRED,TEMPORAL_VERSION,False,0,1,16130,13.977458818043004
phi4mini,Phi-4-mini-instruct,SEC_0105_4K,SEC_0105,4K,SEC,ENTITY_UNIT_BINDING,True,1,0,4185,12.031011907437707
phi4mini,Phi-4-mini-instruct,FDA_0077_8K,FDA_0077,8K,FDA,RETRIEVAL_CALCULATION,False,0,1,8199,13.001232245244363
phi4mini,Phi-4-mini-instruct,FDA_0028_8K,FDA_0028,8K,FDA,DIRECT_RETRIEVAL,True,1,0,8164,12.995060467032719
phi4mini,Phi-4-mini-instruct,SEC_0117_8K,SEC_0117,8K,SEC,UNANSWERABLE,False,0,1,8208,13.002815015607053
phi4mini,Phi-4-mini-instruct,CT_0074_8K,CT_0074,8K,CLINICAL_TRIALS,ENTITY_UNIT_BINDING,False,0,1,8245,13.00930377832483
phi4mini,Phi-4-mini-instruct,FDA_0095_8K,FDA_0095,8K,FDA,ENTITY_UNIT_BINDING,False,0,1,8209,13.002990771840553
phi4mini,Phi-4-mini-instruct,SEC_0045_16K,SEC_0045,16K,SEC,DIRECT_RETRIEVAL,True,1,0,16218,13.985308297255852
phi4mini,Phi-4-mini-instruct,FDA_0043_16K,FDA_0043,16K,FDA,DIRECT_RETRIEVAL,True,1,0,16129,13.977369373544331
phi4mini,Phi-4-mini-instruct,CT_0008_8K,CT_0008,8K,CLINICAL_TRIALS,ENTITY_UNIT_BINDING,True,1,0,8273,13.014194866814499
phi4mini,Phi-4-mini-instruct,SEC_0034_16K,SEC_0034,16K,SEC,DIRECT_RETRIEVAL,True,1,0,16185,13.982369745096536
phi4mini,Phi-4-mini-instruct,FRED_0005_8K,FRED_0005,8K,FRED,DIRECT_RETRIEVAL,True,1,0,8160,12.994353436858859
phi4mini,Phi-4-mini-instruct,SEC_0046_16K,SEC_0046,16K,SEC,RETRIEVAL_CALCULATION,False,0,1,16335,13.995678834325425
phi4mini,Phi-4-mini-instruct,FDA_0122_8K,FDA_0122,8K,FDA,UNANSWERABLE,False,0,1,8132,12.989394499844732
phi4mini,Phi-4-mini-instruct,FRED_0055_4K,FRED_0055,4K,FRED,RETRIEVAL_CALCULATION,False,0,1,4181,12.029632328044137
phi4mini,Phi-4-mini-instruct,FRED_0028_16K,FRED_0028,16K,FRED,DIRECT_RETRIEVAL,True,1,0,16210,13.984596470404904
phi4mini,Phi-4-mini-instruct,CT_0009_16K,CT_0009,16K,CLINICAL_TRIALS,ENTITY_UNIT_BINDING,True,1,0,16365,13.998325981932126
phi4mini,Phi-4-mini-instruct,FDA_0094_8K,FDA_0094,8K,FDA,ENTITY_UNIT_BINDING,True,1,0,8129,12.988862172783449
phi4mini,Phi-4-mini-instruct,SEC_0111_4K,SEC_0111,4K,SEC,UNANSWERABLE,True,1,0,4212,12.040289721025717
phi4mini,Phi-4-mini-instruct,FDA_0114_8K,FDA_0114,8K,FDA,UNANSWERABLE,False,0,1,8186,12.998942951443086
phi4mini,Phi-4-mini-instruct,FRED_0083_4K,FRED_0083,4K,FRED,TEMPORAL_VERSION,True,1,0,4195,12.034455095327186
phi4mini,Phi-4-mini-instruct,FDA_0010_8K,FDA_0010,8K,FDA,RETRIEVAL_CALCULATION,False,0,1,8115,12.986375379435334
phi4mini,Phi-4-mini-instruct,SEC_0088_4K,SEC_0088,4K,SEC,TEMPORAL_VERSION,True,1,0,4270,12.060020354507852
phi4mini,Phi-4-mini-instruct,SEC_0015_16K,SEC_0015,16K,SEC,RETRIEVAL_CALCULATION,False,0,1,16240,13.987264012072538
phi4mini,Phi-4-mini-instruct,CT_0021_4K,CT_0021,4K,CLINICAL_TRIALS,UNANSWERABLE,False,0,1,4182,12.029977346589579
phi4mini,Phi-4-mini-instruct,FRED_0014_4K,FRED_0014,4K,FRED,RETRIEVAL_CALCULATION,False,0,1,4193,12.03376711484639
phi4mini,Phi-4-mini-instruct,SEC_0073_4K,SEC_0073,4K,SEC,RETRIEVAL_CALCULATION,False,0,1,4260,12.056637715113201
phi4mini,Phi-4-mini-instruct,FRED_0057_8K,FRED_0057,8K,FRED,RETRIEVAL_CALCULATION,True,1,0,8230,13.006676715308988
phi4mini,Phi-4-mini-instruct,SEC_0106_8K,SEC_0106,8K,SEC,UNANSWERABLE,False,0,1,8210,13.003166506665167
phi4mini,Phi-4-mini-instruct,SEC_0067_8K,SEC_0067,8K,SEC,RETRIEVAL_CALCULATION,False,0,1,8255,13.01105249980062
phi4mini,Phi-4-mini-instruct,SEC_0037_16K,SEC_0037,16K,SEC,DIRECT_RETRIEVAL,True,1,0,16291,13.991787543926145
phi4mini,Phi-4-mini-instruct,SEC_0019_4K,SEC_0019,4K,SEC,TEMPORAL_VERSION,True,1,0,4273,12.061033601681112
phi4mini,Phi-4-mini-instruct,FRED_0014_16K,FRED_0014,16K,FRED,RETRIEVAL_CALCULATION,False,0,1,16178,13.981745645634575
phi4mini,Phi-4-mini-instruct,FDA_0009_16K,FDA_0009,16K,FDA,ENTITY_UNIT_BINDING,False,0,1,16222,13.985664079018662
phi4mini,Phi-4-mini-instruct,CT_0060_8K,CT_0060,8K,CLINICAL_TRIALS,RETRIEVAL_CALCULATION,False,0,1,8256,13.011227255423254
phi4mini,Phi-4-mini-instruct,SEC_0047_16K,SEC_0047,16K,SEC,RETRIEVAL_CALCULATION,False,0,1,16263,13.989305792306912
phi4mini,Phi-4-mini-instruct,FRED_0073_8K,FRED_0073,8K,FRED,RETRIEVAL_CALCULATION,False,0,1,8207,13.002639237959455
phi4mini,Phi-4-mini-instruct,CT_0111_4K,CT_0111,4K,CLINICAL_TRIALS,UNANSWERABLE,False,0,1,4192,12.03342300153745
phi4mini,Phi-4-mini-instruct,FDA_0029_16K,FDA_0029,16K,FDA,DIRECT_RETRIEVAL,True,1,0,16206,13.984240425230123
phi4mini,Phi-4-mini-instruct,SEC_0035_16K,SEC_0035,16K,SEC,DIRECT_RETRIEVAL,True,1,0,16243,13.987530495164307
phi4mini,Phi-4-mini-instruct,SEC_0119_4K,SEC_0119,4K,SEC,UNANSWERABLE,True,1,0,4215,12.041316915829444
phi4mini,Phi-4-mini-instruct,SEC_0121_16K,SEC_0121,16K,SEC,UNANSWERABLE,False,0,1,16185,13.982369745096536
phi4mini,Phi-4-mini-instruct,FDA_0113_4K,FDA_0113,4K,FDA,UNANSWERABLE,False,0,1,4136,12.014020470314934
phi4mini,Phi-4-mini-instruct,SEC_0003_8K,SEC_0003,8K,SEC,DIRECT_RETRIEVAL,False,0,1,8284,13.016111838220512
phi4mini,Phi-4-mini-instruct,FDA_0002_16K,FDA_0002,16K,FDA,DIRECT_RETRIEVAL,True,1,0,16150,13.97924654446865
phi4mini,Phi-4-mini-instruct,CT_0058_4K,CT_0058,4K,CLINICAL_TRIALS,RETRIEVAL_CALCULATION,False,0,1,4174,12.027214885159834
phi4mini,Phi-4-mini-instruct,FDA_0081_16K,FDA_0081,16K,FDA,TEMPORAL_VERSION,True,1,0,16254,13.98850717892317
phi4mini,Phi-4-mini-instruct,CT_0006_8K,CT_0006,8K,CLINICAL_TRIALS,ENTITY_UNIT_BINDING,True,1,0,8202,13.001760028327217
phi4mini,Phi-4-mini-instruct,FRED_0056_4K,FRED_0056,4K,FRED,RETRIEVAL_CALCULATION,False,0,1,4229,12.046100845028802
phi4mini,Phi-4-mini-instruct,FDA_0005_4K,FDA_0005,4K,FDA,DIRECT_RETRIEVAL,True,1,0,4190,12.032734528586714
phi4mini,Phi-4-mini-instruct,CT_0073_8K,CT_0073,8K,CLINICAL_TRIALS,RETRIEVAL_CALCULATION,False,0,1,8223,13.00544911354693
phi4mini,Phi-4-mini-instruct,FRED_0073_16K,FRED_0073,16K,FRED,RETRIEVAL_CALCULATION,False,0,1,16187,13.982548009651426
phi4mini,Phi-4-mini-instruct,SEC_0019_8K,SEC_0019,8K,SEC,TEMPORAL_VERSION,True,1,0,8215,13.004044859837437
phi4mini,Phi-4-mini-instruct,SEC_0115_16K,SEC_0115,16K,SEC,UNANSWERABLE,True,1,0,16233,13.986642026703608
phi4mini,Phi-4-mini-instruct,SEC_0122_16K,SEC_0122,16K,SEC,UNANSWERABLE,True,1,0,16149,13.979157210740587
phi4mini,Phi-4-mini-instruct,SEC_0113_8K,SEC_0113,8K,SEC,UNANSWERABLE,False,0,1,8232,13.007027266893969
phi4mini,Phi-4-mini-instruct,FRED_0110_8K,FRED_0110,8K,FRED,UNANSWERABLE,True,1,0,8180,12.997885127829111
phi4mini,Phi-4-mini-instruct,FRED_0112_8K,FRED_0112,8K,FRED,UNANSWERABLE,True,1,0,8174,12.996826528020659
phi4mini,Phi-4-mini-instruct,SEC_0116_4K,SEC_0116,4K,SEC,UNANSWERABLE,False,0,1,4255,12.054943416573325
phi4mini,Phi-4-mini-instruct,CT_0080_4K,CT_0080,4K,CLINICAL_TRIALS,ENTITY_UNIT_BINDING,True,1,0,4191,12.03307880613062
phi4mini,Phi-4-mini-instruct,FDA_0062_8K,FDA_0062,8K,FDA,RETRIEVAL_CALCULATION,False,0,1,8227,13.00615072817031
phi4mini,Phi-4-mini-instruct,CT_0113_16K,CT_0113,16K,CLINICAL_TRIALS,UNANSWERABLE,False,0,1,16316,13.993999791792524
phi4mini,Phi-4-mini-instruct,SEC_0008_8K,SEC_0008,8K,SEC,ENTITY_UNIT_BINDING,True,1,0,8210,13.003166506665167
phi4mini,Phi-4-mini-instruct,SEC_0004_4K,SEC_0004,4K,SEC,DIRECT_RETRIEVAL,True,1,0,4198,12.035486451292154
phi4mini,Phi-4-mini-instruct,SEC_0053_8K,SEC_0053,8K,SEC,RETRIEVAL_CALCULATION,False,0,1,8188,12.99929538702341
phi4mini,Phi-4-mini-instruct,FDA_0067_8K,FDA_0067,8K,FDA,RETRIEVAL_CALCULATION,False,0,1,8211,13.003342220086113
phi4mini,Phi-4-mini-instruct,FDA_0017_8K,FDA_0017,8K,FDA,RETRIEVAL_CALCULATION,False,0,1,8209,13.002990771840553
phi4mini,Phi-4-mini-instruct,FDA_0114_16K,FDA_0114,16K,FDA,UNANSWERABLE,False,0,1,16169,13.980942835129548
phi4mini,Phi-4-mini-instruct,SEC_0124_16K,SEC_0124,16K,SEC,UNANSWERABLE,True,1,0,16137,13.978084774310688
phi4mini,Phi-4-mini-instruct,FDA_0105_4K,FDA_0105,4K,FDA,ENTITY_UNIT_BINDING,True,1,0,4209,12.039261794341055
phi4mini,Phi-4-mini-instruct,SEC_0029_16K,SEC_0029,16K,SEC,DIRECT_RETRIEVAL,True,1,0,16174,13.981388896117206
phi4mini,Phi-4-mini-instruct,SEC_0014_16K,SEC_0014,16K,SEC,RETRIEVAL_CALCULATION,False,0,1,16232,13.98655314975666
phi4mini,Phi-4-mini-instruct,CT_0014_16K,CT_0014,16K,CLINICAL_TRIALS,RETRIEVAL_CALCULATION,False,0,1,16340,13.996120363033047
phi4mini,Phi-4-mini-instruct,FRED_0103_8K,FRED_0103,8K,FRED,ENTITY_UNIT_BINDING,True,1,0,8181,12.99806148563642
phi4mini,Phi-4-mini-instruct,CT_0078_16K,CT_0078,16K,CLINICAL_TRIALS,ENTITY_UNIT_BINDING,True,1,0,16300,13.992584344005802
phi4mini,Phi-4-mini-instruct,FRED_0052_16K,FRED_0052,16K,FRED,RETRIEVAL_CALCULATION,False,0,1,16096,13.974414589805527
phi4mini,Phi-4-mini-instruct,FDA_0089_16K,FDA_0089,16K,FDA,TEMPORAL_VERSION,True,1,0,16248,13.987974524296153
phi4mini,Phi-4-mini-instruct,FRED_0040_16K,FRED_0040,16K,FRED,DIRECT_RETRIEVAL,True,1,0,16106,13.975310618056731
phi4mini,Phi-4-mini-instruct,CT_0039_16K,CT_0039,16K,CLINICAL_TRIALS,DIRECT_RETRIEVAL,True,1,0,16273,13.990192622332925
phi4mini,Phi-4-mini-instruct,FDA_0102_4K,FDA_0102,4K,FDA,ENTITY_UNIT_BINDING,True,1,0,4124,12.00982861736811
phi4mini,Phi-4-mini-instruct,FDA_0049_8K,FDA_0049,8K,FDA,RETRIEVAL_CALCULATION,False,0,1,8090,12.981923987317339
phi4mini,Phi-4-mini-instruct,FDA_0032_4K,FDA_0032,4K,FDA,DIRECT_RETRIEVAL,True,1,0,4226,12.04507705193494
phi4mini,Phi-4-mini-instruct,FDA_0009_4K,FDA_0009,4K,FDA,ENTITY_UNIT_BINDING,False,0,1,4177,12.028251428162793
phi4mini,Phi-4-mini-instruct,CT_0005_4K,CT_0005,4K,CLINICAL_TRIALS,DIRECT_RETRIEVAL,True,1,0,4166,12.024447124040647
phi4mini,Phi-4-mini-instruct,SEC_0014_8K,SEC_0014,8K,SEC,RETRIEVAL_CALCULATION,False,0,1,8205,13.002287618401075
phi4mini,Phi-4-mini-instruct,SEC_0075_16K,SEC_0075,16K,SEC,RETRIEVAL_CALCULATION,False,0,1,16224,13.985841937003341
phi4mini,Phi-4-mini-instruct,CT_0103_16K,CT_0103,16K,CLINICAL_TRIALS,ENTITY_UNIT_BINDING,True,1,0,16416,14.002815015607053
phi4mini,Phi-4-mini-instruct,FDA_0096_16K,FDA_0096,16K,FDA,ENTITY_UNIT_BINDING,False,0,1,16152,13.979425195331473
phi4mini,Phi-4-mini-instruct,FDA_0057_8K,FDA_0057,8K,FDA,RETRIEVAL_CALCULATION,False,0,1,8139,12.990635833003022
phi4mini,Phi-4-mini-instruct,FRED_0109_8K,FRED_0109,8K,FRED,UNANSWERABLE,True,1,0,8191,12.999823879015725
phi4mini,Phi-4-mini-instruct,SEC_0102_8K,SEC_0102,8K,SEC,ENTITY_UNIT_BINDING,True,1,0,8129,12.988862172783449
phi4mini,Phi-4-mini-instruct,CT_0125_8K,CT_0125,8K,CLINICAL_TRIALS,UNANSWERABLE,False,0,1,8181,12.99806148563642
phi4mini,Phi-4-mini-instruct,FRED_0116_16K,FRED_0116,16K,FRED,UNANSWERABLE,False,0,1,16135,13.977905957374304
phi4mini,Phi-4-mini-instruct,FDA_0074_4K,FDA_0074,4K,FDA,RETRIEVAL_CALCULATION,False,0,1,4163,12.023407843140218
phi4mini,Phi-4-mini-instruct,FRED_0056_16K,FRED_0056,16K,FRED,RETRIEVAL_CALCULATION,False,0,1,16199,13.98361713466118
phi4mini,Phi-4-mini-instruct,CT_0011_16K,CT_0011,16K,CLINICAL_TRIALS,RETRIEVAL_CALCULATION,False,0,1,16172,13.981210488271694
phi4mini,Phi-4-mini-instruct,CT_0005_8K,CT_0005,8K,CLINICAL_TRIALS,DIRECT_RETRIEVAL,True,1,0,8270,13.013671614058637
phi4mini,Phi-4-mini-instruct,FRED_0122_16K,FRED_0122,16K,FRED,UNANSWERABLE,False,0,1,16193,13.983082671192154
phi4mini,Phi-4-mini-instruct,FRED_0045_8K,FRED_0045,8K,FRED,DIRECT_RETRIEVAL,True,1,0,8157,12.993822936745916
phi4mini,Phi-4-mini-instruct,FRED_0101_8K,FRED_0101,8K,FRED,ENTITY_UNIT_BINDING,True,1,0,8212,13.003517912108602
phi4mini,Phi-4-mini-instruct,FRED_0008_8K,FRED_0008,8K,FRED,ENTITY_UNIT_BINDING,True,1,0,8165,12.995237170449057
phi4mini,Phi-4-mini-instruct,FRED_0094_4K,FRED_0094,4K,FRED,ENTITY_UNIT_BINDING,False,0,1,4167,12.024793384702548
phi4mini,Phi-4-mini-instruct,SEC_0121_4K,SEC_0121,4K,SEC,UNANSWERABLE,False,0,1,4148,12.018200178813226
phi4mini,Phi-4-mini-instruct,CT_0072_8K,CT_0072,8K,CLINICAL_TRIALS,RETRIEVAL_CALCULATION,False,0,1,8298,13.01854794187165
phi4mini,Phi-4-mini-instruct,FDA_0006_4K,FDA_0006,4K,FDA,ENTITY_UNIT_BINDING,True,1,0,4193,12.03376711484639
phi4mini,Phi-4-mini-instruct,CT_0098_8K,CT_0098,8K,CLINICAL_TRIALS,ENTITY_UNIT_BINDING,False,0,1,8330,13.02410078025291
phi4mini,Phi-4-mini-instruct,FRED_0093_4K,FRED_0093,4K,FRED,ENTITY_UNIT_BINDING,True,1,0,4147,12.017852331905962
phi4mini,Phi-4-mini-instruct,FDA_0115_16K,FDA_0115,16K,FDA,UNANSWERABLE,False,0,1,16187,13.982548009651426
phi4mini,Phi-4-mini-instruct,CT_0072_16K,CT_0072,16K,CLINICAL_TRIALS,RETRIEVAL_CALCULATION,False,0,1,16418,14.002990771840553
phi4mini,Phi-4-mini-instruct,FDA_0045_16K,FDA_0045,16K,FDA,DIRECT_RETRIEVAL,True,1,0,16121,13.97665361785045
phi4mini,Phi-4-mini-instruct,FDA_0032_8K,FDA_0032,8K,FDA,DIRECT_RETRIEVAL,True,1,0,8156,12.993646060016596
phi4mini,Phi-4-mini-instruct,SEC_0039_4K,SEC_0039,4K,SEC,DIRECT_RETRIEVAL,True,1,0,4137,12.014369242235137
phi4mini,Phi-4-mini-instruct,FDA_0048_16K,FDA_0048,16K,FDA,RETRIEVAL_CALCULATION,False,0,1,16198,13.983528071165095
phi4mini,Phi-4-mini-instruct,FDA_0071_16K,FDA_0071,16K,FDA,RETRIEVAL_CALCULATION,False,0,1,16198,13.983528071165095
phi4mini,Phi-4-mini-instruct,FRED_0065_8K,FRED_0065,8K,FRED,RETRIEVAL_CALCULATION,False,0,1,8190,12.99964773652837
phi4mini,Phi-4-mini-instruct,FRED_0125_4K,FRED_0125,4K,FRED,UNANSWERABLE,True,1,0,4200,12.036173612553485
phi4mini,Phi-4-mini-instruct,FDA_0040_16K,FDA_0040,16K,FDA,DIRECT_RETRIEVAL,True,1,0,16202,13.983884292164655
phi4mini,Phi-4-mini-instruct,FRED_0001_4K,FRED_0001,4K,FRED,DIRECT_RETRIEVAL,False,0,1,4165,12.02410078025291
phi4mini,Phi-4-mini-instruct,SEC_0018_4K,SEC_0018,4K,SEC,TEMPORAL_VERSION,True,1,0,4138,12.014717929860009
phi4mini,Phi-4-mini-instruct,FDA_0092_4K,FDA_0092,4K,FDA,ENTITY_UNIT_BINDING,True,1,0,4168,12.025139562278508
phi4mini,Phi-4-mini-instruct,FRED_0108_4K,FRED_0108,4K,FRED,UNANSWERABLE,True,1,0,4175,12.027560482248777
phi4mini,Phi-4-mini-instruct,SEC_0040_16K,SEC_0040,16K,SEC,DIRECT_RETRIEVAL,True,1,0,16273,13.990192622332925
phi4mini,Phi-4-mini-instruct,CT_0015_8K,CT_0015,8K,CLINICAL_TRIALS,RETRIEVAL_CALCULATION,False,0,1,8274,13.014369242235137
phi4mini,Phi-4-mini-instruct,FDA_0119_16K,FDA_0119,16K,FDA,UNANSWERABLE,False,0,1,16192,13.98299357469431
phi4mini,Phi-4-mini-instruct,CT_0045_16K,CT_0045,16K,CLINICAL_TRIALS,DIRECT_RETRIEVAL,True,1,0,16251,13.98824087619221
phi4mini,Phi-4-mini-instruct,CT_0051_4K,CT_0051,4K,CLINICAL_TRIALS,RETRIEVAL_CALCULATION,False,0,1,4220,12.043027283594547
phi4mini,Phi-4-mini-instruct,FRED_0054_4K,FRED_0054,4K,FRED,RETRIEVAL_CALCULATION,False,0,1,4218,12.042343379793692
phi4mini,Phi-4-mini-instruct,FRED_0089_8K,FRED_0089,8K,FRED,TEMPORAL_VERSION,False,0,1,8196,13.000704269011246
phi4mini,Phi-4-mini-instruct,CT_0021_8K,CT_0021,8K,CLINICAL_TRIALS,UNANSWERABLE,False,0,1,8262,13.01227534485612
phi4mini,Phi-4-mini-instruct,SEC_0114_4K,SEC_0114,4K,SEC,UNANSWERABLE,True,1,0,4215,12.041316915829444
phi4mini,Phi-4-mini-instruct,SEC_0038_16K,SEC_0038,16K,SEC,DIRECT_RETRIEVAL,True,1,0,16309,13.993380704255898
phi4mini,Phi-4-mini-instruct,CT_0023_16K,CT_0023,16K,CLINICAL_TRIALS,UNANSWERABLE,False,0,1,16220,13.985486199104635
phi4mini,Phi-4-mini-instruct,FDA_0095_4K,FDA_0095,4K,FDA,ENTITY_UNIT_BINDING,True,1,0,4207,12.03857610276879
phi4mini,Phi-4-mini-instruct,FDA_0120_16K,FDA_0120,16K,FDA,UNANSWERABLE,False,0,1,16134,13.977816540594029
phi4mini,Phi-4-mini-instruct,FRED_0066_8K,FRED_0066,8K,FRED,RETRIEVAL_CALCULATION,False,0,1,8214,13.003869231979056
phi4mini,Phi-4-mini-instruct,FDA_0050_4K,FDA_0050,4K,FDA,RETRIEVAL_CALCULATION,False,0,1,4188,12.032045726930809
phi4mini,Phi-4-mini-instruct,SEC_0024_8K,SEC_0024,8K,SEC,UNANSWERABLE,True,1,0,8158,12.993999791792524
phi4mini,Phi-4-mini-instruct,FDA_0036_16K,FDA_0036,16K,FDA,DIRECT_RETRIEVAL,False,0,1,16165,13.980585887013447
phi4mini,Phi-4-mini-instruct,SEC_0068_8K,SEC_0068,8K,SEC,RETRIEVAL_CALCULATION,False,0,1,8292,13.017504401109415
phi4mini,Phi-4-mini-instruct,CT_0092_8K,CT_0092,8K,CLINICAL_TRIALS,ENTITY_UNIT_BINDING,True,1,0,8267,13.01314817145476
phi4mini,Phi-4-mini-instruct,CT_0008_4K,CT_0008,4K,CLINICAL_TRIALS,ENTITY_UNIT_BINDING,True,1,0,4209,12.039261794341055
phi4mini,Phi-4-mini-instruct,SEC_0117_4K,SEC_0117,4K,SEC,UNANSWERABLE,False,0,1,4209,12.039261794341055
phi4mini,Phi-4-mini-instruct,FRED_0064_4K,FRED_0064,4K,FRED,RETRIEVAL_CALCULATION,False,0,1,4169,12.025485656808389
phi4mini,Phi-4-mini-instruct,SEC_0029_8K,SEC_0029,8K,SEC,DIRECT_RETRIEVAL,True,1,0,8249,13.010003521295205
phi4mini,Phi-4-mini-instruct,SEC_0074_4K,SEC_0074,4K,SEC,RETRIEVAL_CALCULATION,False,0,1,4247,12.052228393347402
phi4mini,Phi-4-mini-instruct,FRED_0076_8K,FRED_0076,8K,FRED,TEMPORAL_VERSION,True,1,0,8181,12.99806148563642
phi4mini,Phi-4-mini-instruct,FRED_0043_8K,FRED_0043,8K,FRED,DIRECT_RETRIEVAL,False,0,1,8182,12.998237821888047
phi4mini,Phi-4-mini-instruct,FRED_0016_8K,FRED_0016,8K,FRED,RETRIEVAL_CALCULATION,True,1,0,8180,12.997885127829111
phi4mini,Phi-4-mini-instruct,CT_0110_4K,CT_0110,4K,CLINICAL_TRIALS,UNANSWERABLE,False,0,1,4235,12.04814625421956
phi4mini,Phi-4-mini-instruct,CT_0056_16K,CT_0056,16K,CLINICAL_TRIALS,RETRIEVAL_CALCULATION,False,0,1,16282,13.990990303530822
phi4mini,Phi-4-mini-instruct,FRED_0123_4K,FRED_0123,4K,FRED,UNANSWERABLE,True,1,0,4204,12.037546953962178
phi4mini,Phi-4-mini-instruct,SEC_0089_16K,SEC_0089,16K,SEC,TEMPORAL_VERSION,False,0,1,16356,13.997532347526366
phi4mini,Phi-4-mini-instruct,CT_0062_4K,CT_0062,4K,CLINICAL_TRIALS,RETRIEVAL_CALCULATION,False,0,1,4259,12.056299014550337
phi4mini,Phi-4-mini-instruct,CT_0042_16K,CT_0042,16K,CLINICAL_TRIALS,DIRECT_RETRIEVAL,True,1,0,16249,13.988063313725414
phi4mini,Phi-4-mini-instruct,FDA_0117_16K,FDA_0117,16K,FDA,UNANSWERABLE,False,0,1,16184,13.982280604558284
phi4mini,Phi-4-mini-instruct,CT_0104_16K,CT_0104,16K,CLINICAL_TRIALS,ENTITY_UNIT_BINDING,True,1,0,16346,13.996650019175894
phi4mini,Phi-4-mini-instruct,CT_0083_8K,CT_0083,8K,CLINICAL_TRIALS,ENTITY_UNIT_BINDING,False,0,1,8233,13.007202510749742
phi4mini,Phi-4-mini-instruct,SEC_0059_16K,SEC_0059,16K,SEC,RETRIEVAL_CALCULATION,False,0,1,16233,13.986642026703608
phi4mini,Phi-4-mini-instruct,FRED_0059_16K,FRED_0059,16K,FRED,RETRIEVAL_CALCULATION,False,0,1,16142,13.978531719709377
phi4mini,Phi-4-mini-instruct,FRED_0051_4K,FRED_0051,4K,FRED,RETRIEVAL_CALCULATION,False,0,1,4206,12.03823313473178
phi4mini,Phi-4-mini-instruct,FDA_0116_16K,FDA_0116,16K,FDA,UNANSWERABLE,False,0,1,16133,13.97772711827145
phi4mini,Phi-4-mini-instruct,SEC_0098_4K,SEC_0098,4K,SEC,ENTITY_UNIT_BINDING,True,1,0,4153,12.019938156424795
phi4mini,Phi-4-mini-instruct,SEC_0076_8K,SEC_0076,8K,SEC,RETRIEVAL_CALCULATION,False,0,1,8280,13.015415052386688
phi4mini,Phi-4-mini-instruct,CT_0062_8K,CT_0062,8K,CLINICAL_TRIALS,RETRIEVAL_CALCULATION,False,0,1,8335,13.02496648387378
phi4mini,Phi-4-mini-instruct,CT_0004_4K,CT_0004,4K,CLINICAL_TRIALS,DIRECT_RETRIEVAL,True,1,0,4188,12.032045726930809
phi4mini,Phi-4-mini-instruct,FRED_0124_16K,FRED_0124,16K,FRED,UNANSWERABLE,False,0,1,16192,13.98299357469431
phi4mini,Phi-4-mini-instruct,CT_0116_8K,CT_0116,8K,CLINICAL_TRIALS,UNANSWERABLE,False,0,1,8249,13.010003521295205
phi4mini,Phi-4-mini-instruct,CT_0107_8K,CT_0107,8K,CLINICAL_TRIALS,UNANSWERABLE,False,0,1,8229,13.006501407569434
phi4mini,Phi-4-mini-instruct,CT_0079_16K,CT_0079,16K,CLINICAL_TRIALS,ENTITY_UNIT_BINDING,True,1,0,16328,13.995060467032719
phi4mini,Phi-4-mini-instruct,FRED_0095_8K,FRED_0095,8K,FRED,ENTITY_UNIT_BINDING,True,1,0,8180,12.997885127829111
phi4mini,Phi-4-mini-instruct,FRED_0063_4K,FRED_0063,4K,FRED,RETRIEVAL_CALCULATION,False,0,1,4203,12.037203741151973
phi4mini,Phi-4-mini-instruct,CT_0099_4K,CT_0099,4K,CLINICAL_TRIALS,ENTITY_UNIT_BINDING,False,0,1,4277,12.062383491876334
phi4mini,Phi-4-mini-instruct,FRED_0045_16K,FRED_0045,16K,FRED,DIRECT_RETRIEVAL,True,1,0,16138,13.978174174468169
phi4mini,Phi-4-mini-instruct,FRED_0061_16K,FRED_0061,16K,FRED,RETRIEVAL_CALCULATION,False,0,1,16230,13.986375379435334
phi4mini,Phi-4-mini-instruct,SEC_0120_4K,SEC_0120,4K,SEC,UNANSWERABLE,False,0,1,4215,12.041316915829444
phi4mini,Phi-4-mini-instruct,FDA_0095_16K,FDA_0095,16K,FDA,ENTITY_UNIT_BINDING,False,0,1,16152,13.979425195331473
phi4mini,Phi-4-mini-instruct,FRED_0074_4K,FRED_0074,4K,FRED,TEMPORAL_VERSION,True,1,0,4205,12.037890085142507
phi4mini,Phi-4-mini-instruct,SEC_0103_4K,SEC_0103,4K,SEC,ENTITY_UNIT_BINDING,True,1,0,4217,12.042001306279133
phi4mini,Phi-4-mini-instruct,SEC_0112_8K,SEC_0112,8K,SEC,UNANSWERABLE,True,1,0,8213,13.003693582737847
phi4mini,Phi-4-mini-instruct,SEC_0059_8K,SEC_0059,8K,SEC,RETRIEVAL_CALCULATION,False,0,1,8209,13.002990771840553
phi4mini,Phi-4-mini-instruct,FDA_0116_4K,FDA_0116,4K,FDA,UNANSWERABLE,False,0,1,4202,12.036860446673046
phi4mini,Phi-4-mini-instruct,FRED_0033_8K,FRED_0033,8K,FRED,DIRECT_RETRIEVAL,False,0,1,8221,13.005098178239706
phi4mini,Phi-4-mini-instruct,CT_0020_8K,CT_0020,8K,CLINICAL_TRIALS,ENTITY_UNIT_BINDING,True,1,0,8289,13.016982347533649
phi4mini,Phi-4-mini-instruct,FDA_0054_16K,FDA_0054,16K,FDA,RETRIEVAL_CALCULATION,False,0,1,16195,13.98326084768255
phi4mini,Phi-4-mini-instruct,CT_0040_4K,CT_0040,4K,CLINICAL_TRIALS,DIRECT_RETRIEVAL,True,1,0,4188,12.032045726930809
phi4mini,Phi-4-mini-instruct,CT_0105_8K,CT_0105,8K,CLINICAL_TRIALS,ENTITY_UNIT_BINDING,True,1,0,8269,13.013497154291704
phi4mini,Phi-4-mini-instruct,SEC_0058_16K,SEC_0058,16K,SEC,RETRIEVAL_CALCULATION,False,0,1,16144,13.978710459106358
phi4mini,Phi-4-mini-instruct,FDA_0123_16K,FDA_0123,16K,FDA,UNANSWERABLE,False,0,1,16120,13.97656412341533
phi4mini,Phi-4-mini-instruct,SEC_0084_4K,SEC_0084,4K,SEC,TEMPORAL_VERSION,True,1,0,4172,12.026523442519766
phi4mini,Phi-4-mini-instruct,SEC_0015_4K,SEC_0015,4K,SEC,RETRIEVAL_CALCULATION,False,0,1,4172,12.026523442519766
phi4mini,Phi-4-mini-instruct,SEC_0014_4K,SEC_0014,4K,SEC,RETRIEVAL_CALCULATION,False,0,1,4233,12.04746477331842
phi4mini,Phi-4-mini-instruct,CT_0086_8K,CT_0086,8K,CLINICAL_TRIALS,ENTITY_UNIT_BINDING,False,0,1,8280,13.015415052386688
phi4mini,Phi-4-mini-instruct,SEC_0030_8K,SEC_0030,8K,SEC,DIRECT_RETRIEVAL,True,1,0,8236,13.007728114632254
phi4mini,Phi-4-mini-instruct,CT_0011_8K,CT_0011,8K,CLINICAL_TRIALS,RETRIEVAL_CALCULATION,False,0,1,8207,13.002639237959455
phi4mini,Phi-4-mini-instruct,FRED_0111_8K,FRED_0111,8K,FRED,UNANSWERABLE,True,1,0,8141,12.990990303530822
phi4mini,Phi-4-mini-instruct,CT_0064_4K,CT_0064,4K,CLINICAL_TRIALS,RETRIEVAL_CALCULATION,False,0,1,4272,12.060695931687555
phi4mini,Phi-4-mini-instruct,FRED_0012_16K,FRED_0012,16K,FRED,RETRIEVAL_CALCULATION,True,1,0,16168,13.980853606379736
phi4mini,Phi-4-mini-instruct,CT_0096_4K,CT_0096,4K,CLINICAL_TRIALS,ENTITY_UNIT_BINDING,True,1,0,4245,12.0515488384404
phi4mini,Phi-4-mini-instruct,FRED_0033_16K,FRED_0033,16K,FRED,DIRECT_RETRIEVAL,False,0,1,16197,13.983439002170414
phi4mini,Phi-4-mini-instruct,SEC_0046_8K,SEC_0046,8K,SEC,RETRIEVAL_CALCULATION,False,0,1,8294,13.017852331905962
phi4mini,Phi-4-mini-instruct,CT_0103_4K,CT_0103,4K,CLINICAL_TRIALS,ENTITY_UNIT_BINDING,True,1,0,4264,12.057991722759176
phi4mini,Phi-4-mini-instruct,FDA_0017_16K,FDA_0017,16K,FDA,RETRIEVAL_CALCULATION,False,0,1,16180,13.981923987317339
phi4mini,Phi-4-mini-instruct,FRED_0054_8K,FRED_0054,8K,FRED,RETRIEVAL_CALCULATION,False,0,1,8208,13.002815015607053
phi4mini,Phi-4-mini-instruct,SEC_0124_4K,SEC_0124,4K,SEC,UNANSWERABLE,False,0,1,4178,12.028596777067108
phi4mini,Phi-4-mini-instruct,CT_0089_4K,CT_0089,4K,CLINICAL_TRIALS,ENTITY_UNIT_BINDING,True,1,0,4181,12.029632328044137
phi4mini,Phi-4-mini-instruct,FDA_0022_16K,FDA_0022,16K,FDA,UNANSWERABLE,False,0,1,16173,13.981299694952254
phi4mini,Phi-4-mini-instruct,SEC_0044_16K,SEC_0044,16K,SEC,DIRECT_RETRIEVAL,True,1,0,16201,13.983795245160282
phi4mini,Phi-4-mini-instruct,FRED_0038_8K,FRED_0038,8K,FRED,DIRECT_RETRIEVAL,True,1,0,8163,12.994883741970835
phi4mini,Phi-4-mini-instruct,FRED_0119_16K,FRED_0119,16K,FRED,UNANSWERABLE,False,0,1,16183,13.982191458511918
phi4mini,Phi-4-mini-instruct,FRED_0055_8K,FRED_0055,8K,FRED,RETRIEVAL_CALCULATION,False,0,1,8222,13.005273656563938
phi4mini,Phi-4-mini-instruct,CT_0065_8K,CT_0065,8K,CLINICAL_TRIALS,RETRIEVAL_CALCULATION,False,0,1,8296,13.018200178813226
phi4mini,Phi-4-mini-instruct,FRED_0082_8K,FRED_0082,8K,FRED,TEMPORAL_VERSION,True,1,0,8174,12.996826528020659
phi4mini,Phi-4-mini-instruct,FRED_0014_8K,FRED_0014,8K,FRED,RETRIEVAL_CALCULATION,False,0,1,8184,12.99859042974533
phi4mini,Phi-4-mini-instruct,SEC_0065_8K,SEC_0065,8K,SEC,RETRIEVAL_CALCULATION,False,0,1,8241,13.008603695797012
phi4mini,Phi-4-mini-instruct,SEC_0094_8K,SEC_0094,8K,SEC,ENTITY_UNIT_BINDING,True,1,0,8185,12.998766701361516
phi4mini,Phi-4-mini-instruct,SEC_0032_16K,SEC_0032,16K,SEC,DIRECT_RETRIEVAL,True,1,0,16225,13.985930857773862
phi4mini,Phi-4-mini-instruct,CT_0105_16K,CT_0105,16K,CLINICAL_TRIALS,ENTITY_UNIT_BINDING,True,1,0,16334,13.9955905123663
phi4mini,Phi-4-mini-instruct,CT_0065_4K,CT_0065,4K,CLINICAL_TRIALS,RETRIEVAL_CALCULATION,False,0,1,4273,12.061033601681112
phi4mini,Phi-4-mini-instruct,FRED_0028_4K,FRED_0028,4K,FRED,DIRECT_RETRIEVAL,False,0,1,4213,12.040632200562253
phi4mini,Phi-4-mini-instruct,FRED_0072_8K,FRED_0072,8K,FRED,RETRIEVAL_CALCULATION,False,0,1,8204,13.002111776479852
phi4mini,Phi-4-mini-instruct,SEC_0025_8K,SEC_0025,8K,SEC,UNANSWERABLE,False,0,1,8204,13.002111776479852
phi4mini,Phi-4-mini-instruct,FRED_0002_4K,FRED_0002,4K,FRED,DIRECT_RETRIEVAL,False,0,1,4133,12.01297364837454
phi4mini,Phi-4-mini-instruct,CT_0043_16K,CT_0043,16K,CLINICAL_TRIALS,DIRECT_RETRIEVAL,True,1,0,16198,13.983528071165095
phi4mini,Phi-4-mini-instruct,CT_0003_4K,CT_0003,4K,CLINICAL_TRIALS,DIRECT_RETRIEVAL,True,1,0,4229,12.046100845028802
phi4mini,Phi-4-mini-instruct,FDA_0103_16K,FDA_0103,16K,FDA,ENTITY_UNIT_BINDING,False,0,1,16150,13.97924654446865
phi4mini,Phi-4-mini-instruct,CT_0001_4K,CT_0001,4K,CLINICAL_TRIALS,DIRECT_RETRIEVAL,True,1,0,4216,12.041659151637214
phi4mini,Phi-4-mini-instruct,FRED_0038_4K,FRED_0038,4K,FRED,DIRECT_RETRIEVAL,True,1,0,4185,12.031011907437707
phi4mini,Phi-4-mini-instruct,SEC_0094_4K,SEC_0094,4K,SEC,ENTITY_UNIT_BINDING,True,1,0,4131,12.01227534485612
phi4mini,Phi-4-mini-instruct,FRED_0125_8K,FRED_0125,8K,FRED,UNANSWERABLE,True,1,0,8144,12.991521846075695
phi4mini,Phi-4-mini-instruct,CT_0123_4K,CT_0123,4K,CLINICAL_TRIALS,UNANSWERABLE,False,0,1,4226,12.04507705193494
phi4mini,Phi-4-mini-instruct,FDA_0069_16K,FDA_0069,16K,FDA,RETRIEVAL_CALCULATION,False,0,1,16201,13.983795245160282
phi4mini,Phi-4-mini-instruct,SEC_0082_4K,SEC_0082,4K,SEC,TEMPORAL_VERSION,False,0,1,4247,12.052228393347402
phi4mini,Phi-4-mini-instruct,CT_0069_16K,CT_0069,16K,CLINICAL_TRIALS,RETRIEVAL_CALCULATION,True,1,0,16369,13.998678568245579
phi4mini,Phi-4-mini-instruct,FDA_0063_16K,FDA_0063,16K,FDA,RETRIEVAL_CALCULATION,False,0,1,16133,13.97772711827145
phi4mini,Phi-4-mini-instruct,SEC_0047_4K,SEC_0047,4K,SEC,RETRIEVAL_CALCULATION,False,0,1,4266,12.058668250340572
phi4mini,Phi-4-mini-instruct,FDA_0099_8K,FDA_0099,8K,FDA,ENTITY_UNIT_BINDING,True,1,0,8231,13.006852001748774
phi4mini,Phi-4-mini-instruct,FDA_0125_4K,FDA_0125,4K,FDA,UNANSWERABLE,False,0,1,4161,12.022714573044759
phi4mini,Phi-4-mini-instruct,FDA_0079_4K,FDA_0079,4K,FDA,TEMPORAL_VERSION,True,1,0,4234,12.047805554007589
phi4mini,Phi-4-mini-instruct,FDA_0039_16K,FDA_0039,16K,FDA,DIRECT_RETRIEVAL,True,1,0,16199,13.98361713466118
phi4mini,Phi-4-mini-instruct,CT_0080_8K,CT_0080,8K,CLINICAL_TRIALS,ENTITY_UNIT_BINDING,True,1,0,8228,13.006326078524934
phi4mini,Phi-4-mini-instruct,SEC_0073_8K,SEC_0073,8K,SEC,RETRIEVAL_CALCULATION,False,0,1,8273,13.014194866814499
phi4mini,Phi-4-mini-instruct,SEC_0063_16K,SEC_0063,16K,SEC,RETRIEVAL_CALCULATION,False,0,1,16285,13.991256099283266
phi4mini,Phi-4-mini-instruct,FDA_0082_16K,FDA_0082,16K,FDA,TEMPORAL_VERSION,True,1,0,16282,13.990990303530822
phi4mini,Phi-4-mini-instruct,CT_0037_4K,CT_0037,4K,CLINICAL_TRIALS,DIRECT_RETRIEVAL,True,1,0,4200,12.036173612553485
phi4mini,Phi-4-mini-instruct,FDA_0105_16K,FDA_0105,16K,FDA,ENTITY_UNIT_BINDING,False,0,1,16184,13.982280604558284
phi4mini,Phi-4-mini-instruct,SEC_0111_16K,SEC_0111,16K,SEC,UNANSWERABLE,True,1,0,16285,13.991256099283266
phi4mini,Phi-4-mini-instruct,FRED_0114_16K,FRED_0114,16K,FRED,UNANSWERABLE,True,1,0,16148,13.97906787148051
phi4mini,Phi-4-mini-instruct,CT_0089_8K,CT_0089,8K,CLINICAL_TRIALS,ENTITY_UNIT_BINDING,True,1,0,8237,13.007903273382047
phi4mini,Phi-4-mini-instruct,SEC_0103_16K,SEC_0103,16K,SEC,ENTITY_UNIT_BINDING,True,1,0,16253,13.988418416807852
phi4mini,Phi-4-mini-instruct,FDA_0052_4K,FDA_0052,4K,FDA,RETRIEVAL_CALCULATION,False,0,1,4195,12.034455095327186
phi4mini,Phi-4-mini-instruct,SEC_0108_4K,SEC_0108,4K,SEC,UNANSWERABLE,False,0,1,4146,12.017504401109415
phi4mini,Phi-4-mini-instruct,FRED_0065_4K,FRED_0065,4K,FRED,RETRIEVAL_CALCULATION,False,0,1,4193,12.03376711484639
phi4mini,Phi-4-mini-instruct,FDA_0081_4K,FDA_0081,4K,FDA,TEMPORAL_VERSION,True,1,0,4233,12.04746477331842
phi4mini,Phi-4-mini-instruct,FRED_0114_4K,FRED_0114,4K,FRED,UNANSWERABLE,False,0,1,4156,12.020979938904212
phi4mini,Phi-4-mini-instruct,FDA_0046_4K,FDA_0046,4K,FDA,RETRIEVAL_CALCULATION,True,1,0,4136,12.014020470314934
phi4mini,Phi-4-mini-instruct,FRED_0026_16K,FRED_0026,16K,FRED,DIRECT_RETRIEVAL,False,0,1,16160,13.980139577639157
phi4mini,Phi-4-mini-instruct,FRED_0050_8K,FRED_0050,8K,FRED,RETRIEVAL_CALCULATION,False,0,1,8226,13.005975356500382
phi4mini,Phi-4-mini-instruct,FDA_0016_4K,FDA_0016,4K,FDA,RETRIEVAL_CALCULATION,False,0,1,4220,12.043027283594547
phi4mini,Phi-4-mini-instruct,SEC_0054_8K,SEC_0054,8K,SEC,RETRIEVAL_CALCULATION,False,0,1,8287,13.016634206836763
phi4mini,Phi-4-mini-instruct,SEC_0060_16K,SEC_0060,16K,SEC,RETRIEVAL_CALCULATION,False,0,1,16275,13.99036992294036
phi4mini,Phi-4-mini-instruct,SEC_0008_16K,SEC_0008,16K,SEC,ENTITY_UNIT_BINDING,True,1,0,16266,13.989571898558868
phi4mini,Phi-4-mini-instruct,CT_0038_8K,CT_0038,8K,CLINICAL_TRIALS,DIRECT_RETRIEVAL,True,1,0,8252,13.010528105886484
phi4mini,Phi-4-mini-instruct,CT_0021_16K,CT_0021,16K,CLINICAL_TRIALS,UNANSWERABLE,False,0,1,16311,13.993557613519258
phi4mini,Phi-4-mini-instruct,SEC_0086_4K,SEC_0086,4K,SEC,TEMPORAL_VERSION,False,0,1,4176,12.027905996569885
phi4mini,Phi-4-mini-instruct,FRED_0082_4K,FRED_0082,4K,FRED,TEMPORAL_VERSION,False,0,1,4220,12.043027283594547
phi4mini,Phi-4-mini-instruct,FRED_0120_8K,FRED_0120,8K,FRED,UNANSWERABLE,False,0,1,8184,12.99859042974533
phi4mini,Phi-4-mini-instruct,FDA_0077_16K,FDA_0077,16K,FDA,RETRIEVAL_CALCULATION,False,0,1,16191,13.982904472693795
phi4mini,Phi-4-mini-instruct,CT_0121_16K,CT_0121,16K,CLINICAL_TRIALS,UNANSWERABLE,False,0,1,16204,13.984062369686436
phi4mini,Phi-4-mini-instruct,FRED_0081_4K,FRED_0081,4K,FRED,TEMPORAL_VERSION,True,1,0,4152,12.019590728357882
phi4mini,Phi-4-mini-instruct,FDA_0112_16K,FDA_0112,16K,FDA,UNANSWERABLE,False,0,1,16130,13.977458818043004
phi4mini,Phi-4-mini-instruct,CT_0017_8K,CT_0017,8K,CLINICAL_TRIALS,ENTITY_UNIT_BINDING,True,1,0,8196,13.000704269011246
phi4mini,Phi-4-mini-instruct,FRED_0078_16K,FRED_0078,16K,FRED,TEMPORAL_VERSION,True,1,0,16157,13.979871725726225
phi4mini,Phi-4-mini-instruct,CT_0113_4K,CT_0113,4K,CLINICAL_TRIALS,UNANSWERABLE,False,0,1,4210,12.039604517953759
phi4mini,Phi-4-mini-instruct,FRED_0018_16K,FRED_0018,16K,FRED,TEMPORAL_VERSION,False,0,1,16202,13.983884292164655
phi4mini,Phi-4-mini-instruct,CT_0040_16K,CT_0040,16K,CLINICAL_TRIALS,DIRECT_RETRIEVAL,True,1,0,16335,13.995678834325425
phi4mini,Phi-4-mini-instruct,FRED_0117_8K,FRED_0117,8K,FRED,UNANSWERABLE,True,1,0,8188,12.99929538702341
phi4mini,Phi-4-mini-instruct,SEC_0050_16K,SEC_0050,16K,SEC,RETRIEVAL_CALCULATION,False,0,1,16200,13.98370619265935
phi4mini,Phi-4-mini-instruct,CT_0071_4K,CT_0071,4K,CLINICAL_TRIALS,RETRIEVAL_CALCULATION,False,0,1,4236,12.048486873992337
phi4mini,Phi-4-mini-instruct,FRED_0098_8K,FRED_0098,8K,FRED,ENTITY_UNIT_BINDING,True,1,0,8196,13.000704269011246
phi4mini,Phi-4-mini-instruct,CT_0091_8K,CT_0091,8K,CLINICAL_TRIALS,ENTITY_UNIT_BINDING,False,0,1,8251,13.010353265549254
phi4mini,Phi-4-mini-instruct,FRED_0042_16K,FRED_0042,16K,FRED,DIRECT_RETRIEVAL,True,1,0,16144,13.978710459106358
phi4mini,Phi-4-mini-instruct,FDA_0031_8K,FDA_0031,8K,FDA,DIRECT_RETRIEVAL,True,1,0,8155,12.993469161599247
phi4mini,Phi-4-mini-instruct,CT_0099_16K,CT_0099,16K,CLINICAL_TRIALS,ENTITY_UNIT_BINDING,True,1,0,16469,14.007465336627055
phi4mini,Phi-4-mini-instruct,FDA_0083_8K,FDA_0083,8K,FDA,TEMPORAL_VERSION,True,1,0,8247,13.00965369223411
phi4mini,Phi-4-mini-instruct,SEC_0117_16K,SEC_0117,16K,SEC,UNANSWERABLE,True,1,0,16194,13.983171762188007
phi4mini,Phi-4-mini-instruct,CT_0029_4K,CT_0029,4K,CLINICAL_TRIALS,DIRECT_RETRIEVAL,True,1,0,4202,12.036860446673046
phi4mini,Phi-4-mini-instruct,CT_0073_4K,CT_0073,4K,CLINICAL_TRIALS,RETRIEVAL_CALCULATION,False,0,1,4139,12.015066533230291
phi4mini,Phi-4-mini-instruct,FRED_0040_4K,FRED_0040,4K,FRED,DIRECT_RETRIEVAL,True,1,0,4185,12.031011907437707
phi4mini,Phi-4-mini-instruct,CT_0087_16K,CT_0087,16K,CLINICAL_TRIALS,ENTITY_UNIT_BINDING,False,0,1,16355,13.99744413897014
phi4mini,Phi-4-mini-instruct,FDA_0125_8K,FDA_0125,8K,FDA,UNANSWERABLE,False,0,1,8181,12.99806148563642
phi4mini,Phi-4-mini-instruct,CT_0054_16K,CT_0054,16K,CLINICAL_TRIALS,RETRIEVAL_CALCULATION,False,0,1,16221,13.985575141803155
phi4mini,Phi-4-mini-instruct,FDA_0076_4K,FDA_0076,4K,FDA,RETRIEVAL_CALCULATION,False,0,1,4154,12.020285500844647
phi4mini,Phi-4-mini-instruct,FRED_0058_8K,FRED_0058,8K,FRED,RETRIEVAL_CALCULATION,False,0,1,8225,13.005799963509967
phi4mini,Phi-4-mini-instruct,FDA_0051_4K,FDA_0051,4K,FDA,RETRIEVAL_CALCULATION,False,0,1,4180,12.029287226968245
phi4mini,Phi-4-mini-instruct,CT_0035_16K,CT_0035,16K,CLINICAL_TRIALS,DIRECT_RETRIEVAL,True,1,0,16144,13.978710459106358
phi4mini,Phi-4-mini-instruct,FDA_0059_4K,FDA_0059,4K,FDA,RETRIEVAL_CALCULATION,False,0,1,4123,12.009478745888066
phi4mini,Phi-4-mini-instruct,FDA_0004_8K,FDA_0004,8K,FDA,DIRECT_RETRIEVAL,True,1,0,8161,12.99453022688921
phi4mini,Phi-4-mini-instruct,FDA_0111_16K,FDA_0111,16K,FDA,UNANSWERABLE,False,0,1,16183,13.982191458511918
phi4mini,Phi-4-mini-instruct,CT_0107_16K,CT_0107,16K,CLINICAL_TRIALS,UNANSWERABLE,False,0,1,16258,13.988862172783449
phi4mini,Phi-4-mini-instruct,CT_0109_8K,CT_0109,8K,CLINICAL_TRIALS,UNANSWERABLE,False,0,1,8178,12.997532347526366
phi4mini,Phi-4-mini-instruct,FDA_0111_8K,FDA_0111,8K,FDA,UNANSWERABLE,False,0,1,8135,12.98992663055989
phi4mini,Phi-4-mini-instruct,FDA_0004_16K,FDA_0004,16K,FDA,DIRECT_RETRIEVAL,True,1,0,16122,13.976743106734322
phi4mini,Phi-4-mini-instruct,CT_0002_16K,CT_0002,16K,CLINICAL_TRIALS,DIRECT_RETRIEVAL,True,1,0,16289,13.991610417462953
phi4mini,Phi-4-mini-instruct,CT_0060_4K,CT_0060,4K,CLINICAL_TRIALS,RETRIEVAL_CALCULATION,False,0,1,4246,12.051888655905378
phi4mini,Phi-4-mini-instruct,CT_0004_16K,CT_0004,16K,CLINICAL_TRIALS,DIRECT_RETRIEVAL,True,1,0,16290,13.99169898341288
phi4mini,Phi-4-mini-instruct,FRED_0101_16K,FRED_0101,16K,FRED,ENTITY_UNIT_BINDING,True,1,0,16210,13.984596470404904
phi4mini,Phi-4-mini-instruct,SEC_0043_4K,SEC_0043,4K,SEC,DIRECT_RETRIEVAL,True,1,0,4253,12.054265139625764
phi4mini,Phi-4-mini-instruct,FRED_0021_4K,FRED_0021,4K,FRED,UNANSWERABLE,True,1,0,4174,12.027214885159834
phi4mini,Phi-4-mini-instruct,FRED_0083_16K,FRED_0083,16K,FRED,TEMPORAL_VERSION,False,0,1,16168,13.980853606379736
phi4mini,Phi-4-mini-instruct,SEC_0011_4K,SEC_0011,4K,SEC,RETRIEVAL_CALCULATION,False,0,1,4147,12.017852331905962
phi4mini,Phi-4-mini-instruct,CT_0122_8K,CT_0122,8K,CLINICAL_TRIALS,UNANSWERABLE,False,0,1,8237,13.007903273382047
phi4mini,Phi-4-mini-instruct,FDA_0102_8K,FDA_0102,8K,FDA,ENTITY_UNIT_BINDING,True,1,0,8153,12.993115299679177
phi4mini,Phi-4-mini-instruct,FDA_0121_8K,FDA_0121,8K,FDA,UNANSWERABLE,False,0,1,8135,12.98992663055989
phi4mini,Phi-4-mini-instruct,FRED_0058_4K,FRED_0058,4K,FRED,RETRIEVAL_CALCULATION,False,0,1,4191,12.03307880613062
phi4mini,Phi-4-mini-instruct,SEC_0104_16K,SEC_0104,16K,SEC,ENTITY_UNIT_BINDING,True,1,0,16232,13.98655314975666
phi4mini,Phi-4-mini-instruct,FRED_0031_16K,FRED_0031,16K,FRED,DIRECT_RETRIEVAL,False,0,1,16114,13.976027040189834
phi4mini,Phi-4-mini-instruct,CT_0033_16K,CT_0033,16K,CLINICAL_TRIALS,DIRECT_RETRIEVAL,True,1,0,16245,13.987708123216846
phi4mini,Phi-4-mini-instruct,FDA_0033_16K,FDA_0033,16K,FDA,DIRECT_RETRIEVAL,True,1,0,16197,13.983439002170414
phi4mini,Phi-4-mini-instruct,FRED_0035_4K,FRED_0035,4K,FRED,DIRECT_RETRIEVAL,True,1,0,4185,12.031011907437707
phi4mini,Phi-4-mini-instruct,CT_0069_8K,CT_0069,8K,CLINICAL_TRIALS,RETRIEVAL_CALCULATION,False,0,1,8280,13.015415052386688
phi4mini,Phi-4-mini-instruct,SEC_0123_16K,SEC_0123,16K,SEC,UNANSWERABLE,True,1,0,16143,13.97862109217593
phi4mini,Phi-4-mini-instruct,CT_0125_16K,CT_0125,16K,CLINICAL_TRIALS,UNANSWERABLE,False,0,1,16211,13.984685467970762
phi4mini,Phi-4-mini-instruct,CT_0070_4K,CT_0070,4K,CLINICAL_TRIALS,RETRIEVAL_CALCULATION,False,0,1,4235,12.04814625421956
phi4mini,Phi-4-mini-instruct,SEC_0107_16K,SEC_0107,16K,SEC,UNANSWERABLE,True,1,0,16249,13.988063313725414
phi4mini,Phi-4-mini-instruct,FDA_0057_16K,FDA_0057,16K,FDA,RETRIEVAL_CALCULATION,False,0,1,16179,13.981834819231716
phi4mini,Phi-4-mini-instruct,FDA_0078_4K,FDA_0078,4K,FDA,TEMPORAL_VERSION,True,1,0,4169,12.025485656808389
phi4mini,Phi-4-mini-instruct,SEC_0032_4K,SEC_0032,4K,SEC,DIRECT_RETRIEVAL,True,1,0,4128,12.011227255423254
phi4mini,Phi-4-mini-instruct,FDA_0014_8K,FDA_0014,8K,FDA,RETRIEVAL_CALCULATION,False,0,1,8198,13.001056274634779
phi4mini,Phi-4-mini-instruct,FRED_0034_16K,FRED_0034,16K,FRED,DIRECT_RETRIEVAL,True,1,0,16100,13.974773067889341
phi4mini,Phi-4-mini-instruct,SEC_0122_8K,SEC_0122,8K,SEC,UNANSWERABLE,False,0,1,8143,12.991344686986519
phi4mini,Phi-4-mini-instruct,FDA_0120_8K,FDA_0120,8K,FDA,UNANSWERABLE,False,0,1,8187,12.999119179995297
phi4mini,Phi-4-mini-instruct,CT_0068_4K,CT_0068,4K,CLINICAL_TRIALS,RETRIEVAL_CALCULATION,False,0,1,4223,12.044052531801302
phi4mini,Phi-4-mini-instruct,SEC_0125_8K,SEC_0125,8K,SEC,UNANSWERABLE,True,1,0,8211,13.003342220086113
phi4mini,Phi-4-mini-instruct,FDA_0040_4K,FDA_0040,4K,FDA,DIRECT_RETRIEVAL,True,1,0,4191,12.03307880613062
phi4mini,Phi-4-mini-instruct,FRED_0024_8K,FRED_0024,8K,FRED,UNANSWERABLE,False,0,1,8144,12.991521846075695
phi4mini,Phi-4-mini-instruct,FRED_0108_8K,FRED_0108,8K,FRED,UNANSWERABLE,True,1,0,8156,12.993646060016596
phi4mini,Phi-4-mini-instruct,FDA_0085_8K,FDA_0085,8K,FDA,TEMPORAL_VERSION,True,1,0,8178,12.997532347526366
phi4mini,Phi-4-mini-instruct,SEC_0037_8K,SEC_0037,8K,SEC,DIRECT_RETRIEVAL,True,1,0,8189,12.999471572532684
