question_family_id,domain,question_type,state_sequence,inaccuracy_transition,hallucinatory_transition,grounded_transition,state_4K,state_8K,state_16K,state_32K,state_64K,state_82K
CT_0001,CLINICAL_TRIALS,DIRECT_RETRIEVAL,CORRECT|CORRECT|CORRECT|CORRECT|CORRECT|CORRECT,never_inaccurate,never_hallucinatory,never_grounded,CORRECT,CORRECT,CORRECT,CORRECT,CORRECT,CORRECT
CT_0002,CLINICAL_TRIALS,DIRECT_RETRIEVAL,CORRECT|CORRECT|CORRECT|CORRECT|CORRECT|CORRECT,never_inaccurate,never_hallucinatory,never_grounded,CORRECT,CORRECT,CORRECT,CORRECT,CORRECT,CORRECT
CT_0003,CLINICAL_TRIALS,DIRECT_RETRIEVAL,CORRECT|CORRECT|CORRECT|CORRECT|CORRECT|CORRECT,never_inaccurate,never_hallucinatory,never_grounded,CORRECT,CORRECT,CORRECT,CORRECT,CORRECT,CORRECT
CT_0004,CLINICAL_TRIALS,DIRECT_RETRIEVAL,CORRECT|CORRECT|CORRECT|CORRECT|CORRECT|CORRECT,never_inaccurate,never_hallucinatory,never_grounded,CORRECT,CORRECT,CORRECT,CORRECT,CORRECT,CORRECT
CT_0005,CLINICAL_TRIALS,DIRECT_RETRIEVAL,CORRECT|CORRECT|CORRECT|CORRECT|CORRECT|CORRECT,never_inaccurate,never_hallucinatory,never_grounded,CORRECT,CORRECT,CORRECT,CORRECT,CORRECT,CORRECT
CT_0006,CLINICAL_TRIALS,ENTITY_UNIT_BINDING,CORRECT|CORRECT|CORRECT|GROUNDED_INACCURACY|HALLUCINATORY_INACCURACY|GROUNDED_INACCURACY,first_inaccurate_at_32K,non_monotonic_or_recovered_after_hallucinatory,non_monotonic_or_recovered_after_grounded,CORRECT,CORRECT,CORRECT,GROUNDED_INACCURACY,HALLUCINATORY_INACCURACY,GROUNDED_INACCURACY
CT_0007,CLINICAL_TRIALS,ENTITY_UNIT_BINDING,CORRECT|CORRECT|CORRECT|CORRECT|CORRECT|CORRECT,never_inaccurate,never_hallucinatory,never_grounded,CORRECT,CORRECT,CORRECT,CORRECT,CORRECT,CORRECT
CT_0008,CLINICAL_TRIALS,ENTITY_UNIT_BINDING,CORRECT|CORRECT|CORRECT|CORRECT|GROUNDED_INACCURACY|CORRECT,non_monotonic_or_recovered_after_inaccurate,never_hallucinatory,non_monotonic_or_recovered_after_grounded,CORRECT,CORRECT,CORRECT,CORRECT,GROUNDED_INACCURACY,CORRECT
CT_0009,CLINICAL_TRIALS,ENTITY_UNIT_BINDING,CORRECT|CORRECT|CORRECT|GROUNDED_INACCURACY|GROUNDED_INACCURACY|GROUNDED_INACCURACY,first_inaccurate_at_32K,never_hallucinatory,first_grounded_at_32K,CORRECT,CORRECT,CORRECT,GROUNDED_INACCURACY,GROUNDED_INACCURACY,GROUNDED_INACCURACY
CT_0010,CLINICAL_TRIALS,RETRIEVAL_CALCULATION,CORRECT|HALLUCINATORY_INACCURACY|HALLUCINATORY_INACCURACY|GROUNDED_INACCURACY|GROUNDED_INACCURACY|HALLUCINATORY_INACCURACY,first_inaccurate_at_8K,non_monotonic_or_recovered_after_hallucinatory,non_monotonic_or_recovered_after_grounded,CORRECT,HALLUCINATORY_INACCURACY,HALLUCINATORY_INACCURACY,GROUNDED_INACCURACY,GROUNDED_INACCURACY,HALLUCINATORY_INACCURACY
CT_0011,CLINICAL_TRIALS,RETRIEVAL_CALCULATION,HALLUCINATORY_INACCURACY|HALLUCINATORY_INACCURACY|HALLUCINATORY_INACCURACY|HALLUCINATORY_INACCURACY|GROUNDED_INACCURACY|GROUNDED_INACCURACY,inaccurate_all_available_contexts,non_monotonic_or_recovered_after_hallucinatory,first_grounded_at_64K,HALLUCINATORY_INACCURACY,HALLUCINATORY_INACCURACY,HALLUCINATORY_INACCURACY,HALLUCINATORY_INACCURACY,GROUNDED_INACCURACY,GROUNDED_INACCURACY
CT_0012,CLINICAL_TRIALS,RETRIEVAL_CALCULATION,HALLUCINATORY_INACCURACY|HALLUCINATORY_INACCURACY|HALLUCINATORY_INACCURACY|HALLUCINATORY_INACCURACY|GROUNDED_INACCURACY|GROUNDED_INACCURACY,inaccurate_all_available_contexts,non_monotonic_or_recovered_after_hallucinatory,first_grounded_at_64K,HALLUCINATORY_INACCURACY,HALLUCINATORY_INACCURACY,HALLUCINATORY_INACCURACY,HALLUCINATORY_INACCURACY,GROUNDED_INACCURACY,GROUNDED_INACCURACY
CT_0013,CLINICAL_TRIALS,RETRIEVAL_CALCULATION,HALLUCINATORY_INACCURACY|HALLUCINATORY_INACCURACY|GROUNDED_INACCURACY|HALLUCINATORY_INACCURACY|HALLUCINATORY_INACCURACY|HALLUCINATORY_INACCURACY,inaccurate_all_available_contexts,non_monotonic_or_recovered_after_hallucinatory,non_monotonic_or_recovered_after_grounded,HALLUCINATORY_INACCURACY,HALLUCINATORY_INACCURACY,GROUNDED_INACCURACY,HALLUCINATORY_INACCURACY,HALLUCINATORY_INACCURACY,HALLUCINATORY_INACCURACY
CT_0014,CLINICAL_TRIALS,RETRIEVAL_CALCULATION,HALLUCINATORY_INACCURACY|HALLUCINATORY_INACCURACY|HALLUCINATORY_INACCURACY|HALLUCINATORY_INACCURACY|HALLUCINATORY_INACCURACY|HALLUCINATORY_INACCURACY,inaccurate_all_available_contexts,hallucinatory_all_available_contexts,never_grounded,HALLUCINATORY_INACCURACY,HALLUCINATORY_INACCURACY,HALLUCINATORY_INACCURACY,HALLUCINATORY_INACCURACY,HALLUCINATORY_INACCURACY,HALLUCINATORY_INACCURACY
CT_0015,CLINICAL_TRIALS,RETRIEVAL_CALCULATION,HALLUCINATORY_INACCURACY|HALLUCINATORY_INACCURACY|HALLUCINATORY_INACCURACY|HALLUCINATORY_INACCURACY|HALLUCINATORY_INACCURACY|HALLUCINATORY_INACCURACY,inaccurate_all_available_contexts,hallucinatory_all_available_contexts,never_grounded,HALLUCINATORY_INACCURACY,HALLUCINATORY_INACCURACY,HALLUCINATORY_INACCURACY,HALLUCINATORY_INACCURACY,HALLUCINATORY_INACCURACY,HALLUCINATORY_INACCURACY
CT_0016,CLINICAL_TRIALS,RETRIEVAL_CALCULATION,HALLUCINATORY_INACCURACY|GROUNDED_INACCURACY|GROUNDED_INACCURACY|HALLUCINATORY_INACCURACY|GROUNDED_INACCURACY|GROUNDED_INACCURACY,inaccurate_all_available_contexts,non_monotonic_or_recovered_after_hallucinatory,non_monotonic_or_recovered_after_grounded,HALLUCINATORY_INACCURACY,GROUNDED_INACCURACY,GROUNDED_INACCURACY,HALLUCINATORY_INACCURACY,GROUNDED_INACCURACY,GROUNDED_INACCURACY
CT_0017,CLINICAL_TRIALS,ENTITY_UNIT_BINDING,CORRECT|CORRECT|CORRECT|CORRECT|CORRECT|CORRECT,never_inaccurate,never_hallucinatory,never_grounded,CORRECT,CORRECT,CORRECT,CORRECT,CORRECT,CORRECT
CT_0018,CLINICAL_TRIALS,ENTITY_UNIT_BINDING,CORRECT|CORRECT|CORRECT|CORRECT|CORRECT|GROUNDED_INACCURACY,first_inaccurate_at_82K,never_hallucinatory,first_grounded_at_82K,CORRECT,CORRECT,CORRECT,CORRECT,CORRECT,GROUNDED_INACCURACY
CT_0019,CLINICAL_TRIALS,ENTITY_UNIT_BINDING,GROUNDED_INACCURACY|CORRECT|GROUNDED_INACCURACY|CORRECT|GROUNDED_INACCURACY|GROUNDED_INACCURACY,non_monotonic_or_recovered_after_inaccurate,never_hallucinatory,non_monotonic_or_recovered_after_grounded,GROUNDED_INACCURACY,CORRECT,GROUNDED_INACCURACY,CORRECT,GROUNDED_INACCURACY,GROUNDED_INACCURACY
CT_0020,CLINICAL_TRIALS,ENTITY_UNIT_BINDING,CORRECT|CORRECT|GROUNDED_INACCURACY|GROUNDED_INACCURACY|GROUNDED_INACCURACY|GROUNDED_INACCURACY,first_inaccurate_at_16K,never_hallucinatory,first_grounded_at_16K,CORRECT,CORRECT,GROUNDED_INACCURACY,GROUNDED_INACCURACY,GROUNDED_INACCURACY,GROUNDED_INACCURACY
CT_0021,CLINICAL_TRIALS,UNANSWERABLE,HALLUCINATORY_INACCURACY|HALLUCINATORY_INACCURACY|HALLUCINATORY_INACCURACY|HALLUCINATORY_INACCURACY|HALLUCINATORY_INACCURACY|HALLUCINATORY_INACCURACY,inaccurate_all_available_contexts,hallucinatory_all_available_contexts,never_grounded,HALLUCINATORY_INACCURACY,HALLUCINATORY_INACCURACY,HALLUCINATORY_INACCURACY,HALLUCINATORY_INACCURACY,HALLUCINATORY_INACCURACY,HALLUCINATORY_INACCURACY
CT_0022,CLINICAL_TRIALS,UNANSWERABLE,HALLUCINATORY_INACCURACY|HALLUCINATORY_INACCURACY|HALLUCINATORY_INACCURACY|HALLUCINATORY_INACCURACY|HALLUCINATORY_INACCURACY|HALLUCINATORY_INACCURACY,inaccurate_all_available_contexts,hallucinatory_all_available_contexts,never_grounded,HALLUCINATORY_INACCURACY,HALLUCINATORY_INACCURACY,HALLUCINATORY_INACCURACY,HALLUCINATORY_INACCURACY,HALLUCINATORY_INACCURACY,HALLUCINATORY_INACCURACY
CT_0023,CLINICAL_TRIALS,UNANSWERABLE,HALLUCINATORY_INACCURACY|HALLUCINATORY_INACCURACY|HALLUCINATORY_INACCURACY|HALLUCINATORY_INACCURACY|HALLUCINATORY_INACCURACY|HALLUCINATORY_INACCURACY,inaccurate_all_available_contexts,hallucinatory_all_available_contexts,never_grounded,HALLUCINATORY_INACCURACY,HALLUCINATORY_INACCURACY,HALLUCINATORY_INACCURACY,HALLUCINATORY_INACCURACY,HALLUCINATORY_INACCURACY,HALLUCINATORY_INACCURACY
CT_0024,CLINICAL_TRIALS,UNANSWERABLE,HALLUCINATORY_INACCURACY|HALLUCINATORY_INACCURACY|HALLUCINATORY_INACCURACY|HALLUCINATORY_INACCURACY|HALLUCINATORY_INACCURACY|HALLUCINATORY_INACCURACY,inaccurate_all_available_contexts,hallucinatory_all_available_contexts,never_grounded,HALLUCINATORY_INACCURACY,HALLUCINATORY_INACCURACY,HALLUCINATORY_INACCURACY,HALLUCINATORY_INACCURACY,HALLUCINATORY_INACCURACY,HALLUCINATORY_INACCURACY
CT_0025,CLINICAL_TRIALS,UNANSWERABLE,HALLUCINATORY_INACCURACY|HALLUCINATORY_INACCURACY|HALLUCINATORY_INACCURACY|HALLUCINATORY_INACCURACY|HALLUCINATORY_INACCURACY|HALLUCINATORY_INACCURACY,inaccurate_all_available_contexts,hallucinatory_all_available_contexts,never_grounded,HALLUCINATORY_INACCURACY,HALLUCINATORY_INACCURACY,HALLUCINATORY_INACCURACY,HALLUCINATORY_INACCURACY,HALLUCINATORY_INACCURACY,HALLUCINATORY_INACCURACY
CT_0026,CLINICAL_TRIALS,DIRECT_RETRIEVAL,CORRECT|CORRECT|CORRECT|CORRECT|CORRECT|CORRECT,never_inaccurate,never_hallucinatory,never_grounded,CORRECT,CORRECT,CORRECT,CORRECT,CORRECT,CORRECT
CT_0027,CLINICAL_TRIALS,DIRECT_RETRIEVAL,CORRECT|CORRECT|CORRECT|CORRECT|CORRECT|CORRECT,never_inaccurate,never_hallucinatory,never_grounded,CORRECT,CORRECT,CORRECT,CORRECT,CORRECT,CORRECT
CT_0028,CLINICAL_TRIALS,DIRECT_RETRIEVAL,CORRECT|CORRECT|CORRECT|CORRECT|CORRECT|CORRECT,never_inaccurate,never_hallucinatory,never_grounded,CORRECT,CORRECT,CORRECT,CORRECT,CORRECT,CORRECT
CT_0029,CLINICAL_TRIALS,DIRECT_RETRIEVAL,CORRECT|CORRECT|CORRECT|CORRECT|CORRECT|CORRECT,never_inaccurate,never_hallucinatory,never_grounded,CORRECT,CORRECT,CORRECT,CORRECT,CORRECT,CORRECT
CT_0030,CLINICAL_TRIALS,DIRECT_RETRIEVAL,CORRECT|CORRECT|CORRECT|CORRECT|CORRECT|CORRECT,never_inaccurate,never_hallucinatory,never_grounded,CORRECT,CORRECT,CORRECT,CORRECT,CORRECT,CORRECT
CT_0031,CLINICAL_TRIALS,DIRECT_RETRIEVAL,CORRECT|CORRECT|CORRECT|CORRECT|CORRECT|CORRECT,never_inaccurate,never_hallucinatory,never_grounded,CORRECT,CORRECT,CORRECT,CORRECT,CORRECT,CORRECT
CT_0032,CLINICAL_TRIALS,DIRECT_RETRIEVAL,CORRECT|CORRECT|CORRECT|CORRECT|CORRECT|CORRECT,never_inaccurate,never_hallucinatory,never_grounded,CORRECT,CORRECT,CORRECT,CORRECT,CORRECT,CORRECT
CT_0033,CLINICAL_TRIALS,DIRECT_RETRIEVAL,CORRECT|CORRECT|CORRECT|CORRECT|CORRECT|CORRECT,never_inaccurate,never_hallucinatory,never_grounded,CORRECT,CORRECT,CORRECT,CORRECT,CORRECT,CORRECT
CT_0034,CLINICAL_TRIALS,DIRECT_RETRIEVAL,CORRECT|CORRECT|CORRECT|CORRECT|CORRECT|CORRECT,never_inaccurate,never_hallucinatory,never_grounded,CORRECT,CORRECT,CORRECT,CORRECT,CORRECT,CORRECT
CT_0035,CLINICAL_TRIALS,DIRECT_RETRIEVAL,CORRECT|CORRECT|CORRECT|CORRECT|CORRECT|CORRECT,never_inaccurate,never_hallucinatory,never_grounded,CORRECT,CORRECT,CORRECT,CORRECT,CORRECT,CORRECT
CT_0036,CLINICAL_TRIALS,DIRECT_RETRIEVAL,CORRECT|CORRECT|CORRECT|CORRECT|CORRECT|CORRECT,never_inaccurate,never_hallucinatory,never_grounded,CORRECT,CORRECT,CORRECT,CORRECT,CORRECT,CORRECT
CT_0037,CLINICAL_TRIALS,DIRECT_RETRIEVAL,CORRECT|CORRECT|CORRECT|CORRECT|CORRECT|CORRECT,never_inaccurate,never_hallucinatory,never_grounded,CORRECT,CORRECT,CORRECT,CORRECT,CORRECT,CORRECT
CT_0038,CLINICAL_TRIALS,DIRECT_RETRIEVAL,CORRECT|CORRECT|CORRECT|CORRECT|CORRECT|CORRECT,never_inaccurate,never_hallucinatory,never_grounded,CORRECT,CORRECT,CORRECT,CORRECT,CORRECT,CORRECT
CT_0039,CLINICAL_TRIALS,DIRECT_RETRIEVAL,CORRECT|CORRECT|CORRECT|CORRECT|CORRECT|CORRECT,never_inaccurate,never_hallucinatory,never_grounded,CORRECT,CORRECT,CORRECT,CORRECT,CORRECT,CORRECT
CT_0040,CLINICAL_TRIALS,DIRECT_RETRIEVAL,CORRECT|CORRECT|CORRECT|CORRECT|CORRECT|CORRECT,never_inaccurate,never_hallucinatory,never_grounded,CORRECT,CORRECT,CORRECT,CORRECT,CORRECT,CORRECT
CT_0041,CLINICAL_TRIALS,DIRECT_RETRIEVAL,CORRECT|CORRECT|CORRECT|GROUNDED_INACCURACY|CORRECT|GROUNDED_INACCURACY,non_monotonic_or_recovered_after_inaccurate,never_hallucinatory,non_monotonic_or_recovered_after_grounded,CORRECT,CORRECT,CORRECT,GROUNDED_INACCURACY,CORRECT,GROUNDED_INACCURACY
CT_0042,CLINICAL_TRIALS,DIRECT_RETRIEVAL,CORRECT|CORRECT|CORRECT|CORRECT|CORRECT|CORRECT,never_inaccurate,never_hallucinatory,never_grounded,CORRECT,CORRECT,CORRECT,CORRECT,CORRECT,CORRECT
CT_0043,CLINICAL_TRIALS,DIRECT_RETRIEVAL,CORRECT|CORRECT|CORRECT|HALLUCINATORY_INACCURACY|CORRECT|CORRECT,non_monotonic_or_recovered_after_inaccurate,non_monotonic_or_recovered_after_hallucinatory,never_grounded,CORRECT,CORRECT,CORRECT,HALLUCINATORY_INACCURACY,CORRECT,CORRECT
CT_0044,CLINICAL_TRIALS,DIRECT_RETRIEVAL,CORRECT|CORRECT|CORRECT|CORRECT|CORRECT|CORRECT,never_inaccurate,never_hallucinatory,never_grounded,CORRECT,CORRECT,CORRECT,CORRECT,CORRECT,CORRECT
CT_0045,CLINICAL_TRIALS,DIRECT_RETRIEVAL,CORRECT|CORRECT|CORRECT|CORRECT|CORRECT|CORRECT,never_inaccurate,never_hallucinatory,never_grounded,CORRECT,CORRECT,CORRECT,CORRECT,CORRECT,CORRECT
CT_0046,CLINICAL_TRIALS,RETRIEVAL_CALCULATION,HALLUCINATORY_INACCURACY|HALLUCINATORY_INACCURACY|HALLUCINATORY_INACCURACY|HALLUCINATORY_INACCURACY|HALLUCINATORY_INACCURACY|GROUNDED_INACCURACY,inaccurate_all_available_contexts,non_monotonic_or_recovered_after_hallucinatory,first_grounded_at_82K,HALLUCINATORY_INACCURACY,HALLUCINATORY_INACCURACY,HALLUCINATORY_INACCURACY,HALLUCINATORY_INACCURACY,HALLUCINATORY_INACCURACY,GROUNDED_INACCURACY
CT_0047,CLINICAL_TRIALS,RETRIEVAL_CALCULATION,HALLUCINATORY_INACCURACY|HALLUCINATORY_INACCURACY|HALLUCINATORY_INACCURACY|HALLUCINATORY_INACCURACY|HALLUCINATORY_INACCURACY|HALLUCINATORY_INACCURACY,inaccurate_all_available_contexts,hallucinatory_all_available_contexts,never_grounded,HALLUCINATORY_INACCURACY,HALLUCINATORY_INACCURACY,HALLUCINATORY_INACCURACY,HALLUCINATORY_INACCURACY,HALLUCINATORY_INACCURACY,HALLUCINATORY_INACCURACY
CT_0048,CLINICAL_TRIALS,RETRIEVAL_CALCULATION,CORRECT|HALLUCINATORY_INACCURACY|HALLUCINATORY_INACCURACY|HALLUCINATORY_INACCURACY|HALLUCINATORY_INACCURACY|HALLUCINATORY_INACCURACY,first_inaccurate_at_8K,first_hallucinatory_at_8K,never_grounded,CORRECT,HALLUCINATORY_INACCURACY,HALLUCINATORY_INACCURACY,HALLUCINATORY_INACCURACY,HALLUCINATORY_INACCURACY,HALLUCINATORY_INACCURACY
CT_0049,CLINICAL_TRIALS,RETRIEVAL_CALCULATION,HALLUCINATORY_INACCURACY|HALLUCINATORY_INACCURACY|HALLUCINATORY_INACCURACY|GROUNDED_INACCURACY|HALLUCINATORY_INACCURACY|HALLUCINATORY_INACCURACY,inaccurate_all_available_contexts,non_monotonic_or_recovered_after_hallucinatory,non_monotonic_or_recovered_after_grounded,HALLUCINATORY_INACCURACY,HALLUCINATORY_INACCURACY,HALLUCINATORY_INACCURACY,GROUNDED_INACCURACY,HALLUCINATORY_INACCURACY,HALLUCINATORY_INACCURACY
CT_0050,CLINICAL_TRIALS,RETRIEVAL_CALCULATION,GROUNDED_INACCURACY|HALLUCINATORY_INACCURACY|HALLUCINATORY_INACCURACY|HALLUCINATORY_INACCURACY|GROUNDED_INACCURACY|GROUNDED_INACCURACY,inaccurate_all_available_contexts,non_monotonic_or_recovered_after_hallucinatory,non_monotonic_or_recovered_after_grounded,GROUNDED_INACCURACY,HALLUCINATORY_INACCURACY,HALLUCINATORY_INACCURACY,HALLUCINATORY_INACCURACY,GROUNDED_INACCURACY,GROUNDED_INACCURACY
CT_0051,CLINICAL_TRIALS,RETRIEVAL_CALCULATION,CORRECT|HALLUCINATORY_INACCURACY|HALLUCINATORY_INACCURACY|HALLUCINATORY_INACCURACY|GROUNDED_INACCURACY|GROUNDED_INACCURACY,first_inaccurate_at_8K,non_monotonic_or_recovered_after_hallucinatory,first_grounded_at_64K,CORRECT,HALLUCINATORY_INACCURACY,HALLUCINATORY_INACCURACY,HALLUCINATORY_INACCURACY,GROUNDED_INACCURACY,GROUNDED_INACCURACY
CT_0052,CLINICAL_TRIALS,RETRIEVAL_CALCULATION,CORRECT|HALLUCINATORY_INACCURACY|HALLUCINATORY_INACCURACY|HALLUCINATORY_INACCURACY|GROUNDED_INACCURACY|GROUNDED_INACCURACY,first_inaccurate_at_8K,non_monotonic_or_recovered_after_hallucinatory,first_grounded_at_64K,CORRECT,HALLUCINATORY_INACCURACY,HALLUCINATORY_INACCURACY,HALLUCINATORY_INACCURACY,GROUNDED_INACCURACY,GROUNDED_INACCURACY
CT_0053,CLINICAL_TRIALS,RETRIEVAL_CALCULATION,HALLUCINATORY_INACCURACY|HALLUCINATORY_INACCURACY|HALLUCINATORY_INACCURACY|HALLUCINATORY_INACCURACY|HALLUCINATORY_INACCURACY|HALLUCINATORY_INACCURACY,inaccurate_all_available_contexts,hallucinatory_all_available_contexts,never_grounded,HALLUCINATORY_INACCURACY,HALLUCINATORY_INACCURACY,HALLUCINATORY_INACCURACY,HALLUCINATORY_INACCURACY,HALLUCINATORY_INACCURACY,HALLUCINATORY_INACCURACY
CT_0054,CLINICAL_TRIALS,RETRIEVAL_CALCULATION,HALLUCINATORY_INACCURACY|HALLUCINATORY_INACCURACY|HALLUCINATORY_INACCURACY|HALLUCINATORY_INACCURACY|HALLUCINATORY_INACCURACY|GROUNDED_INACCURACY,inaccurate_all_available_contexts,non_monotonic_or_recovered_after_hallucinatory,first_grounded_at_82K,HALLUCINATORY_INACCURACY,HALLUCINATORY_INACCURACY,HALLUCINATORY_INACCURACY,HALLUCINATORY_INACCURACY,HALLUCINATORY_INACCURACY,GROUNDED_INACCURACY
CT_0055,CLINICAL_TRIALS,RETRIEVAL_CALCULATION,HALLUCINATORY_INACCURACY|HALLUCINATORY_INACCURACY|GROUNDED_INACCURACY|GROUNDED_INACCURACY|GROUNDED_INACCURACY|HALLUCINATORY_INACCURACY,inaccurate_all_available_contexts,non_monotonic_or_recovered_after_hallucinatory,non_monotonic_or_recovered_after_grounded,HALLUCINATORY_INACCURACY,HALLUCINATORY_INACCURACY,GROUNDED_INACCURACY,GROUNDED_INACCURACY,GROUNDED_INACCURACY,HALLUCINATORY_INACCURACY
CT_0056,CLINICAL_TRIALS,RETRIEVAL_CALCULATION,HALLUCINATORY_INACCURACY|GROUNDED_INACCURACY|HALLUCINATORY_INACCURACY|HALLUCINATORY_INACCURACY|GROUNDED_INACCURACY|GROUNDED_INACCURACY,inaccurate_all_available_contexts,non_monotonic_or_recovered_after_hallucinatory,non_monotonic_or_recovered_after_grounded,HALLUCINATORY_INACCURACY,GROUNDED_INACCURACY,HALLUCINATORY_INACCURACY,HALLUCINATORY_INACCURACY,GROUNDED_INACCURACY,GROUNDED_INACCURACY
CT_0057,CLINICAL_TRIALS,RETRIEVAL_CALCULATION,HALLUCINATORY_INACCURACY|HALLUCINATORY_INACCURACY|HALLUCINATORY_INACCURACY|HALLUCINATORY_INACCURACY|HALLUCINATORY_INACCURACY|GROUNDED_INACCURACY,inaccurate_all_available_contexts,non_monotonic_or_recovered_after_hallucinatory,first_grounded_at_82K,HALLUCINATORY_INACCURACY,HALLUCINATORY_INACCURACY,HALLUCINATORY_INACCURACY,HALLUCINATORY_INACCURACY,HALLUCINATORY_INACCURACY,GROUNDED_INACCURACY
CT_0058,CLINICAL_TRIALS,RETRIEVAL_CALCULATION,GROUNDED_INACCURACY|HALLUCINATORY_INACCURACY|HALLUCINATORY_INACCURACY|HALLUCINATORY_INACCURACY|HALLUCINATORY_INACCURACY|GROUNDED_INACCURACY,inaccurate_all_available_contexts,non_monotonic_or_recovered_after_hallucinatory,non_monotonic_or_recovered_after_grounded,GROUNDED_INACCURACY,HALLUCINATORY_INACCURACY,HALLUCINATORY_INACCURACY,HALLUCINATORY_INACCURACY,HALLUCINATORY_INACCURACY,GROUNDED_INACCURACY
CT_0059,CLINICAL_TRIALS,RETRIEVAL_CALCULATION,HALLUCINATORY_INACCURACY|HALLUCINATORY_INACCURACY|HALLUCINATORY_INACCURACY|HALLUCINATORY_INACCURACY|HALLUCINATORY_INACCURACY|HALLUCINATORY_INACCURACY,inaccurate_all_available_contexts,hallucinatory_all_available_contexts,never_grounded,HALLUCINATORY_INACCURACY,HALLUCINATORY_INACCURACY,HALLUCINATORY_INACCURACY,HALLUCINATORY_INACCURACY,HALLUCINATORY_INACCURACY,HALLUCINATORY_INACCURACY
CT_0060,CLINICAL_TRIALS,RETRIEVAL_CALCULATION,HALLUCINATORY_INACCURACY|HALLUCINATORY_INACCURACY|GROUNDED_INACCURACY|GROUNDED_INACCURACY|GROUNDED_INACCURACY|GROUNDED_INACCURACY,inaccurate_all_available_contexts,non_monotonic_or_recovered_after_hallucinatory,first_grounded_at_16K,HALLUCINATORY_INACCURACY,HALLUCINATORY_INACCURACY,GROUNDED_INACCURACY,GROUNDED_INACCURACY,GROUNDED_INACCURACY,GROUNDED_INACCURACY
CT_0061,CLINICAL_TRIALS,RETRIEVAL_CALCULATION,HALLUCINATORY_INACCURACY|HALLUCINATORY_INACCURACY|HALLUCINATORY_INACCURACY|HALLUCINATORY_INACCURACY|HALLUCINATORY_INACCURACY|HALLUCINATORY_INACCURACY,inaccurate_all_available_contexts,hallucinatory_all_available_contexts,never_grounded,HALLUCINATORY_INACCURACY,HALLUCINATORY_INACCURACY,HALLUCINATORY_INACCURACY,HALLUCINATORY_INACCURACY,HALLUCINATORY_INACCURACY,HALLUCINATORY_INACCURACY
CT_0062,CLINICAL_TRIALS,RETRIEVAL_CALCULATION,HALLUCINATORY_INACCURACY|HALLUCINATORY_INACCURACY|HALLUCINATORY_INACCURACY|HALLUCINATORY_INACCURACY|HALLUCINATORY_INACCURACY|HALLUCINATORY_INACCURACY,inaccurate_all_available_contexts,hallucinatory_all_available_contexts,never_grounded,HALLUCINATORY_INACCURACY,HALLUCINATORY_INACCURACY,HALLUCINATORY_INACCURACY,HALLUCINATORY_INACCURACY,HALLUCINATORY_INACCURACY,HALLUCINATORY_INACCURACY
CT_0063,CLINICAL_TRIALS,RETRIEVAL_CALCULATION,HALLUCINATORY_INACCURACY|HALLUCINATORY_INACCURACY|HALLUCINATORY_INACCURACY|HALLUCINATORY_INACCURACY|HALLUCINATORY_INACCURACY|HALLUCINATORY_INACCURACY,inaccurate_all_available_contexts,hallucinatory_all_available_contexts,never_grounded,HALLUCINATORY_INACCURACY,HALLUCINATORY_INACCURACY,HALLUCINATORY_INACCURACY,HALLUCINATORY_INACCURACY,HALLUCINATORY_INACCURACY,HALLUCINATORY_INACCURACY
CT_0064,CLINICAL_TRIALS,RETRIEVAL_CALCULATION,HALLUCINATORY_INACCURACY|HALLUCINATORY_INACCURACY|HALLUCINATORY_INACCURACY|GROUNDED_INACCURACY|HALLUCINATORY_INACCURACY|HALLUCINATORY_INACCURACY,inaccurate_all_available_contexts,non_monotonic_or_recovered_after_hallucinatory,non_monotonic_or_recovered_after_grounded,HALLUCINATORY_INACCURACY,HALLUCINATORY_INACCURACY,HALLUCINATORY_INACCURACY,GROUNDED_INACCURACY,HALLUCINATORY_INACCURACY,HALLUCINATORY_INACCURACY
CT_0065,CLINICAL_TRIALS,RETRIEVAL_CALCULATION,HALLUCINATORY_INACCURACY|HALLUCINATORY_INACCURACY|HALLUCINATORY_INACCURACY|GROUNDED_INACCURACY|GROUNDED_INACCURACY|GROUNDED_INACCURACY,inaccurate_all_available_contexts,non_monotonic_or_recovered_after_hallucinatory,first_grounded_at_32K,HALLUCINATORY_INACCURACY,HALLUCINATORY_INACCURACY,HALLUCINATORY_INACCURACY,GROUNDED_INACCURACY,GROUNDED_INACCURACY,GROUNDED_INACCURACY
CT_0066,CLINICAL_TRIALS,RETRIEVAL_CALCULATION,HALLUCINATORY_INACCURACY|HALLUCINATORY_INACCURACY|HALLUCINATORY_INACCURACY|HALLUCINATORY_INACCURACY|HALLUCINATORY_INACCURACY|HALLUCINATORY_INACCURACY,inaccurate_all_available_contexts,hallucinatory_all_available_contexts,never_grounded,HALLUCINATORY_INACCURACY,HALLUCINATORY_INACCURACY,HALLUCINATORY_INACCURACY,HALLUCINATORY_INACCURACY,HALLUCINATORY_INACCURACY,HALLUCINATORY_INACCURACY
CT_0067,CLINICAL_TRIALS,RETRIEVAL_CALCULATION,HALLUCINATORY_INACCURACY|HALLUCINATORY_INACCURACY|HALLUCINATORY_INACCURACY|HALLUCINATORY_INACCURACY|HALLUCINATORY_INACCURACY|HALLUCINATORY_INACCURACY,inaccurate_all_available_contexts,hallucinatory_all_available_contexts,never_grounded,HALLUCINATORY_INACCURACY,HALLUCINATORY_INACCURACY,HALLUCINATORY_INACCURACY,HALLUCINATORY_INACCURACY,HALLUCINATORY_INACCURACY,HALLUCINATORY_INACCURACY
CT_0068,CLINICAL_TRIALS,RETRIEVAL_CALCULATION,HALLUCINATORY_INACCURACY|HALLUCINATORY_INACCURACY|HALLUCINATORY_INACCURACY|HALLUCINATORY_INACCURACY|HALLUCINATORY_INACCURACY|HALLUCINATORY_INACCURACY,inaccurate_all_available_contexts,hallucinatory_all_available_contexts,never_grounded,HALLUCINATORY_INACCURACY,HALLUCINATORY_INACCURACY,HALLUCINATORY_INACCURACY,HALLUCINATORY_INACCURACY,HALLUCINATORY_INACCURACY,HALLUCINATORY_INACCURACY
CT_0069,CLINICAL_TRIALS,RETRIEVAL_CALCULATION,HALLUCINATORY_INACCURACY|HALLUCINATORY_INACCURACY|HALLUCINATORY_INACCURACY|HALLUCINATORY_INACCURACY|HALLUCINATORY_INACCURACY|HALLUCINATORY_INACCURACY,inaccurate_all_available_contexts,hallucinatory_all_available_contexts,never_grounded,HALLUCINATORY_INACCURACY,HALLUCINATORY_INACCURACY,HALLUCINATORY_INACCURACY,HALLUCINATORY_INACCURACY,HALLUCINATORY_INACCURACY,HALLUCINATORY_INACCURACY
CT_0070,CLINICAL_TRIALS,RETRIEVAL_CALCULATION,HALLUCINATORY_INACCURACY|HALLUCINATORY_INACCURACY|HALLUCINATORY_INACCURACY|HALLUCINATORY_INACCURACY|HALLUCINATORY_INACCURACY|HALLUCINATORY_INACCURACY,inaccurate_all_available_contexts,hallucinatory_all_available_contexts,never_grounded,HALLUCINATORY_INACCURACY,HALLUCINATORY_INACCURACY,HALLUCINATORY_INACCURACY,HALLUCINATORY_INACCURACY,HALLUCINATORY_INACCURACY,HALLUCINATORY_INACCURACY
CT_0071,CLINICAL_TRIALS,RETRIEVAL_CALCULATION,HALLUCINATORY_INACCURACY|HALLUCINATORY_INACCURACY|HALLUCINATORY_INACCURACY|HALLUCINATORY_INACCURACY|HALLUCINATORY_INACCURACY|HALLUCINATORY_INACCURACY,inaccurate_all_available_contexts,hallucinatory_all_available_contexts,never_grounded,HALLUCINATORY_INACCURACY,HALLUCINATORY_INACCURACY,HALLUCINATORY_INACCURACY,HALLUCINATORY_INACCURACY,HALLUCINATORY_INACCURACY,HALLUCINATORY_INACCURACY
CT_0072,CLINICAL_TRIALS,RETRIEVAL_CALCULATION,HALLUCINATORY_INACCURACY|HALLUCINATORY_INACCURACY|HALLUCINATORY_INACCURACY|HALLUCINATORY_INACCURACY|HALLUCINATORY_INACCURACY|HALLUCINATORY_INACCURACY,inaccurate_all_available_contexts,hallucinatory_all_available_contexts,never_grounded,HALLUCINATORY_INACCURACY,HALLUCINATORY_INACCURACY,HALLUCINATORY_INACCURACY,HALLUCINATORY_INACCURACY,HALLUCINATORY_INACCURACY,HALLUCINATORY_INACCURACY
CT_0073,CLINICAL_TRIALS,RETRIEVAL_CALCULATION,GROUNDED_INACCURACY|HALLUCINATORY_INACCURACY|HALLUCINATORY_INACCURACY|GROUNDED_INACCURACY|HALLUCINATORY_INACCURACY|GROUNDED_INACCURACY,inaccurate_all_available_contexts,non_monotonic_or_recovered_after_hallucinatory,non_monotonic_or_recovered_after_grounded,GROUNDED_INACCURACY,HALLUCINATORY_INACCURACY,HALLUCINATORY_INACCURACY,GROUNDED_INACCURACY,HALLUCINATORY_INACCURACY,GROUNDED_INACCURACY
CT_0074,CLINICAL_TRIALS,ENTITY_UNIT_BINDING,CORRECT|CORRECT|CORRECT|CORRECT|CORRECT|CORRECT,never_inaccurate,never_hallucinatory,never_grounded,CORRECT,CORRECT,CORRECT,CORRECT,CORRECT,CORRECT
CT_0075,CLINICAL_TRIALS,ENTITY_UNIT_BINDING,CORRECT|CORRECT|CORRECT|CORRECT|GROUNDED_INACCURACY|CORRECT,non_monotonic_or_recovered_after_inaccurate,never_hallucinatory,non_monotonic_or_recovered_after_grounded,CORRECT,CORRECT,CORRECT,CORRECT,GROUNDED_INACCURACY,CORRECT
CT_0076,CLINICAL_TRIALS,ENTITY_UNIT_BINDING,CORRECT|CORRECT|CORRECT|CORRECT|CORRECT|CORRECT,never_inaccurate,never_hallucinatory,never_grounded,CORRECT,CORRECT,CORRECT,CORRECT,CORRECT,CORRECT
CT_0077,CLINICAL_TRIALS,ENTITY_UNIT_BINDING,CORRECT|CORRECT|CORRECT|CORRECT|CORRECT|CORRECT,never_inaccurate,never_hallucinatory,never_grounded,CORRECT,CORRECT,CORRECT,CORRECT,CORRECT,CORRECT
CT_0078,CLINICAL_TRIALS,ENTITY_UNIT_BINDING,CORRECT|CORRECT|CORRECT|CORRECT|CORRECT|CORRECT,never_inaccurate,never_hallucinatory,never_grounded,CORRECT,CORRECT,CORRECT,CORRECT,CORRECT,CORRECT
CT_0079,CLINICAL_TRIALS,ENTITY_UNIT_BINDING,CORRECT|CORRECT|CORRECT|CORRECT|GROUNDED_INACCURACY|GROUNDED_INACCURACY,first_inaccurate_at_64K,never_hallucinatory,first_grounded_at_64K,CORRECT,CORRECT,CORRECT,CORRECT,GROUNDED_INACCURACY,GROUNDED_INACCURACY
CT_0080,CLINICAL_TRIALS,ENTITY_UNIT_BINDING,CORRECT|CORRECT|CORRECT|CORRECT|CORRECT|CORRECT,never_inaccurate,never_hallucinatory,never_grounded,CORRECT,CORRECT,CORRECT,CORRECT,CORRECT,CORRECT
CT_0081,CLINICAL_TRIALS,ENTITY_UNIT_BINDING,CORRECT|CORRECT|CORRECT|GROUNDED_INACCURACY|GROUNDED_INACCURACY|GROUNDED_INACCURACY,first_inaccurate_at_32K,never_hallucinatory,first_grounded_at_32K,CORRECT,CORRECT,CORRECT,GROUNDED_INACCURACY,GROUNDED_INACCURACY,GROUNDED_INACCURACY
CT_0082,CLINICAL_TRIALS,ENTITY_UNIT_BINDING,CORRECT|CORRECT|CORRECT|CORRECT|GROUNDED_INACCURACY|GROUNDED_INACCURACY,first_inaccurate_at_64K,never_hallucinatory,first_grounded_at_64K,CORRECT,CORRECT,CORRECT,CORRECT,GROUNDED_INACCURACY,GROUNDED_INACCURACY
CT_0083,CLINICAL_TRIALS,ENTITY_UNIT_BINDING,CORRECT|CORRECT|CORRECT|GROUNDED_INACCURACY|GROUNDED_INACCURACY|GROUNDED_INACCURACY,first_inaccurate_at_32K,never_hallucinatory,first_grounded_at_32K,CORRECT,CORRECT,CORRECT,GROUNDED_INACCURACY,GROUNDED_INACCURACY,GROUNDED_INACCURACY
CT_0084,CLINICAL_TRIALS,ENTITY_UNIT_BINDING,CORRECT|GROUNDED_INACCURACY|GROUNDED_INACCURACY|GROUNDED_INACCURACY|GROUNDED_INACCURACY|GROUNDED_INACCURACY,first_inaccurate_at_8K,never_hallucinatory,first_grounded_at_8K,CORRECT,GROUNDED_INACCURACY,GROUNDED_INACCURACY,GROUNDED_INACCURACY,GROUNDED_INACCURACY,GROUNDED_INACCURACY
CT_0085,CLINICAL_TRIALS,ENTITY_UNIT_BINDING,CORRECT|CORRECT|CORRECT|CORRECT|CORRECT|CORRECT,never_inaccurate,never_hallucinatory,never_grounded,CORRECT,CORRECT,CORRECT,CORRECT,CORRECT,CORRECT
CT_0086,CLINICAL_TRIALS,ENTITY_UNIT_BINDING,CORRECT|CORRECT|CORRECT|CORRECT|CORRECT|CORRECT,never_inaccurate,never_hallucinatory,never_grounded,CORRECT,CORRECT,CORRECT,CORRECT,CORRECT,CORRECT
CT_0087,CLINICAL_TRIALS,ENTITY_UNIT_BINDING,CORRECT|CORRECT|CORRECT|CORRECT|GROUNDED_INACCURACY|GROUNDED_INACCURACY,first_inaccurate_at_64K,never_hallucinatory,first_grounded_at_64K,CORRECT,CORRECT,CORRECT,CORRECT,GROUNDED_INACCURACY,GROUNDED_INACCURACY
CT_0088,CLINICAL_TRIALS,ENTITY_UNIT_BINDING,CORRECT|CORRECT|CORRECT|CORRECT|CORRECT|CORRECT,never_inaccurate,never_hallucinatory,never_grounded,CORRECT,CORRECT,CORRECT,CORRECT,CORRECT,CORRECT
CT_0089,CLINICAL_TRIALS,ENTITY_UNIT_BINDING,CORRECT|CORRECT|CORRECT|CORRECT|CORRECT|CORRECT,never_inaccurate,never_hallucinatory,never_grounded,CORRECT,CORRECT,CORRECT,CORRECT,CORRECT,CORRECT
CT_0090,CLINICAL_TRIALS,ENTITY_UNIT_BINDING,CORRECT|CORRECT|CORRECT|CORRECT|CORRECT|CORRECT,never_inaccurate,never_hallucinatory,never_grounded,CORRECT,CORRECT,CORRECT,CORRECT,CORRECT,CORRECT
CT_0091,CLINICAL_TRIALS,ENTITY_UNIT_BINDING,CORRECT|CORRECT|CORRECT|CORRECT|CORRECT|CORRECT,never_inaccurate,never_hallucinatory,never_grounded,CORRECT,CORRECT,CORRECT,CORRECT,CORRECT,CORRECT
CT_0092,CLINICAL_TRIALS,ENTITY_UNIT_BINDING,CORRECT|CORRECT|CORRECT|CORRECT|CORRECT|CORRECT,never_inaccurate,never_hallucinatory,never_grounded,CORRECT,CORRECT,CORRECT,CORRECT,CORRECT,CORRECT
CT_0093,CLINICAL_TRIALS,ENTITY_UNIT_BINDING,CORRECT|CORRECT|CORRECT|CORRECT|GROUNDED_INACCURACY|CORRECT,non_monotonic_or_recovered_after_inaccurate,never_hallucinatory,non_monotonic_or_recovered_after_grounded,CORRECT,CORRECT,CORRECT,CORRECT,GROUNDED_INACCURACY,CORRECT
CT_0094,CLINICAL_TRIALS,ENTITY_UNIT_BINDING,CORRECT|CORRECT|CORRECT|CORRECT|CORRECT|CORRECT,never_inaccurate,never_hallucinatory,never_grounded,CORRECT,CORRECT,CORRECT,CORRECT,CORRECT,CORRECT
CT_0095,CLINICAL_TRIALS,ENTITY_UNIT_BINDING,CORRECT|CORRECT|CORRECT|CORRECT|GROUNDED_INACCURACY|CORRECT,non_monotonic_or_recovered_after_inaccurate,never_hallucinatory,non_monotonic_or_recovered_after_grounded,CORRECT,CORRECT,CORRECT,CORRECT,GROUNDED_INACCURACY,CORRECT
CT_0096,CLINICAL_TRIALS,ENTITY_UNIT_BINDING,CORRECT|CORRECT|CORRECT|CORRECT|CORRECT|CORRECT,never_inaccurate,never_hallucinatory,never_grounded,CORRECT,CORRECT,CORRECT,CORRECT,CORRECT,CORRECT
CT_0097,CLINICAL_TRIALS,ENTITY_UNIT_BINDING,CORRECT|CORRECT|CORRECT|CORRECT|CORRECT|CORRECT,never_inaccurate,never_hallucinatory,never_grounded,CORRECT,CORRECT,CORRECT,CORRECT,CORRECT,CORRECT
CT_0098,CLINICAL_TRIALS,ENTITY_UNIT_BINDING,CORRECT|CORRECT|CORRECT|CORRECT|GROUNDED_INACCURACY|CORRECT,non_monotonic_or_recovered_after_inaccurate,never_hallucinatory,non_monotonic_or_recovered_after_grounded,CORRECT,CORRECT,CORRECT,CORRECT,GROUNDED_INACCURACY,CORRECT
CT_0099,CLINICAL_TRIALS,ENTITY_UNIT_BINDING,CORRECT|CORRECT|CORRECT|CORRECT|CORRECT|CORRECT,never_inaccurate,never_hallucinatory,never_grounded,CORRECT,CORRECT,CORRECT,CORRECT,CORRECT,CORRECT
CT_0100,CLINICAL_TRIALS,ENTITY_UNIT_BINDING,CORRECT|CORRECT|CORRECT|CORRECT|CORRECT|GROUNDED_INACCURACY,first_inaccurate_at_82K,never_hallucinatory,first_grounded_at_82K,CORRECT,CORRECT,CORRECT,CORRECT,CORRECT,GROUNDED_INACCURACY
CT_0101,CLINICAL_TRIALS,ENTITY_UNIT_BINDING,CORRECT|GROUNDED_INACCURACY|CORRECT|CORRECT|CORRECT|CORRECT,non_monotonic_or_recovered_after_inaccurate,never_hallucinatory,non_monotonic_or_recovered_after_grounded,CORRECT,GROUNDED_INACCURACY,CORRECT,CORRECT,CORRECT,CORRECT
CT_0102,CLINICAL_TRIALS,ENTITY_UNIT_BINDING,CORRECT|CORRECT|CORRECT|CORRECT|CORRECT|CORRECT,never_inaccurate,never_hallucinatory,never_grounded,CORRECT,CORRECT,CORRECT,CORRECT,CORRECT,CORRECT
CT_0103,CLINICAL_TRIALS,ENTITY_UNIT_BINDING,CORRECT|CORRECT|CORRECT|GROUNDED_INACCURACY|CORRECT|GROUNDED_INACCURACY,non_monotonic_or_recovered_after_inaccurate,never_hallucinatory,non_monotonic_or_recovered_after_grounded,CORRECT,CORRECT,CORRECT,GROUNDED_INACCURACY,CORRECT,GROUNDED_INACCURACY
CT_0104,CLINICAL_TRIALS,ENTITY_UNIT_BINDING,CORRECT|CORRECT|CORRECT|CORRECT|CORRECT|CORRECT,never_inaccurate,never_hallucinatory,never_grounded,CORRECT,CORRECT,CORRECT,CORRECT,CORRECT,CORRECT
CT_0105,CLINICAL_TRIALS,ENTITY_UNIT_BINDING,CORRECT|CORRECT|CORRECT|CORRECT|CORRECT|CORRECT,never_inaccurate,never_hallucinatory,never_grounded,CORRECT,CORRECT,CORRECT,CORRECT,CORRECT,CORRECT
CT_0106,CLINICAL_TRIALS,UNANSWERABLE,CORRECT|HALLUCINATORY_INACCURACY|HALLUCINATORY_INACCURACY|HALLUCINATORY_INACCURACY|HALLUCINATORY_INACCURACY|HALLUCINATORY_INACCURACY,first_inaccurate_at_8K,first_hallucinatory_at_8K,never_grounded,CORRECT,HALLUCINATORY_INACCURACY,HALLUCINATORY_INACCURACY,HALLUCINATORY_INACCURACY,HALLUCINATORY_INACCURACY,HALLUCINATORY_INACCURACY
CT_0107,CLINICAL_TRIALS,UNANSWERABLE,HALLUCINATORY_INACCURACY|HALLUCINATORY_INACCURACY|HALLUCINATORY_INACCURACY|HALLUCINATORY_INACCURACY|HALLUCINATORY_INACCURACY|HALLUCINATORY_INACCURACY,inaccurate_all_available_contexts,hallucinatory_all_available_contexts,never_grounded,HALLUCINATORY_INACCURACY,HALLUCINATORY_INACCURACY,HALLUCINATORY_INACCURACY,HALLUCINATORY_INACCURACY,HALLUCINATORY_INACCURACY,HALLUCINATORY_INACCURACY
CT_0108,CLINICAL_TRIALS,UNANSWERABLE,HALLUCINATORY_INACCURACY|HALLUCINATORY_INACCURACY|HALLUCINATORY_INACCURACY|HALLUCINATORY_INACCURACY|HALLUCINATORY_INACCURACY|HALLUCINATORY_INACCURACY,inaccurate_all_available_contexts,hallucinatory_all_available_contexts,never_grounded,HALLUCINATORY_INACCURACY,HALLUCINATORY_INACCURACY,HALLUCINATORY_INACCURACY,HALLUCINATORY_INACCURACY,HALLUCINATORY_INACCURACY,HALLUCINATORY_INACCURACY
CT_0109,CLINICAL_TRIALS,UNANSWERABLE,HALLUCINATORY_INACCURACY|HALLUCINATORY_INACCURACY|HALLUCINATORY_INACCURACY|HALLUCINATORY_INACCURACY|HALLUCINATORY_INACCURACY|HALLUCINATORY_INACCURACY,inaccurate_all_available_contexts,hallucinatory_all_available_contexts,never_grounded,HALLUCINATORY_INACCURACY,HALLUCINATORY_INACCURACY,HALLUCINATORY_INACCURACY,HALLUCINATORY_INACCURACY,HALLUCINATORY_INACCURACY,HALLUCINATORY_INACCURACY
CT_0110,CLINICAL_TRIALS,UNANSWERABLE,HALLUCINATORY_INACCURACY|HALLUCINATORY_INACCURACY|HALLUCINATORY_INACCURACY|HALLUCINATORY_INACCURACY|HALLUCINATORY_INACCURACY|HALLUCINATORY_INACCURACY,inaccurate_all_available_contexts,hallucinatory_all_available_contexts,never_grounded,HALLUCINATORY_INACCURACY,HALLUCINATORY_INACCURACY,HALLUCINATORY_INACCURACY,HALLUCINATORY_INACCURACY,HALLUCINATORY_INACCURACY,HALLUCINATORY_INACCURACY
CT_0111,CLINICAL_TRIALS,UNANSWERABLE,HALLUCINATORY_INACCURACY|HALLUCINATORY_INACCURACY|HALLUCINATORY_INACCURACY|HALLUCINATORY_INACCURACY|HALLUCINATORY_INACCURACY|HALLUCINATORY_INACCURACY,inaccurate_all_available_contexts,hallucinatory_all_available_contexts,never_grounded,HALLUCINATORY_INACCURACY,HALLUCINATORY_INACCURACY,HALLUCINATORY_INACCURACY,HALLUCINATORY_INACCURACY,HALLUCINATORY_INACCURACY,HALLUCINATORY_INACCURACY
CT_0112,CLINICAL_TRIALS,UNANSWERABLE,HALLUCINATORY_INACCURACY|HALLUCINATORY_INACCURACY|HALLUCINATORY_INACCURACY|HALLUCINATORY_INACCURACY|HALLUCINATORY_INACCURACY|HALLUCINATORY_INACCURACY,inaccurate_all_available_contexts,hallucinatory_all_available_contexts,never_grounded,HALLUCINATORY_INACCURACY,HALLUCINATORY_INACCURACY,HALLUCINATORY_INACCURACY,HALLUCINATORY_INACCURACY,HALLUCINATORY_INACCURACY,HALLUCINATORY_INACCURACY
CT_0113,CLINICAL_TRIALS,UNANSWERABLE,HALLUCINATORY_INACCURACY|HALLUCINATORY_INACCURACY|HALLUCINATORY_INACCURACY|HALLUCINATORY_INACCURACY|HALLUCINATORY_INACCURACY|HALLUCINATORY_INACCURACY,inaccurate_all_available_contexts,hallucinatory_all_available_contexts,never_grounded,HALLUCINATORY_INACCURACY,HALLUCINATORY_INACCURACY,HALLUCINATORY_INACCURACY,HALLUCINATORY_INACCURACY,HALLUCINATORY_INACCURACY,HALLUCINATORY_INACCURACY
CT_0114,CLINICAL_TRIALS,UNANSWERABLE,HALLUCINATORY_INACCURACY|HALLUCINATORY_INACCURACY|HALLUCINATORY_INACCURACY|HALLUCINATORY_INACCURACY|HALLUCINATORY_INACCURACY|HALLUCINATORY_INACCURACY,inaccurate_all_available_contexts,hallucinatory_all_available_contexts,never_grounded,HALLUCINATORY_INACCURACY,HALLUCINATORY_INACCURACY,HALLUCINATORY_INACCURACY,HALLUCINATORY_INACCURACY,HALLUCINATORY_INACCURACY,HALLUCINATORY_INACCURACY
CT_0115,CLINICAL_TRIALS,UNANSWERABLE,HALLUCINATORY_INACCURACY|HALLUCINATORY_INACCURACY|HALLUCINATORY_INACCURACY|HALLUCINATORY_INACCURACY|HALLUCINATORY_INACCURACY|HALLUCINATORY_INACCURACY,inaccurate_all_available_contexts,hallucinatory_all_available_contexts,never_grounded,HALLUCINATORY_INACCURACY,HALLUCINATORY_INACCURACY,HALLUCINATORY_INACCURACY,HALLUCINATORY_INACCURACY,HALLUCINATORY_INACCURACY,HALLUCINATORY_INACCURACY
CT_0116,CLINICAL_TRIALS,UNANSWERABLE,HALLUCINATORY_INACCURACY|HALLUCINATORY_INACCURACY|HALLUCINATORY_INACCURACY|HALLUCINATORY_INACCURACY|HALLUCINATORY_INACCURACY|HALLUCINATORY_INACCURACY,inaccurate_all_available_contexts,hallucinatory_all_available_contexts,never_grounded,HALLUCINATORY_INACCURACY,HALLUCINATORY_INACCURACY,HALLUCINATORY_INACCURACY,HALLUCINATORY_INACCURACY,HALLUCINATORY_INACCURACY,HALLUCINATORY_INACCURACY
CT_0117,CLINICAL_TRIALS,UNANSWERABLE,HALLUCINATORY_INACCURACY|HALLUCINATORY_INACCURACY|HALLUCINATORY_INACCURACY|HALLUCINATORY_INACCURACY|HALLUCINATORY_INACCURACY|HALLUCINATORY_INACCURACY,inaccurate_all_available_contexts,hallucinatory_all_available_contexts,never_grounded,HALLUCINATORY_INACCURACY,HALLUCINATORY_INACCURACY,HALLUCINATORY_INACCURACY,HALLUCINATORY_INACCURACY,HALLUCINATORY_INACCURACY,HALLUCINATORY_INACCURACY
CT_0118,CLINICAL_TRIALS,UNANSWERABLE,HALLUCINATORY_INACCURACY|HALLUCINATORY_INACCURACY|HALLUCINATORY_INACCURACY|HALLUCINATORY_INACCURACY|HALLUCINATORY_INACCURACY|HALLUCINATORY_INACCURACY,inaccurate_all_available_contexts,hallucinatory_all_available_contexts,never_grounded,HALLUCINATORY_INACCURACY,HALLUCINATORY_INACCURACY,HALLUCINATORY_INACCURACY,HALLUCINATORY_INACCURACY,HALLUCINATORY_INACCURACY,HALLUCINATORY_INACCURACY
CT_0119,CLINICAL_TRIALS,UNANSWERABLE,HALLUCINATORY_INACCURACY|HALLUCINATORY_INACCURACY|HALLUCINATORY_INACCURACY|HALLUCINATORY_INACCURACY|HALLUCINATORY_INACCURACY|HALLUCINATORY_INACCURACY,inaccurate_all_available_contexts,hallucinatory_all_available_contexts,never_grounded,HALLUCINATORY_INACCURACY,HALLUCINATORY_INACCURACY,HALLUCINATORY_INACCURACY,HALLUCINATORY_INACCURACY,HALLUCINATORY_INACCURACY,HALLUCINATORY_INACCURACY
CT_0120,CLINICAL_TRIALS,UNANSWERABLE,HALLUCINATORY_INACCURACY|HALLUCINATORY_INACCURACY|HALLUCINATORY_INACCURACY|HALLUCINATORY_INACCURACY|HALLUCINATORY_INACCURACY|HALLUCINATORY_INACCURACY,inaccurate_all_available_contexts,hallucinatory_all_available_contexts,never_grounded,HALLUCINATORY_INACCURACY,HALLUCINATORY_INACCURACY,HALLUCINATORY_INACCURACY,HALLUCINATORY_INACCURACY,HALLUCINATORY_INACCURACY,HALLUCINATORY_INACCURACY
CT_0121,CLINICAL_TRIALS,UNANSWERABLE,HALLUCINATORY_INACCURACY|HALLUCINATORY_INACCURACY|HALLUCINATORY_INACCURACY|HALLUCINATORY_INACCURACY|HALLUCINATORY_INACCURACY|HALLUCINATORY_INACCURACY,inaccurate_all_available_contexts,hallucinatory_all_available_contexts,never_grounded,HALLUCINATORY_INACCURACY,HALLUCINATORY_INACCURACY,HALLUCINATORY_INACCURACY,HALLUCINATORY_INACCURACY,HALLUCINATORY_INACCURACY,HALLUCINATORY_INACCURACY
CT_0122,CLINICAL_TRIALS,UNANSWERABLE,CORRECT|HALLUCINATORY_INACCURACY|HALLUCINATORY_INACCURACY|HALLUCINATORY_INACCURACY|HALLUCINATORY_INACCURACY|HALLUCINATORY_INACCURACY,first_inaccurate_at_8K,first_hallucinatory_at_8K,never_grounded,CORRECT,HALLUCINATORY_INACCURACY,HALLUCINATORY_INACCURACY,HALLUCINATORY_INACCURACY,HALLUCINATORY_INACCURACY,HALLUCINATORY_INACCURACY
CT_0123,CLINICAL_TRIALS,UNANSWERABLE,HALLUCINATORY_INACCURACY|HALLUCINATORY_INACCURACY|HALLUCINATORY_INACCURACY|HALLUCINATORY_INACCURACY|HALLUCINATORY_INACCURACY|HALLUCINATORY_INACCURACY,inaccurate_all_available_contexts,hallucinatory_all_available_contexts,never_grounded,HALLUCINATORY_INACCURACY,HALLUCINATORY_INACCURACY,HALLUCINATORY_INACCURACY,HALLUCINATORY_INACCURACY,HALLUCINATORY_INACCURACY,HALLUCINATORY_INACCURACY
CT_0124,CLINICAL_TRIALS,UNANSWERABLE,HALLUCINATORY_INACCURACY|HALLUCINATORY_INACCURACY|HALLUCINATORY_INACCURACY|HALLUCINATORY_INACCURACY|HALLUCINATORY_INACCURACY|HALLUCINATORY_INACCURACY,inaccurate_all_available_contexts,hallucinatory_all_available_contexts,never_grounded,HALLUCINATORY_INACCURACY,HALLUCINATORY_INACCURACY,HALLUCINATORY_INACCURACY,HALLUCINATORY_INACCURACY,HALLUCINATORY_INACCURACY,HALLUCINATORY_INACCURACY
CT_0125,CLINICAL_TRIALS,UNANSWERABLE,HALLUCINATORY_INACCURACY|HALLUCINATORY_INACCURACY|HALLUCINATORY_INACCURACY|HALLUCINATORY_INACCURACY|HALLUCINATORY_INACCURACY|HALLUCINATORY_INACCURACY,inaccurate_all_available_contexts,hallucinatory_all_available_contexts,never_grounded,HALLUCINATORY_INACCURACY,HALLUCINATORY_INACCURACY,HALLUCINATORY_INACCURACY,HALLUCINATORY_INACCURACY,HALLUCINATORY_INACCURACY,HALLUCINATORY_INACCURACY
FDA_0001,FDA,DIRECT_RETRIEVAL,CORRECT|CORRECT|CORRECT|CORRECT|CORRECT|CORRECT,never_inaccurate,never_hallucinatory,never_grounded,CORRECT,CORRECT,CORRECT,CORRECT,CORRECT,CORRECT
FDA_0002,FDA,DIRECT_RETRIEVAL,CORRECT|CORRECT|CORRECT|CORRECT|CORRECT|CORRECT,never_inaccurate,never_hallucinatory,never_grounded,CORRECT,CORRECT,CORRECT,CORRECT,CORRECT,CORRECT
FDA_0003,FDA,DIRECT_RETRIEVAL,CORRECT|CORRECT|CORRECT|CORRECT|CORRECT|CORRECT,never_inaccurate,never_hallucinatory,never_grounded,CORRECT,CORRECT,CORRECT,CORRECT,CORRECT,CORRECT
FDA_0004,FDA,DIRECT_RETRIEVAL,CORRECT|CORRECT|GROUNDED_INACCURACY|GROUNDED_INACCURACY|GROUNDED_INACCURACY|GROUNDED_INACCURACY,first_inaccurate_at_16K,never_hallucinatory,first_grounded_at_16K,CORRECT,CORRECT,GROUNDED_INACCURACY,GROUNDED_INACCURACY,GROUNDED_INACCURACY,GROUNDED_INACCURACY
FDA_0005,FDA,DIRECT_RETRIEVAL,CORRECT|CORRECT|CORRECT|CORRECT|GROUNDED_INACCURACY|GROUNDED_INACCURACY,first_inaccurate_at_64K,never_hallucinatory,first_grounded_at_64K,CORRECT,CORRECT,CORRECT,CORRECT,GROUNDED_INACCURACY,GROUNDED_INACCURACY
FDA_0006,FDA,ENTITY_UNIT_BINDING,CORRECT|GROUNDED_INACCURACY|CORRECT|GROUNDED_INACCURACY|CORRECT|GROUNDED_INACCURACY,non_monotonic_or_recovered_after_inaccurate,never_hallucinatory,non_monotonic_or_recovered_after_grounded,CORRECT,GROUNDED_INACCURACY,CORRECT,GROUNDED_INACCURACY,CORRECT,GROUNDED_INACCURACY
FDA_0007,FDA,ENTITY_UNIT_BINDING,GROUNDED_INACCURACY|HALLUCINATORY_INACCURACY|HALLUCINATORY_INACCURACY|HALLUCINATORY_INACCURACY|GROUNDED_INACCURACY|GROUNDED_INACCURACY,inaccurate_all_available_contexts,non_monotonic_or_recovered_after_hallucinatory,non_monotonic_or_recovered_after_grounded,GROUNDED_INACCURACY,HALLUCINATORY_INACCURACY,HALLUCINATORY_INACCURACY,HALLUCINATORY_INACCURACY,GROUNDED_INACCURACY,GROUNDED_INACCURACY
FDA_0008,FDA,ENTITY_UNIT_BINDING,CORRECT|GROUNDED_INACCURACY|CORRECT|CORRECT|CORRECT|CORRECT,non_monotonic_or_recovered_after_inaccurate,never_hallucinatory,non_monotonic_or_recovered_after_grounded,CORRECT,GROUNDED_INACCURACY,CORRECT,CORRECT,CORRECT,CORRECT
FDA_0009,FDA,ENTITY_UNIT_BINDING,HALLUCINATORY_INACCURACY|HALLUCINATORY_INACCURACY|HALLUCINATORY_INACCURACY|GROUNDED_INACCURACY|GROUNDED_INACCURACY|HALLUCINATORY_INACCURACY,inaccurate_all_available_contexts,non_monotonic_or_recovered_after_hallucinatory,non_monotonic_or_recovered_after_grounded,HALLUCINATORY_INACCURACY,HALLUCINATORY_INACCURACY,HALLUCINATORY_INACCURACY,GROUNDED_INACCURACY,GROUNDED_INACCURACY,HALLUCINATORY_INACCURACY
FDA_0010,FDA,RETRIEVAL_CALCULATION,HALLUCINATORY_INACCURACY|HALLUCINATORY_INACCURACY|HALLUCINATORY_INACCURACY|CORRECT|CORRECT|CORRECT,non_monotonic_or_recovered_after_inaccurate,non_monotonic_or_recovered_after_hallucinatory,never_grounded,HALLUCINATORY_INACCURACY,HALLUCINATORY_INACCURACY,HALLUCINATORY_INACCURACY,CORRECT,CORRECT,CORRECT
FDA_0011,FDA,RETRIEVAL_CALCULATION,HALLUCINATORY_INACCURACY|HALLUCINATORY_INACCURACY|CORRECT|CORRECT|HALLUCINATORY_INACCURACY|CORRECT,non_monotonic_or_recovered_after_inaccurate,non_monotonic_or_recovered_after_hallucinatory,never_grounded,HALLUCINATORY_INACCURACY,HALLUCINATORY_INACCURACY,CORRECT,CORRECT,HALLUCINATORY_INACCURACY,CORRECT
FDA_0012,FDA,RETRIEVAL_CALCULATION,HALLUCINATORY_INACCURACY|HALLUCINATORY_INACCURACY|CORRECT|HALLUCINATORY_INACCURACY|HALLUCINATORY_INACCURACY|HALLUCINATORY_INACCURACY,non_monotonic_or_recovered_after_inaccurate,non_monotonic_or_recovered_after_hallucinatory,never_grounded,HALLUCINATORY_INACCURACY,HALLUCINATORY_INACCURACY,CORRECT,HALLUCINATORY_INACCURACY,HALLUCINATORY_INACCURACY,HALLUCINATORY_INACCURACY
FDA_0013,FDA,RETRIEVAL_CALCULATION,HALLUCINATORY_INACCURACY|HALLUCINATORY_INACCURACY|HALLUCINATORY_INACCURACY|CORRECT|HALLUCINATORY_INACCURACY|HALLUCINATORY_INACCURACY,non_monotonic_or_recovered_after_inaccurate,non_monotonic_or_recovered_after_hallucinatory,never_grounded,HALLUCINATORY_INACCURACY,HALLUCINATORY_INACCURACY,HALLUCINATORY_INACCURACY,CORRECT,HALLUCINATORY_INACCURACY,HALLUCINATORY_INACCURACY
FDA_0014,FDA,RETRIEVAL_CALCULATION,CORRECT|HALLUCINATORY_INACCURACY|HALLUCINATORY_INACCURACY|HALLUCINATORY_INACCURACY|HALLUCINATORY_INACCURACY|HALLUCINATORY_INACCURACY,first_inaccurate_at_8K,first_hallucinatory_at_8K,never_grounded,CORRECT,HALLUCINATORY_INACCURACY,HALLUCINATORY_INACCURACY,HALLUCINATORY_INACCURACY,HALLUCINATORY_INACCURACY,HALLUCINATORY_INACCURACY
FDA_0015,FDA,RETRIEVAL_CALCULATION,HALLUCINATORY_INACCURACY|HALLUCINATORY_INACCURACY|HALLUCINATORY_INACCURACY|HALLUCINATORY_INACCURACY|HALLUCINATORY_INACCURACY|HALLUCINATORY_INACCURACY,inaccurate_all_available_contexts,hallucinatory_all_available_contexts,never_grounded,HALLUCINATORY_INACCURACY,HALLUCINATORY_INACCURACY,HALLUCINATORY_INACCURACY,HALLUCINATORY_INACCURACY,HALLUCINATORY_INACCURACY,HALLUCINATORY_INACCURACY
FDA_0016,FDA,RETRIEVAL_CALCULATION,HALLUCINATORY_INACCURACY|HALLUCINATORY_INACCURACY|HALLUCINATORY_INACCURACY|HALLUCINATORY_INACCURACY|HALLUCINATORY_INACCURACY|HALLUCINATORY_INACCURACY,inaccurate_all_available_contexts,hallucinatory_all_available_contexts,never_grounded,HALLUCINATORY_INACCURACY,HALLUCINATORY_INACCURACY,HALLUCINATORY_INACCURACY,HALLUCINATORY_INACCURACY,HALLUCINATORY_INACCURACY,HALLUCINATORY_INACCURACY
FDA_0017,FDA,RETRIEVAL_CALCULATION,HALLUCINATORY_INACCURACY|HALLUCINATORY_INACCURACY|HALLUCINATORY_INACCURACY|HALLUCINATORY_INACCURACY|HALLUCINATORY_INACCURACY|HALLUCINATORY_INACCURACY,inaccurate_all_available_contexts,hallucinatory_all_available_contexts,never_grounded,HALLUCINATORY_INACCURACY,HALLUCINATORY_INACCURACY,HALLUCINATORY_INACCURACY,HALLUCINATORY_INACCURACY,HALLUCINATORY_INACCURACY,HALLUCINATORY_INACCURACY
FDA_0018,FDA,TEMPORAL_VERSION,CORRECT|CORRECT|CORRECT|CORRECT|HALLUCINATORY_INACCURACY|GROUNDED_INACCURACY,first_inaccurate_at_64K,non_monotonic_or_recovered_after_hallucinatory,first_grounded_at_82K,CORRECT,CORRECT,CORRECT,CORRECT,HALLUCINATORY_INACCURACY,GROUNDED_INACCURACY
FDA_0019,FDA,TEMPORAL_VERSION,CORRECT|CORRECT|CORRECT|CORRECT|GROUNDED_INACCURACY|GROUNDED_INACCURACY,first_inaccurate_at_64K,never_hallucinatory,first_grounded_at_64K,CORRECT,CORRECT,CORRECT,CORRECT,GROUNDED_INACCURACY,GROUNDED_INACCURACY
FDA_0020,FDA,TEMPORAL_VERSION,CORRECT|CORRECT|GROUNDED_INACCURACY|HALLUCINATORY_INACCURACY|GROUNDED_INACCURACY|GROUNDED_INACCURACY,first_inaccurate_at_16K,non_monotonic_or_recovered_after_hallucinatory,non_monotonic_or_recovered_after_grounded,CORRECT,CORRECT,GROUNDED_INACCURACY,HALLUCINATORY_INACCURACY,GROUNDED_INACCURACY,GROUNDED_INACCURACY
FDA_0021,FDA,UNANSWERABLE,HALLUCINATORY_INACCURACY|HALLUCINATORY_INACCURACY|HALLUCINATORY_INACCURACY|HALLUCINATORY_INACCURACY|HALLUCINATORY_INACCURACY|HALLUCINATORY_INACCURACY,inaccurate_all_available_contexts,hallucinatory_all_available_contexts,never_grounded,HALLUCINATORY_INACCURACY,HALLUCINATORY_INACCURACY,HALLUCINATORY_INACCURACY,HALLUCINATORY_INACCURACY,HALLUCINATORY_INACCURACY,HALLUCINATORY_INACCURACY
FDA_0022,FDA,UNANSWERABLE,HALLUCINATORY_INACCURACY|HALLUCINATORY_INACCURACY|HALLUCINATORY_INACCURACY|HALLUCINATORY_INACCURACY|HALLUCINATORY_INACCURACY|HALLUCINATORY_INACCURACY,inaccurate_all_available_contexts,hallucinatory_all_available_contexts,never_grounded,HALLUCINATORY_INACCURACY,HALLUCINATORY_INACCURACY,HALLUCINATORY_INACCURACY,HALLUCINATORY_INACCURACY,HALLUCINATORY_INACCURACY,HALLUCINATORY_INACCURACY
FDA_0023,FDA,UNANSWERABLE,HALLUCINATORY_INACCURACY|HALLUCINATORY_INACCURACY|HALLUCINATORY_INACCURACY|HALLUCINATORY_INACCURACY|HALLUCINATORY_INACCURACY|HALLUCINATORY_INACCURACY,inaccurate_all_available_contexts,hallucinatory_all_available_contexts,never_grounded,HALLUCINATORY_INACCURACY,HALLUCINATORY_INACCURACY,HALLUCINATORY_INACCURACY,HALLUCINATORY_INACCURACY,HALLUCINATORY_INACCURACY,HALLUCINATORY_INACCURACY
FDA_0024,FDA,UNANSWERABLE,HALLUCINATORY_INACCURACY|HALLUCINATORY_INACCURACY|HALLUCINATORY_INACCURACY|HALLUCINATORY_INACCURACY|HALLUCINATORY_INACCURACY|HALLUCINATORY_INACCURACY,inaccurate_all_available_contexts,hallucinatory_all_available_contexts,never_grounded,HALLUCINATORY_INACCURACY,HALLUCINATORY_INACCURACY,HALLUCINATORY_INACCURACY,HALLUCINATORY_INACCURACY,HALLUCINATORY_INACCURACY,HALLUCINATORY_INACCURACY
FDA_0025,FDA,UNANSWERABLE,HALLUCINATORY_INACCURACY|HALLUCINATORY_INACCURACY|HALLUCINATORY_INACCURACY|HALLUCINATORY_INACCURACY|HALLUCINATORY_INACCURACY|HALLUCINATORY_INACCURACY,inaccurate_all_available_contexts,hallucinatory_all_available_contexts,never_grounded,HALLUCINATORY_INACCURACY,HALLUCINATORY_INACCURACY,HALLUCINATORY_INACCURACY,HALLUCINATORY_INACCURACY,HALLUCINATORY_INACCURACY,HALLUCINATORY_INACCURACY
FDA_0026,FDA,DIRECT_RETRIEVAL,CORRECT|CORRECT|CORRECT|CORRECT|CORRECT|CORRECT,never_inaccurate,never_hallucinatory,never_grounded,CORRECT,CORRECT,CORRECT,CORRECT,CORRECT,CORRECT
FDA_0027,FDA,DIRECT_RETRIEVAL,CORRECT|CORRECT|CORRECT|CORRECT|CORRECT|CORRECT,never_inaccurate,never_hallucinatory,never_grounded,CORRECT,CORRECT,CORRECT,CORRECT,CORRECT,CORRECT
FDA_0028,FDA,DIRECT_RETRIEVAL,CORRECT|CORRECT|CORRECT|CORRECT|CORRECT|CORRECT,never_inaccurate,never_hallucinatory,never_grounded,CORRECT,CORRECT,CORRECT,CORRECT,CORRECT,CORRECT
FDA_0029,FDA,DIRECT_RETRIEVAL,CORRECT|CORRECT|CORRECT|CORRECT|CORRECT|CORRECT,never_inaccurate,never_hallucinatory,never_grounded,CORRECT,CORRECT,CORRECT,CORRECT,CORRECT,CORRECT
FDA_0030,FDA,DIRECT_RETRIEVAL,CORRECT|CORRECT|CORRECT|CORRECT|CORRECT|CORRECT,never_inaccurate,never_hallucinatory,never_grounded,CORRECT,CORRECT,CORRECT,CORRECT,CORRECT,CORRECT
FDA_0031,FDA,DIRECT_RETRIEVAL,CORRECT|CORRECT|CORRECT|CORRECT|CORRECT|CORRECT,never_inaccurate,never_hallucinatory,never_grounded,CORRECT,CORRECT,CORRECT,CORRECT,CORRECT,CORRECT
FDA_0032,FDA,DIRECT_RETRIEVAL,CORRECT|CORRECT|CORRECT|CORRECT|CORRECT|CORRECT,never_inaccurate,never_hallucinatory,never_grounded,CORRECT,CORRECT,CORRECT,CORRECT,CORRECT,CORRECT
FDA_0033,FDA,DIRECT_RETRIEVAL,GROUNDED_INACCURACY|GROUNDED_INACCURACY|GROUNDED_INACCURACY|CORRECT|GROUNDED_INACCURACY|GROUNDED_INACCURACY,non_monotonic_or_recovered_after_inaccurate,never_hallucinatory,non_monotonic_or_recovered_after_grounded,GROUNDED_INACCURACY,GROUNDED_INACCURACY,GROUNDED_INACCURACY,CORRECT,GROUNDED_INACCURACY,GROUNDED_INACCURACY
FDA_0034,FDA,DIRECT_RETRIEVAL,CORRECT|CORRECT|CORRECT|CORRECT|CORRECT|CORRECT,never_inaccurate,never_hallucinatory,never_grounded,CORRECT,CORRECT,CORRECT,CORRECT,CORRECT,CORRECT
FDA_0035,FDA,DIRECT_RETRIEVAL,CORRECT|CORRECT|CORRECT|CORRECT|CORRECT|CORRECT,never_inaccurate,never_hallucinatory,never_grounded,CORRECT,CORRECT,CORRECT,CORRECT,CORRECT,CORRECT
FDA_0036,FDA,DIRECT_RETRIEVAL,CORRECT|CORRECT|CORRECT|CORRECT|CORRECT|CORRECT,never_inaccurate,never_hallucinatory,never_grounded,CORRECT,CORRECT,CORRECT,CORRECT,CORRECT,CORRECT
FDA_0037,FDA,DIRECT_RETRIEVAL,CORRECT|CORRECT|GROUNDED_INACCURACY|CORRECT|CORRECT|CORRECT,non_monotonic_or_recovered_after_inaccurate,never_hallucinatory,non_monotonic_or_recovered_after_grounded,CORRECT,CORRECT,GROUNDED_INACCURACY,CORRECT,CORRECT,CORRECT
FDA_0038,FDA,DIRECT_RETRIEVAL,CORRECT|CORRECT|CORRECT|CORRECT|CORRECT|CORRECT,never_inaccurate,never_hallucinatory,never_grounded,CORRECT,CORRECT,CORRECT,CORRECT,CORRECT,CORRECT
FDA_0039,FDA,DIRECT_RETRIEVAL,CORRECT|CORRECT|CORRECT|CORRECT|CORRECT|CORRECT,never_inaccurate,never_hallucinatory,never_grounded,CORRECT,CORRECT,CORRECT,CORRECT,CORRECT,CORRECT
FDA_0040,FDA,DIRECT_RETRIEVAL,CORRECT|CORRECT|CORRECT|CORRECT|CORRECT|CORRECT,never_inaccurate,never_hallucinatory,never_grounded,CORRECT,CORRECT,CORRECT,CORRECT,CORRECT,CORRECT
FDA_0041,FDA,DIRECT_RETRIEVAL,CORRECT|CORRECT|CORRECT|CORRECT|CORRECT|CORRECT,never_inaccurate,never_hallucinatory,never_grounded,CORRECT,CORRECT,CORRECT,CORRECT,CORRECT,CORRECT
FDA_0042,FDA,DIRECT_RETRIEVAL,CORRECT|CORRECT|CORRECT|CORRECT|CORRECT|CORRECT,never_inaccurate,never_hallucinatory,never_grounded,CORRECT,CORRECT,CORRECT,CORRECT,CORRECT,CORRECT
FDA_0043,FDA,DIRECT_RETRIEVAL,CORRECT|CORRECT|CORRECT|CORRECT|CORRECT|CORRECT,never_inaccurate,never_hallucinatory,never_grounded,CORRECT,CORRECT,CORRECT,CORRECT,CORRECT,CORRECT
FDA_0044,FDA,DIRECT_RETRIEVAL,CORRECT|CORRECT|CORRECT|CORRECT|CORRECT|CORRECT,never_inaccurate,never_hallucinatory,never_grounded,CORRECT,CORRECT,CORRECT,CORRECT,CORRECT,CORRECT
FDA_0045,FDA,DIRECT_RETRIEVAL,CORRECT|CORRECT|CORRECT|CORRECT|CORRECT|CORRECT,never_inaccurate,never_hallucinatory,never_grounded,CORRECT,CORRECT,CORRECT,CORRECT,CORRECT,CORRECT
FDA_0046,FDA,RETRIEVAL_CALCULATION,HALLUCINATORY_INACCURACY|HALLUCINATORY_INACCURACY|CORRECT|HALLUCINATORY_INACCURACY|HALLUCINATORY_INACCURACY|CORRECT,non_monotonic_or_recovered_after_inaccurate,non_monotonic_or_recovered_after_hallucinatory,never_grounded,HALLUCINATORY_INACCURACY,HALLUCINATORY_INACCURACY,CORRECT,HALLUCINATORY_INACCURACY,HALLUCINATORY_INACCURACY,CORRECT
FDA_0047,FDA,RETRIEVAL_CALCULATION,HALLUCINATORY_INACCURACY|HALLUCINATORY_INACCURACY|HALLUCINATORY_INACCURACY|HALLUCINATORY_INACCURACY|CORRECT|HALLUCINATORY_INACCURACY,non_monotonic_or_recovered_after_inaccurate,non_monotonic_or_recovered_after_hallucinatory,never_grounded,HALLUCINATORY_INACCURACY,HALLUCINATORY_INACCURACY,HALLUCINATORY_INACCURACY,HALLUCINATORY_INACCURACY,CORRECT,HALLUCINATORY_INACCURACY
FDA_0048,FDA,RETRIEVAL_CALCULATION,HALLUCINATORY_INACCURACY|HALLUCINATORY_INACCURACY|CORRECT|CORRECT|CORRECT|CORRECT,non_monotonic_or_recovered_after_inaccurate,non_monotonic_or_recovered_after_hallucinatory,never_grounded,HALLUCINATORY_INACCURACY,HALLUCINATORY_INACCURACY,CORRECT,CORRECT,CORRECT,CORRECT
FDA_0049,FDA,RETRIEVAL_CALCULATION,HALLUCINATORY_INACCURACY|HALLUCINATORY_INACCURACY|HALLUCINATORY_INACCURACY|HALLUCINATORY_INACCURACY|HALLUCINATORY_INACCURACY|HALLUCINATORY_INACCURACY,inaccurate_all_available_contexts,hallucinatory_all_available_contexts,never_grounded,HALLUCINATORY_INACCURACY,HALLUCINATORY_INACCURACY,HALLUCINATORY_INACCURACY,HALLUCINATORY_INACCURACY,HALLUCINATORY_INACCURACY,HALLUCINATORY_INACCURACY
FDA_0050,FDA,RETRIEVAL_CALCULATION,HALLUCINATORY_INACCURACY|HALLUCINATORY_INACCURACY|HALLUCINATORY_INACCURACY|HALLUCINATORY_INACCURACY|HALLUCINATORY_INACCURACY|CORRECT,non_monotonic_or_recovered_after_inaccurate,non_monotonic_or_recovered_after_hallucinatory,never_grounded,HALLUCINATORY_INACCURACY,HALLUCINATORY_INACCURACY,HALLUCINATORY_INACCURACY,HALLUCINATORY_INACCURACY,HALLUCINATORY_INACCURACY,CORRECT
FDA_0051,FDA,RETRIEVAL_CALCULATION,HALLUCINATORY_INACCURACY|HALLUCINATORY_INACCURACY|CORRECT|HALLUCINATORY_INACCURACY|CORRECT|CORRECT,non_monotonic_or_recovered_after_inaccurate,non_monotonic_or_recovered_after_hallucinatory,never_grounded,HALLUCINATORY_INACCURACY,HALLUCINATORY_INACCURACY,CORRECT,HALLUCINATORY_INACCURACY,CORRECT,CORRECT
FDA_0052,FDA,RETRIEVAL_CALCULATION,HALLUCINATORY_INACCURACY|HALLUCINATORY_INACCURACY|HALLUCINATORY_INACCURACY|HALLUCINATORY_INACCURACY|HALLUCINATORY_INACCURACY|HALLUCINATORY_INACCURACY,inaccurate_all_available_contexts,hallucinatory_all_available_contexts,never_grounded,HALLUCINATORY_INACCURACY,HALLUCINATORY_INACCURACY,HALLUCINATORY_INACCURACY,HALLUCINATORY_INACCURACY,HALLUCINATORY_INACCURACY,HALLUCINATORY_INACCURACY
FDA_0053,FDA,RETRIEVAL_CALCULATION,HALLUCINATORY_INACCURACY|HALLUCINATORY_INACCURACY|HALLUCINATORY_INACCURACY|CORRECT|HALLUCINATORY_INACCURACY|CORRECT,non_monotonic_or_recovered_after_inaccurate,non_monotonic_or_recovered_after_hallucinatory,never_grounded,HALLUCINATORY_INACCURACY,HALLUCINATORY_INACCURACY,HALLUCINATORY_INACCURACY,CORRECT,HALLUCINATORY_INACCURACY,CORRECT
FDA_0054,FDA,RETRIEVAL_CALCULATION,HALLUCINATORY_INACCURACY|HALLUCINATORY_INACCURACY|HALLUCINATORY_INACCURACY|CORRECT|CORRECT|CORRECT,non_monotonic_or_recovered_after_inaccurate,non_monotonic_or_recovered_after_hallucinatory,never_grounded,HALLUCINATORY_INACCURACY,HALLUCINATORY_INACCURACY,HALLUCINATORY_INACCURACY,CORRECT,CORRECT,CORRECT
FDA_0055,FDA,RETRIEVAL_CALCULATION,CORRECT|CORRECT|CORRECT|CORRECT|CORRECT|CORRECT,never_inaccurate,never_hallucinatory,never_grounded,CORRECT,CORRECT,CORRECT,CORRECT,CORRECT,CORRECT
FDA_0056,FDA,RETRIEVAL_CALCULATION,HALLUCINATORY_INACCURACY|HALLUCINATORY_INACCURACY|HALLUCINATORY_INACCURACY|CORRECT|CORRECT|CORRECT,non_monotonic_or_recovered_after_inaccurate,non_monotonic_or_recovered_after_hallucinatory,never_grounded,HALLUCINATORY_INACCURACY,HALLUCINATORY_INACCURACY,HALLUCINATORY_INACCURACY,CORRECT,CORRECT,CORRECT
FDA_0057,FDA,RETRIEVAL_CALCULATION,HALLUCINATORY_INACCURACY|HALLUCINATORY_INACCURACY|CORRECT|CORRECT|CORRECT|CORRECT,non_monotonic_or_recovered_after_inaccurate,non_monotonic_or_recovered_after_hallucinatory,never_grounded,HALLUCINATORY_INACCURACY,HALLUCINATORY_INACCURACY,CORRECT,CORRECT,CORRECT,CORRECT
FDA_0058,FDA,RETRIEVAL_CALCULATION,HALLUCINATORY_INACCURACY|HALLUCINATORY_INACCURACY|HALLUCINATORY_INACCURACY|HALLUCINATORY_INACCURACY|CORRECT|HALLUCINATORY_INACCURACY,non_monotonic_or_recovered_after_inaccurate,non_monotonic_or_recovered_after_hallucinatory,never_grounded,HALLUCINATORY_INACCURACY,HALLUCINATORY_INACCURACY,HALLUCINATORY_INACCURACY,HALLUCINATORY_INACCURACY,CORRECT,HALLUCINATORY_INACCURACY
FDA_0059,FDA,RETRIEVAL_CALCULATION,HALLUCINATORY_INACCURACY|HALLUCINATORY_INACCURACY|HALLUCINATORY_INACCURACY|CORRECT|HALLUCINATORY_INACCURACY|HALLUCINATORY_INACCURACY,non_monotonic_or_recovered_after_inaccurate,non_monotonic_or_recovered_after_hallucinatory,never_grounded,HALLUCINATORY_INACCURACY,HALLUCINATORY_INACCURACY,HALLUCINATORY_INACCURACY,CORRECT,HALLUCINATORY_INACCURACY,HALLUCINATORY_INACCURACY
FDA_0060,FDA,RETRIEVAL_CALCULATION,HALLUCINATORY_INACCURACY|HALLUCINATORY_INACCURACY|HALLUCINATORY_INACCURACY|CORRECT|CORRECT|HALLUCINATORY_INACCURACY,non_monotonic_or_recovered_after_inaccurate,non_monotonic_or_recovered_after_hallucinatory,never_grounded,HALLUCINATORY_INACCURACY,HALLUCINATORY_INACCURACY,HALLUCINATORY_INACCURACY,CORRECT,CORRECT,HALLUCINATORY_INACCURACY
FDA_0061,FDA,RETRIEVAL_CALCULATION,HALLUCINATORY_INACCURACY|HALLUCINATORY_INACCURACY|CORRECT|CORRECT|HALLUCINATORY_INACCURACY|CORRECT,non_monotonic_or_recovered_after_inaccurate,non_monotonic_or_recovered_after_hallucinatory,never_grounded,HALLUCINATORY_INACCURACY,HALLUCINATORY_INACCURACY,CORRECT,CORRECT,HALLUCINATORY_INACCURACY,CORRECT
FDA_0062,FDA,RETRIEVAL_CALCULATION,HALLUCINATORY_INACCURACY|HALLUCINATORY_INACCURACY|HALLUCINATORY_INACCURACY|HALLUCINATORY_INACCURACY|HALLUCINATORY_INACCURACY|HALLUCINATORY_INACCURACY,inaccurate_all_available_contexts,hallucinatory_all_available_contexts,never_grounded,HALLUCINATORY_INACCURACY,HALLUCINATORY_INACCURACY,HALLUCINATORY_INACCURACY,HALLUCINATORY_INACCURACY,HALLUCINATORY_INACCURACY,HALLUCINATORY_INACCURACY
FDA_0063,FDA,RETRIEVAL_CALCULATION,HALLUCINATORY_INACCURACY|HALLUCINATORY_INACCURACY|HALLUCINATORY_INACCURACY|HALLUCINATORY_INACCURACY|HALLUCINATORY_INACCURACY|HALLUCINATORY_INACCURACY,inaccurate_all_available_contexts,hallucinatory_all_available_contexts,never_grounded,HALLUCINATORY_INACCURACY,HALLUCINATORY_INACCURACY,HALLUCINATORY_INACCURACY,HALLUCINATORY_INACCURACY,HALLUCINATORY_INACCURACY,HALLUCINATORY_INACCURACY
FDA_0064,FDA,RETRIEVAL_CALCULATION,HALLUCINATORY_INACCURACY|HALLUCINATORY_INACCURACY|HALLUCINATORY_INACCURACY|HALLUCINATORY_INACCURACY|HALLUCINATORY_INACCURACY|HALLUCINATORY_INACCURACY,inaccurate_all_available_contexts,hallucinatory_all_available_contexts,never_grounded,HALLUCINATORY_INACCURACY,HALLUCINATORY_INACCURACY,HALLUCINATORY_INACCURACY,HALLUCINATORY_INACCURACY,HALLUCINATORY_INACCURACY,HALLUCINATORY_INACCURACY
FDA_0065,FDA,RETRIEVAL_CALCULATION,HALLUCINATORY_INACCURACY|HALLUCINATORY_INACCURACY|HALLUCINATORY_INACCURACY|HALLUCINATORY_INACCURACY|HALLUCINATORY_INACCURACY|HALLUCINATORY_INACCURACY,inaccurate_all_available_contexts,hallucinatory_all_available_contexts,never_grounded,HALLUCINATORY_INACCURACY,HALLUCINATORY_INACCURACY,HALLUCINATORY_INACCURACY,HALLUCINATORY_INACCURACY,HALLUCINATORY_INACCURACY,HALLUCINATORY_INACCURACY
FDA_0066,FDA,RETRIEVAL_CALCULATION,HALLUCINATORY_INACCURACY|HALLUCINATORY_INACCURACY|HALLUCINATORY_INACCURACY|HALLUCINATORY_INACCURACY|HALLUCINATORY_INACCURACY|HALLUCINATORY_INACCURACY,inaccurate_all_available_contexts,hallucinatory_all_available_contexts,never_grounded,HALLUCINATORY_INACCURACY,HALLUCINATORY_INACCURACY,HALLUCINATORY_INACCURACY,HALLUCINATORY_INACCURACY,HALLUCINATORY_INACCURACY,HALLUCINATORY_INACCURACY
FDA_0067,FDA,RETRIEVAL_CALCULATION,HALLUCINATORY_INACCURACY|HALLUCINATORY_INACCURACY|HALLUCINATORY_INACCURACY|HALLUCINATORY_INACCURACY|HALLUCINATORY_INACCURACY|HALLUCINATORY_INACCURACY,inaccurate_all_available_contexts,hallucinatory_all_available_contexts,never_grounded,HALLUCINATORY_INACCURACY,HALLUCINATORY_INACCURACY,HALLUCINATORY_INACCURACY,HALLUCINATORY_INACCURACY,HALLUCINATORY_INACCURACY,HALLUCINATORY_INACCURACY
FDA_0068,FDA,RETRIEVAL_CALCULATION,HALLUCINATORY_INACCURACY|HALLUCINATORY_INACCURACY|HALLUCINATORY_INACCURACY|HALLUCINATORY_INACCURACY|HALLUCINATORY_INACCURACY|HALLUCINATORY_INACCURACY,inaccurate_all_available_contexts,hallucinatory_all_available_contexts,never_grounded,HALLUCINATORY_INACCURACY,HALLUCINATORY_INACCURACY,HALLUCINATORY_INACCURACY,HALLUCINATORY_INACCURACY,HALLUCINATORY_INACCURACY,HALLUCINATORY_INACCURACY
FDA_0069,FDA,RETRIEVAL_CALCULATION,HALLUCINATORY_INACCURACY|HALLUCINATORY_INACCURACY|HALLUCINATORY_INACCURACY|HALLUCINATORY_INACCURACY|HALLUCINATORY_INACCURACY|HALLUCINATORY_INACCURACY,inaccurate_all_available_contexts,hallucinatory_all_available_contexts,never_grounded,HALLUCINATORY_INACCURACY,HALLUCINATORY_INACCURACY,HALLUCINATORY_INACCURACY,HALLUCINATORY_INACCURACY,HALLUCINATORY_INACCURACY,HALLUCINATORY_INACCURACY
FDA_0070,FDA,RETRIEVAL_CALCULATION,HALLUCINATORY_INACCURACY|HALLUCINATORY_INACCURACY|HALLUCINATORY_INACCURACY|HALLUCINATORY_INACCURACY|HALLUCINATORY_INACCURACY|HALLUCINATORY_INACCURACY,inaccurate_all_available_contexts,hallucinatory_all_available_contexts,never_grounded,HALLUCINATORY_INACCURACY,HALLUCINATORY_INACCURACY,HALLUCINATORY_INACCURACY,HALLUCINATORY_INACCURACY,HALLUCINATORY_INACCURACY,HALLUCINATORY_INACCURACY
FDA_0071,FDA,RETRIEVAL_CALCULATION,HALLUCINATORY_INACCURACY|HALLUCINATORY_INACCURACY|HALLUCINATORY_INACCURACY|HALLUCINATORY_INACCURACY|HALLUCINATORY_INACCURACY|HALLUCINATORY_INACCURACY,inaccurate_all_available_contexts,hallucinatory_all_available_contexts,never_grounded,HALLUCINATORY_INACCURACY,HALLUCINATORY_INACCURACY,HALLUCINATORY_INACCURACY,HALLUCINATORY_INACCURACY,HALLUCINATORY_INACCURACY,HALLUCINATORY_INACCURACY
FDA_0072,FDA,RETRIEVAL_CALCULATION,HALLUCINATORY_INACCURACY|HALLUCINATORY_INACCURACY|HALLUCINATORY_INACCURACY|HALLUCINATORY_INACCURACY|HALLUCINATORY_INACCURACY|HALLUCINATORY_INACCURACY,inaccurate_all_available_contexts,hallucinatory_all_available_contexts,never_grounded,HALLUCINATORY_INACCURACY,HALLUCINATORY_INACCURACY,HALLUCINATORY_INACCURACY,HALLUCINATORY_INACCURACY,HALLUCINATORY_INACCURACY,HALLUCINATORY_INACCURACY
FDA_0073,FDA,RETRIEVAL_CALCULATION,HALLUCINATORY_INACCURACY|HALLUCINATORY_INACCURACY|HALLUCINATORY_INACCURACY|HALLUCINATORY_INACCURACY|HALLUCINATORY_INACCURACY|HALLUCINATORY_INACCURACY,inaccurate_all_available_contexts,hallucinatory_all_available_contexts,never_grounded,HALLUCINATORY_INACCURACY,HALLUCINATORY_INACCURACY,HALLUCINATORY_INACCURACY,HALLUCINATORY_INACCURACY,HALLUCINATORY_INACCURACY,HALLUCINATORY_INACCURACY
FDA_0074,FDA,RETRIEVAL_CALCULATION,HALLUCINATORY_INACCURACY|HALLUCINATORY_INACCURACY|HALLUCINATORY_INACCURACY|HALLUCINATORY_INACCURACY|HALLUCINATORY_INACCURACY|HALLUCINATORY_INACCURACY,inaccurate_all_available_contexts,hallucinatory_all_available_contexts,never_grounded,HALLUCINATORY_INACCURACY,HALLUCINATORY_INACCURACY,HALLUCINATORY_INACCURACY,HALLUCINATORY_INACCURACY,HALLUCINATORY_INACCURACY,HALLUCINATORY_INACCURACY
FDA_0075,FDA,RETRIEVAL_CALCULATION,HALLUCINATORY_INACCURACY|HALLUCINATORY_INACCURACY|HALLUCINATORY_INACCURACY|HALLUCINATORY_INACCURACY|HALLUCINATORY_INACCURACY|HALLUCINATORY_INACCURACY,inaccurate_all_available_contexts,hallucinatory_all_available_contexts,never_grounded,HALLUCINATORY_INACCURACY,HALLUCINATORY_INACCURACY,HALLUCINATORY_INACCURACY,HALLUCINATORY_INACCURACY,HALLUCINATORY_INACCURACY,HALLUCINATORY_INACCURACY
FDA_0076,FDA,RETRIEVAL_CALCULATION,HALLUCINATORY_INACCURACY|HALLUCINATORY_INACCURACY|HALLUCINATORY_INACCURACY|HALLUCINATORY_INACCURACY|HALLUCINATORY_INACCURACY|HALLUCINATORY_INACCURACY,inaccurate_all_available_contexts,hallucinatory_all_available_contexts,never_grounded,HALLUCINATORY_INACCURACY,HALLUCINATORY_INACCURACY,HALLUCINATORY_INACCURACY,HALLUCINATORY_INACCURACY,HALLUCINATORY_INACCURACY,HALLUCINATORY_INACCURACY
FDA_0077,FDA,RETRIEVAL_CALCULATION,HALLUCINATORY_INACCURACY|HALLUCINATORY_INACCURACY|HALLUCINATORY_INACCURACY|HALLUCINATORY_INACCURACY|HALLUCINATORY_INACCURACY|HALLUCINATORY_INACCURACY,inaccurate_all_available_contexts,hallucinatory_all_available_contexts,never_grounded,HALLUCINATORY_INACCURACY,HALLUCINATORY_INACCURACY,HALLUCINATORY_INACCURACY,HALLUCINATORY_INACCURACY,HALLUCINATORY_INACCURACY,HALLUCINATORY_INACCURACY
FDA_0078,FDA,TEMPORAL_VERSION,CORRECT|CORRECT|HALLUCINATORY_INACCURACY|CORRECT|GROUNDED_INACCURACY|GROUNDED_INACCURACY,non_monotonic_or_recovered_after_inaccurate,non_monotonic_or_recovered_after_hallucinatory,first_grounded_at_64K,CORRECT,CORRECT,HALLUCINATORY_INACCURACY,CORRECT,GROUNDED_INACCURACY,GROUNDED_INACCURACY
FDA_0079,FDA,TEMPORAL_VERSION,CORRECT|GROUNDED_INACCURACY|GROUNDED_INACCURACY|HALLUCINATORY_INACCURACY|CORRECT|CORRECT,non_monotonic_or_recovered_after_inaccurate,non_monotonic_or_recovered_after_hallucinatory,non_monotonic_or_recovered_after_grounded,CORRECT,GROUNDED_INACCURACY,GROUNDED_INACCURACY,HALLUCINATORY_INACCURACY,CORRECT,CORRECT
FDA_0080,FDA,TEMPORAL_VERSION,CORRECT|CORRECT|CORRECT|CORRECT|GROUNDED_INACCURACY|GROUNDED_INACCURACY,first_inaccurate_at_64K,never_hallucinatory,first_grounded_at_64K,CORRECT,CORRECT,CORRECT,CORRECT,GROUNDED_INACCURACY,GROUNDED_INACCURACY
FDA_0081,FDA,TEMPORAL_VERSION,CORRECT|CORRECT|GROUNDED_INACCURACY|GROUNDED_INACCURACY|GROUNDED_INACCURACY|CORRECT,non_monotonic_or_recovered_after_inaccurate,never_hallucinatory,non_monotonic_or_recovered_after_grounded,CORRECT,CORRECT,GROUNDED_INACCURACY,GROUNDED_INACCURACY,GROUNDED_INACCURACY,CORRECT
FDA_0082,FDA,TEMPORAL_VERSION,CORRECT|CORRECT|CORRECT|CORRECT|CORRECT|CORRECT,never_inaccurate,never_hallucinatory,never_grounded,CORRECT,CORRECT,CORRECT,CORRECT,CORRECT,CORRECT
FDA_0083,FDA,TEMPORAL_VERSION,CORRECT|CORRECT|CORRECT|CORRECT|CORRECT|CORRECT,never_inaccurate,never_hallucinatory,never_grounded,CORRECT,CORRECT,CORRECT,CORRECT,CORRECT,CORRECT
FDA_0084,FDA,TEMPORAL_VERSION,CORRECT|CORRECT|CORRECT|CORRECT|CORRECT|CORRECT,never_inaccurate,never_hallucinatory,never_grounded,CORRECT,CORRECT,CORRECT,CORRECT,CORRECT,CORRECT
FDA_0085,FDA,TEMPORAL_VERSION,CORRECT|CORRECT|GROUNDED_INACCURACY|CORRECT|CORRECT|HALLUCINATORY_INACCURACY,non_monotonic_or_recovered_after_inaccurate,first_hallucinatory_at_82K,non_monotonic_or_recovered_after_grounded,CORRECT,CORRECT,GROUNDED_INACCURACY,CORRECT,CORRECT,HALLUCINATORY_INACCURACY
FDA_0086,FDA,TEMPORAL_VERSION,CORRECT|CORRECT|CORRECT|GROUNDED_INACCURACY|GROUNDED_INACCURACY|CORRECT,non_monotonic_or_recovered_after_inaccurate,never_hallucinatory,non_monotonic_or_recovered_after_grounded,CORRECT,CORRECT,CORRECT,GROUNDED_INACCURACY,GROUNDED_INACCURACY,CORRECT
FDA_0087,FDA,TEMPORAL_VERSION,CORRECT|CORRECT|CORRECT|CORRECT|CORRECT|GROUNDED_INACCURACY,first_inaccurate_at_82K,never_hallucinatory,first_grounded_at_82K,CORRECT,CORRECT,CORRECT,CORRECT,CORRECT,GROUNDED_INACCURACY
FDA_0088,FDA,TEMPORAL_VERSION,CORRECT|CORRECT|GROUNDED_INACCURACY|GROUNDED_INACCURACY|GROUNDED_INACCURACY|HALLUCINATORY_INACCURACY,first_inaccurate_at_16K,first_hallucinatory_at_82K,non_monotonic_or_recovered_after_grounded,CORRECT,CORRECT,GROUNDED_INACCURACY,GROUNDED_INACCURACY,GROUNDED_INACCURACY,HALLUCINATORY_INACCURACY
FDA_0089,FDA,TEMPORAL_VERSION,CORRECT|CORRECT|CORRECT|CORRECT|GROUNDED_INACCURACY|GROUNDED_INACCURACY,first_inaccurate_at_64K,never_hallucinatory,first_grounded_at_64K,CORRECT,CORRECT,CORRECT,CORRECT,GROUNDED_INACCURACY,GROUNDED_INACCURACY
FDA_0090,FDA,ENTITY_UNIT_BINDING,GROUNDED_INACCURACY|GROUNDED_INACCURACY|GROUNDED_INACCURACY|GROUNDED_INACCURACY|GROUNDED_INACCURACY|GROUNDED_INACCURACY,inaccurate_all_available_contexts,never_hallucinatory,grounded_all_available_contexts,GROUNDED_INACCURACY,GROUNDED_INACCURACY,GROUNDED_INACCURACY,GROUNDED_INACCURACY,GROUNDED_INACCURACY,GROUNDED_INACCURACY
FDA_0091,FDA,ENTITY_UNIT_BINDING,GROUNDED_INACCURACY|CORRECT|CORRECT|CORRECT|GROUNDED_INACCURACY|CORRECT,non_monotonic_or_recovered_after_inaccurate,never_hallucinatory,non_monotonic_or_recovered_after_grounded,GROUNDED_INACCURACY,CORRECT,CORRECT,CORRECT,GROUNDED_INACCURACY,CORRECT
FDA_0092,FDA,ENTITY_UNIT_BINDING,HALLUCINATORY_INACCURACY|HALLUCINATORY_INACCURACY|GROUNDED_INACCURACY|GROUNDED_INACCURACY|GROUNDED_INACCURACY|GROUNDED_INACCURACY,inaccurate_all_available_contexts,non_monotonic_or_recovered_after_hallucinatory,first_grounded_at_16K,HALLUCINATORY_INACCURACY,HALLUCINATORY_INACCURACY,GROUNDED_INACCURACY,GROUNDED_INACCURACY,GROUNDED_INACCURACY,GROUNDED_INACCURACY
FDA_0093,FDA,ENTITY_UNIT_BINDING,GROUNDED_INACCURACY|GROUNDED_INACCURACY|GROUNDED_INACCURACY|GROUNDED_INACCURACY|GROUNDED_INACCURACY|GROUNDED_INACCURACY,inaccurate_all_available_contexts,never_hallucinatory,grounded_all_available_contexts,GROUNDED_INACCURACY,GROUNDED_INACCURACY,GROUNDED_INACCURACY,GROUNDED_INACCURACY,GROUNDED_INACCURACY,GROUNDED_INACCURACY
FDA_0094,FDA,ENTITY_UNIT_BINDING,CORRECT|CORRECT|CORRECT|CORRECT|CORRECT|CORRECT,never_inaccurate,never_hallucinatory,never_grounded,CORRECT,CORRECT,CORRECT,CORRECT,CORRECT,CORRECT
FDA_0095,FDA,ENTITY_UNIT_BINDING,GROUNDED_INACCURACY|GROUNDED_INACCURACY|GROUNDED_INACCURACY|GROUNDED_INACCURACY|GROUNDED_INACCURACY|GROUNDED_INACCURACY,inaccurate_all_available_contexts,never_hallucinatory,grounded_all_available_contexts,GROUNDED_INACCURACY,GROUNDED_INACCURACY,GROUNDED_INACCURACY,GROUNDED_INACCURACY,GROUNDED_INACCURACY,GROUNDED_INACCURACY
FDA_0096,FDA,ENTITY_UNIT_BINDING,HALLUCINATORY_INACCURACY|HALLUCINATORY_INACCURACY|CORRECT|GROUNDED_INACCURACY|CORRECT|GROUNDED_INACCURACY,non_monotonic_or_recovered_after_inaccurate,non_monotonic_or_recovered_after_hallucinatory,non_monotonic_or_recovered_after_grounded,HALLUCINATORY_INACCURACY,HALLUCINATORY_INACCURACY,CORRECT,GROUNDED_INACCURACY,CORRECT,GROUNDED_INACCURACY
FDA_0097,FDA,ENTITY_UNIT_BINDING,CORRECT|GROUNDED_INACCURACY|CORRECT|CORRECT|GROUNDED_INACCURACY|GROUNDED_INACCURACY,non_monotonic_or_recovered_after_inaccurate,never_hallucinatory,non_monotonic_or_recovered_after_grounded,CORRECT,GROUNDED_INACCURACY,CORRECT,CORRECT,GROUNDED_INACCURACY,GROUNDED_INACCURACY
FDA_0098,FDA,ENTITY_UNIT_BINDING,CORRECT|CORRECT|GROUNDED_INACCURACY|CORRECT|CORRECT|GROUNDED_INACCURACY,non_monotonic_or_recovered_after_inaccurate,never_hallucinatory,non_monotonic_or_recovered_after_grounded,CORRECT,CORRECT,GROUNDED_INACCURACY,CORRECT,CORRECT,GROUNDED_INACCURACY
FDA_0099,FDA,ENTITY_UNIT_BINDING,CORRECT|CORRECT|CORRECT|CORRECT|CORRECT|CORRECT,never_inaccurate,never_hallucinatory,never_grounded,CORRECT,CORRECT,CORRECT,CORRECT,CORRECT,CORRECT
FDA_0100,FDA,ENTITY_UNIT_BINDING,CORRECT|CORRECT|CORRECT|CORRECT|CORRECT|CORRECT,never_inaccurate,never_hallucinatory,never_grounded,CORRECT,CORRECT,CORRECT,CORRECT,CORRECT,CORRECT
FDA_0101,FDA,ENTITY_UNIT_BINDING,CORRECT|HALLUCINATORY_INACCURACY|GROUNDED_INACCURACY|CORRECT|GROUNDED_INACCURACY|GROUNDED_INACCURACY,non_monotonic_or_recovered_after_inaccurate,non_monotonic_or_recovered_after_hallucinatory,non_monotonic_or_recovered_after_grounded,CORRECT,HALLUCINATORY_INACCURACY,GROUNDED_INACCURACY,CORRECT,GROUNDED_INACCURACY,GROUNDED_INACCURACY
FDA_0102,FDA,ENTITY_UNIT_BINDING,HALLUCINATORY_INACCURACY|CORRECT|CORRECT|CORRECT|CORRECT|CORRECT,non_monotonic_or_recovered_after_inaccurate,non_monotonic_or_recovered_after_hallucinatory,never_grounded,HALLUCINATORY_INACCURACY,CORRECT,CORRECT,CORRECT,CORRECT,CORRECT
FDA_0103,FDA,ENTITY_UNIT_BINDING,CORRECT|CORRECT|CORRECT|CORRECT|CORRECT|CORRECT,never_inaccurate,never_hallucinatory,never_grounded,CORRECT,CORRECT,CORRECT,CORRECT,CORRECT,CORRECT
FDA_0104,FDA,ENTITY_UNIT_BINDING,CORRECT|CORRECT|HALLUCINATORY_INACCURACY|CORRECT|GROUNDED_INACCURACY|GROUNDED_INACCURACY,non_monotonic_or_recovered_after_inaccurate,non_monotonic_or_recovered_after_hallucinatory,first_grounded_at_64K,CORRECT,CORRECT,HALLUCINATORY_INACCURACY,CORRECT,GROUNDED_INACCURACY,GROUNDED_INACCURACY
FDA_0105,FDA,ENTITY_UNIT_BINDING,CORRECT|GROUNDED_INACCURACY|GROUNDED_INACCURACY|GROUNDED_INACCURACY|GROUNDED_INACCURACY|GROUNDED_INACCURACY,first_inaccurate_at_8K,never_hallucinatory,first_grounded_at_8K,CORRECT,GROUNDED_INACCURACY,GROUNDED_INACCURACY,GROUNDED_INACCURACY,GROUNDED_INACCURACY,GROUNDED_INACCURACY
FDA_0106,FDA,UNANSWERABLE,HALLUCINATORY_INACCURACY|HALLUCINATORY_INACCURACY|HALLUCINATORY_INACCURACY|HALLUCINATORY_INACCURACY|HALLUCINATORY_INACCURACY|HALLUCINATORY_INACCURACY,inaccurate_all_available_contexts,hallucinatory_all_available_contexts,never_grounded,HALLUCINATORY_INACCURACY,HALLUCINATORY_INACCURACY,HALLUCINATORY_INACCURACY,HALLUCINATORY_INACCURACY,HALLUCINATORY_INACCURACY,HALLUCINATORY_INACCURACY
FDA_0107,FDA,UNANSWERABLE,HALLUCINATORY_INACCURACY|HALLUCINATORY_INACCURACY|HALLUCINATORY_INACCURACY|HALLUCINATORY_INACCURACY|HALLUCINATORY_INACCURACY|HALLUCINATORY_INACCURACY,inaccurate_all_available_contexts,hallucinatory_all_available_contexts,never_grounded,HALLUCINATORY_INACCURACY,HALLUCINATORY_INACCURACY,HALLUCINATORY_INACCURACY,HALLUCINATORY_INACCURACY,HALLUCINATORY_INACCURACY,HALLUCINATORY_INACCURACY
FDA_0108,FDA,UNANSWERABLE,HALLUCINATORY_INACCURACY|HALLUCINATORY_INACCURACY|HALLUCINATORY_INACCURACY|HALLUCINATORY_INACCURACY|HALLUCINATORY_INACCURACY|HALLUCINATORY_INACCURACY,inaccurate_all_available_contexts,hallucinatory_all_available_contexts,never_grounded,HALLUCINATORY_INACCURACY,HALLUCINATORY_INACCURACY,HALLUCINATORY_INACCURACY,HALLUCINATORY_INACCURACY,HALLUCINATORY_INACCURACY,HALLUCINATORY_INACCURACY
FDA_0109,FDA,UNANSWERABLE,HALLUCINATORY_INACCURACY|HALLUCINATORY_INACCURACY|HALLUCINATORY_INACCURACY|HALLUCINATORY_INACCURACY|HALLUCINATORY_INACCURACY|HALLUCINATORY_INACCURACY,inaccurate_all_available_contexts,hallucinatory_all_available_contexts,never_grounded,HALLUCINATORY_INACCURACY,HALLUCINATORY_INACCURACY,HALLUCINATORY_INACCURACY,HALLUCINATORY_INACCURACY,HALLUCINATORY_INACCURACY,HALLUCINATORY_INACCURACY
FDA_0110,FDA,UNANSWERABLE,HALLUCINATORY_INACCURACY|HALLUCINATORY_INACCURACY|HALLUCINATORY_INACCURACY|HALLUCINATORY_INACCURACY|HALLUCINATORY_INACCURACY|HALLUCINATORY_INACCURACY,inaccurate_all_available_contexts,hallucinatory_all_available_contexts,never_grounded,HALLUCINATORY_INACCURACY,HALLUCINATORY_INACCURACY,HALLUCINATORY_INACCURACY,HALLUCINATORY_INACCURACY,HALLUCINATORY_INACCURACY,HALLUCINATORY_INACCURACY
FDA_0111,FDA,UNANSWERABLE,HALLUCINATORY_INACCURACY|HALLUCINATORY_INACCURACY|HALLUCINATORY_INACCURACY|HALLUCINATORY_INACCURACY|HALLUCINATORY_INACCURACY|HALLUCINATORY_INACCURACY,inaccurate_all_available_contexts,hallucinatory_all_available_contexts,never_grounded,HALLUCINATORY_INACCURACY,HALLUCINATORY_INACCURACY,HALLUCINATORY_INACCURACY,HALLUCINATORY_INACCURACY,HALLUCINATORY_INACCURACY,HALLUCINATORY_INACCURACY
FDA_0112,FDA,UNANSWERABLE,HALLUCINATORY_INACCURACY|HALLUCINATORY_INACCURACY|HALLUCINATORY_INACCURACY|HALLUCINATORY_INACCURACY|HALLUCINATORY_INACCURACY|HALLUCINATORY_INACCURACY,inaccurate_all_available_contexts,hallucinatory_all_available_contexts,never_grounded,HALLUCINATORY_INACCURACY,HALLUCINATORY_INACCURACY,HALLUCINATORY_INACCURACY,HALLUCINATORY_INACCURACY,HALLUCINATORY_INACCURACY,HALLUCINATORY_INACCURACY
FDA_0113,FDA,UNANSWERABLE,HALLUCINATORY_INACCURACY|HALLUCINATORY_INACCURACY|HALLUCINATORY_INACCURACY|HALLUCINATORY_INACCURACY|HALLUCINATORY_INACCURACY|HALLUCINATORY_INACCURACY,inaccurate_all_available_contexts,hallucinatory_all_available_contexts,never_grounded,HALLUCINATORY_INACCURACY,HALLUCINATORY_INACCURACY,HALLUCINATORY_INACCURACY,HALLUCINATORY_INACCURACY,HALLUCINATORY_INACCURACY,HALLUCINATORY_INACCURACY
FDA_0114,FDA,UNANSWERABLE,HALLUCINATORY_INACCURACY|HALLUCINATORY_INACCURACY|HALLUCINATORY_INACCURACY|HALLUCINATORY_INACCURACY|HALLUCINATORY_INACCURACY|HALLUCINATORY_INACCURACY,inaccurate_all_available_contexts,hallucinatory_all_available_contexts,never_grounded,HALLUCINATORY_INACCURACY,HALLUCINATORY_INACCURACY,HALLUCINATORY_INACCURACY,HALLUCINATORY_INACCURACY,HALLUCINATORY_INACCURACY,HALLUCINATORY_INACCURACY
FDA_0115,FDA,UNANSWERABLE,HALLUCINATORY_INACCURACY|HALLUCINATORY_INACCURACY|HALLUCINATORY_INACCURACY|HALLUCINATORY_INACCURACY|HALLUCINATORY_INACCURACY|HALLUCINATORY_INACCURACY,inaccurate_all_available_contexts,hallucinatory_all_available_contexts,never_grounded,HALLUCINATORY_INACCURACY,HALLUCINATORY_INACCURACY,HALLUCINATORY_INACCURACY,HALLUCINATORY_INACCURACY,HALLUCINATORY_INACCURACY,HALLUCINATORY_INACCURACY
FDA_0116,FDA,UNANSWERABLE,HALLUCINATORY_INACCURACY|HALLUCINATORY_INACCURACY|HALLUCINATORY_INACCURACY|HALLUCINATORY_INACCURACY|HALLUCINATORY_INACCURACY|HALLUCINATORY_INACCURACY,inaccurate_all_available_contexts,hallucinatory_all_available_contexts,never_grounded,HALLUCINATORY_INACCURACY,HALLUCINATORY_INACCURACY,HALLUCINATORY_INACCURACY,HALLUCINATORY_INACCURACY,HALLUCINATORY_INACCURACY,HALLUCINATORY_INACCURACY
FDA_0117,FDA,UNANSWERABLE,HALLUCINATORY_INACCURACY|HALLUCINATORY_INACCURACY|HALLUCINATORY_INACCURACY|HALLUCINATORY_INACCURACY|HALLUCINATORY_INACCURACY|HALLUCINATORY_INACCURACY,inaccurate_all_available_contexts,hallucinatory_all_available_contexts,never_grounded,HALLUCINATORY_INACCURACY,HALLUCINATORY_INACCURACY,HALLUCINATORY_INACCURACY,HALLUCINATORY_INACCURACY,HALLUCINATORY_INACCURACY,HALLUCINATORY_INACCURACY
FDA_0118,FDA,UNANSWERABLE,HALLUCINATORY_INACCURACY|HALLUCINATORY_INACCURACY|HALLUCINATORY_INACCURACY|HALLUCINATORY_INACCURACY|HALLUCINATORY_INACCURACY|HALLUCINATORY_INACCURACY,inaccurate_all_available_contexts,hallucinatory_all_available_contexts,never_grounded,HALLUCINATORY_INACCURACY,HALLUCINATORY_INACCURACY,HALLUCINATORY_INACCURACY,HALLUCINATORY_INACCURACY,HALLUCINATORY_INACCURACY,HALLUCINATORY_INACCURACY
FDA_0119,FDA,UNANSWERABLE,HALLUCINATORY_INACCURACY|HALLUCINATORY_INACCURACY|HALLUCINATORY_INACCURACY|HALLUCINATORY_INACCURACY|HALLUCINATORY_INACCURACY|HALLUCINATORY_INACCURACY,inaccurate_all_available_contexts,hallucinatory_all_available_contexts,never_grounded,HALLUCINATORY_INACCURACY,HALLUCINATORY_INACCURACY,HALLUCINATORY_INACCURACY,HALLUCINATORY_INACCURACY,HALLUCINATORY_INACCURACY,HALLUCINATORY_INACCURACY
FDA_0120,FDA,UNANSWERABLE,HALLUCINATORY_INACCURACY|HALLUCINATORY_INACCURACY|HALLUCINATORY_INACCURACY|HALLUCINATORY_INACCURACY|HALLUCINATORY_INACCURACY|HALLUCINATORY_INACCURACY,inaccurate_all_available_contexts,hallucinatory_all_available_contexts,never_grounded,HALLUCINATORY_INACCURACY,HALLUCINATORY_INACCURACY,HALLUCINATORY_INACCURACY,HALLUCINATORY_INACCURACY,HALLUCINATORY_INACCURACY,HALLUCINATORY_INACCURACY
FDA_0121,FDA,UNANSWERABLE,HALLUCINATORY_INACCURACY|HALLUCINATORY_INACCURACY|HALLUCINATORY_INACCURACY|HALLUCINATORY_INACCURACY|HALLUCINATORY_INACCURACY|HALLUCINATORY_INACCURACY,inaccurate_all_available_contexts,hallucinatory_all_available_contexts,never_grounded,HALLUCINATORY_INACCURACY,HALLUCINATORY_INACCURACY,HALLUCINATORY_INACCURACY,HALLUCINATORY_INACCURACY,HALLUCINATORY_INACCURACY,HALLUCINATORY_INACCURACY
FDA_0122,FDA,UNANSWERABLE,HALLUCINATORY_INACCURACY|HALLUCINATORY_INACCURACY|HALLUCINATORY_INACCURACY|HALLUCINATORY_INACCURACY|HALLUCINATORY_INACCURACY|HALLUCINATORY_INACCURACY,inaccurate_all_available_contexts,hallucinatory_all_available_contexts,never_grounded,HALLUCINATORY_INACCURACY,HALLUCINATORY_INACCURACY,HALLUCINATORY_INACCURACY,HALLUCINATORY_INACCURACY,HALLUCINATORY_INACCURACY,HALLUCINATORY_INACCURACY
FDA_0123,FDA,UNANSWERABLE,HALLUCINATORY_INACCURACY|HALLUCINATORY_INACCURACY|HALLUCINATORY_INACCURACY|HALLUCINATORY_INACCURACY|HALLUCINATORY_INACCURACY|HALLUCINATORY_INACCURACY,inaccurate_all_available_contexts,hallucinatory_all_available_contexts,never_grounded,HALLUCINATORY_INACCURACY,HALLUCINATORY_INACCURACY,HALLUCINATORY_INACCURACY,HALLUCINATORY_INACCURACY,HALLUCINATORY_INACCURACY,HALLUCINATORY_INACCURACY
FDA_0124,FDA,UNANSWERABLE,HALLUCINATORY_INACCURACY|HALLUCINATORY_INACCURACY|HALLUCINATORY_INACCURACY|HALLUCINATORY_INACCURACY|HALLUCINATORY_INACCURACY|HALLUCINATORY_INACCURACY,inaccurate_all_available_contexts,hallucinatory_all_available_contexts,never_grounded,HALLUCINATORY_INACCURACY,HALLUCINATORY_INACCURACY,HALLUCINATORY_INACCURACY,HALLUCINATORY_INACCURACY,HALLUCINATORY_INACCURACY,HALLUCINATORY_INACCURACY
FDA_0125,FDA,UNANSWERABLE,HALLUCINATORY_INACCURACY|HALLUCINATORY_INACCURACY|HALLUCINATORY_INACCURACY|HALLUCINATORY_INACCURACY|HALLUCINATORY_INACCURACY|HALLUCINATORY_INACCURACY,inaccurate_all_available_contexts,hallucinatory_all_available_contexts,never_grounded,HALLUCINATORY_INACCURACY,HALLUCINATORY_INACCURACY,HALLUCINATORY_INACCURACY,HALLUCINATORY_INACCURACY,HALLUCINATORY_INACCURACY,HALLUCINATORY_INACCURACY
FRED_0001,FRED,DIRECT_RETRIEVAL,CORRECT|CORRECT|CORRECT|CORRECT|CORRECT|GROUNDED_INACCURACY,first_inaccurate_at_82K,never_hallucinatory,first_grounded_at_82K,CORRECT,CORRECT,CORRECT,CORRECT,CORRECT,GROUNDED_INACCURACY
FRED_0002,FRED,DIRECT_RETRIEVAL,GROUNDED_INACCURACY|CORRECT|CORRECT|GROUNDED_INACCURACY|GROUNDED_INACCURACY|GROUNDED_INACCURACY,non_monotonic_or_recovered_after_inaccurate,never_hallucinatory,non_monotonic_or_recovered_after_grounded,GROUNDED_INACCURACY,CORRECT,CORRECT,GROUNDED_INACCURACY,GROUNDED_INACCURACY,GROUNDED_INACCURACY
FRED_0003,FRED,DIRECT_RETRIEVAL,CORRECT|GROUNDED_INACCURACY|GROUNDED_INACCURACY|GROUNDED_INACCURACY|CORRECT|GROUNDED_INACCURACY,non_monotonic_or_recovered_after_inaccurate,never_hallucinatory,non_monotonic_or_recovered_after_grounded,CORRECT,GROUNDED_INACCURACY,GROUNDED_INACCURACY,GROUNDED_INACCURACY,CORRECT,GROUNDED_INACCURACY
FRED_0004,FRED,DIRECT_RETRIEVAL,GROUNDED_INACCURACY|HALLUCINATORY_INACCURACY|HALLUCINATORY_INACCURACY|GROUNDED_INACCURACY|GROUNDED_INACCURACY|GROUNDED_INACCURACY,inaccurate_all_available_contexts,non_monotonic_or_recovered_after_hallucinatory,non_monotonic_or_recovered_after_grounded,GROUNDED_INACCURACY,HALLUCINATORY_INACCURACY,HALLUCINATORY_INACCURACY,GROUNDED_INACCURACY,GROUNDED_INACCURACY,GROUNDED_INACCURACY
FRED_0005,FRED,DIRECT_RETRIEVAL,CORRECT|CORRECT|CORRECT|CORRECT|CORRECT|CORRECT,never_inaccurate,never_hallucinatory,never_grounded,CORRECT,CORRECT,CORRECT,CORRECT,CORRECT,CORRECT
FRED_0006,FRED,ENTITY_UNIT_BINDING,GROUNDED_INACCURACY|GROUNDED_INACCURACY|CORRECT|GROUNDED_INACCURACY|CORRECT|CORRECT,non_monotonic_or_recovered_after_inaccurate,never_hallucinatory,non_monotonic_or_recovered_after_grounded,GROUNDED_INACCURACY,GROUNDED_INACCURACY,CORRECT,GROUNDED_INACCURACY,CORRECT,CORRECT
FRED_0007,FRED,ENTITY_UNIT_BINDING,CORRECT|CORRECT|CORRECT|CORRECT|CORRECT|GROUNDED_INACCURACY,first_inaccurate_at_82K,never_hallucinatory,first_grounded_at_82K,CORRECT,CORRECT,CORRECT,CORRECT,CORRECT,GROUNDED_INACCURACY
FRED_0008,FRED,ENTITY_UNIT_BINDING,CORRECT|CORRECT|CORRECT|CORRECT|GROUNDED_INACCURACY|GROUNDED_INACCURACY,first_inaccurate_at_64K,never_hallucinatory,first_grounded_at_64K,CORRECT,CORRECT,CORRECT,CORRECT,GROUNDED_INACCURACY,GROUNDED_INACCURACY
FRED_0009,FRED,ENTITY_UNIT_BINDING,GROUNDED_INACCURACY|GROUNDED_INACCURACY|GROUNDED_INACCURACY|GROUNDED_INACCURACY|GROUNDED_INACCURACY|GROUNDED_INACCURACY,inaccurate_all_available_contexts,never_hallucinatory,grounded_all_available_contexts,GROUNDED_INACCURACY,GROUNDED_INACCURACY,GROUNDED_INACCURACY,GROUNDED_INACCURACY,GROUNDED_INACCURACY,GROUNDED_INACCURACY
FRED_0010,FRED,RETRIEVAL_CALCULATION,HALLUCINATORY_INACCURACY|HALLUCINATORY_INACCURACY|HALLUCINATORY_INACCURACY|HALLUCINATORY_INACCURACY|HALLUCINATORY_INACCURACY|HALLUCINATORY_INACCURACY,inaccurate_all_available_contexts,hallucinatory_all_available_contexts,never_grounded,HALLUCINATORY_INACCURACY,HALLUCINATORY_INACCURACY,HALLUCINATORY_INACCURACY,HALLUCINATORY_INACCURACY,HALLUCINATORY_INACCURACY,HALLUCINATORY_INACCURACY
FRED_0011,FRED,RETRIEVAL_CALCULATION,HALLUCINATORY_INACCURACY|HALLUCINATORY_INACCURACY|HALLUCINATORY_INACCURACY|HALLUCINATORY_INACCURACY|HALLUCINATORY_INACCURACY|GROUNDED_INACCURACY,inaccurate_all_available_contexts,non_monotonic_or_recovered_after_hallucinatory,first_grounded_at_82K,HALLUCINATORY_INACCURACY,HALLUCINATORY_INACCURACY,HALLUCINATORY_INACCURACY,HALLUCINATORY_INACCURACY,HALLUCINATORY_INACCURACY,GROUNDED_INACCURACY
FRED_0012,FRED,RETRIEVAL_CALCULATION,CORRECT|HALLUCINATORY_INACCURACY|CORRECT|CORRECT|HALLUCINATORY_INACCURACY|CORRECT,non_monotonic_or_recovered_after_inaccurate,non_monotonic_or_recovered_after_hallucinatory,never_grounded,CORRECT,HALLUCINATORY_INACCURACY,CORRECT,CORRECT,HALLUCINATORY_INACCURACY,CORRECT
FRED_0013,FRED,RETRIEVAL_CALCULATION,HALLUCINATORY_INACCURACY|GROUNDED_INACCURACY|HALLUCINATORY_INACCURACY|GROUNDED_INACCURACY|GROUNDED_INACCURACY|GROUNDED_INACCURACY,inaccurate_all_available_contexts,non_monotonic_or_recovered_after_hallucinatory,non_monotonic_or_recovered_after_grounded,HALLUCINATORY_INACCURACY,GROUNDED_INACCURACY,HALLUCINATORY_INACCURACY,GROUNDED_INACCURACY,GROUNDED_INACCURACY,GROUNDED_INACCURACY
FRED_0014,FRED,RETRIEVAL_CALCULATION,HALLUCINATORY_INACCURACY|GROUNDED_INACCURACY|GROUNDED_INACCURACY|GROUNDED_INACCURACY|HALLUCINATORY_INACCURACY|HALLUCINATORY_INACCURACY,inaccurate_all_available_contexts,non_monotonic_or_recovered_after_hallucinatory,non_monotonic_or_recovered_after_grounded,HALLUCINATORY_INACCURACY,GROUNDED_INACCURACY,GROUNDED_INACCURACY,GROUNDED_INACCURACY,HALLUCINATORY_INACCURACY,HALLUCINATORY_INACCURACY
FRED_0015,FRED,RETRIEVAL_CALCULATION,GROUNDED_INACCURACY|CORRECT|HALLUCINATORY_INACCURACY|GROUNDED_INACCURACY|GROUNDED_INACCURACY|HALLUCINATORY_INACCURACY,non_monotonic_or_recovered_after_inaccurate,non_monotonic_or_recovered_after_hallucinatory,non_monotonic_or_recovered_after_grounded,GROUNDED_INACCURACY,CORRECT,HALLUCINATORY_INACCURACY,GROUNDED_INACCURACY,GROUNDED_INACCURACY,HALLUCINATORY_INACCURACY
FRED_0016,FRED,RETRIEVAL_CALCULATION,HALLUCINATORY_INACCURACY|HALLUCINATORY_INACCURACY|HALLUCINATORY_INACCURACY|HALLUCINATORY_INACCURACY|HALLUCINATORY_INACCURACY|HALLUCINATORY_INACCURACY,inaccurate_all_available_contexts,hallucinatory_all_available_contexts,never_grounded,HALLUCINATORY_INACCURACY,HALLUCINATORY_INACCURACY,HALLUCINATORY_INACCURACY,HALLUCINATORY_INACCURACY,HALLUCINATORY_INACCURACY,HALLUCINATORY_INACCURACY
FRED_0017,FRED,TEMPORAL_VERSION,CORRECT|CORRECT|CORRECT|GROUNDED_INACCURACY|GROUNDED_INACCURACY|CORRECT,non_monotonic_or_recovered_after_inaccurate,never_hallucinatory,non_monotonic_or_recovered_after_grounded,CORRECT,CORRECT,CORRECT,GROUNDED_INACCURACY,GROUNDED_INACCURACY,CORRECT
FRED_0018,FRED,TEMPORAL_VERSION,CORRECT|CORRECT|GROUNDED_INACCURACY|CORRECT|CORRECT|GROUNDED_INACCURACY,non_monotonic_or_recovered_after_inaccurate,never_hallucinatory,non_monotonic_or_recovered_after_grounded,CORRECT,CORRECT,GROUNDED_INACCURACY,CORRECT,CORRECT,GROUNDED_INACCURACY
FRED_0019,FRED,TEMPORAL_VERSION,CORRECT|CORRECT|CORRECT|CORRECT|CORRECT|GROUNDED_INACCURACY,first_inaccurate_at_82K,never_hallucinatory,first_grounded_at_82K,CORRECT,CORRECT,CORRECT,CORRECT,CORRECT,GROUNDED_INACCURACY
FRED_0020,FRED,TEMPORAL_VERSION,GROUNDED_INACCURACY|CORRECT|GROUNDED_INACCURACY|GROUNDED_INACCURACY|HALLUCINATORY_INACCURACY|GROUNDED_INACCURACY,non_monotonic_or_recovered_after_inaccurate,non_monotonic_or_recovered_after_hallucinatory,non_monotonic_or_recovered_after_grounded,GROUNDED_INACCURACY,CORRECT,GROUNDED_INACCURACY,GROUNDED_INACCURACY,HALLUCINATORY_INACCURACY,GROUNDED_INACCURACY
FRED_0021,FRED,UNANSWERABLE,CORRECT|CORRECT|HALLUCINATORY_INACCURACY|HALLUCINATORY_INACCURACY|HALLUCINATORY_INACCURACY|HALLUCINATORY_INACCURACY,first_inaccurate_at_16K,first_hallucinatory_at_16K,never_grounded,CORRECT,CORRECT,HALLUCINATORY_INACCURACY,HALLUCINATORY_INACCURACY,HALLUCINATORY_INACCURACY,HALLUCINATORY_INACCURACY
FRED_0022,FRED,UNANSWERABLE,CORRECT|CORRECT|CORRECT|CORRECT|HALLUCINATORY_INACCURACY|HALLUCINATORY_INACCURACY,first_inaccurate_at_64K,first_hallucinatory_at_64K,never_grounded,CORRECT,CORRECT,CORRECT,CORRECT,HALLUCINATORY_INACCURACY,HALLUCINATORY_INACCURACY
FRED_0023,FRED,UNANSWERABLE,CORRECT|CORRECT|CORRECT|CORRECT|HALLUCINATORY_INACCURACY|HALLUCINATORY_INACCURACY,first_inaccurate_at_64K,first_hallucinatory_at_64K,never_grounded,CORRECT,CORRECT,CORRECT,CORRECT,HALLUCINATORY_INACCURACY,HALLUCINATORY_INACCURACY
FRED_0024,FRED,UNANSWERABLE,CORRECT|CORRECT|CORRECT|CORRECT|HALLUCINATORY_INACCURACY|CORRECT,non_monotonic_or_recovered_after_inaccurate,non_monotonic_or_recovered_after_hallucinatory,never_grounded,CORRECT,CORRECT,CORRECT,CORRECT,HALLUCINATORY_INACCURACY,CORRECT
FRED_0025,FRED,UNANSWERABLE,CORRECT|CORRECT|CORRECT|CORRECT|HALLUCINATORY_INACCURACY|HALLUCINATORY_INACCURACY,first_inaccurate_at_64K,first_hallucinatory_at_64K,never_grounded,CORRECT,CORRECT,CORRECT,CORRECT,HALLUCINATORY_INACCURACY,HALLUCINATORY_INACCURACY
FRED_0026,FRED,DIRECT_RETRIEVAL,CORRECT|CORRECT|CORRECT|CORRECT|CORRECT|CORRECT,never_inaccurate,never_hallucinatory,never_grounded,CORRECT,CORRECT,CORRECT,CORRECT,CORRECT,CORRECT
FRED_0027,FRED,DIRECT_RETRIEVAL,GROUNDED_INACCURACY|GROUNDED_INACCURACY|GROUNDED_INACCURACY|GROUNDED_INACCURACY|GROUNDED_INACCURACY|HALLUCINATORY_INACCURACY,inaccurate_all_available_contexts,first_hallucinatory_at_82K,non_monotonic_or_recovered_after_grounded,GROUNDED_INACCURACY,GROUNDED_INACCURACY,GROUNDED_INACCURACY,GROUNDED_INACCURACY,GROUNDED_INACCURACY,HALLUCINATORY_INACCURACY
FRED_0028,FRED,DIRECT_RETRIEVAL,GROUNDED_INACCURACY|CORRECT|CORRECT|GROUNDED_INACCURACY|GROUNDED_INACCURACY|GROUNDED_INACCURACY,non_monotonic_or_recovered_after_inaccurate,never_hallucinatory,non_monotonic_or_recovered_after_grounded,GROUNDED_INACCURACY,CORRECT,CORRECT,GROUNDED_INACCURACY,GROUNDED_INACCURACY,GROUNDED_INACCURACY
FRED_0029,FRED,DIRECT_RETRIEVAL,GROUNDED_INACCURACY|GROUNDED_INACCURACY|GROUNDED_INACCURACY|CORRECT|CORRECT|CORRECT,non_monotonic_or_recovered_after_inaccurate,never_hallucinatory,non_monotonic_or_recovered_after_grounded,GROUNDED_INACCURACY,GROUNDED_INACCURACY,GROUNDED_INACCURACY,CORRECT,CORRECT,CORRECT
FRED_0030,FRED,DIRECT_RETRIEVAL,CORRECT|CORRECT|CORRECT|GROUNDED_INACCURACY|GROUNDED_INACCURACY|GROUNDED_INACCURACY,first_inaccurate_at_32K,never_hallucinatory,first_grounded_at_32K,CORRECT,CORRECT,CORRECT,GROUNDED_INACCURACY,GROUNDED_INACCURACY,GROUNDED_INACCURACY
FRED_0031,FRED,DIRECT_RETRIEVAL,GROUNDED_INACCURACY|GROUNDED_INACCURACY|GROUNDED_INACCURACY|GROUNDED_INACCURACY|GROUNDED_INACCURACY|GROUNDED_INACCURACY,inaccurate_all_available_contexts,never_hallucinatory,grounded_all_available_contexts,GROUNDED_INACCURACY,GROUNDED_INACCURACY,GROUNDED_INACCURACY,GROUNDED_INACCURACY,GROUNDED_INACCURACY,GROUNDED_INACCURACY
FRED_0032,FRED,DIRECT_RETRIEVAL,CORRECT|CORRECT|CORRECT|CORRECT|CORRECT|CORRECT,never_inaccurate,never_hallucinatory,never_grounded,CORRECT,CORRECT,CORRECT,CORRECT,CORRECT,CORRECT
FRED_0033,FRED,DIRECT_RETRIEVAL,CORRECT|CORRECT|GROUNDED_INACCURACY|GROUNDED_INACCURACY|GROUNDED_INACCURACY|GROUNDED_INACCURACY,first_inaccurate_at_16K,never_hallucinatory,first_grounded_at_16K,CORRECT,CORRECT,GROUNDED_INACCURACY,GROUNDED_INACCURACY,GROUNDED_INACCURACY,GROUNDED_INACCURACY
FRED_0034,FRED,DIRECT_RETRIEVAL,CORRECT|CORRECT|CORRECT|CORRECT|CORRECT|CORRECT,never_inaccurate,never_hallucinatory,never_grounded,CORRECT,CORRECT,CORRECT,CORRECT,CORRECT,CORRECT
FRED_0035,FRED,DIRECT_RETRIEVAL,GROUNDED_INACCURACY|GROUNDED_INACCURACY|GROUNDED_INACCURACY|GROUNDED_INACCURACY|GROUNDED_INACCURACY|GROUNDED_INACCURACY,inaccurate_all_available_contexts,never_hallucinatory,grounded_all_available_contexts,GROUNDED_INACCURACY,GROUNDED_INACCURACY,GROUNDED_INACCURACY,GROUNDED_INACCURACY,GROUNDED_INACCURACY,GROUNDED_INACCURACY
FRED_0036,FRED,DIRECT_RETRIEVAL,CORRECT|CORRECT|CORRECT|GROUNDED_INACCURACY|CORRECT|CORRECT,non_monotonic_or_recovered_after_inaccurate,never_hallucinatory,non_monotonic_or_recovered_after_grounded,CORRECT,CORRECT,CORRECT,GROUNDED_INACCURACY,CORRECT,CORRECT
FRED_0037,FRED,DIRECT_RETRIEVAL,CORRECT|CORRECT|CORRECT|GROUNDED_INACCURACY|GROUNDED_INACCURACY|GROUNDED_INACCURACY,first_inaccurate_at_32K,never_hallucinatory,first_grounded_at_32K,CORRECT,CORRECT,CORRECT,GROUNDED_INACCURACY,GROUNDED_INACCURACY,GROUNDED_INACCURACY
FRED_0038,FRED,DIRECT_RETRIEVAL,GROUNDED_INACCURACY|GROUNDED_INACCURACY|CORRECT|CORRECT|GROUNDED_INACCURACY|GROUNDED_INACCURACY,non_monotonic_or_recovered_after_inaccurate,never_hallucinatory,non_monotonic_or_recovered_after_grounded,GROUNDED_INACCURACY,GROUNDED_INACCURACY,CORRECT,CORRECT,GROUNDED_INACCURACY,GROUNDED_INACCURACY
FRED_0039,FRED,DIRECT_RETRIEVAL,GROUNDED_INACCURACY|CORRECT|GROUNDED_INACCURACY|GROUNDED_INACCURACY|CORRECT|GROUNDED_INACCURACY,non_monotonic_or_recovered_after_inaccurate,never_hallucinatory,non_monotonic_or_recovered_after_grounded,GROUNDED_INACCURACY,CORRECT,GROUNDED_INACCURACY,GROUNDED_INACCURACY,CORRECT,GROUNDED_INACCURACY
FRED_0040,FRED,DIRECT_RETRIEVAL,CORRECT|CORRECT|GROUNDED_INACCURACY|GROUNDED_INACCURACY|CORRECT|GROUNDED_INACCURACY,non_monotonic_or_recovered_after_inaccurate,never_hallucinatory,non_monotonic_or_recovered_after_grounded,CORRECT,CORRECT,GROUNDED_INACCURACY,GROUNDED_INACCURACY,CORRECT,GROUNDED_INACCURACY
FRED_0041,FRED,DIRECT_RETRIEVAL,GROUNDED_INACCURACY|CORRECT|GROUNDED_INACCURACY|CORRECT|CORRECT|GROUNDED_INACCURACY,non_monotonic_or_recovered_after_inaccurate,never_hallucinatory,non_monotonic_or_recovered_after_grounded,GROUNDED_INACCURACY,CORRECT,GROUNDED_INACCURACY,CORRECT,CORRECT,GROUNDED_INACCURACY
FRED_0042,FRED,DIRECT_RETRIEVAL,CORRECT|CORRECT|CORRECT|CORRECT|CORRECT|CORRECT,never_inaccurate,never_hallucinatory,never_grounded,CORRECT,CORRECT,CORRECT,CORRECT,CORRECT,CORRECT
FRED_0043,FRED,DIRECT_RETRIEVAL,CORRECT|CORRECT|CORRECT|CORRECT|GROUNDED_INACCURACY|CORRECT,non_monotonic_or_recovered_after_inaccurate,never_hallucinatory,non_monotonic_or_recovered_after_grounded,CORRECT,CORRECT,CORRECT,CORRECT,GROUNDED_INACCURACY,CORRECT
FRED_0044,FRED,DIRECT_RETRIEVAL,CORRECT|CORRECT|GROUNDED_INACCURACY|GROUNDED_INACCURACY|GROUNDED_INACCURACY|GROUNDED_INACCURACY,first_inaccurate_at_16K,never_hallucinatory,first_grounded_at_16K,CORRECT,CORRECT,GROUNDED_INACCURACY,GROUNDED_INACCURACY,GROUNDED_INACCURACY,GROUNDED_INACCURACY
FRED_0045,FRED,DIRECT_RETRIEVAL,CORRECT|CORRECT|GROUNDED_INACCURACY|CORRECT|CORRECT|CORRECT,non_monotonic_or_recovered_after_inaccurate,never_hallucinatory,non_monotonic_or_recovered_after_grounded,CORRECT,CORRECT,GROUNDED_INACCURACY,CORRECT,CORRECT,CORRECT
FRED_0046,FRED,RETRIEVAL_CALCULATION,HALLUCINATORY_INACCURACY|HALLUCINATORY_INACCURACY|HALLUCINATORY_INACCURACY|HALLUCINATORY_INACCURACY|HALLUCINATORY_INACCURACY|MISSING,inaccurate_all_available_contexts,hallucinatory_all_available_contexts,never_grounded,HALLUCINATORY_INACCURACY,HALLUCINATORY_INACCURACY,HALLUCINATORY_INACCURACY,HALLUCINATORY_INACCURACY,HALLUCINATORY_INACCURACY,MISSING
FRED_0047,FRED,RETRIEVAL_CALCULATION,HALLUCINATORY_INACCURACY|HALLUCINATORY_INACCURACY|HALLUCINATORY_INACCURACY|HALLUCINATORY_INACCURACY|HALLUCINATORY_INACCURACY|HALLUCINATORY_INACCURACY,inaccurate_all_available_contexts,hallucinatory_all_available_contexts,never_grounded,HALLUCINATORY_INACCURACY,HALLUCINATORY_INACCURACY,HALLUCINATORY_INACCURACY,HALLUCINATORY_INACCURACY,HALLUCINATORY_INACCURACY,HALLUCINATORY_INACCURACY
FRED_0048,FRED,RETRIEVAL_CALCULATION,HALLUCINATORY_INACCURACY|HALLUCINATORY_INACCURACY|HALLUCINATORY_INACCURACY|HALLUCINATORY_INACCURACY|HALLUCINATORY_INACCURACY|HALLUCINATORY_INACCURACY,inaccurate_all_available_contexts,hallucinatory_all_available_contexts,never_grounded,HALLUCINATORY_INACCURACY,HALLUCINATORY_INACCURACY,HALLUCINATORY_INACCURACY,HALLUCINATORY_INACCURACY,HALLUCINATORY_INACCURACY,HALLUCINATORY_INACCURACY
FRED_0049,FRED,RETRIEVAL_CALCULATION,HALLUCINATORY_INACCURACY|HALLUCINATORY_INACCURACY|HALLUCINATORY_INACCURACY|HALLUCINATORY_INACCURACY|HALLUCINATORY_INACCURACY|HALLUCINATORY_INACCURACY,inaccurate_all_available_contexts,hallucinatory_all_available_contexts,never_grounded,HALLUCINATORY_INACCURACY,HALLUCINATORY_INACCURACY,HALLUCINATORY_INACCURACY,HALLUCINATORY_INACCURACY,HALLUCINATORY_INACCURACY,HALLUCINATORY_INACCURACY
FRED_0050,FRED,RETRIEVAL_CALCULATION,HALLUCINATORY_INACCURACY|HALLUCINATORY_INACCURACY|CORRECT|CORRECT|CORRECT|CORRECT,non_monotonic_or_recovered_after_inaccurate,non_monotonic_or_recovered_after_hallucinatory,never_grounded,HALLUCINATORY_INACCURACY,HALLUCINATORY_INACCURACY,CORRECT,CORRECT,CORRECT,CORRECT
FRED_0051,FRED,RETRIEVAL_CALCULATION,HALLUCINATORY_INACCURACY|HALLUCINATORY_INACCURACY|HALLUCINATORY_INACCURACY|HALLUCINATORY_INACCURACY|HALLUCINATORY_INACCURACY|HALLUCINATORY_INACCURACY,inaccurate_all_available_contexts,hallucinatory_all_available_contexts,never_grounded,HALLUCINATORY_INACCURACY,HALLUCINATORY_INACCURACY,HALLUCINATORY_INACCURACY,HALLUCINATORY_INACCURACY,HALLUCINATORY_INACCURACY,HALLUCINATORY_INACCURACY
FRED_0052,FRED,RETRIEVAL_CALCULATION,HALLUCINATORY_INACCURACY|HALLUCINATORY_INACCURACY|GROUNDED_INACCURACY|HALLUCINATORY_INACCURACY|GROUNDED_INACCURACY|HALLUCINATORY_INACCURACY,inaccurate_all_available_contexts,non_monotonic_or_recovered_after_hallucinatory,non_monotonic_or_recovered_after_grounded,HALLUCINATORY_INACCURACY,HALLUCINATORY_INACCURACY,GROUNDED_INACCURACY,HALLUCINATORY_INACCURACY,GROUNDED_INACCURACY,HALLUCINATORY_INACCURACY
FRED_0053,FRED,RETRIEVAL_CALCULATION,CORRECT|CORRECT|CORRECT|CORRECT|CORRECT|CORRECT,never_inaccurate,never_hallucinatory,never_grounded,CORRECT,CORRECT,CORRECT,CORRECT,CORRECT,CORRECT
FRED_0054,FRED,RETRIEVAL_CALCULATION,HALLUCINATORY_INACCURACY|HALLUCINATORY_INACCURACY|HALLUCINATORY_INACCURACY|HALLUCINATORY_INACCURACY|HALLUCINATORY_INACCURACY|GROUNDED_INACCURACY,inaccurate_all_available_contexts,non_monotonic_or_recovered_after_hallucinatory,first_grounded_at_82K,HALLUCINATORY_INACCURACY,HALLUCINATORY_INACCURACY,HALLUCINATORY_INACCURACY,HALLUCINATORY_INACCURACY,HALLUCINATORY_INACCURACY,GROUNDED_INACCURACY
FRED_0055,FRED,RETRIEVAL_CALCULATION,HALLUCINATORY_INACCURACY|HALLUCINATORY_INACCURACY|HALLUCINATORY_INACCURACY|HALLUCINATORY_INACCURACY|HALLUCINATORY_INACCURACY|HALLUCINATORY_INACCURACY,inaccurate_all_available_contexts,hallucinatory_all_available_contexts,never_grounded,HALLUCINATORY_INACCURACY,HALLUCINATORY_INACCURACY,HALLUCINATORY_INACCURACY,HALLUCINATORY_INACCURACY,HALLUCINATORY_INACCURACY,HALLUCINATORY_INACCURACY
FRED_0056,FRED,RETRIEVAL_CALCULATION,HALLUCINATORY_INACCURACY|HALLUCINATORY_INACCURACY|HALLUCINATORY_INACCURACY|HALLUCINATORY_INACCURACY|HALLUCINATORY_INACCURACY|HALLUCINATORY_INACCURACY,inaccurate_all_available_contexts,hallucinatory_all_available_contexts,never_grounded,HALLUCINATORY_INACCURACY,HALLUCINATORY_INACCURACY,HALLUCINATORY_INACCURACY,HALLUCINATORY_INACCURACY,HALLUCINATORY_INACCURACY,HALLUCINATORY_INACCURACY
FRED_0057,FRED,RETRIEVAL_CALCULATION,CORRECT|CORRECT|CORRECT|CORRECT|HALLUCINATORY_INACCURACY|HALLUCINATORY_INACCURACY,first_inaccurate_at_64K,first_hallucinatory_at_64K,never_grounded,CORRECT,CORRECT,CORRECT,CORRECT,HALLUCINATORY_INACCURACY,HALLUCINATORY_INACCURACY
FRED_0058,FRED,RETRIEVAL_CALCULATION,HALLUCINATORY_INACCURACY|HALLUCINATORY_INACCURACY|HALLUCINATORY_INACCURACY|HALLUCINATORY_INACCURACY|HALLUCINATORY_INACCURACY|HALLUCINATORY_INACCURACY,inaccurate_all_available_contexts,hallucinatory_all_available_contexts,never_grounded,HALLUCINATORY_INACCURACY,HALLUCINATORY_INACCURACY,HALLUCINATORY_INACCURACY,HALLUCINATORY_INACCURACY,HALLUCINATORY_INACCURACY,HALLUCINATORY_INACCURACY
FRED_0059,FRED,RETRIEVAL_CALCULATION,HALLUCINATORY_INACCURACY|HALLUCINATORY_INACCURACY|HALLUCINATORY_INACCURACY|HALLUCINATORY_INACCURACY|HALLUCINATORY_INACCURACY|HALLUCINATORY_INACCURACY,inaccurate_all_available_contexts,hallucinatory_all_available_contexts,never_grounded,HALLUCINATORY_INACCURACY,HALLUCINATORY_INACCURACY,HALLUCINATORY_INACCURACY,HALLUCINATORY_INACCURACY,HALLUCINATORY_INACCURACY,HALLUCINATORY_INACCURACY
FRED_0060,FRED,RETRIEVAL_CALCULATION,HALLUCINATORY_INACCURACY|HALLUCINATORY_INACCURACY|HALLUCINATORY_INACCURACY|HALLUCINATORY_INACCURACY|GROUNDED_INACCURACY|GROUNDED_INACCURACY,inaccurate_all_available_contexts,non_monotonic_or_recovered_after_hallucinatory,first_grounded_at_64K,HALLUCINATORY_INACCURACY,HALLUCINATORY_INACCURACY,HALLUCINATORY_INACCURACY,HALLUCINATORY_INACCURACY,GROUNDED_INACCURACY,GROUNDED_INACCURACY
FRED_0061,FRED,RETRIEVAL_CALCULATION,HALLUCINATORY_INACCURACY|HALLUCINATORY_INACCURACY|HALLUCINATORY_INACCURACY|HALLUCINATORY_INACCURACY|HALLUCINATORY_INACCURACY|HALLUCINATORY_INACCURACY,inaccurate_all_available_contexts,hallucinatory_all_available_contexts,never_grounded,HALLUCINATORY_INACCURACY,HALLUCINATORY_INACCURACY,HALLUCINATORY_INACCURACY,HALLUCINATORY_INACCURACY,HALLUCINATORY_INACCURACY,HALLUCINATORY_INACCURACY
FRED_0062,FRED,RETRIEVAL_CALCULATION,HALLUCINATORY_INACCURACY|HALLUCINATORY_INACCURACY|HALLUCINATORY_INACCURACY|HALLUCINATORY_INACCURACY|HALLUCINATORY_INACCURACY|HALLUCINATORY_INACCURACY,inaccurate_all_available_contexts,hallucinatory_all_available_contexts,never_grounded,HALLUCINATORY_INACCURACY,HALLUCINATORY_INACCURACY,HALLUCINATORY_INACCURACY,HALLUCINATORY_INACCURACY,HALLUCINATORY_INACCURACY,HALLUCINATORY_INACCURACY
FRED_0063,FRED,RETRIEVAL_CALCULATION,HALLUCINATORY_INACCURACY|HALLUCINATORY_INACCURACY|GROUNDED_INACCURACY|HALLUCINATORY_INACCURACY|HALLUCINATORY_INACCURACY|HALLUCINATORY_INACCURACY,inaccurate_all_available_contexts,non_monotonic_or_recovered_after_hallucinatory,non_monotonic_or_recovered_after_grounded,HALLUCINATORY_INACCURACY,HALLUCINATORY_INACCURACY,GROUNDED_INACCURACY,HALLUCINATORY_INACCURACY,HALLUCINATORY_INACCURACY,HALLUCINATORY_INACCURACY
FRED_0064,FRED,RETRIEVAL_CALCULATION,GROUNDED_INACCURACY|HALLUCINATORY_INACCURACY|GROUNDED_INACCURACY|GROUNDED_INACCURACY|HALLUCINATORY_INACCURACY|HALLUCINATORY_INACCURACY,inaccurate_all_available_contexts,non_monotonic_or_recovered_after_hallucinatory,non_monotonic_or_recovered_after_grounded,GROUNDED_INACCURACY,HALLUCINATORY_INACCURACY,GROUNDED_INACCURACY,GROUNDED_INACCURACY,HALLUCINATORY_INACCURACY,HALLUCINATORY_INACCURACY
FRED_0065,FRED,RETRIEVAL_CALCULATION,GROUNDED_INACCURACY|GROUNDED_INACCURACY|GROUNDED_INACCURACY|GROUNDED_INACCURACY|GROUNDED_INACCURACY|GROUNDED_INACCURACY,inaccurate_all_available_contexts,never_hallucinatory,grounded_all_available_contexts,GROUNDED_INACCURACY,GROUNDED_INACCURACY,GROUNDED_INACCURACY,GROUNDED_INACCURACY,GROUNDED_INACCURACY,GROUNDED_INACCURACY
FRED_0066,FRED,RETRIEVAL_CALCULATION,GROUNDED_INACCURACY|GROUNDED_INACCURACY|GROUNDED_INACCURACY|HALLUCINATORY_INACCURACY|GROUNDED_INACCURACY|GROUNDED_INACCURACY,inaccurate_all_available_contexts,non_monotonic_or_recovered_after_hallucinatory,non_monotonic_or_recovered_after_grounded,GROUNDED_INACCURACY,GROUNDED_INACCURACY,GROUNDED_INACCURACY,HALLUCINATORY_INACCURACY,GROUNDED_INACCURACY,GROUNDED_INACCURACY
FRED_0067,FRED,RETRIEVAL_CALCULATION,GROUNDED_INACCURACY|GROUNDED_INACCURACY|GROUNDED_INACCURACY|GROUNDED_INACCURACY|HALLUCINATORY_INACCURACY|HALLUCINATORY_INACCURACY,inaccurate_all_available_contexts,first_hallucinatory_at_64K,non_monotonic_or_recovered_after_grounded,GROUNDED_INACCURACY,GROUNDED_INACCURACY,GROUNDED_INACCURACY,GROUNDED_INACCURACY,HALLUCINATORY_INACCURACY,HALLUCINATORY_INACCURACY
FRED_0068,FRED,RETRIEVAL_CALCULATION,HALLUCINATORY_INACCURACY|GROUNDED_INACCURACY|HALLUCINATORY_INACCURACY|HALLUCINATORY_INACCURACY|GROUNDED_INACCURACY|GROUNDED_INACCURACY,inaccurate_all_available_contexts,non_monotonic_or_recovered_after_hallucinatory,non_monotonic_or_recovered_after_grounded,HALLUCINATORY_INACCURACY,GROUNDED_INACCURACY,HALLUCINATORY_INACCURACY,HALLUCINATORY_INACCURACY,GROUNDED_INACCURACY,GROUNDED_INACCURACY
FRED_0069,FRED,RETRIEVAL_CALCULATION,HALLUCINATORY_INACCURACY|HALLUCINATORY_INACCURACY|GROUNDED_INACCURACY|GROUNDED_INACCURACY|GROUNDED_INACCURACY|HALLUCINATORY_INACCURACY,inaccurate_all_available_contexts,non_monotonic_or_recovered_after_hallucinatory,non_monotonic_or_recovered_after_grounded,HALLUCINATORY_INACCURACY,HALLUCINATORY_INACCURACY,GROUNDED_INACCURACY,GROUNDED_INACCURACY,GROUNDED_INACCURACY,HALLUCINATORY_INACCURACY
FRED_0070,FRED,RETRIEVAL_CALCULATION,HALLUCINATORY_INACCURACY|GROUNDED_INACCURACY|GROUNDED_INACCURACY|GROUNDED_INACCURACY|GROUNDED_INACCURACY|GROUNDED_INACCURACY,inaccurate_all_available_contexts,non_monotonic_or_recovered_after_hallucinatory,first_grounded_at_8K,HALLUCINATORY_INACCURACY,GROUNDED_INACCURACY,GROUNDED_INACCURACY,GROUNDED_INACCURACY,GROUNDED_INACCURACY,GROUNDED_INACCURACY
FRED_0071,FRED,RETRIEVAL_CALCULATION,HALLUCINATORY_INACCURACY|HALLUCINATORY_INACCURACY|HALLUCINATORY_INACCURACY|HALLUCINATORY_INACCURACY|GROUNDED_INACCURACY|GROUNDED_INACCURACY,inaccurate_all_available_contexts,non_monotonic_or_recovered_after_hallucinatory,first_grounded_at_64K,HALLUCINATORY_INACCURACY,HALLUCINATORY_INACCURACY,HALLUCINATORY_INACCURACY,HALLUCINATORY_INACCURACY,GROUNDED_INACCURACY,GROUNDED_INACCURACY
FRED_0072,FRED,RETRIEVAL_CALCULATION,GROUNDED_INACCURACY|GROUNDED_INACCURACY|HALLUCINATORY_INACCURACY|GROUNDED_INACCURACY|GROUNDED_INACCURACY|GROUNDED_INACCURACY,inaccurate_all_available_contexts,non_monotonic_or_recovered_after_hallucinatory,non_monotonic_or_recovered_after_grounded,GROUNDED_INACCURACY,GROUNDED_INACCURACY,HALLUCINATORY_INACCURACY,GROUNDED_INACCURACY,GROUNDED_INACCURACY,GROUNDED_INACCURACY
FRED_0073,FRED,RETRIEVAL_CALCULATION,GROUNDED_INACCURACY|GROUNDED_INACCURACY|GROUNDED_INACCURACY|HALLUCINATORY_INACCURACY|HALLUCINATORY_INACCURACY|HALLUCINATORY_INACCURACY,inaccurate_all_available_contexts,first_hallucinatory_at_32K,non_monotonic_or_recovered_after_grounded,GROUNDED_INACCURACY,GROUNDED_INACCURACY,GROUNDED_INACCURACY,HALLUCINATORY_INACCURACY,HALLUCINATORY_INACCURACY,HALLUCINATORY_INACCURACY
FRED_0074,FRED,TEMPORAL_VERSION,CORRECT|GROUNDED_INACCURACY|GROUNDED_INACCURACY|GROUNDED_INACCURACY|GROUNDED_INACCURACY|GROUNDED_INACCURACY,first_inaccurate_at_8K,never_hallucinatory,first_grounded_at_8K,CORRECT,GROUNDED_INACCURACY,GROUNDED_INACCURACY,GROUNDED_INACCURACY,GROUNDED_INACCURACY,GROUNDED_INACCURACY
FRED_0075,FRED,TEMPORAL_VERSION,CORRECT|GROUNDED_INACCURACY|GROUNDED_INACCURACY|GROUNDED_INACCURACY|GROUNDED_INACCURACY|HALLUCINATORY_INACCURACY,first_inaccurate_at_8K,first_hallucinatory_at_82K,non_monotonic_or_recovered_after_grounded,CORRECT,GROUNDED_INACCURACY,GROUNDED_INACCURACY,GROUNDED_INACCURACY,GROUNDED_INACCURACY,HALLUCINATORY_INACCURACY
FRED_0076,FRED,TEMPORAL_VERSION,GROUNDED_INACCURACY|GROUNDED_INACCURACY|GROUNDED_INACCURACY|GROUNDED_INACCURACY|GROUNDED_INACCURACY|GROUNDED_INACCURACY,inaccurate_all_available_contexts,never_hallucinatory,grounded_all_available_contexts,GROUNDED_INACCURACY,GROUNDED_INACCURACY,GROUNDED_INACCURACY,GROUNDED_INACCURACY,GROUNDED_INACCURACY,GROUNDED_INACCURACY
FRED_0077,FRED,TEMPORAL_VERSION,GROUNDED_INACCURACY|GROUNDED_INACCURACY|GROUNDED_INACCURACY|HALLUCINATORY_INACCURACY|GROUNDED_INACCURACY|GROUNDED_INACCURACY,inaccurate_all_available_contexts,non_monotonic_or_recovered_after_hallucinatory,non_monotonic_or_recovered_after_grounded,GROUNDED_INACCURACY,GROUNDED_INACCURACY,GROUNDED_INACCURACY,HALLUCINATORY_INACCURACY,GROUNDED_INACCURACY,GROUNDED_INACCURACY
FRED_0078,FRED,TEMPORAL_VERSION,CORRECT|GROUNDED_INACCURACY|CORRECT|CORRECT|CORRECT|CORRECT,non_monotonic_or_recovered_after_inaccurate,never_hallucinatory,non_monotonic_or_recovered_after_grounded,CORRECT,GROUNDED_INACCURACY,CORRECT,CORRECT,CORRECT,CORRECT
FRED_0079,FRED,TEMPORAL_VERSION,CORRECT|CORRECT|GROUNDED_INACCURACY|GROUNDED_INACCURACY|CORRECT|GROUNDED_INACCURACY,non_monotonic_or_recovered_after_inaccurate,never_hallucinatory,non_monotonic_or_recovered_after_grounded,CORRECT,CORRECT,GROUNDED_INACCURACY,GROUNDED_INACCURACY,CORRECT,GROUNDED_INACCURACY
FRED_0080,FRED,TEMPORAL_VERSION,CORRECT|CORRECT|CORRECT|GROUNDED_INACCURACY|CORRECT|CORRECT,non_monotonic_or_recovered_after_inaccurate,never_hallucinatory,non_monotonic_or_recovered_after_grounded,CORRECT,CORRECT,CORRECT,GROUNDED_INACCURACY,CORRECT,CORRECT
FRED_0081,FRED,TEMPORAL_VERSION,GROUNDED_INACCURACY|GROUNDED_INACCURACY|GROUNDED_INACCURACY|GROUNDED_INACCURACY|GROUNDED_INACCURACY|GROUNDED_INACCURACY,inaccurate_all_available_contexts,never_hallucinatory,grounded_all_available_contexts,GROUNDED_INACCURACY,GROUNDED_INACCURACY,GROUNDED_INACCURACY,GROUNDED_INACCURACY,GROUNDED_INACCURACY,GROUNDED_INACCURACY
FRED_0082,FRED,TEMPORAL_VERSION,CORRECT|CORRECT|CORRECT|HALLUCINATORY_INACCURACY|HALLUCINATORY_INACCURACY|CORRECT,non_monotonic_or_recovered_after_inaccurate,non_monotonic_or_recovered_after_hallucinatory,never_grounded,CORRECT,CORRECT,CORRECT,HALLUCINATORY_INACCURACY,HALLUCINATORY_INACCURACY,CORRECT
FRED_0083,FRED,TEMPORAL_VERSION,CORRECT|GROUNDED_INACCURACY|GROUNDED_INACCURACY|GROUNDED_INACCURACY|GROUNDED_INACCURACY|GROUNDED_INACCURACY,first_inaccurate_at_8K,never_hallucinatory,first_grounded_at_8K,CORRECT,GROUNDED_INACCURACY,GROUNDED_INACCURACY,GROUNDED_INACCURACY,GROUNDED_INACCURACY,GROUNDED_INACCURACY
FRED_0084,FRED,TEMPORAL_VERSION,CORRECT|CORRECT|CORRECT|GROUNDED_INACCURACY|GROUNDED_INACCURACY|GROUNDED_INACCURACY,first_inaccurate_at_32K,never_hallucinatory,first_grounded_at_32K,CORRECT,CORRECT,CORRECT,GROUNDED_INACCURACY,GROUNDED_INACCURACY,GROUNDED_INACCURACY
FRED_0085,FRED,TEMPORAL_VERSION,CORRECT|CORRECT|GROUNDED_INACCURACY|GROUNDED_INACCURACY|GROUNDED_INACCURACY|GROUNDED_INACCURACY,first_inaccurate_at_16K,never_hallucinatory,first_grounded_at_16K,CORRECT,CORRECT,GROUNDED_INACCURACY,GROUNDED_INACCURACY,GROUNDED_INACCURACY,GROUNDED_INACCURACY
FRED_0086,FRED,TEMPORAL_VERSION,CORRECT|CORRECT|CORRECT|CORRECT|CORRECT|CORRECT,never_inaccurate,never_hallucinatory,never_grounded,CORRECT,CORRECT,CORRECT,CORRECT,CORRECT,CORRECT
FRED_0087,FRED,TEMPORAL_VERSION,CORRECT|CORRECT|GROUNDED_INACCURACY|GROUNDED_INACCURACY|GROUNDED_INACCURACY|GROUNDED_INACCURACY,first_inaccurate_at_16K,never_hallucinatory,first_grounded_at_16K,CORRECT,CORRECT,GROUNDED_INACCURACY,GROUNDED_INACCURACY,GROUNDED_INACCURACY,GROUNDED_INACCURACY
FRED_0088,FRED,TEMPORAL_VERSION,CORRECT|GROUNDED_INACCURACY|GROUNDED_INACCURACY|CORRECT|CORRECT|GROUNDED_INACCURACY,non_monotonic_or_recovered_after_inaccurate,never_hallucinatory,non_monotonic_or_recovered_after_grounded,CORRECT,GROUNDED_INACCURACY,GROUNDED_INACCURACY,CORRECT,CORRECT,GROUNDED_INACCURACY
FRED_0089,FRED,TEMPORAL_VERSION,CORRECT|CORRECT|CORRECT|GROUNDED_INACCURACY|GROUNDED_INACCURACY|GROUNDED_INACCURACY,first_inaccurate_at_32K,never_hallucinatory,first_grounded_at_32K,CORRECT,CORRECT,CORRECT,GROUNDED_INACCURACY,GROUNDED_INACCURACY,GROUNDED_INACCURACY
FRED_0090,FRED,ENTITY_UNIT_BINDING,CORRECT|CORRECT|CORRECT|CORRECT|CORRECT|GROUNDED_INACCURACY,first_inaccurate_at_82K,never_hallucinatory,first_grounded_at_82K,CORRECT,CORRECT,CORRECT,CORRECT,CORRECT,GROUNDED_INACCURACY
FRED_0091,FRED,ENTITY_UNIT_BINDING,CORRECT|CORRECT|CORRECT|GROUNDED_INACCURACY|GROUNDED_INACCURACY|GROUNDED_INACCURACY,first_inaccurate_at_32K,never_hallucinatory,first_grounded_at_32K,CORRECT,CORRECT,CORRECT,GROUNDED_INACCURACY,GROUNDED_INACCURACY,GROUNDED_INACCURACY
FRED_0092,FRED,ENTITY_UNIT_BINDING,CORRECT|CORRECT|GROUNDED_INACCURACY|CORRECT|CORRECT|CORRECT,non_monotonic_or_recovered_after_inaccurate,never_hallucinatory,non_monotonic_or_recovered_after_grounded,CORRECT,CORRECT,GROUNDED_INACCURACY,CORRECT,CORRECT,CORRECT
FRED_0093,FRED,ENTITY_UNIT_BINDING,GROUNDED_INACCURACY|GROUNDED_INACCURACY|GROUNDED_INACCURACY|GROUNDED_INACCURACY|GROUNDED_INACCURACY|GROUNDED_INACCURACY,inaccurate_all_available_contexts,never_hallucinatory,grounded_all_available_contexts,GROUNDED_INACCURACY,GROUNDED_INACCURACY,GROUNDED_INACCURACY,GROUNDED_INACCURACY,GROUNDED_INACCURACY,GROUNDED_INACCURACY
FRED_0094,FRED,ENTITY_UNIT_BINDING,GROUNDED_INACCURACY|GROUNDED_INACCURACY|GROUNDED_INACCURACY|GROUNDED_INACCURACY|GROUNDED_INACCURACY|GROUNDED_INACCURACY,inaccurate_all_available_contexts,never_hallucinatory,grounded_all_available_contexts,GROUNDED_INACCURACY,GROUNDED_INACCURACY,GROUNDED_INACCURACY,GROUNDED_INACCURACY,GROUNDED_INACCURACY,GROUNDED_INACCURACY
FRED_0095,FRED,ENTITY_UNIT_BINDING,CORRECT|CORRECT|CORRECT|CORRECT|CORRECT|GROUNDED_INACCURACY,first_inaccurate_at_82K,never_hallucinatory,first_grounded_at_82K,CORRECT,CORRECT,CORRECT,CORRECT,CORRECT,GROUNDED_INACCURACY
FRED_0096,FRED,ENTITY_UNIT_BINDING,CORRECT|CORRECT|CORRECT|CORRECT|GROUNDED_INACCURACY|GROUNDED_INACCURACY,first_inaccurate_at_64K,never_hallucinatory,first_grounded_at_64K,CORRECT,CORRECT,CORRECT,CORRECT,GROUNDED_INACCURACY,GROUNDED_INACCURACY
FRED_0097,FRED,ENTITY_UNIT_BINDING,CORRECT|CORRECT|GROUNDED_INACCURACY|GROUNDED_INACCURACY|GROUNDED_INACCURACY|CORRECT,non_monotonic_or_recovered_after_inaccurate,never_hallucinatory,non_monotonic_or_recovered_after_grounded,CORRECT,CORRECT,GROUNDED_INACCURACY,GROUNDED_INACCURACY,GROUNDED_INACCURACY,CORRECT
FRED_0098,FRED,ENTITY_UNIT_BINDING,CORRECT|CORRECT|GROUNDED_INACCURACY|GROUNDED_INACCURACY|GROUNDED_INACCURACY|GROUNDED_INACCURACY,first_inaccurate_at_16K,never_hallucinatory,first_grounded_at_16K,CORRECT,CORRECT,GROUNDED_INACCURACY,GROUNDED_INACCURACY,GROUNDED_INACCURACY,GROUNDED_INACCURACY
FRED_0099,FRED,ENTITY_UNIT_BINDING,CORRECT|CORRECT|CORRECT|CORRECT|CORRECT|CORRECT,never_inaccurate,never_hallucinatory,never_grounded,CORRECT,CORRECT,CORRECT,CORRECT,CORRECT,CORRECT
FRED_0100,FRED,ENTITY_UNIT_BINDING,GROUNDED_INACCURACY|GROUNDED_INACCURACY|CORRECT|GROUNDED_INACCURACY|GROUNDED_INACCURACY|GROUNDED_INACCURACY,non_monotonic_or_recovered_after_inaccurate,never_hallucinatory,non_monotonic_or_recovered_after_grounded,GROUNDED_INACCURACY,GROUNDED_INACCURACY,CORRECT,GROUNDED_INACCURACY,GROUNDED_INACCURACY,GROUNDED_INACCURACY
FRED_0101,FRED,ENTITY_UNIT_BINDING,CORRECT|CORRECT|CORRECT|GROUNDED_INACCURACY|CORRECT|CORRECT,non_monotonic_or_recovered_after_inaccurate,never_hallucinatory,non_monotonic_or_recovered_after_grounded,CORRECT,CORRECT,CORRECT,GROUNDED_INACCURACY,CORRECT,CORRECT
FRED_0102,FRED,ENTITY_UNIT_BINDING,GROUNDED_INACCURACY|CORRECT|CORRECT|CORRECT|GROUNDED_INACCURACY|GROUNDED_INACCURACY,non_monotonic_or_recovered_after_inaccurate,never_hallucinatory,non_monotonic_or_recovered_after_grounded,GROUNDED_INACCURACY,CORRECT,CORRECT,CORRECT,GROUNDED_INACCURACY,GROUNDED_INACCURACY
FRED_0103,FRED,ENTITY_UNIT_BINDING,GROUNDED_INACCURACY|GROUNDED_INACCURACY|CORRECT|GROUNDED_INACCURACY|GROUNDED_INACCURACY|CORRECT,non_monotonic_or_recovered_after_inaccurate,never_hallucinatory,non_monotonic_or_recovered_after_grounded,GROUNDED_INACCURACY,GROUNDED_INACCURACY,CORRECT,GROUNDED_INACCURACY,GROUNDED_INACCURACY,CORRECT
FRED_0104,FRED,ENTITY_UNIT_BINDING,CORRECT|CORRECT|CORRECT|CORRECT|CORRECT|GROUNDED_INACCURACY,first_inaccurate_at_82K,never_hallucinatory,first_grounded_at_82K,CORRECT,CORRECT,CORRECT,CORRECT,CORRECT,GROUNDED_INACCURACY
FRED_0105,FRED,ENTITY_UNIT_BINDING,CORRECT|CORRECT|CORRECT|CORRECT|GROUNDED_INACCURACY|GROUNDED_INACCURACY,first_inaccurate_at_64K,never_hallucinatory,first_grounded_at_64K,CORRECT,CORRECT,CORRECT,CORRECT,GROUNDED_INACCURACY,GROUNDED_INACCURACY
FRED_0106,FRED,UNANSWERABLE,CORRECT|CORRECT|HALLUCINATORY_INACCURACY|HALLUCINATORY_INACCURACY|HALLUCINATORY_INACCURACY|HALLUCINATORY_INACCURACY,first_inaccurate_at_16K,first_hallucinatory_at_16K,never_grounded,CORRECT,CORRECT,HALLUCINATORY_INACCURACY,HALLUCINATORY_INACCURACY,HALLUCINATORY_INACCURACY,HALLUCINATORY_INACCURACY
FRED_0107,FRED,UNANSWERABLE,HALLUCINATORY_INACCURACY|HALLUCINATORY_INACCURACY|HALLUCINATORY_INACCURACY|HALLUCINATORY_INACCURACY|HALLUCINATORY_INACCURACY|HALLUCINATORY_INACCURACY,inaccurate_all_available_contexts,hallucinatory_all_available_contexts,never_grounded,HALLUCINATORY_INACCURACY,HALLUCINATORY_INACCURACY,HALLUCINATORY_INACCURACY,HALLUCINATORY_INACCURACY,HALLUCINATORY_INACCURACY,HALLUCINATORY_INACCURACY
FRED_0108,FRED,UNANSWERABLE,CORRECT|CORRECT|HALLUCINATORY_INACCURACY|HALLUCINATORY_INACCURACY|HALLUCINATORY_INACCURACY|HALLUCINATORY_INACCURACY,first_inaccurate_at_16K,first_hallucinatory_at_16K,never_grounded,CORRECT,CORRECT,HALLUCINATORY_INACCURACY,HALLUCINATORY_INACCURACY,HALLUCINATORY_INACCURACY,HALLUCINATORY_INACCURACY
FRED_0109,FRED,UNANSWERABLE,CORRECT|CORRECT|CORRECT|CORRECT|HALLUCINATORY_INACCURACY|CORRECT,non_monotonic_or_recovered_after_inaccurate,non_monotonic_or_recovered_after_hallucinatory,never_grounded,CORRECT,CORRECT,CORRECT,CORRECT,HALLUCINATORY_INACCURACY,CORRECT
FRED_0110,FRED,UNANSWERABLE,CORRECT|CORRECT|CORRECT|CORRECT|HALLUCINATORY_INACCURACY|CORRECT,non_monotonic_or_recovered_after_inaccurate,non_monotonic_or_recovered_after_hallucinatory,never_grounded,CORRECT,CORRECT,CORRECT,CORRECT,HALLUCINATORY_INACCURACY,CORRECT
FRED_0111,FRED,UNANSWERABLE,CORRECT|CORRECT|CORRECT|CORRECT|HALLUCINATORY_INACCURACY|HALLUCINATORY_INACCURACY,first_inaccurate_at_64K,first_hallucinatory_at_64K,never_grounded,CORRECT,CORRECT,CORRECT,CORRECT,HALLUCINATORY_INACCURACY,HALLUCINATORY_INACCURACY
FRED_0112,FRED,UNANSWERABLE,CORRECT|CORRECT|CORRECT|CORRECT|HALLUCINATORY_INACCURACY|HALLUCINATORY_INACCURACY,first_inaccurate_at_64K,first_hallucinatory_at_64K,never_grounded,CORRECT,CORRECT,CORRECT,CORRECT,HALLUCINATORY_INACCURACY,HALLUCINATORY_INACCURACY
FRED_0113,FRED,UNANSWERABLE,CORRECT|CORRECT|CORRECT|HALLUCINATORY_INACCURACY|HALLUCINATORY_INACCURACY|HALLUCINATORY_INACCURACY,first_inaccurate_at_32K,first_hallucinatory_at_32K,never_grounded,CORRECT,CORRECT,CORRECT,HALLUCINATORY_INACCURACY,HALLUCINATORY_INACCURACY,HALLUCINATORY_INACCURACY
FRED_0114,FRED,UNANSWERABLE,CORRECT|CORRECT|CORRECT|CORRECT|HALLUCINATORY_INACCURACY|HALLUCINATORY_INACCURACY,first_inaccurate_at_64K,first_hallucinatory_at_64K,never_grounded,CORRECT,CORRECT,CORRECT,CORRECT,HALLUCINATORY_INACCURACY,HALLUCINATORY_INACCURACY
FRED_0115,FRED,UNANSWERABLE,CORRECT|CORRECT|HALLUCINATORY_INACCURACY|HALLUCINATORY_INACCURACY|HALLUCINATORY_INACCURACY|HALLUCINATORY_INACCURACY,first_inaccurate_at_16K,first_hallucinatory_at_16K,never_grounded,CORRECT,CORRECT,HALLUCINATORY_INACCURACY,HALLUCINATORY_INACCURACY,HALLUCINATORY_INACCURACY,HALLUCINATORY_INACCURACY
FRED_0116,FRED,UNANSWERABLE,CORRECT|CORRECT|CORRECT|HALLUCINATORY_INACCURACY|HALLUCINATORY_INACCURACY|HALLUCINATORY_INACCURACY,first_inaccurate_at_32K,first_hallucinatory_at_32K,never_grounded,CORRECT,CORRECT,CORRECT,HALLUCINATORY_INACCURACY,HALLUCINATORY_INACCURACY,HALLUCINATORY_INACCURACY
FRED_0117,FRED,UNANSWERABLE,CORRECT|CORRECT|CORRECT|CORRECT|HALLUCINATORY_INACCURACY|HALLUCINATORY_INACCURACY,first_inaccurate_at_64K,first_hallucinatory_at_64K,never_grounded,CORRECT,CORRECT,CORRECT,CORRECT,HALLUCINATORY_INACCURACY,HALLUCINATORY_INACCURACY
FRED_0118,FRED,UNANSWERABLE,CORRECT|CORRECT|HALLUCINATORY_INACCURACY|CORRECT|HALLUCINATORY_INACCURACY|HALLUCINATORY_INACCURACY,non_monotonic_or_recovered_after_inaccurate,non_monotonic_or_recovered_after_hallucinatory,never_grounded,CORRECT,CORRECT,HALLUCINATORY_INACCURACY,CORRECT,HALLUCINATORY_INACCURACY,HALLUCINATORY_INACCURACY
FRED_0119,FRED,UNANSWERABLE,CORRECT|CORRECT|CORRECT|CORRECT|HALLUCINATORY_INACCURACY|HALLUCINATORY_INACCURACY,first_inaccurate_at_64K,first_hallucinatory_at_64K,never_grounded,CORRECT,CORRECT,CORRECT,CORRECT,HALLUCINATORY_INACCURACY,HALLUCINATORY_INACCURACY
FRED_0120,FRED,UNANSWERABLE,CORRECT|CORRECT|HALLUCINATORY_INACCURACY|CORRECT|HALLUCINATORY_INACCURACY|HALLUCINATORY_INACCURACY,non_monotonic_or_recovered_after_inaccurate,non_monotonic_or_recovered_after_hallucinatory,never_grounded,CORRECT,CORRECT,HALLUCINATORY_INACCURACY,CORRECT,HALLUCINATORY_INACCURACY,HALLUCINATORY_INACCURACY
FRED_0121,FRED,UNANSWERABLE,CORRECT|CORRECT|CORRECT|HALLUCINATORY_INACCURACY|HALLUCINATORY_INACCURACY|HALLUCINATORY_INACCURACY,first_inaccurate_at_32K,first_hallucinatory_at_32K,never_grounded,CORRECT,CORRECT,CORRECT,HALLUCINATORY_INACCURACY,HALLUCINATORY_INACCURACY,HALLUCINATORY_INACCURACY
FRED_0122,FRED,UNANSWERABLE,CORRECT|CORRECT|CORRECT|HALLUCINATORY_INACCURACY|HALLUCINATORY_INACCURACY|HALLUCINATORY_INACCURACY,first_inaccurate_at_32K,first_hallucinatory_at_32K,never_grounded,CORRECT,CORRECT,CORRECT,HALLUCINATORY_INACCURACY,HALLUCINATORY_INACCURACY,HALLUCINATORY_INACCURACY
FRED_0123,FRED,UNANSWERABLE,CORRECT|CORRECT|HALLUCINATORY_INACCURACY|HALLUCINATORY_INACCURACY|HALLUCINATORY_INACCURACY|HALLUCINATORY_INACCURACY,first_inaccurate_at_16K,first_hallucinatory_at_16K,never_grounded,CORRECT,CORRECT,HALLUCINATORY_INACCURACY,HALLUCINATORY_INACCURACY,HALLUCINATORY_INACCURACY,HALLUCINATORY_INACCURACY
FRED_0124,FRED,UNANSWERABLE,CORRECT|CORRECT|CORRECT|CORRECT|HALLUCINATORY_INACCURACY|HALLUCINATORY_INACCURACY,first_inaccurate_at_64K,first_hallucinatory_at_64K,never_grounded,CORRECT,CORRECT,CORRECT,CORRECT,HALLUCINATORY_INACCURACY,HALLUCINATORY_INACCURACY
FRED_0125,FRED,UNANSWERABLE,CORRECT|CORRECT|HALLUCINATORY_INACCURACY|HALLUCINATORY_INACCURACY|HALLUCINATORY_INACCURACY|HALLUCINATORY_INACCURACY,first_inaccurate_at_16K,first_hallucinatory_at_16K,never_grounded,CORRECT,CORRECT,HALLUCINATORY_INACCURACY,HALLUCINATORY_INACCURACY,HALLUCINATORY_INACCURACY,HALLUCINATORY_INACCURACY
SEC_0001,SEC,DIRECT_RETRIEVAL,CORRECT|CORRECT|CORRECT|CORRECT|GROUNDED_INACCURACY|GROUNDED_INACCURACY,first_inaccurate_at_64K,never_hallucinatory,first_grounded_at_64K,CORRECT,CORRECT,CORRECT,CORRECT,GROUNDED_INACCURACY,GROUNDED_INACCURACY
SEC_0002,SEC,DIRECT_RETRIEVAL,CORRECT|GROUNDED_INACCURACY|CORRECT|GROUNDED_INACCURACY|CORRECT|CORRECT,non_monotonic_or_recovered_after_inaccurate,never_hallucinatory,non_monotonic_or_recovered_after_grounded,CORRECT,GROUNDED_INACCURACY,CORRECT,GROUNDED_INACCURACY,CORRECT,CORRECT
SEC_0003,SEC,DIRECT_RETRIEVAL,GROUNDED_INACCURACY|CORRECT|CORRECT|CORRECT|GROUNDED_INACCURACY|GROUNDED_INACCURACY,non_monotonic_or_recovered_after_inaccurate,never_hallucinatory,non_monotonic_or_recovered_after_grounded,GROUNDED_INACCURACY,CORRECT,CORRECT,CORRECT,GROUNDED_INACCURACY,GROUNDED_INACCURACY
SEC_0004,SEC,DIRECT_RETRIEVAL,CORRECT|GROUNDED_INACCURACY|CORRECT|GROUNDED_INACCURACY|CORRECT|CORRECT,non_monotonic_or_recovered_after_inaccurate,never_hallucinatory,non_monotonic_or_recovered_after_grounded,CORRECT,GROUNDED_INACCURACY,CORRECT,GROUNDED_INACCURACY,CORRECT,CORRECT
SEC_0005,SEC,DIRECT_RETRIEVAL,GROUNDED_INACCURACY|CORRECT|GROUNDED_INACCURACY|GROUNDED_INACCURACY|CORRECT|GROUNDED_INACCURACY,non_monotonic_or_recovered_after_inaccurate,never_hallucinatory,non_monotonic_or_recovered_after_grounded,GROUNDED_INACCURACY,CORRECT,GROUNDED_INACCURACY,GROUNDED_INACCURACY,CORRECT,GROUNDED_INACCURACY
SEC_0006,SEC,ENTITY_UNIT_BINDING,GROUNDED_INACCURACY|GROUNDED_INACCURACY|HALLUCINATORY_INACCURACY|HALLUCINATORY_INACCURACY|GROUNDED_INACCURACY|HALLUCINATORY_INACCURACY,inaccurate_all_available_contexts,non_monotonic_or_recovered_after_hallucinatory,non_monotonic_or_recovered_after_grounded,GROUNDED_INACCURACY,GROUNDED_INACCURACY,HALLUCINATORY_INACCURACY,HALLUCINATORY_INACCURACY,GROUNDED_INACCURACY,HALLUCINATORY_INACCURACY
SEC_0007,SEC,ENTITY_UNIT_BINDING,GROUNDED_INACCURACY|CORRECT|GROUNDED_INACCURACY|GROUNDED_INACCURACY|CORRECT|GROUNDED_INACCURACY,non_monotonic_or_recovered_after_inaccurate,never_hallucinatory,non_monotonic_or_recovered_after_grounded,GROUNDED_INACCURACY,CORRECT,GROUNDED_INACCURACY,GROUNDED_INACCURACY,CORRECT,GROUNDED_INACCURACY
SEC_0008,SEC,ENTITY_UNIT_BINDING,GROUNDED_INACCURACY|GROUNDED_INACCURACY|GROUNDED_INACCURACY|CORRECT|CORRECT|CORRECT,non_monotonic_or_recovered_after_inaccurate,never_hallucinatory,non_monotonic_or_recovered_after_grounded,GROUNDED_INACCURACY,GROUNDED_INACCURACY,GROUNDED_INACCURACY,CORRECT,CORRECT,CORRECT
SEC_0009,SEC,RETRIEVAL_CALCULATION,HALLUCINATORY_INACCURACY|HALLUCINATORY_INACCURACY|HALLUCINATORY_INACCURACY|HALLUCINATORY_INACCURACY|HALLUCINATORY_INACCURACY|HALLUCINATORY_INACCURACY,inaccurate_all_available_contexts,hallucinatory_all_available_contexts,never_grounded,HALLUCINATORY_INACCURACY,HALLUCINATORY_INACCURACY,HALLUCINATORY_INACCURACY,HALLUCINATORY_INACCURACY,HALLUCINATORY_INACCURACY,HALLUCINATORY_INACCURACY
SEC_0010,SEC,RETRIEVAL_CALCULATION,HALLUCINATORY_INACCURACY|HALLUCINATORY_INACCURACY|HALLUCINATORY_INACCURACY|HALLUCINATORY_INACCURACY|HALLUCINATORY_INACCURACY|HALLUCINATORY_INACCURACY,inaccurate_all_available_contexts,hallucinatory_all_available_contexts,never_grounded,HALLUCINATORY_INACCURACY,HALLUCINATORY_INACCURACY,HALLUCINATORY_INACCURACY,HALLUCINATORY_INACCURACY,HALLUCINATORY_INACCURACY,HALLUCINATORY_INACCURACY
SEC_0011,SEC,RETRIEVAL_CALCULATION,HALLUCINATORY_INACCURACY|HALLUCINATORY_INACCURACY|HALLUCINATORY_INACCURACY|HALLUCINATORY_INACCURACY|HALLUCINATORY_INACCURACY|HALLUCINATORY_INACCURACY,inaccurate_all_available_contexts,hallucinatory_all_available_contexts,never_grounded,HALLUCINATORY_INACCURACY,HALLUCINATORY_INACCURACY,HALLUCINATORY_INACCURACY,HALLUCINATORY_INACCURACY,HALLUCINATORY_INACCURACY,HALLUCINATORY_INACCURACY
SEC_0012,SEC,RETRIEVAL_CALCULATION,HALLUCINATORY_INACCURACY|HALLUCINATORY_INACCURACY|HALLUCINATORY_INACCURACY|HALLUCINATORY_INACCURACY|HALLUCINATORY_INACCURACY|HALLUCINATORY_INACCURACY,inaccurate_all_available_contexts,hallucinatory_all_available_contexts,never_grounded,HALLUCINATORY_INACCURACY,HALLUCINATORY_INACCURACY,HALLUCINATORY_INACCURACY,HALLUCINATORY_INACCURACY,HALLUCINATORY_INACCURACY,HALLUCINATORY_INACCURACY
SEC_0013,SEC,RETRIEVAL_CALCULATION,HALLUCINATORY_INACCURACY|HALLUCINATORY_INACCURACY|HALLUCINATORY_INACCURACY|HALLUCINATORY_INACCURACY|HALLUCINATORY_INACCURACY|HALLUCINATORY_INACCURACY,inaccurate_all_available_contexts,hallucinatory_all_available_contexts,never_grounded,HALLUCINATORY_INACCURACY,HALLUCINATORY_INACCURACY,HALLUCINATORY_INACCURACY,HALLUCINATORY_INACCURACY,HALLUCINATORY_INACCURACY,HALLUCINATORY_INACCURACY
SEC_0014,SEC,RETRIEVAL_CALCULATION,GROUNDED_INACCURACY|GROUNDED_INACCURACY|GROUNDED_INACCURACY|GROUNDED_INACCURACY|HALLUCINATORY_INACCURACY|HALLUCINATORY_INACCURACY,inaccurate_all_available_contexts,first_hallucinatory_at_64K,non_monotonic_or_recovered_after_grounded,GROUNDED_INACCURACY,GROUNDED_INACCURACY,GROUNDED_INACCURACY,GROUNDED_INACCURACY,HALLUCINATORY_INACCURACY,HALLUCINATORY_INACCURACY
SEC_0015,SEC,RETRIEVAL_CALCULATION,GROUNDED_INACCURACY|HALLUCINATORY_INACCURACY|HALLUCINATORY_INACCURACY|HALLUCINATORY_INACCURACY|HALLUCINATORY_INACCURACY|HALLUCINATORY_INACCURACY,inaccurate_all_available_contexts,first_hallucinatory_at_8K,non_monotonic_or_recovered_after_grounded,GROUNDED_INACCURACY,HALLUCINATORY_INACCURACY,HALLUCINATORY_INACCURACY,HALLUCINATORY_INACCURACY,HALLUCINATORY_INACCURACY,HALLUCINATORY_INACCURACY
SEC_0016,SEC,RETRIEVAL_CALCULATION,GROUNDED_INACCURACY|HALLUCINATORY_INACCURACY|GROUNDED_INACCURACY|GROUNDED_INACCURACY|GROUNDED_INACCURACY|GROUNDED_INACCURACY,inaccurate_all_available_contexts,non_monotonic_or_recovered_after_hallucinatory,non_monotonic_or_recovered_after_grounded,GROUNDED_INACCURACY,HALLUCINATORY_INACCURACY,GROUNDED_INACCURACY,GROUNDED_INACCURACY,GROUNDED_INACCURACY,GROUNDED_INACCURACY
SEC_0017,SEC,TEMPORAL_VERSION,GROUNDED_INACCURACY|CORRECT|HALLUCINATORY_INACCURACY|CORRECT|CORRECT|CORRECT,non_monotonic_or_recovered_after_inaccurate,non_monotonic_or_recovered_after_hallucinatory,non_monotonic_or_recovered_after_grounded,GROUNDED_INACCURACY,CORRECT,HALLUCINATORY_INACCURACY,CORRECT,CORRECT,CORRECT
SEC_0018,SEC,TEMPORAL_VERSION,CORRECT|CORRECT|CORRECT|GROUNDED_INACCURACY|CORRECT|CORRECT,non_monotonic_or_recovered_after_inaccurate,never_hallucinatory,non_monotonic_or_recovered_after_grounded,CORRECT,CORRECT,CORRECT,GROUNDED_INACCURACY,CORRECT,CORRECT
SEC_0019,SEC,TEMPORAL_VERSION,CORRECT|CORRECT|CORRECT|CORRECT|CORRECT|CORRECT,never_inaccurate,never_hallucinatory,never_grounded,CORRECT,CORRECT,CORRECT,CORRECT,CORRECT,CORRECT
SEC_0020,SEC,TEMPORAL_VERSION,CORRECT|GROUNDED_INACCURACY|GROUNDED_INACCURACY|CORRECT|CORRECT|GROUNDED_INACCURACY,non_monotonic_or_recovered_after_inaccurate,never_hallucinatory,non_monotonic_or_recovered_after_grounded,CORRECT,GROUNDED_INACCURACY,GROUNDED_INACCURACY,CORRECT,CORRECT,GROUNDED_INACCURACY
SEC_0021,SEC,UNANSWERABLE,CORRECT|CORRECT|CORRECT|CORRECT|HALLUCINATORY_INACCURACY|HALLUCINATORY_INACCURACY,first_inaccurate_at_64K,first_hallucinatory_at_64K,never_grounded,CORRECT,CORRECT,CORRECT,CORRECT,HALLUCINATORY_INACCURACY,HALLUCINATORY_INACCURACY
SEC_0022,SEC,UNANSWERABLE,CORRECT|CORRECT|CORRECT|CORRECT|HALLUCINATORY_INACCURACY|HALLUCINATORY_INACCURACY,first_inaccurate_at_64K,first_hallucinatory_at_64K,never_grounded,CORRECT,CORRECT,CORRECT,CORRECT,HALLUCINATORY_INACCURACY,HALLUCINATORY_INACCURACY
SEC_0023,SEC,UNANSWERABLE,CORRECT|CORRECT|CORRECT|HALLUCINATORY_INACCURACY|HALLUCINATORY_INACCURACY|HALLUCINATORY_INACCURACY,first_inaccurate_at_32K,first_hallucinatory_at_32K,never_grounded,CORRECT,CORRECT,CORRECT,HALLUCINATORY_INACCURACY,HALLUCINATORY_INACCURACY,HALLUCINATORY_INACCURACY
SEC_0024,SEC,UNANSWERABLE,CORRECT|CORRECT|CORRECT|CORRECT|HALLUCINATORY_INACCURACY|HALLUCINATORY_INACCURACY,first_inaccurate_at_64K,first_hallucinatory_at_64K,never_grounded,CORRECT,CORRECT,CORRECT,CORRECT,HALLUCINATORY_INACCURACY,HALLUCINATORY_INACCURACY
SEC_0025,SEC,UNANSWERABLE,CORRECT|CORRECT|CORRECT|CORRECT|HALLUCINATORY_INACCURACY|HALLUCINATORY_INACCURACY,first_inaccurate_at_64K,first_hallucinatory_at_64K,never_grounded,CORRECT,CORRECT,CORRECT,CORRECT,HALLUCINATORY_INACCURACY,HALLUCINATORY_INACCURACY
SEC_0026,SEC,DIRECT_RETRIEVAL,GROUNDED_INACCURACY|GROUNDED_INACCURACY|GROUNDED_INACCURACY|GROUNDED_INACCURACY|GROUNDED_INACCURACY|GROUNDED_INACCURACY,inaccurate_all_available_contexts,never_hallucinatory,grounded_all_available_contexts,GROUNDED_INACCURACY,GROUNDED_INACCURACY,GROUNDED_INACCURACY,GROUNDED_INACCURACY,GROUNDED_INACCURACY,GROUNDED_INACCURACY
SEC_0027,SEC,DIRECT_RETRIEVAL,CORRECT|CORRECT|GROUNDED_INACCURACY|GROUNDED_INACCURACY|CORRECT|GROUNDED_INACCURACY,non_monotonic_or_recovered_after_inaccurate,never_hallucinatory,non_monotonic_or_recovered_after_grounded,CORRECT,CORRECT,GROUNDED_INACCURACY,GROUNDED_INACCURACY,CORRECT,GROUNDED_INACCURACY
SEC_0028,SEC,DIRECT_RETRIEVAL,GROUNDED_INACCURACY|GROUNDED_INACCURACY|GROUNDED_INACCURACY|GROUNDED_INACCURACY|GROUNDED_INACCURACY|GROUNDED_INACCURACY,inaccurate_all_available_contexts,never_hallucinatory,grounded_all_available_contexts,GROUNDED_INACCURACY,GROUNDED_INACCURACY,GROUNDED_INACCURACY,GROUNDED_INACCURACY,GROUNDED_INACCURACY,GROUNDED_INACCURACY
SEC_0029,SEC,DIRECT_RETRIEVAL,GROUNDED_INACCURACY|GROUNDED_INACCURACY|GROUNDED_INACCURACY|CORRECT|CORRECT|GROUNDED_INACCURACY,non_monotonic_or_recovered_after_inaccurate,never_hallucinatory,non_monotonic_or_recovered_after_grounded,GROUNDED_INACCURACY,GROUNDED_INACCURACY,GROUNDED_INACCURACY,CORRECT,CORRECT,GROUNDED_INACCURACY
SEC_0030,SEC,DIRECT_RETRIEVAL,GROUNDED_INACCURACY|GROUNDED_INACCURACY|GROUNDED_INACCURACY|GROUNDED_INACCURACY|GROUNDED_INACCURACY|GROUNDED_INACCURACY,inaccurate_all_available_contexts,never_hallucinatory,grounded_all_available_contexts,GROUNDED_INACCURACY,GROUNDED_INACCURACY,GROUNDED_INACCURACY,GROUNDED_INACCURACY,GROUNDED_INACCURACY,GROUNDED_INACCURACY
SEC_0031,SEC,DIRECT_RETRIEVAL,CORRECT|GROUNDED_INACCURACY|GROUNDED_INACCURACY|GROUNDED_INACCURACY|GROUNDED_INACCURACY|GROUNDED_INACCURACY,first_inaccurate_at_8K,never_hallucinatory,first_grounded_at_8K,CORRECT,GROUNDED_INACCURACY,GROUNDED_INACCURACY,GROUNDED_INACCURACY,GROUNDED_INACCURACY,GROUNDED_INACCURACY
SEC_0032,SEC,DIRECT_RETRIEVAL,GROUNDED_INACCURACY|GROUNDED_INACCURACY|GROUNDED_INACCURACY|CORRECT|GROUNDED_INACCURACY|GROUNDED_INACCURACY,non_monotonic_or_recovered_after_inaccurate,never_hallucinatory,non_monotonic_or_recovered_after_grounded,GROUNDED_INACCURACY,GROUNDED_INACCURACY,GROUNDED_INACCURACY,CORRECT,GROUNDED_INACCURACY,GROUNDED_INACCURACY
SEC_0033,SEC,DIRECT_RETRIEVAL,GROUNDED_INACCURACY|GROUNDED_INACCURACY|GROUNDED_INACCURACY|GROUNDED_INACCURACY|GROUNDED_INACCURACY|GROUNDED_INACCURACY,inaccurate_all_available_contexts,never_hallucinatory,grounded_all_available_contexts,GROUNDED_INACCURACY,GROUNDED_INACCURACY,GROUNDED_INACCURACY,GROUNDED_INACCURACY,GROUNDED_INACCURACY,GROUNDED_INACCURACY
SEC_0034,SEC,DIRECT_RETRIEVAL,CORRECT|GROUNDED_INACCURACY|CORRECT|CORRECT|CORRECT|GROUNDED_INACCURACY,non_monotonic_or_recovered_after_inaccurate,never_hallucinatory,non_monotonic_or_recovered_after_grounded,CORRECT,GROUNDED_INACCURACY,CORRECT,CORRECT,CORRECT,GROUNDED_INACCURACY
SEC_0035,SEC,DIRECT_RETRIEVAL,GROUNDED_INACCURACY|GROUNDED_INACCURACY|GROUNDED_INACCURACY|GROUNDED_INACCURACY|GROUNDED_INACCURACY|GROUNDED_INACCURACY,inaccurate_all_available_contexts,never_hallucinatory,grounded_all_available_contexts,GROUNDED_INACCURACY,GROUNDED_INACCURACY,GROUNDED_INACCURACY,GROUNDED_INACCURACY,GROUNDED_INACCURACY,GROUNDED_INACCURACY
SEC_0036,SEC,DIRECT_RETRIEVAL,GROUNDED_INACCURACY|GROUNDED_INACCURACY|GROUNDED_INACCURACY|GROUNDED_INACCURACY|GROUNDED_INACCURACY|CORRECT,non_monotonic_or_recovered_after_inaccurate,never_hallucinatory,non_monotonic_or_recovered_after_grounded,GROUNDED_INACCURACY,GROUNDED_INACCURACY,GROUNDED_INACCURACY,GROUNDED_INACCURACY,GROUNDED_INACCURACY,CORRECT
SEC_0037,SEC,DIRECT_RETRIEVAL,CORRECT|GROUNDED_INACCURACY|CORRECT|CORRECT|CORRECT|CORRECT,non_monotonic_or_recovered_after_inaccurate,never_hallucinatory,non_monotonic_or_recovered_after_grounded,CORRECT,GROUNDED_INACCURACY,CORRECT,CORRECT,CORRECT,CORRECT
SEC_0038,SEC,DIRECT_RETRIEVAL,CORRECT|GROUNDED_INACCURACY|GROUNDED_INACCURACY|GROUNDED_INACCURACY|HALLUCINATORY_INACCURACY|GROUNDED_INACCURACY,first_inaccurate_at_8K,non_monotonic_or_recovered_after_hallucinatory,non_monotonic_or_recovered_after_grounded,CORRECT,GROUNDED_INACCURACY,GROUNDED_INACCURACY,GROUNDED_INACCURACY,HALLUCINATORY_INACCURACY,GROUNDED_INACCURACY
SEC_0039,SEC,DIRECT_RETRIEVAL,GROUNDED_INACCURACY|GROUNDED_INACCURACY|GROUNDED_INACCURACY|GROUNDED_INACCURACY|GROUNDED_INACCURACY|CORRECT,non_monotonic_or_recovered_after_inaccurate,never_hallucinatory,non_monotonic_or_recovered_after_grounded,GROUNDED_INACCURACY,GROUNDED_INACCURACY,GROUNDED_INACCURACY,GROUNDED_INACCURACY,GROUNDED_INACCURACY,CORRECT
SEC_0040,SEC,DIRECT_RETRIEVAL,CORRECT|CORRECT|GROUNDED_INACCURACY|GROUNDED_INACCURACY|GROUNDED_INACCURACY|GROUNDED_INACCURACY,first_inaccurate_at_16K,never_hallucinatory,first_grounded_at_16K,CORRECT,CORRECT,GROUNDED_INACCURACY,GROUNDED_INACCURACY,GROUNDED_INACCURACY,GROUNDED_INACCURACY
SEC_0041,SEC,DIRECT_RETRIEVAL,CORRECT|CORRECT|CORRECT|CORRECT|GROUNDED_INACCURACY|CORRECT,non_monotonic_or_recovered_after_inaccurate,never_hallucinatory,non_monotonic_or_recovered_after_grounded,CORRECT,CORRECT,CORRECT,CORRECT,GROUNDED_INACCURACY,CORRECT
SEC_0042,SEC,DIRECT_RETRIEVAL,CORRECT|CORRECT|GROUNDED_INACCURACY|GROUNDED_INACCURACY|CORRECT|GROUNDED_INACCURACY,non_monotonic_or_recovered_after_inaccurate,never_hallucinatory,non_monotonic_or_recovered_after_grounded,CORRECT,CORRECT,GROUNDED_INACCURACY,GROUNDED_INACCURACY,CORRECT,GROUNDED_INACCURACY
SEC_0043,SEC,DIRECT_RETRIEVAL,CORRECT|CORRECT|GROUNDED_INACCURACY|CORRECT|CORRECT|CORRECT,non_monotonic_or_recovered_after_inaccurate,never_hallucinatory,non_monotonic_or_recovered_after_grounded,CORRECT,CORRECT,GROUNDED_INACCURACY,CORRECT,CORRECT,CORRECT
SEC_0044,SEC,DIRECT_RETRIEVAL,GROUNDED_INACCURACY|CORRECT|GROUNDED_INACCURACY|CORRECT|CORRECT|CORRECT,non_monotonic_or_recovered_after_inaccurate,never_hallucinatory,non_monotonic_or_recovered_after_grounded,GROUNDED_INACCURACY,CORRECT,GROUNDED_INACCURACY,CORRECT,CORRECT,CORRECT
SEC_0045,SEC,DIRECT_RETRIEVAL,GROUNDED_INACCURACY|CORRECT|GROUNDED_INACCURACY|GROUNDED_INACCURACY|GROUNDED_INACCURACY|GROUNDED_INACCURACY,non_monotonic_or_recovered_after_inaccurate,never_hallucinatory,non_monotonic_or_recovered_after_grounded,GROUNDED_INACCURACY,CORRECT,GROUNDED_INACCURACY,GROUNDED_INACCURACY,GROUNDED_INACCURACY,GROUNDED_INACCURACY
SEC_0046,SEC,RETRIEVAL_CALCULATION,HALLUCINATORY_INACCURACY|HALLUCINATORY_INACCURACY|HALLUCINATORY_INACCURACY|HALLUCINATORY_INACCURACY|HALLUCINATORY_INACCURACY|HALLUCINATORY_INACCURACY,inaccurate_all_available_contexts,hallucinatory_all_available_contexts,never_grounded,HALLUCINATORY_INACCURACY,HALLUCINATORY_INACCURACY,HALLUCINATORY_INACCURACY,HALLUCINATORY_INACCURACY,HALLUCINATORY_INACCURACY,HALLUCINATORY_INACCURACY
SEC_0047,SEC,RETRIEVAL_CALCULATION,GROUNDED_INACCURACY|HALLUCINATORY_INACCURACY|GROUNDED_INACCURACY|HALLUCINATORY_INACCURACY|HALLUCINATORY_INACCURACY|HALLUCINATORY_INACCURACY,inaccurate_all_available_contexts,non_monotonic_or_recovered_after_hallucinatory,non_monotonic_or_recovered_after_grounded,GROUNDED_INACCURACY,HALLUCINATORY_INACCURACY,GROUNDED_INACCURACY,HALLUCINATORY_INACCURACY,HALLUCINATORY_INACCURACY,HALLUCINATORY_INACCURACY
SEC_0048,SEC,RETRIEVAL_CALCULATION,HALLUCINATORY_INACCURACY|HALLUCINATORY_INACCURACY|HALLUCINATORY_INACCURACY|HALLUCINATORY_INACCURACY|HALLUCINATORY_INACCURACY|HALLUCINATORY_INACCURACY,inaccurate_all_available_contexts,hallucinatory_all_available_contexts,never_grounded,HALLUCINATORY_INACCURACY,HALLUCINATORY_INACCURACY,HALLUCINATORY_INACCURACY,HALLUCINATORY_INACCURACY,HALLUCINATORY_INACCURACY,HALLUCINATORY_INACCURACY
SEC_0049,SEC,RETRIEVAL_CALCULATION,GROUNDED_INACCURACY|GROUNDED_INACCURACY|GROUNDED_INACCURACY|GROUNDED_INACCURACY|GROUNDED_INACCURACY|GROUNDED_INACCURACY,inaccurate_all_available_contexts,never_hallucinatory,grounded_all_available_contexts,GROUNDED_INACCURACY,GROUNDED_INACCURACY,GROUNDED_INACCURACY,GROUNDED_INACCURACY,GROUNDED_INACCURACY,GROUNDED_INACCURACY
SEC_0050,SEC,RETRIEVAL_CALCULATION,HALLUCINATORY_INACCURACY|GROUNDED_INACCURACY|GROUNDED_INACCURACY|HALLUCINATORY_INACCURACY|HALLUCINATORY_INACCURACY|HALLUCINATORY_INACCURACY,inaccurate_all_available_contexts,non_monotonic_or_recovered_after_hallucinatory,non_monotonic_or_recovered_after_grounded,HALLUCINATORY_INACCURACY,GROUNDED_INACCURACY,GROUNDED_INACCURACY,HALLUCINATORY_INACCURACY,HALLUCINATORY_INACCURACY,HALLUCINATORY_INACCURACY
SEC_0051,SEC,RETRIEVAL_CALCULATION,HALLUCINATORY_INACCURACY|HALLUCINATORY_INACCURACY|HALLUCINATORY_INACCURACY|HALLUCINATORY_INACCURACY|HALLUCINATORY_INACCURACY|HALLUCINATORY_INACCURACY,inaccurate_all_available_contexts,hallucinatory_all_available_contexts,never_grounded,HALLUCINATORY_INACCURACY,HALLUCINATORY_INACCURACY,HALLUCINATORY_INACCURACY,HALLUCINATORY_INACCURACY,HALLUCINATORY_INACCURACY,HALLUCINATORY_INACCURACY
SEC_0052,SEC,RETRIEVAL_CALCULATION,HALLUCINATORY_INACCURACY|HALLUCINATORY_INACCURACY|GROUNDED_INACCURACY|HALLUCINATORY_INACCURACY|HALLUCINATORY_INACCURACY|HALLUCINATORY_INACCURACY,inaccurate_all_available_contexts,non_monotonic_or_recovered_after_hallucinatory,non_monotonic_or_recovered_after_grounded,HALLUCINATORY_INACCURACY,HALLUCINATORY_INACCURACY,GROUNDED_INACCURACY,HALLUCINATORY_INACCURACY,HALLUCINATORY_INACCURACY,HALLUCINATORY_INACCURACY
SEC_0053,SEC,RETRIEVAL_CALCULATION,HALLUCINATORY_INACCURACY|HALLUCINATORY_INACCURACY|GROUNDED_INACCURACY|GROUNDED_INACCURACY|HALLUCINATORY_INACCURACY|HALLUCINATORY_INACCURACY,inaccurate_all_available_contexts,non_monotonic_or_recovered_after_hallucinatory,non_monotonic_or_recovered_after_grounded,HALLUCINATORY_INACCURACY,HALLUCINATORY_INACCURACY,GROUNDED_INACCURACY,GROUNDED_INACCURACY,HALLUCINATORY_INACCURACY,HALLUCINATORY_INACCURACY
SEC_0054,SEC,RETRIEVAL_CALCULATION,GROUNDED_INACCURACY|GROUNDED_INACCURACY|GROUNDED_INACCURACY|GROUNDED_INACCURACY|GROUNDED_INACCURACY|GROUNDED_INACCURACY,inaccurate_all_available_contexts,never_hallucinatory,grounded_all_available_contexts,GROUNDED_INACCURACY,GROUNDED_INACCURACY,GROUNDED_INACCURACY,GROUNDED_INACCURACY,GROUNDED_INACCURACY,GROUNDED_INACCURACY
SEC_0055,SEC,RETRIEVAL_CALCULATION,HALLUCINATORY_INACCURACY|HALLUCINATORY_INACCURACY|GROUNDED_INACCURACY|GROUNDED_INACCURACY|GROUNDED_INACCURACY|GROUNDED_INACCURACY,inaccurate_all_available_contexts,non_monotonic_or_recovered_after_hallucinatory,first_grounded_at_16K,HALLUCINATORY_INACCURACY,HALLUCINATORY_INACCURACY,GROUNDED_INACCURACY,GROUNDED_INACCURACY,GROUNDED_INACCURACY,GROUNDED_INACCURACY
SEC_0056,SEC,RETRIEVAL_CALCULATION,GROUNDED_INACCURACY|HALLUCINATORY_INACCURACY|HALLUCINATORY_INACCURACY|HALLUCINATORY_INACCURACY|HALLUCINATORY_INACCURACY|HALLUCINATORY_INACCURACY,inaccurate_all_available_contexts,first_hallucinatory_at_8K,non_monotonic_or_recovered_after_grounded,GROUNDED_INACCURACY,HALLUCINATORY_INACCURACY,HALLUCINATORY_INACCURACY,HALLUCINATORY_INACCURACY,HALLUCINATORY_INACCURACY,HALLUCINATORY_INACCURACY
SEC_0057,SEC,RETRIEVAL_CALCULATION,GROUNDED_INACCURACY|GROUNDED_INACCURACY|HALLUCINATORY_INACCURACY|HALLUCINATORY_INACCURACY|HALLUCINATORY_INACCURACY|HALLUCINATORY_INACCURACY,inaccurate_all_available_contexts,first_hallucinatory_at_16K,non_monotonic_or_recovered_after_grounded,GROUNDED_INACCURACY,GROUNDED_INACCURACY,HALLUCINATORY_INACCURACY,HALLUCINATORY_INACCURACY,HALLUCINATORY_INACCURACY,HALLUCINATORY_INACCURACY
SEC_0058,SEC,RETRIEVAL_CALCULATION,GROUNDED_INACCURACY|GROUNDED_INACCURACY|GROUNDED_INACCURACY|GROUNDED_INACCURACY|GROUNDED_INACCURACY|GROUNDED_INACCURACY,inaccurate_all_available_contexts,never_hallucinatory,grounded_all_available_contexts,GROUNDED_INACCURACY,GROUNDED_INACCURACY,GROUNDED_INACCURACY,GROUNDED_INACCURACY,GROUNDED_INACCURACY,GROUNDED_INACCURACY
SEC_0059,SEC,RETRIEVAL_CALCULATION,GROUNDED_INACCURACY|GROUNDED_INACCURACY|GROUNDED_INACCURACY|GROUNDED_INACCURACY|HALLUCINATORY_INACCURACY|GROUNDED_INACCURACY,inaccurate_all_available_contexts,non_monotonic_or_recovered_after_hallucinatory,non_monotonic_or_recovered_after_grounded,GROUNDED_INACCURACY,GROUNDED_INACCURACY,GROUNDED_INACCURACY,GROUNDED_INACCURACY,HALLUCINATORY_INACCURACY,GROUNDED_INACCURACY
SEC_0060,SEC,RETRIEVAL_CALCULATION,HALLUCINATORY_INACCURACY|HALLUCINATORY_INACCURACY|HALLUCINATORY_INACCURACY|HALLUCINATORY_INACCURACY|GROUNDED_INACCURACY|HALLUCINATORY_INACCURACY,inaccurate_all_available_contexts,non_monotonic_or_recovered_after_hallucinatory,non_monotonic_or_recovered_after_grounded,HALLUCINATORY_INACCURACY,HALLUCINATORY_INACCURACY,HALLUCINATORY_INACCURACY,HALLUCINATORY_INACCURACY,GROUNDED_INACCURACY,HALLUCINATORY_INACCURACY
SEC_0061,SEC,RETRIEVAL_CALCULATION,HALLUCINATORY_INACCURACY|HALLUCINATORY_INACCURACY|GROUNDED_INACCURACY|HALLUCINATORY_INACCURACY|GROUNDED_INACCURACY|GROUNDED_INACCURACY,inaccurate_all_available_contexts,non_monotonic_or_recovered_after_hallucinatory,non_monotonic_or_recovered_after_grounded,HALLUCINATORY_INACCURACY,HALLUCINATORY_INACCURACY,GROUNDED_INACCURACY,HALLUCINATORY_INACCURACY,GROUNDED_INACCURACY,GROUNDED_INACCURACY
SEC_0062,SEC,RETRIEVAL_CALCULATION,HALLUCINATORY_INACCURACY|HALLUCINATORY_INACCURACY|GROUNDED_INACCURACY|HALLUCINATORY_INACCURACY|HALLUCINATORY_INACCURACY|HALLUCINATORY_INACCURACY,inaccurate_all_available_contexts,non_monotonic_or_recovered_after_hallucinatory,non_monotonic_or_recovered_after_grounded,HALLUCINATORY_INACCURACY,HALLUCINATORY_INACCURACY,GROUNDED_INACCURACY,HALLUCINATORY_INACCURACY,HALLUCINATORY_INACCURACY,HALLUCINATORY_INACCURACY
SEC_0063,SEC,RETRIEVAL_CALCULATION,HALLUCINATORY_INACCURACY|HALLUCINATORY_INACCURACY|HALLUCINATORY_INACCURACY|HALLUCINATORY_INACCURACY|GROUNDED_INACCURACY|HALLUCINATORY_INACCURACY,inaccurate_all_available_contexts,non_monotonic_or_recovered_after_hallucinatory,non_monotonic_or_recovered_after_grounded,HALLUCINATORY_INACCURACY,HALLUCINATORY_INACCURACY,HALLUCINATORY_INACCURACY,HALLUCINATORY_INACCURACY,GROUNDED_INACCURACY,HALLUCINATORY_INACCURACY
SEC_0064,SEC,RETRIEVAL_CALCULATION,HALLUCINATORY_INACCURACY|HALLUCINATORY_INACCURACY|HALLUCINATORY_INACCURACY|HALLUCINATORY_INACCURACY|GROUNDED_INACCURACY|MISSING,inaccurate_all_available_contexts,non_monotonic_or_recovered_after_hallucinatory,first_grounded_at_64K,HALLUCINATORY_INACCURACY,HALLUCINATORY_INACCURACY,HALLUCINATORY_INACCURACY,HALLUCINATORY_INACCURACY,GROUNDED_INACCURACY,MISSING
SEC_0065,SEC,RETRIEVAL_CALCULATION,GROUNDED_INACCURACY|HALLUCINATORY_INACCURACY|HALLUCINATORY_INACCURACY|HALLUCINATORY_INACCURACY|HALLUCINATORY_INACCURACY|GROUNDED_INACCURACY,inaccurate_all_available_contexts,non_monotonic_or_recovered_after_hallucinatory,non_monotonic_or_recovered_after_grounded,GROUNDED_INACCURACY,HALLUCINATORY_INACCURACY,HALLUCINATORY_INACCURACY,HALLUCINATORY_INACCURACY,HALLUCINATORY_INACCURACY,GROUNDED_INACCURACY
SEC_0066,SEC,RETRIEVAL_CALCULATION,HALLUCINATORY_INACCURACY|HALLUCINATORY_INACCURACY|HALLUCINATORY_INACCURACY|HALLUCINATORY_INACCURACY|HALLUCINATORY_INACCURACY|HALLUCINATORY_INACCURACY,inaccurate_all_available_contexts,hallucinatory_all_available_contexts,never_grounded,HALLUCINATORY_INACCURACY,HALLUCINATORY_INACCURACY,HALLUCINATORY_INACCURACY,HALLUCINATORY_INACCURACY,HALLUCINATORY_INACCURACY,HALLUCINATORY_INACCURACY
SEC_0067,SEC,RETRIEVAL_CALCULATION,GROUNDED_INACCURACY|HALLUCINATORY_INACCURACY|HALLUCINATORY_INACCURACY|HALLUCINATORY_INACCURACY|HALLUCINATORY_INACCURACY|GROUNDED_INACCURACY,inaccurate_all_available_contexts,non_monotonic_or_recovered_after_hallucinatory,non_monotonic_or_recovered_after_grounded,GROUNDED_INACCURACY,HALLUCINATORY_INACCURACY,HALLUCINATORY_INACCURACY,HALLUCINATORY_INACCURACY,HALLUCINATORY_INACCURACY,GROUNDED_INACCURACY
SEC_0068,SEC,RETRIEVAL_CALCULATION,HALLUCINATORY_INACCURACY|HALLUCINATORY_INACCURACY|HALLUCINATORY_INACCURACY|GROUNDED_INACCURACY|HALLUCINATORY_INACCURACY|HALLUCINATORY_INACCURACY,inaccurate_all_available_contexts,non_monotonic_or_recovered_after_hallucinatory,non_monotonic_or_recovered_after_grounded,HALLUCINATORY_INACCURACY,HALLUCINATORY_INACCURACY,HALLUCINATORY_INACCURACY,GROUNDED_INACCURACY,HALLUCINATORY_INACCURACY,HALLUCINATORY_INACCURACY
SEC_0069,SEC,RETRIEVAL_CALCULATION,HALLUCINATORY_INACCURACY|HALLUCINATORY_INACCURACY|HALLUCINATORY_INACCURACY|HALLUCINATORY_INACCURACY|HALLUCINATORY_INACCURACY|HALLUCINATORY_INACCURACY,inaccurate_all_available_contexts,hallucinatory_all_available_contexts,never_grounded,HALLUCINATORY_INACCURACY,HALLUCINATORY_INACCURACY,HALLUCINATORY_INACCURACY,HALLUCINATORY_INACCURACY,HALLUCINATORY_INACCURACY,HALLUCINATORY_INACCURACY
SEC_0070,SEC,RETRIEVAL_CALCULATION,HALLUCINATORY_INACCURACY|HALLUCINATORY_INACCURACY|HALLUCINATORY_INACCURACY|HALLUCINATORY_INACCURACY|HALLUCINATORY_INACCURACY|HALLUCINATORY_INACCURACY,inaccurate_all_available_contexts,hallucinatory_all_available_contexts,never_grounded,HALLUCINATORY_INACCURACY,HALLUCINATORY_INACCURACY,HALLUCINATORY_INACCURACY,HALLUCINATORY_INACCURACY,HALLUCINATORY_INACCURACY,HALLUCINATORY_INACCURACY
SEC_0071,SEC,RETRIEVAL_CALCULATION,HALLUCINATORY_INACCURACY|HALLUCINATORY_INACCURACY|GROUNDED_INACCURACY|HALLUCINATORY_INACCURACY|HALLUCINATORY_INACCURACY|HALLUCINATORY_INACCURACY,inaccurate_all_available_contexts,non_monotonic_or_recovered_after_hallucinatory,non_monotonic_or_recovered_after_grounded,HALLUCINATORY_INACCURACY,HALLUCINATORY_INACCURACY,GROUNDED_INACCURACY,HALLUCINATORY_INACCURACY,HALLUCINATORY_INACCURACY,HALLUCINATORY_INACCURACY
SEC_0072,SEC,RETRIEVAL_CALCULATION,GROUNDED_INACCURACY|HALLUCINATORY_INACCURACY|GROUNDED_INACCURACY|GROUNDED_INACCURACY|HALLUCINATORY_INACCURACY|HALLUCINATORY_INACCURACY,inaccurate_all_available_contexts,non_monotonic_or_recovered_after_hallucinatory,non_monotonic_or_recovered_after_grounded,GROUNDED_INACCURACY,HALLUCINATORY_INACCURACY,GROUNDED_INACCURACY,GROUNDED_INACCURACY,HALLUCINATORY_INACCURACY,HALLUCINATORY_INACCURACY
SEC_0073,SEC,RETRIEVAL_CALCULATION,HALLUCINATORY_INACCURACY|HALLUCINATORY_INACCURACY|GROUNDED_INACCURACY|HALLUCINATORY_INACCURACY|GROUNDED_INACCURACY|GROUNDED_INACCURACY,inaccurate_all_available_contexts,non_monotonic_or_recovered_after_hallucinatory,non_monotonic_or_recovered_after_grounded,HALLUCINATORY_INACCURACY,HALLUCINATORY_INACCURACY,GROUNDED_INACCURACY,HALLUCINATORY_INACCURACY,GROUNDED_INACCURACY,GROUNDED_INACCURACY
SEC_0074,SEC,RETRIEVAL_CALCULATION,HALLUCINATORY_INACCURACY|HALLUCINATORY_INACCURACY|GROUNDED_INACCURACY|GROUNDED_INACCURACY|GROUNDED_INACCURACY|GROUNDED_INACCURACY,inaccurate_all_available_contexts,non_monotonic_or_recovered_after_hallucinatory,first_grounded_at_16K,HALLUCINATORY_INACCURACY,HALLUCINATORY_INACCURACY,GROUNDED_INACCURACY,GROUNDED_INACCURACY,GROUNDED_INACCURACY,GROUNDED_INACCURACY
SEC_0075,SEC,RETRIEVAL_CALCULATION,GROUNDED_INACCURACY|HALLUCINATORY_INACCURACY|GROUNDED_INACCURACY|HALLUCINATORY_INACCURACY|HALLUCINATORY_INACCURACY|GROUNDED_INACCURACY,inaccurate_all_available_contexts,non_monotonic_or_recovered_after_hallucinatory,non_monotonic_or_recovered_after_grounded,GROUNDED_INACCURACY,HALLUCINATORY_INACCURACY,GROUNDED_INACCURACY,HALLUCINATORY_INACCURACY,HALLUCINATORY_INACCURACY,GROUNDED_INACCURACY
SEC_0076,SEC,RETRIEVAL_CALCULATION,HALLUCINATORY_INACCURACY|HALLUCINATORY_INACCURACY|GROUNDED_INACCURACY|GROUNDED_INACCURACY|HALLUCINATORY_INACCURACY|HALLUCINATORY_INACCURACY,inaccurate_all_available_contexts,non_monotonic_or_recovered_after_hallucinatory,non_monotonic_or_recovered_after_grounded,HALLUCINATORY_INACCURACY,HALLUCINATORY_INACCURACY,GROUNDED_INACCURACY,GROUNDED_INACCURACY,HALLUCINATORY_INACCURACY,HALLUCINATORY_INACCURACY
SEC_0077,SEC,RETRIEVAL_CALCULATION,HALLUCINATORY_INACCURACY|HALLUCINATORY_INACCURACY|GROUNDED_INACCURACY|HALLUCINATORY_INACCURACY|GROUNDED_INACCURACY|GROUNDED_INACCURACY,inaccurate_all_available_contexts,non_monotonic_or_recovered_after_hallucinatory,non_monotonic_or_recovered_after_grounded,HALLUCINATORY_INACCURACY,HALLUCINATORY_INACCURACY,GROUNDED_INACCURACY,HALLUCINATORY_INACCURACY,GROUNDED_INACCURACY,GROUNDED_INACCURACY
SEC_0078,SEC,TEMPORAL_VERSION,GROUNDED_INACCURACY|GROUNDED_INACCURACY|GROUNDED_INACCURACY|GROUNDED_INACCURACY|GROUNDED_INACCURACY|GROUNDED_INACCURACY,inaccurate_all_available_contexts,never_hallucinatory,grounded_all_available_contexts,GROUNDED_INACCURACY,GROUNDED_INACCURACY,GROUNDED_INACCURACY,GROUNDED_INACCURACY,GROUNDED_INACCURACY,GROUNDED_INACCURACY
SEC_0079,SEC,TEMPORAL_VERSION,CORRECT|GROUNDED_INACCURACY|GROUNDED_INACCURACY|GROUNDED_INACCURACY|GROUNDED_INACCURACY|CORRECT,non_monotonic_or_recovered_after_inaccurate,never_hallucinatory,non_monotonic_or_recovered_after_grounded,CORRECT,GROUNDED_INACCURACY,GROUNDED_INACCURACY,GROUNDED_INACCURACY,GROUNDED_INACCURACY,CORRECT
SEC_0080,SEC,TEMPORAL_VERSION,CORRECT|CORRECT|CORRECT|CORRECT|CORRECT|HALLUCINATORY_INACCURACY,first_inaccurate_at_82K,first_hallucinatory_at_82K,never_grounded,CORRECT,CORRECT,CORRECT,CORRECT,CORRECT,HALLUCINATORY_INACCURACY
SEC_0081,SEC,TEMPORAL_VERSION,CORRECT|CORRECT|CORRECT|CORRECT|CORRECT|CORRECT,never_inaccurate,never_hallucinatory,never_grounded,CORRECT,CORRECT,CORRECT,CORRECT,CORRECT,CORRECT
SEC_0082,SEC,TEMPORAL_VERSION,CORRECT|GROUNDED_INACCURACY|GROUNDED_INACCURACY|CORRECT|GROUNDED_INACCURACY|CORRECT,non_monotonic_or_recovered_after_inaccurate,never_hallucinatory,non_monotonic_or_recovered_after_grounded,CORRECT,GROUNDED_INACCURACY,GROUNDED_INACCURACY,CORRECT,GROUNDED_INACCURACY,CORRECT
SEC_0083,SEC,TEMPORAL_VERSION,CORRECT|CORRECT|CORRECT|GROUNDED_INACCURACY|GROUNDED_INACCURACY|HALLUCINATORY_INACCURACY,first_inaccurate_at_32K,first_hallucinatory_at_82K,non_monotonic_or_recovered_after_grounded,CORRECT,CORRECT,CORRECT,GROUNDED_INACCURACY,GROUNDED_INACCURACY,HALLUCINATORY_INACCURACY
SEC_0084,SEC,TEMPORAL_VERSION,CORRECT|CORRECT|GROUNDED_INACCURACY|CORRECT|CORRECT|GROUNDED_INACCURACY,non_monotonic_or_recovered_after_inaccurate,never_hallucinatory,non_monotonic_or_recovered_after_grounded,CORRECT,CORRECT,GROUNDED_INACCURACY,CORRECT,CORRECT,GROUNDED_INACCURACY
SEC_0085,SEC,TEMPORAL_VERSION,GROUNDED_INACCURACY|CORRECT|CORRECT|GROUNDED_INACCURACY|GROUNDED_INACCURACY|GROUNDED_INACCURACY,non_monotonic_or_recovered_after_inaccurate,never_hallucinatory,non_monotonic_or_recovered_after_grounded,GROUNDED_INACCURACY,CORRECT,CORRECT,GROUNDED_INACCURACY,GROUNDED_INACCURACY,GROUNDED_INACCURACY
SEC_0086,SEC,TEMPORAL_VERSION,CORRECT|HALLUCINATORY_INACCURACY|GROUNDED_INACCURACY|GROUNDED_INACCURACY|GROUNDED_INACCURACY|GROUNDED_INACCURACY,first_inaccurate_at_8K,non_monotonic_or_recovered_after_hallucinatory,first_grounded_at_16K,CORRECT,HALLUCINATORY_INACCURACY,GROUNDED_INACCURACY,GROUNDED_INACCURACY,GROUNDED_INACCURACY,GROUNDED_INACCURACY
SEC_0087,SEC,TEMPORAL_VERSION,CORRECT|GROUNDED_INACCURACY|CORRECT|GROUNDED_INACCURACY|HALLUCINATORY_INACCURACY|GROUNDED_INACCURACY,non_monotonic_or_recovered_after_inaccurate,non_monotonic_or_recovered_after_hallucinatory,non_monotonic_or_recovered_after_grounded,CORRECT,GROUNDED_INACCURACY,CORRECT,GROUNDED_INACCURACY,HALLUCINATORY_INACCURACY,GROUNDED_INACCURACY
SEC_0088,SEC,TEMPORAL_VERSION,CORRECT|GROUNDED_INACCURACY|CORRECT|GROUNDED_INACCURACY|GROUNDED_INACCURACY|GROUNDED_INACCURACY,non_monotonic_or_recovered_after_inaccurate,never_hallucinatory,non_monotonic_or_recovered_after_grounded,CORRECT,GROUNDED_INACCURACY,CORRECT,GROUNDED_INACCURACY,GROUNDED_INACCURACY,GROUNDED_INACCURACY
SEC_0089,SEC,TEMPORAL_VERSION,GROUNDED_INACCURACY|GROUNDED_INACCURACY|GROUNDED_INACCURACY|GROUNDED_INACCURACY|GROUNDED_INACCURACY|GROUNDED_INACCURACY,inaccurate_all_available_contexts,never_hallucinatory,grounded_all_available_contexts,GROUNDED_INACCURACY,GROUNDED_INACCURACY,GROUNDED_INACCURACY,GROUNDED_INACCURACY,GROUNDED_INACCURACY,GROUNDED_INACCURACY
SEC_0090,SEC,TEMPORAL_VERSION,GROUNDED_INACCURACY|GROUNDED_INACCURACY|GROUNDED_INACCURACY|GROUNDED_INACCURACY|GROUNDED_INACCURACY|GROUNDED_INACCURACY,inaccurate_all_available_contexts,never_hallucinatory,grounded_all_available_contexts,GROUNDED_INACCURACY,GROUNDED_INACCURACY,GROUNDED_INACCURACY,GROUNDED_INACCURACY,GROUNDED_INACCURACY,GROUNDED_INACCURACY
SEC_0091,SEC,TEMPORAL_VERSION,HALLUCINATORY_INACCURACY|GROUNDED_INACCURACY|GROUNDED_INACCURACY|GROUNDED_INACCURACY|GROUNDED_INACCURACY|GROUNDED_INACCURACY,inaccurate_all_available_contexts,non_monotonic_or_recovered_after_hallucinatory,first_grounded_at_8K,HALLUCINATORY_INACCURACY,GROUNDED_INACCURACY,GROUNDED_INACCURACY,GROUNDED_INACCURACY,GROUNDED_INACCURACY,GROUNDED_INACCURACY
SEC_0092,SEC,TEMPORAL_VERSION,CORRECT|GROUNDED_INACCURACY|CORRECT|CORRECT|CORRECT|CORRECT,non_monotonic_or_recovered_after_inaccurate,never_hallucinatory,non_monotonic_or_recovered_after_grounded,CORRECT,GROUNDED_INACCURACY,CORRECT,CORRECT,CORRECT,CORRECT
SEC_0093,SEC,TEMPORAL_VERSION,CORRECT|GROUNDED_INACCURACY|GROUNDED_INACCURACY|CORRECT|GROUNDED_INACCURACY|GROUNDED_INACCURACY,non_monotonic_or_recovered_after_inaccurate,never_hallucinatory,non_monotonic_or_recovered_after_grounded,CORRECT,GROUNDED_INACCURACY,GROUNDED_INACCURACY,CORRECT,GROUNDED_INACCURACY,GROUNDED_INACCURACY
SEC_0094,SEC,ENTITY_UNIT_BINDING,CORRECT|CORRECT|GROUNDED_INACCURACY|GROUNDED_INACCURACY|GROUNDED_INACCURACY|GROUNDED_INACCURACY,first_inaccurate_at_16K,never_hallucinatory,first_grounded_at_16K,CORRECT,CORRECT,GROUNDED_INACCURACY,GROUNDED_INACCURACY,GROUNDED_INACCURACY,GROUNDED_INACCURACY
SEC_0095,SEC,ENTITY_UNIT_BINDING,CORRECT|GROUNDED_INACCURACY|GROUNDED_INACCURACY|CORRECT|GROUNDED_INACCURACY|GROUNDED_INACCURACY,non_monotonic_or_recovered_after_inaccurate,never_hallucinatory,non_monotonic_or_recovered_after_grounded,CORRECT,GROUNDED_INACCURACY,GROUNDED_INACCURACY,CORRECT,GROUNDED_INACCURACY,GROUNDED_INACCURACY
SEC_0096,SEC,ENTITY_UNIT_BINDING,GROUNDED_INACCURACY|GROUNDED_INACCURACY|GROUNDED_INACCURACY|CORRECT|GROUNDED_INACCURACY|GROUNDED_INACCURACY,non_monotonic_or_recovered_after_inaccurate,never_hallucinatory,non_monotonic_or_recovered_after_grounded,GROUNDED_INACCURACY,GROUNDED_INACCURACY,GROUNDED_INACCURACY,CORRECT,GROUNDED_INACCURACY,GROUNDED_INACCURACY
SEC_0097,SEC,ENTITY_UNIT_BINDING,GROUNDED_INACCURACY|GROUNDED_INACCURACY|HALLUCINATORY_INACCURACY|HALLUCINATORY_INACCURACY|GROUNDED_INACCURACY|GROUNDED_INACCURACY,inaccurate_all_available_contexts,non_monotonic_or_recovered_after_hallucinatory,non_monotonic_or_recovered_after_grounded,GROUNDED_INACCURACY,GROUNDED_INACCURACY,HALLUCINATORY_INACCURACY,HALLUCINATORY_INACCURACY,GROUNDED_INACCURACY,GROUNDED_INACCURACY
SEC_0098,SEC,ENTITY_UNIT_BINDING,GROUNDED_INACCURACY|GROUNDED_INACCURACY|GROUNDED_INACCURACY|GROUNDED_INACCURACY|CORRECT|CORRECT,non_monotonic_or_recovered_after_inaccurate,never_hallucinatory,non_monotonic_or_recovered_after_grounded,GROUNDED_INACCURACY,GROUNDED_INACCURACY,GROUNDED_INACCURACY,GROUNDED_INACCURACY,CORRECT,CORRECT
SEC_0099,SEC,ENTITY_UNIT_BINDING,CORRECT|GROUNDED_INACCURACY|CORRECT|GROUNDED_INACCURACY|CORRECT|CORRECT,non_monotonic_or_recovered_after_inaccurate,never_hallucinatory,non_monotonic_or_recovered_after_grounded,CORRECT,GROUNDED_INACCURACY,CORRECT,GROUNDED_INACCURACY,CORRECT,CORRECT
SEC_0100,SEC,ENTITY_UNIT_BINDING,CORRECT|GROUNDED_INACCURACY|GROUNDED_INACCURACY|CORRECT|CORRECT|CORRECT,non_monotonic_or_recovered_after_inaccurate,never_hallucinatory,non_monotonic_or_recovered_after_grounded,CORRECT,GROUNDED_INACCURACY,GROUNDED_INACCURACY,CORRECT,CORRECT,CORRECT
SEC_0101,SEC,ENTITY_UNIT_BINDING,CORRECT|CORRECT|GROUNDED_INACCURACY|CORRECT|GROUNDED_INACCURACY|CORRECT,non_monotonic_or_recovered_after_inaccurate,never_hallucinatory,non_monotonic_or_recovered_after_grounded,CORRECT,CORRECT,GROUNDED_INACCURACY,CORRECT,GROUNDED_INACCURACY,CORRECT
SEC_0102,SEC,ENTITY_UNIT_BINDING,CORRECT|CORRECT|CORRECT|CORRECT|GROUNDED_INACCURACY|CORRECT,non_monotonic_or_recovered_after_inaccurate,never_hallucinatory,non_monotonic_or_recovered_after_grounded,CORRECT,CORRECT,CORRECT,CORRECT,GROUNDED_INACCURACY,CORRECT
SEC_0103,SEC,ENTITY_UNIT_BINDING,GROUNDED_INACCURACY|GROUNDED_INACCURACY|GROUNDED_INACCURACY|CORRECT|CORRECT|GROUNDED_INACCURACY,non_monotonic_or_recovered_after_inaccurate,never_hallucinatory,non_monotonic_or_recovered_after_grounded,GROUNDED_INACCURACY,GROUNDED_INACCURACY,GROUNDED_INACCURACY,CORRECT,CORRECT,GROUNDED_INACCURACY
SEC_0104,SEC,ENTITY_UNIT_BINDING,CORRECT|GROUNDED_INACCURACY|GROUNDED_INACCURACY|GROUNDED_INACCURACY|GROUNDED_INACCURACY|CORRECT,non_monotonic_or_recovered_after_inaccurate,never_hallucinatory,non_monotonic_or_recovered_after_grounded,CORRECT,GROUNDED_INACCURACY,GROUNDED_INACCURACY,GROUNDED_INACCURACY,GROUNDED_INACCURACY,CORRECT
SEC_0105,SEC,ENTITY_UNIT_BINDING,CORRECT|GROUNDED_INACCURACY|GROUNDED_INACCURACY|CORRECT|GROUNDED_INACCURACY|GROUNDED_INACCURACY,non_monotonic_or_recovered_after_inaccurate,never_hallucinatory,non_monotonic_or_recovered_after_grounded,CORRECT,GROUNDED_INACCURACY,GROUNDED_INACCURACY,CORRECT,GROUNDED_INACCURACY,GROUNDED_INACCURACY
SEC_0106,SEC,UNANSWERABLE,CORRECT|CORRECT|CORRECT|HALLUCINATORY_INACCURACY|HALLUCINATORY_INACCURACY|HALLUCINATORY_INACCURACY,first_inaccurate_at_32K,first_hallucinatory_at_32K,never_grounded,CORRECT,CORRECT,CORRECT,HALLUCINATORY_INACCURACY,HALLUCINATORY_INACCURACY,HALLUCINATORY_INACCURACY
SEC_0107,SEC,UNANSWERABLE,CORRECT|CORRECT|CORRECT|CORRECT|HALLUCINATORY_INACCURACY|HALLUCINATORY_INACCURACY,first_inaccurate_at_64K,first_hallucinatory_at_64K,never_grounded,CORRECT,CORRECT,CORRECT,CORRECT,HALLUCINATORY_INACCURACY,HALLUCINATORY_INACCURACY
SEC_0108,SEC,UNANSWERABLE,CORRECT|CORRECT|HALLUCINATORY_INACCURACY|HALLUCINATORY_INACCURACY|HALLUCINATORY_INACCURACY|HALLUCINATORY_INACCURACY,first_inaccurate_at_16K,first_hallucinatory_at_16K,never_grounded,CORRECT,CORRECT,HALLUCINATORY_INACCURACY,HALLUCINATORY_INACCURACY,HALLUCINATORY_INACCURACY,HALLUCINATORY_INACCURACY
SEC_0109,SEC,UNANSWERABLE,CORRECT|CORRECT|CORRECT|HALLUCINATORY_INACCURACY|HALLUCINATORY_INACCURACY|HALLUCINATORY_INACCURACY,first_inaccurate_at_32K,first_hallucinatory_at_32K,never_grounded,CORRECT,CORRECT,CORRECT,HALLUCINATORY_INACCURACY,HALLUCINATORY_INACCURACY,HALLUCINATORY_INACCURACY
SEC_0110,SEC,UNANSWERABLE,CORRECT|CORRECT|CORRECT|HALLUCINATORY_INACCURACY|HALLUCINATORY_INACCURACY|HALLUCINATORY_INACCURACY,first_inaccurate_at_32K,first_hallucinatory_at_32K,never_grounded,CORRECT,CORRECT,CORRECT,HALLUCINATORY_INACCURACY,HALLUCINATORY_INACCURACY,HALLUCINATORY_INACCURACY
SEC_0111,SEC,UNANSWERABLE,CORRECT|CORRECT|CORRECT|HALLUCINATORY_INACCURACY|HALLUCINATORY_INACCURACY|HALLUCINATORY_INACCURACY,first_inaccurate_at_32K,first_hallucinatory_at_32K,never_grounded,CORRECT,CORRECT,CORRECT,HALLUCINATORY_INACCURACY,HALLUCINATORY_INACCURACY,HALLUCINATORY_INACCURACY
SEC_0112,SEC,UNANSWERABLE,CORRECT|CORRECT|CORRECT|HALLUCINATORY_INACCURACY|HALLUCINATORY_INACCURACY|HALLUCINATORY_INACCURACY,first_inaccurate_at_32K,first_hallucinatory_at_32K,never_grounded,CORRECT,CORRECT,CORRECT,HALLUCINATORY_INACCURACY,HALLUCINATORY_INACCURACY,HALLUCINATORY_INACCURACY
SEC_0113,SEC,UNANSWERABLE,CORRECT|CORRECT|CORRECT|CORRECT|CORRECT|HALLUCINATORY_INACCURACY,first_inaccurate_at_82K,first_hallucinatory_at_82K,never_grounded,CORRECT,CORRECT,CORRECT,CORRECT,CORRECT,HALLUCINATORY_INACCURACY
SEC_0114,SEC,UNANSWERABLE,CORRECT|CORRECT|HALLUCINATORY_INACCURACY|HALLUCINATORY_INACCURACY|HALLUCINATORY_INACCURACY|HALLUCINATORY_INACCURACY,first_inaccurate_at_16K,first_hallucinatory_at_16K,never_grounded,CORRECT,CORRECT,HALLUCINATORY_INACCURACY,HALLUCINATORY_INACCURACY,HALLUCINATORY_INACCURACY,HALLUCINATORY_INACCURACY
SEC_0115,SEC,UNANSWERABLE,CORRECT|CORRECT|CORRECT|HALLUCINATORY_INACCURACY|HALLUCINATORY_INACCURACY|HALLUCINATORY_INACCURACY,first_inaccurate_at_32K,first_hallucinatory_at_32K,never_grounded,CORRECT,CORRECT,CORRECT,HALLUCINATORY_INACCURACY,HALLUCINATORY_INACCURACY,HALLUCINATORY_INACCURACY
SEC_0116,SEC,UNANSWERABLE,CORRECT|CORRECT|CORRECT|HALLUCINATORY_INACCURACY|HALLUCINATORY_INACCURACY|HALLUCINATORY_INACCURACY,first_inaccurate_at_32K,first_hallucinatory_at_32K,never_grounded,CORRECT,CORRECT,CORRECT,HALLUCINATORY_INACCURACY,HALLUCINATORY_INACCURACY,HALLUCINATORY_INACCURACY
SEC_0117,SEC,UNANSWERABLE,CORRECT|CORRECT|CORRECT|CORRECT|HALLUCINATORY_INACCURACY|HALLUCINATORY_INACCURACY,first_inaccurate_at_64K,first_hallucinatory_at_64K,never_grounded,CORRECT,CORRECT,CORRECT,CORRECT,HALLUCINATORY_INACCURACY,HALLUCINATORY_INACCURACY
SEC_0118,SEC,UNANSWERABLE,CORRECT|CORRECT|CORRECT|HALLUCINATORY_INACCURACY|HALLUCINATORY_INACCURACY|HALLUCINATORY_INACCURACY,first_inaccurate_at_32K,first_hallucinatory_at_32K,never_grounded,CORRECT,CORRECT,CORRECT,HALLUCINATORY_INACCURACY,HALLUCINATORY_INACCURACY,HALLUCINATORY_INACCURACY
SEC_0119,SEC,UNANSWERABLE,CORRECT|CORRECT|CORRECT|CORRECT|HALLUCINATORY_INACCURACY|HALLUCINATORY_INACCURACY,first_inaccurate_at_64K,first_hallucinatory_at_64K,never_grounded,CORRECT,CORRECT,CORRECT,CORRECT,HALLUCINATORY_INACCURACY,HALLUCINATORY_INACCURACY
SEC_0120,SEC,UNANSWERABLE,CORRECT|CORRECT|CORRECT|HALLUCINATORY_INACCURACY|HALLUCINATORY_INACCURACY|HALLUCINATORY_INACCURACY,first_inaccurate_at_32K,first_hallucinatory_at_32K,never_grounded,CORRECT,CORRECT,CORRECT,HALLUCINATORY_INACCURACY,HALLUCINATORY_INACCURACY,HALLUCINATORY_INACCURACY
SEC_0121,SEC,UNANSWERABLE,CORRECT|CORRECT|CORRECT|HALLUCINATORY_INACCURACY|HALLUCINATORY_INACCURACY|HALLUCINATORY_INACCURACY,first_inaccurate_at_32K,first_hallucinatory_at_32K,never_grounded,CORRECT,CORRECT,CORRECT,HALLUCINATORY_INACCURACY,HALLUCINATORY_INACCURACY,HALLUCINATORY_INACCURACY
SEC_0122,SEC,UNANSWERABLE,CORRECT|CORRECT|CORRECT|CORRECT|HALLUCINATORY_INACCURACY|HALLUCINATORY_INACCURACY,first_inaccurate_at_64K,first_hallucinatory_at_64K,never_grounded,CORRECT,CORRECT,CORRECT,CORRECT,HALLUCINATORY_INACCURACY,HALLUCINATORY_INACCURACY
SEC_0123,SEC,UNANSWERABLE,CORRECT|CORRECT|CORRECT|HALLUCINATORY_INACCURACY|HALLUCINATORY_INACCURACY|HALLUCINATORY_INACCURACY,first_inaccurate_at_32K,first_hallucinatory_at_32K,never_grounded,CORRECT,CORRECT,CORRECT,HALLUCINATORY_INACCURACY,HALLUCINATORY_INACCURACY,HALLUCINATORY_INACCURACY
SEC_0124,SEC,UNANSWERABLE,CORRECT|CORRECT|CORRECT|HALLUCINATORY_INACCURACY|HALLUCINATORY_INACCURACY|HALLUCINATORY_INACCURACY,first_inaccurate_at_32K,first_hallucinatory_at_32K,never_grounded,CORRECT,CORRECT,CORRECT,HALLUCINATORY_INACCURACY,HALLUCINATORY_INACCURACY,HALLUCINATORY_INACCURACY
SEC_0125,SEC,UNANSWERABLE,CORRECT|CORRECT|HALLUCINATORY_INACCURACY|HALLUCINATORY_INACCURACY|HALLUCINATORY_INACCURACY|HALLUCINATORY_INACCURACY,first_inaccurate_at_16K,first_hallucinatory_at_16K,never_grounded,CORRECT,CORRECT,HALLUCINATORY_INACCURACY,HALLUCINATORY_INACCURACY,HALLUCINATORY_INACCURACY,HALLUCINATORY_INACCURACY
