instance_id,question_family_id,domain,question_type,context_length_label,answerable,gold_answer,raw_output_text,parsed_answer,normalized_gold_answer,normalized_model_answer,answer_correct,abstention_correct,hallucination,error_type,matched_context_value,matched_distractor_type,grading_rule_used,needs_semantic_review,review_reason,input_tokens,generated_tokens_count,generation_latency_seconds
FDA_0003_64K,FDA_0003,FDA,DIRECT_RETRIEVAL,64K,True,TABLET,ANSWER: TABLET,TABLET,tablet,tablet,True,True,False,CORRECT,TABLET,WRONG_ENTITY,answer_only_exact_match,False,,65032,6,7.697974666021764
CT_0003_4K,CT_0003,CLINICAL_TRIALS,DIRECT_RETRIEVAL,4K,True,226,ANSWER: 226,226,226,226,True,True,False,CORRECT,226.0,,answer_only_exact_match,False,,4229,6,0.2962809056043625
FDA_0008_4K,FDA_0008,FDA,ENTITY_UNIT_BINDING,4K,True,100MG,ANSWER: 100MG,100MG,100mg,100mg,True,True,False,CORRECT,100MG,,answer_only_exact_match,False,,4255,7,0.30784551333636045
SEC_0009_32K,SEC_0009,SEC,RETRIEVAL_CALCULATION,32K,True,5.93%,ANSWER: 0.07,0.07,5.93,0.07,False,True,True,UNSUPPORTED_VALUE,,,answer_not_matched_to_context_value,False,,32786,8,2.871761084534228
SEC_0017_64K,SEC_0017,SEC,TEMPORAL_VERSION,64K,True,"-16,276,000,000",ANSWER: -16276000000.0,-16276000000.0,-16276000000.0,-16276000000.0,True,True,False,CORRECT,-16276000000.0,,answer_only_exact_match,False,,65280,11,7.945267615839839
CT_0006_32K,CT_0006,CLINICAL_TRIALS,ENTITY_UNIT_BINDING,32K,True,ACTIVE_COMPARATOR,ANSWER: PLACEBO_COMPARATOR,PLACEBO_COMPARATOR,active_comparator,placebo_comparator,False,True,False,WRONG_ENTITY,PLACEBO_COMPARATOR,WRONG_ENTITY,answer_matches_context_distractor_value,False,,32715,9,2.862345497123897
CT_0024_4K,CT_0024,CLINICAL_TRIALS,UNANSWERABLE,4K,False,,ANSWER: 2025-07-17,2025-07-17,INSUFFICIENT_EVIDENCE,2025-07-17,False,False,True,FAILED_TO_ABSTAIN,2025-07-17,WRONG_FIELD,unanswerable_instance_factual_answer,False,,4227,11,0.3435775563120842
FRED_0008_32K,FRED_0008,FRED,ENTITY_UNIT_BINDING,32K,True,1.770,ANSWER: 1.77,1.77,1.77,1.77,True,True,False,CORRECT,1.77,,answer_only_exact_match,False,,32592,8,2.8195813689380884
SEC_0002_8K,SEC_0002,SEC,DIRECT_RETRIEVAL,8K,True,"63,937,000,000",ANSWER: 63937000000,63937000000,63937000000.0,63937000000.0,True,True,False,CORRECT,63937000000.0,,answer_only_exact_match,False,,8310,9,0.6075176047161222
FRED_0013_4K,FRED_0013,FRED,RETRIEVAL_CALCULATION,4K,True,1.38,ANSWER: 1.45,1.45,1.38,1.45,False,True,False,CALCULATION_ERROR,1.45,,calculation_answer_matches_context_operand_or_value,False,,4276,8,0.31471277959644794
CT_0021_64K,CT_0021,CLINICAL_TRIALS,UNANSWERABLE,64K,False,,ANSWER: 2018-10-31,2018-10-31,INSUFFICIENT_EVIDENCE,2018-10-31,False,False,True,FAILED_TO_ABSTAIN,2018-10-31,WRONG_FIELD,unanswerable_instance_factual_answer,False,,65153,11,7.908279428258538
CT_0013_32K,CT_0013,CLINICAL_TRIALS,RETRIEVAL_CALCULATION,32K,True,715,ANSWER: 109,109,715,109,False,True,True,UNSUPPORTED_VALUE,,,answer_not_matched_to_context_value,False,,32743,6,2.7838827976956964
SEC_0024_64K,SEC_0024,SEC,UNANSWERABLE,64K,False,,ANSWER: 7081000000.0,7081000000.0,INSUFFICIENT_EVIDENCE,7081000000.0,False,False,True,FAILED_TO_ABSTAIN,7081000000.0,OTHER_SAME_DOMAIN,unanswerable_instance_factual_answer,False,,65197,11,7.915737975388765
SEC_0007_32K,SEC_0007,SEC,ENTITY_UNIT_BINDING,32K,True,"14,527,000,000",ANSWER: 14527000000.0,14527000000.0,14527000000.0,14527000000.0,True,True,False,CORRECT,14527000000.0,WRONG_PERIOD,answer_only_exact_match,False,,32775,11,2.9308730931952596
FRED_0021_16K,FRED_0021,FRED,UNANSWERABLE,16K,False,,ANSWER: INSUFFICIENT_EVIDENCE,INSUFFICIENT_EVIDENCE,INSUFFICIENT_EVIDENCE,INSUFFICIENT_EVIDENCE,True,True,False,CORRECT,,,answer_only_exact_match,False,,16379,10,1.198428526520729
FRED_0012_32K,FRED_0012,FRED,RETRIEVAL_CALCULATION,32K,True,0.00%,ANSWER: 0.05,0.05,0.0,0.05,False,True,True,UNSUPPORTED_VALUE,,,answer_not_matched_to_context_value,False,,32593,8,2.816844414919615
SEC_0008_8K,SEC_0008,SEC,ENTITY_UNIT_BINDING,8K,True,"-15,999,000,000",ANSWER: -20562000000.0,-20562000000.0,-15999000000.0,-20562000000.0,False,True,False,WRONG_ENTITY,-20562000000.0,WRONG_ENTITY,answer_matches_context_distractor_value,False,,8334,11,0.6346905957907438
SEC_0019_64K,SEC_0019,SEC,TEMPORAL_VERSION,64K,True,"10,151,000,000",ANSWER: 10151000000.0,10151000000.0,10151000000.0,10151000000.0,True,True,False,CORRECT,10151000000.0,,answer_only_exact_match,False,,65294,11,7.940345869399607
FRED_0008_64K,FRED_0008,FRED,ENTITY_UNIT_BINDING,64K,True,1.770,ANSWER: 1.77,1.77,1.77,1.77,True,True,False,CORRECT,1.77,,answer_only_exact_match,False,,64980,8,7.778348997235298
FDA_0018_8K,FDA_0018,FDA,TEMPORAL_VERSION,8K,True,2018-08-24,ANSWER: 2018-08-24,2018-08-24,2018-08-24,2018-08-24,True,True,False,CORRECT,2018-08-24,,answer_only_exact_match,False,,8328,11,0.6351340357214212
FDA_0012_64K,FDA_0012,FDA,RETRIEVAL_CALCULATION,64K,True,3,ANSWER: 7,7,3,7,False,True,True,UNSUPPORTED_VALUE,,,answer_not_matched_to_context_value,False,,65009,6,7.72173500712961
FDA_0013_64K,FDA_0013,FDA,RETRIEVAL_CALCULATION,64K,True,5,ANSWER: 5,5,5,5,True,True,False,CORRECT,,,answer_only_exact_match,False,,65039,6,7.740116844885051
CT_0006_8K,CT_0006,CLINICAL_TRIALS,ENTITY_UNIT_BINDING,8K,True,ACTIVE_COMPARATOR,ANSWER: ACTIVE_COMPARATOR,ACTIVE_COMPARATOR,active_comparator,active_comparator,True,True,False,CORRECT,ACTIVE_COMPARATOR,WRONG_ENTITY,answer_only_exact_match,False,,8382,8,0.6089399652555585
FDA_0008_64K,FDA_0008,FDA,ENTITY_UNIT_BINDING,64K,True,100MG,ANSWER: 100MG,100MG,100mg,100mg,True,True,False,CORRECT,100MG,WRONG_ENTITY,answer_only_exact_match,False,,65075,7,7.76244455203414
SEC_0021_8K,SEC_0021,SEC,UNANSWERABLE,8K,False,,ANSWER: INSUFFICIENT_EVIDENCE,INSUFFICIENT_EVIDENCE,INSUFFICIENT_EVIDENCE,INSUFFICIENT_EVIDENCE,True,True,False,CORRECT,,,answer_only_exact_match,False,,8372,10,0.6229965398088098
SEC_0014_32K,SEC_0014,SEC,RETRIEVAL_CALCULATION,32K,True,47.90%,ANSWER: INSUFFICIENT_EVIDENCE,INSUFFICIENT_EVIDENCE,47.9,INSUFFICIENT_EVIDENCE,False,False,False,UNNECESSARY_ABSTENTION,,,answerable_instance_unnecessary_abstention,False,,32720,10,2.8753479085862637
SEC_0018_4K,SEC_0018,SEC,TEMPORAL_VERSION,4K,True,"81,770,000,000",ANSWER: 81770000000.0,81770000000.0,81770000000.0,81770000000.0,True,True,False,CORRECT,81770000000.0,,answer_only_exact_match,False,,4205,11,0.33761079516261816
FRED_0017_64K,FRED_0017,FRED,TEMPORAL_VERSION,64K,True,"144,120",ANSWER: 144328,144328,144120.0,144328.0,False,True,False,WRONG_VERSION,144328.0,WRONG_VERSION,answer_matches_context_distractor_value,False,,64949,7,7.750411539338529
FDA_0008_32K,FDA_0008,FDA,ENTITY_UNIT_BINDING,32K,True,100MG,ANSWER: 100MG,100MG,100mg,100mg,True,True,False,CORRECT,100MG,WRONG_ENTITY,answer_only_exact_match,False,,32645,7,2.8059171652421355
FRED_0002_64K,FRED_0002,FRED,DIRECT_RETRIEVAL,64K,True,"23,425.910",ANSWER: 22740.959,22740.959,23425.91,22740.959,False,True,False,WRONG_VERSION,22740.959,WRONG_VERSION,answer_matches_context_distractor_value,False,,64965,9,7.819716106168926
SEC_0004_4K,SEC_0004,SEC,DIRECT_RETRIEVAL,4K,True,"115,856,000,000",ANSWER: 115856000000,115856000000,115856000000.0,115856000000.0,True,True,False,CORRECT,115856000000.0,,answer_only_exact_match,False,,4280,9,0.3281746283173561
SEC_0024_16K,SEC_0024,SEC,UNANSWERABLE,16K,False,,ANSWER: INSUFFICIENT_EVIDENCE,INSUFFICIENT_EVIDENCE,INSUFFICIENT_EVIDENCE,INSUFFICIENT_EVIDENCE,True,True,False,CORRECT,,,answer_only_exact_match,False,,16493,10,1.2462784266099334
CT_0011_8K,CT_0011,CLINICAL_TRIALS,RETRIEVAL_CALCULATION,8K,True,"3,998",ANSWER: 4433,4433,3998,4433,False,True,True,UNSUPPORTED_VALUE,,,answer_not_matched_to_context_value,False,,8333,7,0.5843965159729123
FRED_0012_16K,FRED_0012,FRED,RETRIEVAL_CALCULATION,16K,True,0.00%,ANSWER: 0.05,0.05,0.0,0.05,False,True,True,UNSUPPORTED_VALUE,,,answer_not_matched_to_context_value,False,,16451,8,1.1977144042029977
SEC_0005_64K,SEC_0005,SEC,DIRECT_RETRIEVAL,64K,True,"15,119,000,000",ANSWER: 4010000000,4010000000,15119000000.0,4010000000.0,False,True,False,WRONG_PERIOD,4010000000.0,WRONG_PERIOD,answer_matches_context_distractor_value,False,,65262,9,7.874557579867542
SEC_0021_16K,SEC_0021,SEC,UNANSWERABLE,16K,False,,ANSWER: INSUFFICIENT_EVIDENCE,INSUFFICIENT_EVIDENCE,INSUFFICIENT_EVIDENCE,INSUFFICIENT_EVIDENCE,True,True,False,CORRECT,,,answer_only_exact_match,False,,16513,10,1.2440771711990237
FRED_0008_8K,FRED_0008,FRED,ENTITY_UNIT_BINDING,8K,True,1.770,ANSWER: 1.77,1.77,1.77,1.77,True,True,False,CORRECT,1.77,,answer_only_exact_match,False,,8278,8,0.5891527123749256
FRED_0001_64K,FRED_0001,FRED,DIRECT_RETRIEVAL,64K,True,"150,895",ANSWER: 150840,150840,150895.0,150840.0,False,True,False,WRONG_VERSION,150840.0,WRONG_VERSION,answer_matches_context_distractor_value,False,,64954,7,7.7323290864005685
SEC_0023_64K,SEC_0023,SEC,UNANSWERABLE,64K,False,,ANSWER: 49750000000.0,49750000000.0,INSUFFICIENT_EVIDENCE,49750000000.0,False,False,True,FAILED_TO_ABSTAIN,49750000000.0,OTHER_SAME_DOMAIN,unanswerable_instance_factual_answer,False,,65317,11,7.954191768541932
FRED_0016_64K,FRED_0016,FRED,RETRIEVAL_CALCULATION,64K,True,0.00%,ANSWER: 0.07,0.07,0.0,0.07,False,True,False,WRONG_PERIOD,0.07,WRONG_PERIOD,answer_matches_context_distractor_value,False,,64962,8,7.788083292543888
FDA_0011_64K,FDA_0011,FDA,RETRIEVAL_CALCULATION,64K,True,2,ANSWER: 1,1,2,1,False,True,True,UNSUPPORTED_VALUE,,,answer_not_matched_to_context_value,False,,65071,6,7.73068442940712
CT_0022_64K,CT_0022,CLINICAL_TRIALS,UNANSWERABLE,64K,False,,ANSWER: 2023-10-13,2023-10-13,INSUFFICIENT_EVIDENCE,2023-10-13,False,False,True,FAILED_TO_ABSTAIN,2023-10-13,WRONG_FIELD,unanswerable_instance_factual_answer,False,,65155,11,7.930551590397954
FRED_0015_16K,FRED_0015,FRED,RETRIEVAL_CALCULATION,16K,True,0.20,ANSWER: 0.40,0.40,0.2,0.4,False,True,True,UNSUPPORTED_VALUE,,,answer_not_matched_to_context_value,False,,16401,8,1.2071900060400367
CT_0009_4K,CT_0009,CLINICAL_TRIALS,ENTITY_UNIT_BINDING,4K,True,ACTIVE_COMPARATOR,ANSWER: ACTIVE_COMPARATOR,ACTIVE_COMPARATOR,active_comparator,active_comparator,True,True,False,CORRECT,ACTIVE_COMPARATOR,WRONG_ENTITY,answer_only_exact_match,False,,4271,8,0.3146917661651969
CT_0024_8K,CT_0024,CLINICAL_TRIALS,UNANSWERABLE,8K,False,,ANSWER: 2023-10-24,2023-10-24,INSUFFICIENT_EVIDENCE,2023-10-24,False,False,True,FAILED_TO_ABSTAIN,2023-10-24,WRONG_FIELD,unanswerable_instance_factual_answer,False,,8311,11,0.6348391594365239
FDA_0006_8K,FDA_0006,FDA,ENTITY_UNIT_BINDING,8K,True,40MG,ANSWER: 40MG,40MG,40mg,40mg,True,True,False,CORRECT,40MG,,answer_only_exact_match,False,,8353,7,0.5846270676702261
FRED_0016_16K,FRED_0016,FRED,RETRIEVAL_CALCULATION,16K,True,0.00%,ANSWER: 0.03,0.03,0.0,0.03,False,True,True,UNSUPPORTED_VALUE,,,answer_not_matched_to_context_value,False,,16422,8,1.2097595110535622
FRED_0020_4K,FRED_0020,FRED,TEMPORAL_VERSION,4K,True,"19,478.893",ANSWER: 23921.991,23921.991,19478.893,23921.991,False,True,False,WRONG_UNIT,23921.991,WRONG_UNIT,answer_matches_context_distractor_value,False,,4249,9,0.3150655459612608
SEC_0024_8K,SEC_0024,SEC,UNANSWERABLE,8K,False,,ANSWER: INSUFFICIENT_EVIDENCE,INSUFFICIENT_EVIDENCE,INSUFFICIENT_EVIDENCE,INSUFFICIENT_EVIDENCE,True,True,False,CORRECT,,,answer_only_exact_match,False,,8295,10,0.6211751895025373
FRED_0024_16K,FRED_0024,FRED,UNANSWERABLE,16K,False,,ANSWER: INSUFFICIENT_EVIDENCE,INSUFFICIENT_EVIDENCE,INSUFFICIENT_EVIDENCE,INSUFFICIENT_EVIDENCE,True,True,False,CORRECT,,,answer_only_exact_match,False,,16417,10,1.2412028471007943
FDA_0020_16K,FDA_0020,FDA,TEMPORAL_VERSION,16K,True,2013-12-30,ANSWER: 2016-01-04,2016-01-04,2013-12-30,2016-01-04,False,True,False,WRONG_PERIOD,2016-01-04,WRONG_PERIOD,answer_matches_context_distractor_value,False,,16436,11,1.2563091600313783
FDA_0016_8K,FDA_0016,FDA,RETRIEVAL_CALCULATION,8K,True,8.9286,ANSWER: 0.7500,0.7500,8.9286,0.75,False,True,True,UNSUPPORTED_VALUE,,,answer_not_matched_to_context_value,False,,8298,9,0.607903559692204
SEC_0010_32K,SEC_0010,SEC,RETRIEVAL_CALCULATION,32K,True,27.84%,ANSWER: 12.30,12.30,27.84,12.3,False,True,True,UNSUPPORTED_VALUE,,,answer_not_matched_to_context_value,False,,32704,8,2.8345600282773376
FDA_0006_4K,FDA_0006,FDA,ENTITY_UNIT_BINDING,4K,True,40MG,ANSWER: 40MG,40MG,40mg,40mg,True,True,False,CORRECT,40MG,,answer_only_exact_match,False,,4268,7,0.2978937476873398
FDA_0010_16K,FDA_0010,FDA,RETRIEVAL_CALCULATION,16K,True,2,ANSWER: 2,2,2,2,True,True,False,CORRECT,,,answer_only_exact_match,False,,16438,6,1.180560457520187
FRED_0006_4K,FRED_0006,FRED,ENTITY_UNIT_BINDING,4K,True,"149,952",ANSWER: 149952.0,149952.0,149952.0,149952.0,True,True,False,CORRECT,149952.0,,answer_only_exact_match,False,,4288,9,0.32764533441513777
SEC_0012_8K,SEC_0012,SEC,RETRIEVAL_CALCULATION,8K,True,20.68%,ANSWER: 11.30,11.30,20.68,11.3,False,True,True,UNSUPPORTED_VALUE,,,answer_not_matched_to_context_value,False,,8388,8,0.6008878946304321
SEC_0013_64K,SEC_0013,SEC,RETRIEVAL_CALCULATION,64K,True,79.70%,ANSWER: -11.11,-11.11,79.7,-11.11,False,True,True,UNSUPPORTED_VALUE,,,answer_not_matched_to_context_value,False,,65250,8,7.83168229740113
FRED_0018_16K,FRED_0018,FRED,TEMPORAL_VERSION,16K,True,256.192,ANSWER: 256.094,256.094,256.192,256.094,False,True,False,WRONG_VERSION,256.094,WRONG_VERSION,answer_matches_context_distractor_value,False,,16427,8,1.2081936225295067
FRED_0019_4K,FRED_0019,FRED,TEMPORAL_VERSION,4K,True,3.700,ANSWER: 3.7,3.7,3.7,3.7,True,True,False,CORRECT,3.7,NEAR_MATCH_VALUE,answer_only_exact_match,False,,4241,8,0.30946708004921675
FDA_0020_8K,FDA_0020,FDA,TEMPORAL_VERSION,8K,True,2013-12-30,ANSWER: 2013-12-30,2013-12-30,2013-12-30,2013-12-30,True,True,False,CORRECT,2013-12-30,WRONG_ENTITY,answer_only_exact_match,False,,8268,11,0.6347235795110464
FRED_0023_16K,FRED_0023,FRED,UNANSWERABLE,16K,False,,ANSWER: INSUFFICIENT_EVIDENCE,INSUFFICIENT_EVIDENCE,INSUFFICIENT_EVIDENCE,INSUFFICIENT_EVIDENCE,True,True,False,CORRECT,,,answer_only_exact_match,False,,16410,10,1.2402019472792745
FDA_0025_32K,FDA_0025,FDA,UNANSWERABLE,32K,False,,ANSWER: ORAL,ORAL,INSUFFICIENT_EVIDENCE,oral,False,False,True,FAILED_TO_ABSTAIN,ORAL,OTHER_SAME_DOMAIN,unanswerable_instance_factual_answer,False,,32598,6,2.7748780753463507
FRED_0022_64K,FRED_0022,FRED,UNANSWERABLE,64K,False,,ANSWER: 4.7,4.7,INSUFFICIENT_EVIDENCE,4.7,False,False,True,FAILED_TO_ABSTAIN,4.7,WRONG_PERIOD,unanswerable_instance_factual_answer,False,,64917,8,7.776913441717625
FDA_0010_64K,FDA_0010,FDA,RETRIEVAL_CALCULATION,64K,True,2,ANSWER: 2,2,2,2,True,True,False,CORRECT,,,answer_only_exact_match,False,,65064,6,7.736798851750791
SEC_0008_16K,SEC_0008,SEC,ENTITY_UNIT_BINDING,16K,True,"-15,999,000,000",ANSWER: -9408000000.0,-9408000000.0,-15999000000.0,-9408000000.0,False,True,False,WRONG_ENTITY,-9408000000.0,WRONG_ENTITY,answer_matches_context_distractor_value,False,,16481,11,1.2525725467130542
FRED_0015_4K,FRED_0015,FRED,RETRIEVAL_CALCULATION,4K,True,0.20,ANSWER: 0.2,0.2,0.2,0.2,True,True,False,CORRECT,,,answer_only_exact_match,False,,4289,8,0.3114400515332818
SEC_0013_8K,SEC_0013,SEC,RETRIEVAL_CALCULATION,8K,True,79.70%,ANSWER: -21.21,-21.21,79.7,-21.21,False,True,True,UNSUPPORTED_VALUE,,,answer_not_matched_to_context_value,False,,8297,8,0.5980065409094095
FRED_0016_8K,FRED_0016,FRED,RETRIEVAL_CALCULATION,8K,True,0.00%,ANSWER: 0.03,0.03,0.0,0.03,False,True,True,UNSUPPORTED_VALUE,,,answer_not_matched_to_context_value,False,,8357,8,0.5964339161291718
FRED_0003_8K,FRED_0003,FRED,DIRECT_RETRIEVAL,8K,True,298.786,ANSWER: 298.598,298.598,298.786,298.598,False,True,False,WRONG_VERSION,298.598,WRONG_VERSION,answer_matches_context_distractor_value,False,,8323,8,0.5957988323643804
CT_0003_32K,CT_0003,CLINICAL_TRIALS,DIRECT_RETRIEVAL,32K,True,226,ANSWER: 226,226,226,226,True,True,False,CORRECT,226.0,,answer_only_exact_match,False,,32641,6,2.7815172309055924
SEC_0008_64K,SEC_0008,SEC,ENTITY_UNIT_BINDING,64K,True,"-15,999,000,000",ANSWER: -15999000000.0,-15999000000.0,-15999000000.0,-15999000000.0,True,True,False,CORRECT,-15999000000.0,WRONG_PERIOD,answer_only_exact_match,False,,65325,11,7.9532383205369115
SEC_0008_4K,SEC_0008,SEC,ENTITY_UNIT_BINDING,4K,True,"-15,999,000,000",ANSWER: -9408000000.0,-9408000000.0,-15999000000.0,-9408000000.0,False,True,False,WRONG_ENTITY,-9408000000.0,WRONG_ENTITY,answer_matches_context_distractor_value,False,,4311,11,0.3502475768327713
FRED_0010_16K,FRED_0010,FRED,RETRIEVAL_CALCULATION,16K,True,0.21%,ANSWER: 0.05,0.05,0.21,0.05,False,True,True,UNSUPPORTED_VALUE,,,answer_not_matched_to_context_value,False,,16443,8,1.213470995426178
SEC_0019_16K,SEC_0019,SEC,TEMPORAL_VERSION,16K,True,"10,151,000,000",ANSWER: 10151000000.0,10151000000.0,10151000000.0,10151000000.0,True,True,False,CORRECT,10151000000.0,,answer_only_exact_match,False,,16477,11,1.260183196514845
CT_0003_8K,CT_0003,CLINICAL_TRIALS,DIRECT_RETRIEVAL,8K,True,226,ANSWER: 226,226,226,226,True,True,False,CORRECT,226.0,,answer_only_exact_match,False,,8340,6,0.5668914578855038
FRED_0007_64K,FRED_0007,FRED,ENTITY_UNIT_BINDING,64K,True,3.260,ANSWER: 3.77,3.77,3.26,3.77,False,True,False,WRONG_PERIOD,3.77,WRONG_PERIOD,answer_matches_context_distractor_value,False,,64953,8,7.774773464538157
CT_0021_32K,CT_0021,CLINICAL_TRIALS,UNANSWERABLE,32K,False,,ANSWER: 2015-01-15,2015-01-15,INSUFFICIENT_EVIDENCE,2015-01-15,False,False,True,FAILED_TO_ABSTAIN,2015-01-15,WRONG_FIELD,unanswerable_instance_factual_answer,False,,32690,11,2.89603606890887
SEC_0013_32K,SEC_0013,SEC,RETRIEVAL_CALCULATION,32K,True,79.70%,ANSWER: -33.33,-33.33,79.7,-33.33,False,True,True,UNSUPPORTED_VALUE,,,answer_not_matched_to_context_value,False,,32714,8,2.8445275658741593
FDA_0002_32K,FDA_0002,FDA,DIRECT_RETRIEVAL,32K,True,TABLET,ANSWER: TABLET,TABLET,tablet,tablet,True,True,False,CORRECT,TABLET,WRONG_ENTITY,answer_only_exact_match,False,,32608,6,2.775657602585852
CT_0008_32K,CT_0008,CLINICAL_TRIALS,ENTITY_UNIT_BINDING,32K,True,EXPERIMENTAL,ANSWER: EXPERIMENTAL,EXPERIMENTAL,experimental,experimental,True,True,False,CORRECT,EXPERIMENTAL,WRONG_ENTITY,answer_only_exact_match,False,,32741,7,2.8108162824064493
SEC_0024_4K,SEC_0024,SEC,UNANSWERABLE,4K,False,,ANSWER: INSUFFICIENT_EVIDENCE,INSUFFICIENT_EVIDENCE,INSUFFICIENT_EVIDENCE,INSUFFICIENT_EVIDENCE,True,True,False,CORRECT,,,answer_only_exact_match,False,,4281,10,0.3368551190942526
FDA_0014_8K,FDA_0014,FDA,RETRIEVAL_CALCULATION,8K,True,4.0000,ANSWER: 3.5,3.5,4.0,3.5,False,True,True,UNSUPPORTED_VALUE,,,answer_not_matched_to_context_value,False,,8335,8,0.598495633341372
CT_0006_4K,CT_0006,CLINICAL_TRIALS,ENTITY_UNIT_BINDING,4K,True,ACTIVE_COMPARATOR,ANSWER: ACTIVE_COMPARATOR,ACTIVE_COMPARATOR,active_comparator,active_comparator,True,True,False,CORRECT,ACTIVE_COMPARATOR,WRONG_ENTITY,answer_only_exact_match,False,,4300,8,0.3141679046675563
CT_0020_4K,CT_0020,CLINICAL_TRIALS,ENTITY_UNIT_BINDING,4K,True,2018-11-26,ANSWER: 2018-11-26,2018-11-26,2018-11-26,2018-11-26,True,True,False,CORRECT,2018-11-26,,answer_only_exact_match,False,,4299,11,0.34984575398266315
CT_0007_4K,CT_0007,CLINICAL_TRIALS,ENTITY_UNIT_BINDING,4K,True,PLACEBO_COMPARATOR,ANSWER: PLACEBO_COMPARATOR,PLACEBO_COMPARATOR,placebo_comparator,placebo_comparator,True,True,False,CORRECT,PLACEBO_COMPARATOR,,answer_only_exact_match,False,,4282,9,0.3268813630566001
SEC_0002_64K,SEC_0002,SEC,DIRECT_RETRIEVAL,64K,True,"63,937,000,000",ANSWER: 193893000000,193893000000,63937000000.0,193893000000.0,False,True,False,WRONG_ENTITY,193893000000.0,WRONG_ENTITY,answer_matches_context_distractor_value,False,,65287,9,7.884527933783829
SEC_0009_64K,SEC_0009,SEC,RETRIEVAL_CALCULATION,64K,True,5.93%,ANSWER: 0.00,0.00,5.93,0.0,False,True,True,UNSUPPORTED_VALUE,,,answer_not_matched_to_context_value,False,,65320,8,7.834808072075248
FRED_0011_16K,FRED_0011,FRED,RETRIEVAL_CALCULATION,16K,True,-0.42%,ANSWER: 0.03,0.03,-0.42,0.03,False,True,True,UNSUPPORTED_VALUE,,,answer_not_matched_to_context_value,False,,16450,8,1.2097201608121395
CT_0009_32K,CT_0009,CLINICAL_TRIALS,ENTITY_UNIT_BINDING,32K,True,ACTIVE_COMPARATOR,ANSWER: ACTIVE_COMPARATOR,ACTIVE_COMPARATOR,active_comparator,active_comparator,True,True,False,CORRECT,ACTIVE_COMPARATOR,WRONG_ENTITY,answer_only_exact_match,False,,32748,8,2.8342403192073107
FDA_0001_8K,FDA_0001,FDA,DIRECT_RETRIEVAL,8K,True,TABLET,ANSWER: TABLET,TABLET,tablet,tablet,True,True,False,CORRECT,TABLET,WRONG_ENTITY,answer_only_exact_match,False,,8306,6,0.570133762434125
CT_0001_64K,CT_0001,CLINICAL_TRIALS,DIRECT_RETRIEVAL,64K,True,24,ANSWER: 4,4,24,4,False,True,False,WRONG_FIELD,4.0,WRONG_FIELD,answer_matches_context_distractor_value,False,,65143,6,7.753761817701161
CT_0013_64K,CT_0013,CLINICAL_TRIALS,RETRIEVAL_CALCULATION,64K,True,715,ANSWER: 109,109,715,109,False,True,True,UNSUPPORTED_VALUE,,,answer_not_matched_to_context_value,False,,65178,6,7.754913682118058
FDA_0022_32K,FDA_0022,FDA,UNANSWERABLE,32K,False,,ANSWER: ORAL,ORAL,INSUFFICIENT_EVIDENCE,oral,False,False,True,FAILED_TO_ABSTAIN,ORAL,OTHER_SAME_DOMAIN,unanswerable_instance_factual_answer,False,,32654,6,2.792143488302827
CT_0020_16K,CT_0020,CLINICAL_TRIALS,ENTITY_UNIT_BINDING,16K,True,2018-11-26,ANSWER: 2022-02-14,2022-02-14,2018-11-26,2022-02-14,False,True,False,WRONG_FIELD,2022-02-14,WRONG_FIELD,answer_matches_context_distractor_value,False,,16440,11,1.2540473900735378
CT_0011_16K,CT_0011,CLINICAL_TRIALS,RETRIEVAL_CALCULATION,16K,True,"3,998",ANSWER: 711,711,3998,711,False,True,False,WRONG_ENTITY,711.0,WRONG_ENTITY,answer_matches_context_distractor_value,False,,16416,6,1.1729583702981472
CT_0002_4K,CT_0002,CLINICAL_TRIALS,DIRECT_RETRIEVAL,4K,True,44,ANSWER: 44,44,44,44,True,True,False,CORRECT,44.0,,answer_only_exact_match,False,,4253,6,0.28861153312027454
FRED_0010_4K,FRED_0010,FRED,RETRIEVAL_CALCULATION,4K,True,0.21%,ANSWER: 0.08,0.08,0.21,0.08,False,True,True,UNSUPPORTED_VALUE,,,answer_not_matched_to_context_value,False,,4313,8,0.31273594684898853
SEC_0025_16K,SEC_0025,SEC,UNANSWERABLE,16K,False,,ANSWER: INSUFFICIENT_EVIDENCE,INSUFFICIENT_EVIDENCE,INSUFFICIENT_EVIDENCE,INSUFFICIENT_EVIDENCE,True,True,False,CORRECT,,,answer_only_exact_match,False,,16423,10,1.2428552396595478
FDA_0010_8K,FDA_0010,FDA,RETRIEVAL_CALCULATION,8K,True,2,ANSWER: 3,3,2,3,False,True,True,UNSUPPORTED_VALUE,,,answer_not_matched_to_context_value,False,,8291,6,0.5511463964357972
FDA_0017_8K,FDA_0017,FDA,RETRIEVAL_CALCULATION,8K,True,2.0000,ANSWER: 0.4,0.4,2.0,0.4,False,True,True,UNSUPPORTED_VALUE,,,answer_not_matched_to_context_value,False,,8333,8,0.5936621455475688
SEC_0002_16K,SEC_0002,SEC,DIRECT_RETRIEVAL,16K,True,"63,937,000,000",ANSWER: 63937000000,63937000000,63937000000.0,63937000000.0,True,True,False,CORRECT,63937000000.0,,answer_only_exact_match,False,,16453,9,1.226211892440915
CT_0019_8K,CT_0019,CLINICAL_TRIALS,ENTITY_UNIT_BINDING,8K,True,2023-02-13,ANSWER: 2023-02-13,2023-02-13,2023-02-13,2023-02-13,True,True,False,CORRECT,2023-02-13,,answer_only_exact_match,False,,8366,11,0.6290606968104839
SEC_0001_16K,SEC_0001,SEC,DIRECT_RETRIEVAL,16K,True,"420,315,000,000",ANSWER: 420315000000,420315000000,420315000000.0,420315000000.0,True,True,False,CORRECT,420315000000.0,WRONG_PERIOD,answer_only_exact_match,False,,16474,9,1.2252920493483543
SEC_0014_16K,SEC_0014,SEC,RETRIEVAL_CALCULATION,16K,True,47.90%,ANSWER: INSUFFICIENT_EVIDENCE,INSUFFICIENT_EVIDENCE,47.9,INSUFFICIENT_EVIDENCE,False,False,False,UNNECESSARY_ABSTENTION,,,answerable_instance_unnecessary_abstention,False,,16436,10,1.2383027337491512
FRED_0017_4K,FRED_0017,FRED,TEMPORAL_VERSION,4K,True,"144,120",ANSWER: 144120.0,144120.0,144120.0,144120.0,True,True,False,CORRECT,144120.0,,answer_only_exact_match,False,,4296,9,0.3186094146221876
FRED_0022_8K,FRED_0022,FRED,UNANSWERABLE,8K,False,,ANSWER: INSUFFICIENT_EVIDENCE,INSUFFICIENT_EVIDENCE,INSUFFICIENT_EVIDENCE,INSUFFICIENT_EVIDENCE,True,True,False,CORRECT,,,answer_only_exact_match,False,,8283,10,0.6220060978084803
CT_0004_4K,CT_0004,CLINICAL_TRIALS,DIRECT_RETRIEVAL,4K,True,38,ANSWER: 38,38,38,38,True,True,False,CORRECT,38.0,,answer_only_exact_match,False,,4254,6,0.2839272730052471
FRED_0013_8K,FRED_0013,FRED,RETRIEVAL_CALCULATION,8K,True,1.38,ANSWER: 0.70,0.70,1.38,0.7,False,True,True,UNSUPPORTED_VALUE,,,answer_not_matched_to_context_value,False,,8368,8,0.5941242128610611
CT_0002_8K,CT_0002,CLINICAL_TRIALS,DIRECT_RETRIEVAL,8K,True,44,ANSWER: 44,44,44,44,True,True,False,CORRECT,44.0,,answer_only_exact_match,False,,8340,6,0.5726007996127009
FRED_0017_32K,FRED_0017,FRED,TEMPORAL_VERSION,32K,True,"144,120",ANSWER: 144328,144328,144120.0,144328.0,False,True,False,WRONG_VERSION,144328.0,WRONG_VERSION,answer_matches_context_distractor_value,False,,32610,7,2.7971319276839495
FRED_0013_16K,FRED_0013,FRED,RETRIEVAL_CALCULATION,16K,True,1.38,ANSWER: 0.07,0.07,1.38,0.07,False,True,False,CALCULATION_ERROR,0.07,,calculation_answer_matches_context_operand_or_value,False,,16442,8,1.2063556630164385
FRED_0019_8K,FRED_0019,FRED,TEMPORAL_VERSION,8K,True,3.700,ANSWER: 3.7,3.7,3.7,3.7,True,True,False,CORRECT,3.7,NEAR_MATCH_VALUE,answer_only_exact_match,False,,8268,8,0.582869783975184
CT_0005_4K,CT_0005,CLINICAL_TRIALS,DIRECT_RETRIEVAL,4K,True,388,ANSWER: 388,388,388,388,True,True,False,CORRECT,388.0,,answer_only_exact_match,False,,4230,6,0.28029660880565643
SEC_0003_16K,SEC_0003,SEC,DIRECT_RETRIEVAL,16K,True,"281,724,000,000",ANSWER: 706413000000,706413000000,281724000000.0,706413000000.0,False,True,False,WRONG_ENTITY,706413000000.0,WRONG_ENTITY,answer_matches_context_distractor_value,False,,16457,9,1.2285584704950452
SEC_0004_64K,SEC_0004,SEC,DIRECT_RETRIEVAL,64K,True,"115,856,000,000",ANSWER: 115856000000,115856000000,115856000000.0,115856000000.0,True,True,False,CORRECT,115856000000.0,,answer_only_exact_match,False,,65311,9,7.876107421703637
FRED_0015_8K,FRED_0015,FRED,RETRIEVAL_CALCULATION,8K,True,0.20,ANSWER: 0.30,0.30,0.2,0.3,False,True,True,UNSUPPORTED_VALUE,,,answer_not_matched_to_context_value,False,,8337,8,0.5946291936561465
CT_0024_32K,CT_0024,CLINICAL_TRIALS,UNANSWERABLE,32K,False,,ANSWER: 2025-07-17,2025-07-17,INSUFFICIENT_EVIDENCE,2025-07-17,False,False,True,FAILED_TO_ABSTAIN,2025-07-17,WRONG_FIELD,unanswerable_instance_factual_answer,False,,32690,11,2.8984887152910233
SEC_0007_64K,SEC_0007,SEC,ENTITY_UNIT_BINDING,64K,True,"14,527,000,000",ANSWER: 1377000000,1377000000,14527000000.0,1377000000.0,False,True,False,WRONG_ENTITY,1377000000.0,WRONG_ENTITY,answer_matches_context_distractor_value,False,,65289,9,7.87672979477793
SEC_0021_4K,SEC_0021,SEC,UNANSWERABLE,4K,False,,ANSWER: INSUFFICIENT_EVIDENCE,INSUFFICIENT_EVIDENCE,INSUFFICIENT_EVIDENCE,INSUFFICIENT_EVIDENCE,True,True,False,CORRECT,,,answer_only_exact_match,False,,4281,10,0.34410716500133276
FRED_0016_4K,FRED_0016,FRED,RETRIEVAL_CALCULATION,4K,True,0.00%,ANSWER: 0.03,0.03,0.0,0.03,False,True,True,UNSUPPORTED_VALUE,,,answer_not_matched_to_context_value,False,,4269,8,0.3186705131083727
SEC_0017_4K,SEC_0017,SEC,TEMPORAL_VERSION,4K,True,"-16,276,000,000",ANSWER: -16276000000.0,-16276000000.0,-16276000000.0,-16276000000.0,True,True,False,CORRECT,-16276000000.0,,answer_only_exact_match,False,,4214,11,0.3467613020911813
CT_0017_4K,CT_0017,CLINICAL_TRIALS,ENTITY_UNIT_BINDING,4K,True,2018-04-25,ANSWER: 2018-04-25,2018-04-25,2018-04-25,2018-04-25,True,True,False,CORRECT,2018-04-25,,answer_only_exact_match,False,,4217,11,0.34680055268108845
SEC_0012_16K,SEC_0012,SEC,RETRIEVAL_CALCULATION,16K,True,20.68%,ANSWER: 11.30,11.30,20.68,11.3,False,True,True,UNSUPPORTED_VALUE,,,answer_not_matched_to_context_value,False,,16520,8,1.2206995552405715
CT_0013_16K,CT_0013,CLINICAL_TRIALS,RETRIEVAL_CALCULATION,16K,True,715,ANSWER: 109,109,715,109,False,True,True,UNSUPPORTED_VALUE,,,answer_not_matched_to_context_value,False,,16503,6,1.181248807348311
CT_0023_64K,CT_0023,CLINICAL_TRIALS,UNANSWERABLE,64K,False,,ANSWER: 2017-07-21,2017-07-21,INSUFFICIENT_EVIDENCE,2017-07-21,False,False,True,FAILED_TO_ABSTAIN,2017-07-21,WRONG_FIELD,unanswerable_instance_factual_answer,False,,65137,11,7.919187070801854
FRED_0004_8K,FRED_0004,FRED,DIRECT_RETRIEVAL,8K,True,"20,985.448",ANSWER: 21933.217,21933.217,20985.448,21933.217,False,True,False,WRONG_UNIT,21933.217,WRONG_UNIT,answer_matches_context_distractor_value,False,,8336,9,0.6097841924056411
SEC_0004_32K,SEC_0004,SEC,DIRECT_RETRIEVAL,32K,True,"115,856,000,000",ANSWER: 83695000000.0,83695000000.0,115856000000.0,83695000000.0,False,True,False,WRONG_PERIOD,83695000000.0,WRONG_PERIOD,answer_matches_context_distractor_value,False,,32777,11,2.9390252688899636
CT_0012_16K,CT_0012,CLINICAL_TRIALS,RETRIEVAL_CALCULATION,16K,True,"49,951",ANSWER: 1153,1153,49951,1153,False,True,True,UNSUPPORTED_VALUE,,,answer_not_matched_to_context_value,False,,16446,7,1.1950201466679573
FRED_0004_4K,FRED_0004,FRED,DIRECT_RETRIEVAL,4K,True,"20,985.448",ANSWER: 22278.345,22278.345,20985.448,22278.345,False,True,False,WRONG_PERIOD,22278.345,WRONG_PERIOD,answer_matches_context_distractor_value,False,,4263,9,0.32387658581137657
CT_0019_16K,CT_0019,CLINICAL_TRIALS,ENTITY_UNIT_BINDING,16K,True,2023-02-13,ANSWER: 2023-02-13,2023-02-13,2023-02-13,2023-02-13,True,True,False,CORRECT,2023-02-13,,answer_only_exact_match,False,,16478,11,1.2627451280131936
SEC_0019_8K,SEC_0019,SEC,TEMPORAL_VERSION,8K,True,"10,151,000,000",ANSWER: 10151000000.0,10151000000.0,10151000000.0,10151000000.0,True,True,False,CORRECT,10151000000.0,,answer_only_exact_match,False,,8331,11,0.6352633088827133
SEC_0023_32K,SEC_0023,SEC,UNANSWERABLE,32K,False,,ANSWER: 49750000000.,49750000000.,INSUFFICIENT_EVIDENCE,49750000000.,False,False,True,FAILED_TO_ABSTAIN,,,unanswerable_instance_factual_answer,False,,32703,10,2.8708195108920336
CT_0002_64K,CT_0002,CLINICAL_TRIALS,DIRECT_RETRIEVAL,64K,True,44,ANSWER: 44,44,44,44,True,True,False,CORRECT,44.0,,answer_only_exact_match,False,,65140,6,7.737940837629139
SEC_0006_8K,SEC_0006,SEC,ENTITY_UNIT_BINDING,8K,True,"-492,000,000",ANSWER: -54002000000,-54002000000,-492000000.0,-54002000000.0,False,True,True,UNSUPPORTED_VALUE,,,answer_not_matched_to_context_value,False,,8344,9,0.6100987046957016
SEC_0015_16K,SEC_0015,SEC,RETRIEVAL_CALCULATION,16K,True,4.22%,ANSWER: 0.00,0.00,4.22,0.0,False,True,True,UNSUPPORTED_VALUE,,,answer_not_matched_to_context_value,False,,16439,8,1.2087094075977802
FRED_0015_32K,FRED_0015,FRED,RETRIEVAL_CALCULATION,32K,True,0.20,ANSWER: 0.10,0.10,0.2,0.1,False,True,True,UNSUPPORTED_VALUE,,,answer_not_matched_to_context_value,False,,32608,8,2.821033364161849
SEC_0017_32K,SEC_0017,SEC,TEMPORAL_VERSION,32K,True,"-16,276,000,000",ANSWER: -2776000000,-2776000000,-16276000000.0,-2776000000.0,False,True,False,WRONG_ENTITY,-2776000000.0,WRONG_ENTITY,answer_matches_context_distractor_value,False,,32786,9,2.889726236462593
SEC_0020_32K,SEC_0020,SEC,TEMPORAL_VERSION,32K,True,"3,706,200,000",ANSWER: 3666500000.0,3666500000.0,3706200000.0,3666500000.0,False,True,False,WRONG_PERIOD,3666500000.0,WRONG_PERIOD,answer_matches_context_distractor_value,False,,32834,11,2.9419570779427886
FDA_0003_8K,FDA_0003,FDA,DIRECT_RETRIEVAL,8K,True,TABLET,ANSWER: TABLET,TABLET,tablet,tablet,True,True,False,CORRECT,TABLET,WRONG_ENTITY,answer_only_exact_match,False,,8266,6,0.5645758518949151
FDA_0023_32K,FDA_0023,FDA,UNANSWERABLE,32K,False,,ANSWER: ORAL,ORAL,INSUFFICIENT_EVIDENCE,oral,False,False,True,FAILED_TO_ABSTAIN,ORAL,OTHER_SAME_DOMAIN,unanswerable_instance_factual_answer,False,,32607,6,2.7780500976368785
CT_0017_8K,CT_0017,CLINICAL_TRIALS,ENTITY_UNIT_BINDING,8K,True,2018-04-25,ANSWER: 2018-04-25,2018-04-25,2018-04-25,2018-04-25,True,True,False,CORRECT,2018-04-25,,answer_only_exact_match,False,,8299,11,0.6283288616687059
FRED_0008_4K,FRED_0008,FRED,ENTITY_UNIT_BINDING,4K,True,1.770,ANSWER: 1.77,1.77,1.77,1.77,True,True,False,CORRECT,1.77,,answer_only_exact_match,False,,4264,8,0.30960193183273077
FDA_0023_4K,FDA_0023,FDA,UNANSWERABLE,4K,False,,ANSWER: ORAL,ORAL,INSUFFICIENT_EVIDENCE,oral,False,False,True,FAILED_TO_ABSTAIN,ORAL,OTHER_SAME_DOMAIN,unanswerable_instance_factual_answer,False,,4236,6,0.29543390683829784
CT_0017_64K,CT_0017,CLINICAL_TRIALS,ENTITY_UNIT_BINDING,64K,True,2018-04-25,ANSWER: 2018-04-25,2018-04-25,2018-04-25,2018-04-25,True,True,False,CORRECT,2018-04-25,,answer_only_exact_match,False,,65175,11,7.929610135033727
SEC_0024_32K,SEC_0024,SEC,UNANSWERABLE,32K,False,,ANSWER: INSUFFICIENT_EVIDENCE,INSUFFICIENT_EVIDENCE,INSUFFICIENT_EVIDENCE,INSUFFICIENT_EVIDENCE,True,True,False,CORRECT,,,answer_only_exact_match,False,,32712,10,2.878514147363603
SEC_0006_32K,SEC_0006,SEC,ENTITY_UNIT_BINDING,32K,True,"-492,000,000",ANSWER: -11314000000.0,-11314000000.0,-492000000.0,-11314000000.0,False,True,False,WRONG_ENTITY,-11314000000.0,WRONG_ENTITY,answer_matches_context_distractor_value,False,,32745,11,2.903833252377808
FDA_0012_16K,FDA_0012,FDA,RETRIEVAL_CALCULATION,16K,True,3,ANSWER: 6,6,3,6,False,True,True,UNSUPPORTED_VALUE,,,answer_not_matched_to_context_value,False,,16390,6,1.19013352971524
FRED_0012_64K,FRED_0012,FRED,RETRIEVAL_CALCULATION,64K,True,0.00%,ANSWER: 0.00,0.00,0.0,0.0,True,True,False,CORRECT,,,answer_only_exact_match,False,,64969,8,7.788027452304959
FDA_0004_64K,FDA_0004,FDA,DIRECT_RETRIEVAL,64K,True,"TABLET, CHEWABLE","ANSWER: TABLET, CHEWABLE","TABLET, CHEWABLE","tablet, chewable","tablet, chewable",True,True,False,CORRECT,"TABLET, CHEWABLE",WRONG_ENTITY,answer_only_exact_match,False,,65049,10,7.8708687806501985
FRED_0019_64K,FRED_0019,FRED,TEMPORAL_VERSION,64K,True,3.700,ANSWER: 3.6,3.6,3.7,3.6,False,True,False,WRONG_PERIOD,3.6,WRONG_PERIOD,answer_matches_context_distractor_value,False,,64903,8,7.78030270151794
FDA_0016_4K,FDA_0016,FDA,RETRIEVAL_CALCULATION,4K,True,8.9286,ANSWER: 0.7500,0.7500,8.9286,0.75,False,True,True,UNSUPPORTED_VALUE,,,answer_not_matched_to_context_value,False,,4302,9,0.3261787975206971
CT_0016_8K,CT_0016,CLINICAL_TRIALS,RETRIEVAL_CALCULATION,8K,True,22,ANSWER: 1047,1047,22,1047,False,True,True,UNSUPPORTED_VALUE,,,answer_not_matched_to_context_value,False,,8332,7,0.58857611566782
CT_0022_32K,CT_0022,CLINICAL_TRIALS,UNANSWERABLE,32K,False,,ANSWER: 2018-05-24,2018-05-24,INSUFFICIENT_EVIDENCE,2018-05-24,False,False,True,FAILED_TO_ABSTAIN,2018-05-24,WRONG_FIELD,unanswerable_instance_factual_answer,False,,32703,11,2.9013207042589784
CT_0007_64K,CT_0007,CLINICAL_TRIALS,ENTITY_UNIT_BINDING,64K,True,PLACEBO_COMPARATOR,ANSWER: PLACEBO_COMPARATOR,PLACEBO_COMPARATOR,placebo_comparator,placebo_comparator,True,True,False,CORRECT,PLACEBO_COMPARATOR,WRONG_ENTITY,answer_only_exact_match,False,,65228,9,7.8777953907847404
SEC_0012_64K,SEC_0012,SEC,RETRIEVAL_CALCULATION,64K,True,20.68%,ANSWER: 0.00,0.00,20.68,0.0,False,True,True,UNSUPPORTED_VALUE,,,answer_not_matched_to_context_value,False,,65290,8,7.855984148569405
FRED_0007_8K,FRED_0007,FRED,ENTITY_UNIT_BINDING,8K,True,3.260,ANSWER: 3.52,3.52,3.26,3.52,False,True,False,WRONG_SERIES_VARIANT,3.52,WRONG_SERIES_VARIANT,answer_matches_context_distractor_value,False,,8283,8,0.5949131902307272
CT_0004_64K,CT_0004,CLINICAL_TRIALS,DIRECT_RETRIEVAL,64K,True,38,ANSWER: 38,38,38,38,True,True,False,CORRECT,38.0,,answer_only_exact_match,False,,65184,6,7.756513382308185
FDA_0011_8K,FDA_0011,FDA,RETRIEVAL_CALCULATION,8K,True,2,ANSWER: 2,2,2,2,True,True,False,CORRECT,,,answer_only_exact_match,False,,8293,6,0.5698761949315667
FDA_0004_8K,FDA_0004,FDA,DIRECT_RETRIEVAL,8K,True,"TABLET, CHEWABLE","ANSWER: TABLET, CHEWABLE","TABLET, CHEWABLE","tablet, chewable","tablet, chewable",True,True,False,CORRECT,"TABLET, CHEWABLE",,answer_only_exact_match,False,,8325,10,0.6221638573333621
FRED_0009_32K,FRED_0009,FRED,ENTITY_UNIT_BINDING,32K,True,"21,967.045",ANSWER: 17035.114,17035.114,21967.045,17035.114,False,True,False,WRONG_PERIOD,17035.114,WRONG_PERIOD,answer_matches_context_distractor_value,False,,32613,9,2.8562367986887693
FRED_0003_32K,FRED_0003,FRED,DIRECT_RETRIEVAL,32K,True,298.786,ANSWER: 298.708,298.708,298.786,298.708,False,True,False,WRONG_VERSION,298.708,WRONG_VERSION,answer_matches_context_distractor_value,False,,32659,8,2.8293115692213178
SEC_0004_16K,SEC_0004,SEC,DIRECT_RETRIEVAL,16K,True,"115,856,000,000",ANSWER: 115856000000,115856000000,115856000000.0,115856000000.0,True,True,False,CORRECT,115856000000.0,,answer_only_exact_match,False,,16508,9,1.228843616321683
SEC_0016_32K,SEC_0016,SEC,RETRIEVAL_CALCULATION,32K,True,-6.84%,ANSWER: -15.00,-15.00,-6.84,-15.0,False,True,True,UNSUPPORTED_VALUE,,,answer_not_matched_to_context_value,False,,32807,8,2.8729891469702125
SEC_0011_64K,SEC_0011,SEC,RETRIEVAL_CALCULATION,64K,True,5.30%,ANSWER: 0.03,0.03,5.3,0.03,False,True,True,UNSUPPORTED_VALUE,,,answer_not_matched_to_context_value,False,,65338,8,7.84930769354105
FDA_0025_16K,FDA_0025,FDA,UNANSWERABLE,16K,False,,ANSWER: ORAL,ORAL,INSUFFICIENT_EVIDENCE,oral,False,False,True,FAILED_TO_ABSTAIN,ORAL,OTHER_SAME_DOMAIN,unanswerable_instance_factual_answer,False,,16422,6,1.1777352206408978
FRED_0014_64K,FRED_0014,FRED,RETRIEVAL_CALCULATION,64K,True,-0.80,ANSWER: 0.07,0.07,-0.8,0.07,False,True,True,UNSUPPORTED_VALUE,,,answer_not_matched_to_context_value,False,,64945,8,7.7813679706305265
CT_0016_64K,CT_0016,CLINICAL_TRIALS,RETRIEVAL_CALCULATION,64K,True,22,ANSWER: 1733,1733,22,1733,False,True,True,UNSUPPORTED_VALUE,,,answer_not_matched_to_context_value,False,,65112,7,7.7781399236992
SEC_0025_64K,SEC_0025,SEC,UNANSWERABLE,64K,False,,ANSWER: 15702000000.0,15702000000.0,INSUFFICIENT_EVIDENCE,15702000000.0,False,False,True,FAILED_TO_ABSTAIN,15702000000.0,WRONG_FIELD,unanswerable_instance_factual_answer,False,,65285,11,7.9599378714337945
CT_0005_8K,CT_0005,CLINICAL_TRIALS,DIRECT_RETRIEVAL,8K,True,388,ANSWER: 388,388,388,388,True,True,False,CORRECT,388.0,,answer_only_exact_match,False,,8353,6,0.567122501321137
SEC_0016_4K,SEC_0016,SEC,RETRIEVAL_CALCULATION,4K,True,-6.84%,ANSWER: 0.00,0.00,-6.84,0.0,False,True,True,UNSUPPORTED_VALUE,,,answer_not_matched_to_context_value,False,,4264,8,0.3147271377965808
FDA_0010_32K,FDA_0010,FDA,RETRIEVAL_CALCULATION,32K,True,2,ANSWER: 2,2,2,2,True,True,False,CORRECT,,,answer_only_exact_match,False,,32588,6,2.77628309186548
SEC_0012_4K,SEC_0012,SEC,RETRIEVAL_CALCULATION,4K,True,20.68%,ANSWER: 16.00,16.00,20.68,16.0,False,True,True,UNSUPPORTED_VALUE,,,answer_not_matched_to_context_value,False,,4217,8,0.3088903157040477
SEC_0023_16K,SEC_0023,SEC,UNANSWERABLE,16K,False,,ANSWER: INSUFFICIENT_EVIDENCE,INSUFFICIENT_EVIDENCE,INSUFFICIENT_EVIDENCE,INSUFFICIENT_EVIDENCE,True,True,False,CORRECT,,,answer_only_exact_match,False,,16508,10,1.24612947832793
FRED_0025_8K,FRED_0025,FRED,UNANSWERABLE,8K,False,,ANSWER: INSUFFICIENT_EVIDENCE,INSUFFICIENT_EVIDENCE,INSUFFICIENT_EVIDENCE,INSUFFICIENT_EVIDENCE,True,True,False,CORRECT,,,answer_only_exact_match,False,,8310,10,0.6192848365753889
FDA_0005_32K,FDA_0005,FDA,DIRECT_RETRIEVAL,32K,True,CAPSULE,ANSWER: CAPSULE,CAPSULE,capsule,capsule,True,True,False,CORRECT,CAPSULE,WRONG_ENTITY,answer_only_exact_match,False,,32646,7,2.809627240523696
FDA_0017_4K,FDA_0017,FDA,RETRIEVAL_CALCULATION,4K,True,2.0000,ANSWER: 0.4,0.4,2.0,0.4,False,True,True,UNSUPPORTED_VALUE,,,answer_not_matched_to_context_value,False,,4287,8,0.31095438078045845
CT_0008_16K,CT_0008,CLINICAL_TRIALS,ENTITY_UNIT_BINDING,16K,True,EXPERIMENTAL,ANSWER: EXPERIMENTAL,EXPERIMENTAL,experimental,experimental,True,True,False,CORRECT,EXPERIMENTAL,WRONG_ENTITY,answer_only_exact_match,False,,16482,7,1.1996801411733031
FDA_0007_4K,FDA_0007,FDA,ENTITY_UNIT_BINDING,4K,True,0.3MG,ANSWER: 0.3MG,0.3MG,0.3mg,0.3mg,True,True,False,CORRECT,0.3MG,,answer_only_exact_match,False,,4238,9,0.32421619817614555
CT_0016_4K,CT_0016,CLINICAL_TRIALS,RETRIEVAL_CALCULATION,4K,True,22,ANSWER: -64,-64,22,-64,False,True,True,UNSUPPORTED_VALUE,,,answer_not_matched_to_context_value,False,,4279,6,0.2929848497733474
SEC_0014_4K,SEC_0014,SEC,RETRIEVAL_CALCULATION,4K,True,47.90%,ANSWER: INSUFFICIENT_EVIDENCE,INSUFFICIENT_EVIDENCE,47.9,INSUFFICIENT_EVIDENCE,False,False,False,UNNECESSARY_ABSTENTION,,,answerable_instance_unnecessary_abstention,False,,4284,10,0.33757627103477716
SEC_0010_8K,SEC_0010,SEC,RETRIEVAL_CALCULATION,8K,True,27.84%,ANSWER: 11.11,11.11,27.84,11.11,False,True,True,UNSUPPORTED_VALUE,,,answer_not_matched_to_context_value,False,,8380,8,0.601375469006598
CT_0010_4K,CT_0010,CLINICAL_TRIALS,RETRIEVAL_CALCULATION,4K,True,80,ANSWER: 80,80,80,80,True,True,False,CORRECT,,,answer_only_exact_match,False,,4275,6,0.2826372878625989
SEC_0017_8K,SEC_0017,SEC,TEMPORAL_VERSION,8K,True,"-16,276,000,000",ANSWER: 20505000000,20505000000,-16276000000.0,20505000000.0,False,True,False,WRONG_FIELD,20505000000.0,WRONG_FIELD,answer_matches_context_distractor_value,False,,8372,9,0.6151146600022912
FRED_0020_8K,FRED_0020,FRED,TEMPORAL_VERSION,8K,True,"19,478.893",ANSWER: 19478.893,19478.893,19478.893,19478.893,True,True,False,CORRECT,19478.893,,answer_only_exact_match,False,,8352,9,0.6038627168163657
FDA_0004_16K,FDA_0004,FDA,DIRECT_RETRIEVAL,16K,True,"TABLET, CHEWABLE",ANSWER: TABLET,TABLET,"tablet, chewable",tablet,False,True,False,WRONG_ENTITY,TABLET,WRONG_ENTITY,answer_matches_context_distractor_value,False,,16404,6,1.1784472381696105
FRED_0007_16K,FRED_0007,FRED,ENTITY_UNIT_BINDING,16K,True,3.260,ANSWER: 3.26,3.26,3.26,3.26,True,True,False,CORRECT,3.26,,answer_only_exact_match,False,,16421,8,1.2096552671864629
FDA_0001_64K,FDA_0001,FDA,DIRECT_RETRIEVAL,64K,True,TABLET,ANSWER: TABLET,TABLET,tablet,tablet,True,True,False,CORRECT,TABLET,WRONG_ENTITY,answer_only_exact_match,False,,65011,6,7.71620570961386
FRED_0024_64K,FRED_0024,FRED,UNANSWERABLE,64K,False,,ANSWER: INSUFFICIENT_EVIDENCE,INSUFFICIENT_EVIDENCE,INSUFFICIENT_EVIDENCE,INSUFFICIENT_EVIDENCE,True,True,False,CORRECT,,,answer_only_exact_match,False,,64975,10,7.868732147850096
FRED_0011_8K,FRED_0011,FRED,RETRIEVAL_CALCULATION,8K,True,-0.42%,ANSWER: 0.03,0.03,-0.42,0.03,False,True,True,UNSUPPORTED_VALUE,,,answer_not_matched_to_context_value,False,,8351,8,0.5972541645169258
CT_0020_64K,CT_0020,CLINICAL_TRIALS,ENTITY_UNIT_BINDING,64K,True,2018-11-26,ANSWER: 2022-02-14,2022-02-14,2018-11-26,2022-02-14,False,True,False,WRONG_FIELD,2022-02-14,WRONG_FIELD,answer_matches_context_distractor_value,False,,65133,11,7.929737185128033
FDA_0019_64K,FDA_0019,FDA,TEMPORAL_VERSION,64K,True,1996-01-29,ANSWER: 1997-01-13,1997-01-13,1996-01-29,1997-01-13,False,True,False,WRONG_PERIOD,1997-01-13,WRONG_PERIOD,answer_matches_context_distractor_value,False,,65022,11,7.911430855281651
FDA_0013_16K,FDA_0013,FDA,RETRIEVAL_CALCULATION,16K,True,5,ANSWER: 9,9,5,9,False,True,True,UNSUPPORTED_VALUE,,,answer_not_matched_to_context_value,False,,16401,6,1.1775333089753985
CT_0009_8K,CT_0009,CLINICAL_TRIALS,ENTITY_UNIT_BINDING,8K,True,ACTIVE_COMPARATOR,ANSWER: ACTIVE_COMPARATOR,ACTIVE_COMPARATOR,active_comparator,active_comparator,True,True,False,CORRECT,ACTIVE_COMPARATOR,WRONG_ENTITY,answer_only_exact_match,False,,8389,8,0.5993916131556034
FRED_0014_16K,FRED_0014,FRED,RETRIEVAL_CALCULATION,16K,True,-0.80,ANSWER: 3.53,3.53,-0.8,3.53,False,True,False,CALCULATION_ERROR,3.53,,calculation_answer_matches_context_operand_or_value,False,,16458,8,1.2128692017868161
CT_0007_8K,CT_0007,CLINICAL_TRIALS,ENTITY_UNIT_BINDING,8K,True,PLACEBO_COMPARATOR,ANSWER: PLACEBO_COMPARATOR,PLACEBO_COMPARATOR,placebo_comparator,placebo_comparator,True,True,False,CORRECT,PLACEBO_COMPARATOR,WRONG_ENTITY,answer_only_exact_match,False,,8367,9,0.6054944572970271
FDA_0009_32K,FDA_0009,FDA,ENTITY_UNIT_BINDING,32K,True,"0.088MG **See current Annual Edition, 1.8 Description of Special Situations, Levothyroxine Sodium",ANSWER: 0.088MG,0.088MG,"0.088mg**seecurrentannualedition,1.8descriptionofspecialsituations,levothyroxinesodium",0.088mg,False,True,False,WRONG_ENTITY,0.088MG,WRONG_ENTITY,answer_matches_context_distractor_value,False,,32641,9,2.854169487953186
FRED_0004_16K,FRED_0004,FRED,DIRECT_RETRIEVAL,16K,True,"20,985.448",ANSWER: 19202.31,19202.31,20985.448,19202.31,False,True,False,WRONG_VERSION,19202.31,WRONG_VERSION,answer_matches_context_distractor_value,False,,16379,9,1.180103363469243
SEC_0022_64K,SEC_0022,SEC,UNANSWERABLE,64K,False,,ANSWER: 4353000000.0,4353000000.0,INSUFFICIENT_EVIDENCE,4353000000.0,False,False,True,FAILED_TO_ABSTAIN,4353000000.0,OTHER_SAME_DOMAIN,unanswerable_instance_factual_answer,False,,65248,11,7.955192140303552
FDA_0015_4K,FDA_0015,FDA,RETRIEVAL_CALCULATION,4K,True,2.0000,ANSWER: 0.1600,0.1600,2.0,0.16,False,True,True,UNSUPPORTED_VALUE,,,answer_not_matched_to_context_value,False,,4274,9,0.3325443649664521
FRED_0001_32K,FRED_0001,FRED,DIRECT_RETRIEVAL,32K,True,"150,895",ANSWER: 150840,150840,150895.0,150840.0,False,True,False,WRONG_VERSION,150840.0,WRONG_VERSION,answer_matches_context_distractor_value,False,,32584,7,2.803690232336521
FDA_0002_4K,FDA_0002,FDA,DIRECT_RETRIEVAL,4K,True,TABLET,ANSWER: TABLET,TABLET,tablet,tablet,True,True,False,CORRECT,TABLET,WRONG_ENTITY,answer_only_exact_match,False,,4284,6,0.2927948394790292
SEC_0006_4K,SEC_0006,SEC,ENTITY_UNIT_BINDING,4K,True,"-492,000,000",ANSWER: -492000000.0,-492000000.0,-492000000.0,-492000000.0,True,True,False,CORRECT,-492000000.0,NEAR_MATCH_VALUE,answer_only_exact_match,False,,4310,10,0.33882173988968134
FRED_0005_64K,FRED_0005,FRED,DIRECT_RETRIEVAL,64K,True,3.600,ANSWER: 3.6,3.6,3.6,3.6,True,True,False,CORRECT,3.6,WRONG_PERIOD,answer_only_exact_match,False,,64917,8,7.7731824573129416
CT_0008_8K,CT_0008,CLINICAL_TRIALS,ENTITY_UNIT_BINDING,8K,True,EXPERIMENTAL,ANSWER: EXPERIMENTAL,EXPERIMENTAL,experimental,experimental,True,True,False,CORRECT,EXPERIMENTAL,WRONG_ENTITY,answer_only_exact_match,False,,8383,7,0.5770751498639584
FRED_0020_16K,FRED_0020,FRED,TEMPORAL_VERSION,16K,True,"19,478.893",ANSWER: 23982.379,23982.379,19478.893,23982.379,False,True,False,WRONG_UNIT,23982.379,WRONG_UNIT,answer_matches_context_distractor_value,False,,16424,9,1.2216369956731796
FDA_0021_32K,FDA_0021,FDA,UNANSWERABLE,32K,False,,ANSWER: ORAL,ORAL,INSUFFICIENT_EVIDENCE,oral,False,False,True,FAILED_TO_ABSTAIN,ORAL,OTHER_SAME_DOMAIN,unanswerable_instance_factual_answer,False,,32639,6,2.781974883750081
CT_0012_4K,CT_0012,CLINICAL_TRIALS,RETRIEVAL_CALCULATION,4K,True,"49,951",ANSWER: 50000,50000,49951,50000,False,True,True,UNSUPPORTED_VALUE,,,answer_not_matched_to_context_value,False,,4276,7,0.30647086910903454
FRED_0019_16K,FRED_0019,FRED,TEMPORAL_VERSION,16K,True,3.700,ANSWER: 3.7,3.7,3.7,3.7,True,True,False,CORRECT,3.7,NEAR_MATCH_VALUE,answer_only_exact_match,False,,16387,8,1.2115489756688476
FDA_0002_64K,FDA_0002,FDA,DIRECT_RETRIEVAL,64K,True,TABLET,ANSWER: TABLET,TABLET,tablet,tablet,True,True,False,CORRECT,TABLET,WRONG_ENTITY,answer_only_exact_match,False,,65014,6,7.722221130505204
CT_0023_4K,CT_0023,CLINICAL_TRIALS,UNANSWERABLE,4K,False,,ANSWER: 2017-07-21,2017-07-21,INSUFFICIENT_EVIDENCE,2017-07-21,False,False,True,FAILED_TO_ABSTAIN,2017-07-21,WRONG_FIELD,unanswerable_instance_factual_answer,False,,4265,11,0.34648602455854416
FRED_0016_32K,FRED_0016,FRED,RETRIEVAL_CALCULATION,32K,True,0.00%,ANSWER: 0.03,0.03,0.0,0.03,False,True,True,UNSUPPORTED_VALUE,,,answer_not_matched_to_context_value,False,,32588,8,2.825355989858508
SEC_0002_4K,SEC_0002,SEC,DIRECT_RETRIEVAL,4K,True,"63,937,000,000",ANSWER: 63937000000.0,63937000000.0,63937000000.0,63937000000.0,True,True,False,CORRECT,63937000000.0,,answer_only_exact_match,False,,4291,11,0.34990358632057905
FRED_0003_16K,FRED_0003,FRED,DIRECT_RETRIEVAL,16K,True,298.786,ANSWER: 298.786,298.786,298.786,298.786,True,True,False,CORRECT,298.786,,answer_only_exact_match,False,,16408,8,1.209787075407803
CT_0018_32K,CT_0018,CLINICAL_TRIALS,ENTITY_UNIT_BINDING,32K,True,2021-03-02,ANSWER: 2021-03-02,2021-03-02,2021-03-02,2021-03-02,True,True,False,CORRECT,2021-03-02,WRONG_ENTITY,answer_only_exact_match,False,,32705,11,2.9107946855947375
FRED_0008_16K,FRED_0008,FRED,ENTITY_UNIT_BINDING,16K,True,1.770,ANSWER: 1.77,1.77,1.77,1.77,True,True,False,CORRECT,1.77,,answer_only_exact_match,False,,16387,8,1.2086261669173837
CT_0019_4K,CT_0019,CLINICAL_TRIALS,ENTITY_UNIT_BINDING,4K,True,2023-02-13,ANSWER: 2023-03-23,2023-03-23,2023-02-13,2023-03-23,False,True,False,WRONG_FIELD,2023-03-23,WRONG_FIELD,answer_matches_context_distractor_value,False,,4255,11,0.34753905422985554
SEC_0017_16K,SEC_0017,SEC,TEMPORAL_VERSION,16K,True,"-16,276,000,000",ANSWER: -16276000000.0,-16276000000.0,-16276000000.0,-16276000000.0,True,True,False,CORRECT,-16276000000.0,,answer_only_exact_match,False,,16513,11,1.263397766277194
SEC_0003_64K,SEC_0003,SEC,DIRECT_RETRIEVAL,64K,True,"281,724,000,000",ANSWER: 70066000000,70066000000,281724000000.0,70066000000.0,False,True,False,WRONG_PERIOD,70066000000.0,WRONG_PERIOD,answer_matches_context_distractor_value,False,,65340,9,7.879048923961818
CT_0013_8K,CT_0013,CLINICAL_TRIALS,RETRIEVAL_CALCULATION,8K,True,715,ANSWER: 109,109,715,109,False,True,True,UNSUPPORTED_VALUE,,,answer_not_matched_to_context_value,False,,8389,6,0.5847015231847763
SEC_0010_4K,SEC_0010,SEC,RETRIEVAL_CALCULATION,4K,True,27.84%,ANSWER: 11.11,11.11,27.84,11.11,False,True,True,UNSUPPORTED_VALUE,,,answer_not_matched_to_context_value,False,,4258,8,0.30502681713551283
CT_0019_64K,CT_0019,CLINICAL_TRIALS,ENTITY_UNIT_BINDING,64K,True,2023-02-13,ANSWER: 2026-04-09,2026-04-09,2023-02-13,2026-04-09,False,True,False,WRONG_FIELD,2026-04-09,WRONG_FIELD,answer_matches_context_distractor_value,False,,65208,11,7.938149241730571
SEC_0020_4K,SEC_0020,SEC,TEMPORAL_VERSION,4K,True,"3,706,200,000",ANSWER: 3706200000.0,3706200000.0,3706200000.0,3706200000.0,True,True,False,CORRECT,3706200000.0,,answer_only_exact_match,False,,4357,11,0.3502203719690442
SEC_0003_32K,SEC_0003,SEC,DIRECT_RETRIEVAL,32K,True,"281,724,000,000",ANSWER: 69632000000,69632000000,281724000000.0,69632000000.0,False,True,False,WRONG_PERIOD,69632000000.0,WRONG_PERIOD,answer_matches_context_distractor_value,False,,32758,9,2.8602102417498827
FDA_0019_16K,FDA_0019,FDA,TEMPORAL_VERSION,16K,True,1996-01-29,ANSWER: 1997-01-13,1997-01-13,1996-01-29,1997-01-13,False,True,False,WRONG_PERIOD,1997-01-13,WRONG_PERIOD,answer_matches_context_distractor_value,False,,16375,11,1.219662786461413
FDA_0025_4K,FDA_0025,FDA,UNANSWERABLE,4K,False,,ANSWER: ORAL,ORAL,INSUFFICIENT_EVIDENCE,oral,False,False,True,FAILED_TO_ABSTAIN,ORAL,OTHER_SAME_DOMAIN,unanswerable_instance_factual_answer,False,,4273,6,0.28689965792000294
CT_0011_64K,CT_0011,CLINICAL_TRIALS,RETRIEVAL_CALCULATION,64K,True,"3,998",ANSWER: 4141,4141,3998,4141,False,True,True,UNSUPPORTED_VALUE,,,answer_not_matched_to_context_value,False,,65148,7,7.785487308166921
SEC_0025_32K,SEC_0025,SEC,UNANSWERABLE,32K,False,,ANSWER: INSUFFICIENT_EVIDENCE,INSUFFICIENT_EVIDENCE,INSUFFICIENT_EVIDENCE,INSUFFICIENT_EVIDENCE,True,True,False,CORRECT,,,answer_only_exact_match,False,,32752,10,2.8801587531343102
FRED_0006_16K,FRED_0006,FRED,ENTITY_UNIT_BINDING,16K,True,"149,952",ANSWER: 131597,131597,149952.0,131597.0,False,True,False,WRONG_PERIOD,131597.0,WRONG_PERIOD,answer_matches_context_distractor_value,False,,16376,7,1.155458390712738
FRED_0003_4K,FRED_0003,FRED,DIRECT_RETRIEVAL,4K,True,298.786,ANSWER: 298.786,298.786,298.786,298.786,True,True,False,CORRECT,298.786,,answer_only_exact_match,False,,4299,8,0.31508631631731987
FRED_0007_4K,FRED_0007,FRED,ENTITY_UNIT_BINDING,4K,True,3.260,ANSWER: 3.26,3.26,3.26,3.26,True,True,False,CORRECT,3.26,,answer_only_exact_match,False,,4242,8,0.31128381565213203
FDA_0005_4K,FDA_0005,FDA,DIRECT_RETRIEVAL,4K,True,CAPSULE,ANSWER: CAPSULE,CAPSULE,capsule,capsule,True,True,False,CORRECT,CAPSULE,WRONG_ENTITY,answer_only_exact_match,False,,4298,7,0.3016879018396139
CT_0024_64K,CT_0024,CLINICAL_TRIALS,UNANSWERABLE,64K,False,,ANSWER: 2025-07-17,2025-07-17,INSUFFICIENT_EVIDENCE,2025-07-17,False,False,True,FAILED_TO_ABSTAIN,2025-07-17,WRONG_FIELD,unanswerable_instance_factual_answer,False,,65175,11,7.936185580678284
FDA_0018_16K,FDA_0018,FDA,TEMPORAL_VERSION,16K,True,2018-08-24,ANSWER: 2018-08-24,2018-08-24,2018-08-24,2018-08-24,True,True,False,CORRECT,2018-08-24,,answer_only_exact_match,False,,16432,11,1.2558227311819792
FDA_0011_32K,FDA_0011,FDA,RETRIEVAL_CALCULATION,32K,True,2,ANSWER: 2,2,2,2,True,True,False,CORRECT,,,answer_only_exact_match,False,,32595,6,2.7792104398831725
FRED_0002_32K,FRED_0002,FRED,DIRECT_RETRIEVAL,32K,True,"23,425.910",ANSWER: 23425.91,23425.91,23425.91,23425.91,True,True,False,CORRECT,23425.91,,answer_only_exact_match,False,,32618,9,2.8454652782529593
CT_0014_32K,CT_0014,CLINICAL_TRIALS,RETRIEVAL_CALCULATION,32K,True,"1,230",ANSWER: 6,6,1230,6,False,True,True,UNSUPPORTED_VALUE,,,answer_not_matched_to_context_value,False,,32719,6,2.7915665106847882
SEC_0003_4K,SEC_0003,SEC,DIRECT_RETRIEVAL,4K,True,"281,724,000,000",ANSWER: 281724000000.0,281724000000.0,281724000000.0,281724000000.0,True,True,False,CORRECT,281724000000.0,,answer_only_exact_match,False,,4322,11,0.34923376981168985
FDA_0023_64K,FDA_0023,FDA,UNANSWERABLE,64K,False,,ANSWER: ORAL,ORAL,INSUFFICIENT_EVIDENCE,oral,False,False,True,FAILED_TO_ABSTAIN,ORAL,OTHER_SAME_DOMAIN,unanswerable_instance_factual_answer,False,,65059,6,7.744410012848675
SEC_0021_32K,SEC_0021,SEC,UNANSWERABLE,32K,False,,ANSWER: 22053000000.0,22053000000.0,INSUFFICIENT_EVIDENCE,22053000000.0,False,False,True,FAILED_TO_ABSTAIN,22053000000.0,OTHER_SAME_DOMAIN,unanswerable_instance_factual_answer,False,,32696,11,2.906885406933725
SEC_0007_16K,SEC_0007,SEC,ENTITY_UNIT_BINDING,16K,True,"14,527,000,000",ANSWER: 9831000000,9831000000,14527000000.0,9831000000.0,False,True,False,WRONG_ENTITY,9831000000.0,WRONG_ENTITY,answer_matches_context_distractor_value,False,,16416,9,1.2233419651165605
FRED_0023_8K,FRED_0023,FRED,UNANSWERABLE,8K,False,,ANSWER: INSUFFICIENT_EVIDENCE,INSUFFICIENT_EVIDENCE,INSUFFICIENT_EVIDENCE,INSUFFICIENT_EVIDENCE,True,True,False,CORRECT,,,answer_only_exact_match,False,,8291,10,0.6172478226944804
SEC_0016_8K,SEC_0016,SEC,RETRIEVAL_CALCULATION,8K,True,-6.84%,ANSWER: 0.00,0.00,-6.84,0.0,False,True,True,UNSUPPORTED_VALUE,,,answer_not_matched_to_context_value,False,,8402,8,0.594598381780088
SEC_0005_4K,SEC_0005,SEC,DIRECT_RETRIEVAL,4K,True,"15,119,000,000",ANSWER: 15119000000.0,15119000000.0,15119000000.0,15119000000.0,True,True,False,CORRECT,15119000000.0,,answer_only_exact_match,False,,4213,11,0.3394133700057864
CT_0002_16K,CT_0002,CLINICAL_TRIALS,DIRECT_RETRIEVAL,16K,True,44,ANSWER: 44,44,44,44,True,True,False,CORRECT,44.0,,answer_only_exact_match,False,,16403,6,1.1915354039520025
FDA_0016_32K,FDA_0016,FDA,RETRIEVAL_CALCULATION,32K,True,8.9286,ANSWER: 1.1/84,1.1/84,8.9286,,False,True,True,UNSUPPORTED_VALUE,,,answer_not_matched_to_context_value,False,,32688,10,2.87460027821362
FRED_0012_4K,FRED_0012,FRED,RETRIEVAL_CALCULATION,4K,True,0.00%,ANSWER: 0.05,0.05,0.0,0.05,False,True,True,UNSUPPORTED_VALUE,,,answer_not_matched_to_context_value,False,,4305,8,0.3122752904891968
CT_0018_16K,CT_0018,CLINICAL_TRIALS,ENTITY_UNIT_BINDING,16K,True,2021-03-02,ANSWER: 2021-03-02,2021-03-02,2021-03-02,2021-03-02,True,True,False,CORRECT,2021-03-02,,answer_only_exact_match,False,,16463,11,1.2582690007984638
CT_0021_16K,CT_0021,CLINICAL_TRIALS,UNANSWERABLE,16K,False,,ANSWER: 2015-01-15,2015-01-15,INSUFFICIENT_EVIDENCE,2015-01-15,False,False,True,FAILED_TO_ABSTAIN,2015-01-15,WRONG_FIELD,unanswerable_instance_factual_answer,False,,16433,11,1.256602579727769
FRED_0014_4K,FRED_0014,FRED,RETRIEVAL_CALCULATION,4K,True,-0.80,ANSWER: 0.20,0.20,-0.8,0.2,False,True,True,UNSUPPORTED_VALUE,,,answer_not_matched_to_context_value,False,,4294,8,0.3034604024142027
CT_0015_32K,CT_0015,CLINICAL_TRIALS,RETRIEVAL_CALCULATION,32K,True,183,ANSWER: 104,104,183,104,False,True,True,UNSUPPORTED_VALUE,,,answer_not_matched_to_context_value,False,,32661,6,2.7829040996730328
FRED_0010_8K,FRED_0010,FRED,RETRIEVAL_CALCULATION,8K,True,0.21%,ANSWER: 0.01,0.01,0.21,0.01,False,True,True,UNSUPPORTED_VALUE,,,answer_not_matched_to_context_value,False,,8376,8,0.593982657417655
SEC_0019_32K,SEC_0019,SEC,TEMPORAL_VERSION,32K,True,"10,151,000,000",ANSWER: 10151000000.0,10151000000.0,10151000000.0,10151000000.0,True,True,False,CORRECT,10151000000.0,,answer_only_exact_match,False,,32798,11,2.935270583257079
SEC_0009_16K,SEC_0009,SEC,RETRIEVAL_CALCULATION,16K,True,5.93%,ANSWER: 3.23,3.23,5.93,3.23,False,True,True,UNSUPPORTED_VALUE,,,answer_not_matched_to_context_value,False,,16454,8,1.2112224148586392
SEC_0015_4K,SEC_0015,SEC,RETRIEVAL_CALCULATION,4K,True,4.22%,ANSWER: 0.00,0.00,4.22,0.0,False,True,True,UNSUPPORTED_VALUE,,,answer_not_matched_to_context_value,False,,4260,8,0.3056253716349602
SEC_0009_4K,SEC_0009,SEC,RETRIEVAL_CALCULATION,4K,True,5.93%,ANSWER: 28.00,28.00,5.93,28.0,False,True,True,UNSUPPORTED_VALUE,,,answer_not_matched_to_context_value,False,,4304,8,0.3168866690248251
FDA_0017_64K,FDA_0017,FDA,RETRIEVAL_CALCULATION,64K,True,2.0000,ANSWER: 0.4,0.4,2.0,0.4,False,True,True,UNSUPPORTED_VALUE,,,answer_not_matched_to_context_value,False,,65132,8,7.804919614456594
FRED_0022_32K,FRED_0022,FRED,UNANSWERABLE,32K,False,,ANSWER: INSUFFICIENT_EVIDENCE,INSUFFICIENT_EVIDENCE,INSUFFICIENT_EVIDENCE,INSUFFICIENT_EVIDENCE,True,True,False,CORRECT,,,answer_only_exact_match,False,,32525,10,2.864768575876951
FRED_0009_8K,FRED_0009,FRED,ENTITY_UNIT_BINDING,8K,True,"21,967.045",ANSWER: 25544.273,25544.273,21967.045,25544.273,False,True,False,WRONG_UNIT,25544.273,WRONG_UNIT,answer_matches_context_distractor_value,False,,8303,9,0.5901981219649315
FDA_0016_16K,FDA_0016,FDA,RETRIEVAL_CALCULATION,16K,True,8.9286,ANSWER: 0.750,0.750,8.9286,0.75,False,True,True,UNSUPPORTED_VALUE,,,answer_not_matched_to_context_value,False,,16400,8,1.205221970565617
FDA_0009_8K,FDA_0009,FDA,ENTITY_UNIT_BINDING,8K,True,"0.088MG **See current Annual Edition, 1.8 Description of Special Situations, Levothyroxine Sodium",ANSWER: 0.088MG,0.088MG,"0.088mg**seecurrentannualedition,1.8descriptionofspecialsituations,levothyroxinesodium",0.088mg,False,True,True,UNSUPPORTED_VALUE,,,answer_not_matched_to_context_value,False,,8346,9,0.607956213876605
FRED_0014_32K,FRED_0014,FRED,RETRIEVAL_CALCULATION,32K,True,-0.80,ANSWER: 3.53,3.53,-0.8,3.53,False,True,False,CALCULATION_ERROR,3.53,,calculation_answer_matches_context_operand_or_value,False,,32642,8,2.82734158821404
CT_0004_32K,CT_0004,CLINICAL_TRIALS,DIRECT_RETRIEVAL,32K,True,38,ANSWER: 38,38,38,38,True,True,False,CORRECT,38.0,,answer_only_exact_match,False,,32702,6,2.786595872603357
FRED_0002_8K,FRED_0002,FRED,DIRECT_RETRIEVAL,8K,True,"23,425.910",ANSWER: 23425.91,23425.91,23425.91,23425.91,True,True,False,CORRECT,23425.91,,answer_only_exact_match,False,,8283,9,0.603116967715323
SEC_0018_64K,SEC_0018,SEC,TEMPORAL_VERSION,64K,True,"81,770,000,000",ANSWER: 81770000000.0,81770000000.0,81770000000.0,81770000000.0,True,True,False,CORRECT,81770000000.0,WRONG_PERIOD,answer_only_exact_match,False,,65287,11,7.954531478695571
SEC_0005_16K,SEC_0005,SEC,DIRECT_RETRIEVAL,16K,True,"15,119,000,000",ANSWER: 39240000000,39240000000,15119000000.0,39240000000.0,False,True,False,WRONG_ENTITY,39240000000.0,WRONG_ENTITY,answer_matches_context_distractor_value,False,,16464,9,1.2245209971442819
FDA_0009_64K,FDA_0009,FDA,ENTITY_UNIT_BINDING,64K,True,"0.088MG **See current Annual Edition, 1.8 Description of Special Situations, Levothyroxine Sodium",ANSWER: 0.112MG,0.112MG,"0.088mg**seecurrentannualedition,1.8descriptionofspecialsituations,levothyroxinesodium",0.112mg,False,True,False,WRONG_ENTITY,0.112MG,WRONG_ENTITY,answer_matches_context_distractor_value,False,,65118,9,7.8495837254449725
FRED_0002_16K,FRED_0002,FRED,DIRECT_RETRIEVAL,16K,True,"23,425.910",ANSWER: 22722.581,22722.581,23425.91,22722.581,False,True,False,WRONG_VERSION,22722.581,WRONG_VERSION,answer_matches_context_distractor_value,False,,16396,9,1.221849157474935
FRED_0004_64K,FRED_0004,FRED,DIRECT_RETRIEVAL,64K,True,"20,985.448",ANSWER: 20985.448,20985.448,20985.448,20985.448,True,True,False,CORRECT,20985.448,WRONG_VERSION,answer_only_exact_match,False,,64937,9,7.821520341560245
CT_0022_16K,CT_0022,CLINICAL_TRIALS,UNANSWERABLE,16K,False,,ANSWER: 2018-05-24,2018-05-24,INSUFFICIENT_EVIDENCE,2018-05-24,False,False,True,FAILED_TO_ABSTAIN,2018-05-24,WRONG_FIELD,unanswerable_instance_factual_answer,False,,16457,11,1.2725163446739316
FRED_0006_8K,FRED_0006,FRED,ENTITY_UNIT_BINDING,8K,True,"149,952",ANSWER: 150895,150895,149952.0,150895.0,False,True,False,WRONG_SERIES_VARIANT,150895.0,WRONG_SERIES_VARIANT,answer_matches_context_distractor_value,False,,8328,7,0.5843042964115739
CT_0008_64K,CT_0008,CLINICAL_TRIALS,ENTITY_UNIT_BINDING,64K,True,EXPERIMENTAL,ANSWER: ACTIVE_COMPARATOR,ACTIVE_COMPARATOR,experimental,active_comparator,False,True,False,WRONG_ENTITY,ACTIVE_COMPARATOR,WRONG_ENTITY,answer_matches_context_distractor_value,False,,65223,8,7.8455103216692805
FRED_0021_32K,FRED_0021,FRED,UNANSWERABLE,32K,False,,ANSWER: 3.35,3.35,INSUFFICIENT_EVIDENCE,3.35,False,False,True,FAILED_TO_ABSTAIN,3.35,WRONG_FIELD,unanswerable_instance_factual_answer,False,,32620,8,2.8229302559047937
FDA_0021_4K,FDA_0021,FDA,UNANSWERABLE,4K,False,,ANSWER: ORAL,ORAL,INSUFFICIENT_EVIDENCE,oral,False,False,True,FAILED_TO_ABSTAIN,ORAL,OTHER_SAME_DOMAIN,unanswerable_instance_factual_answer,False,,4246,6,0.28978881798684597
FDA_0001_32K,FDA_0001,FDA,DIRECT_RETRIEVAL,32K,True,TABLET,ANSWER: TABLET,TABLET,tablet,tablet,True,True,False,CORRECT,TABLET,WRONG_ENTITY,answer_only_exact_match,False,,32655,6,2.7964637894183397
FRED_0007_32K,FRED_0007,FRED,ENTITY_UNIT_BINDING,32K,True,3.260,ANSWER: 3.26,3.26,3.26,3.26,True,True,False,CORRECT,3.26,,answer_only_exact_match,False,,32574,8,2.8183181481435895
FRED_0025_16K,FRED_0025,FRED,UNANSWERABLE,16K,False,,ANSWER: INSUFFICIENT_EVIDENCE,INSUFFICIENT_EVIDENCE,INSUFFICIENT_EVIDENCE,INSUFFICIENT_EVIDENCE,True,True,False,CORRECT,,,answer_only_exact_match,False,,16405,10,1.2387736830860376
FDA_0023_16K,FDA_0023,FDA,UNANSWERABLE,16K,False,,ANSWER: ORAL,ORAL,INSUFFICIENT_EVIDENCE,oral,False,False,True,FAILED_TO_ABSTAIN,ORAL,OTHER_SAME_DOMAIN,unanswerable_instance_factual_answer,False,,16377,6,1.1400119522586465
CT_0007_16K,CT_0007,CLINICAL_TRIALS,ENTITY_UNIT_BINDING,16K,True,PLACEBO_COMPARATOR,ANSWER: PLACEBO_COMPARATOR,PLACEBO_COMPARATOR,placebo_comparator,placebo_comparator,True,True,False,CORRECT,PLACEBO_COMPARATOR,WRONG_ENTITY,answer_only_exact_match,False,,16513,9,1.2301827538758516
FRED_0020_64K,FRED_0020,FRED,TEMPORAL_VERSION,64K,True,"19,478.893",ANSWER: 23982.379,23982.379,19478.893,23982.379,False,True,False,WRONG_UNIT,23982.379,WRONG_UNIT,answer_matches_context_distractor_value,False,,64940,9,7.829917752183974
CT_0025_16K,CT_0025,CLINICAL_TRIALS,UNANSWERABLE,16K,False,,ANSWER: 18 Years,18 Years,INSUFFICIENT_EVIDENCE,18 years,False,False,True,FAILED_TO_ABSTAIN,18 Years,WRONG_FIELD,unanswerable_instance_factual_answer,False,,16412,7,1.1936024026945233
FRED_0024_4K,FRED_0024,FRED,UNANSWERABLE,4K,False,,ANSWER: INSUFFICIENT_EVIDENCE,INSUFFICIENT_EVIDENCE,INSUFFICIENT_EVIDENCE,INSUFFICIENT_EVIDENCE,True,True,False,CORRECT,,,answer_only_exact_match,False,,4212,10,0.3284186255186796
FDA_0010_4K,FDA_0010,FDA,RETRIEVAL_CALCULATION,4K,True,2,ANSWER: 3,3,2,3,False,True,True,UNSUPPORTED_VALUE,,,answer_not_matched_to_context_value,False,,4210,6,0.2854728978127241
FDA_0014_16K,FDA_0014,FDA,RETRIEVAL_CALCULATION,16K,True,4.0000,ANSWER: 14,14,4.0,14.0,False,True,True,UNSUPPORTED_VALUE,,,answer_not_matched_to_context_value,False,,16417,6,1.1810158183798194
FDA_0015_16K,FDA_0015,FDA,RETRIEVAL_CALCULATION,16K,True,2.0000,ANSWER: 0.3200,0.3200,2.0,0.32,False,True,True,UNSUPPORTED_VALUE,,,answer_not_matched_to_context_value,False,,16460,9,1.2222531316801906
CT_0008_4K,CT_0008,CLINICAL_TRIALS,ENTITY_UNIT_BINDING,4K,True,EXPERIMENTAL,ANSWER: EXPERIMENTAL,EXPERIMENTAL,experimental,experimental,True,True,False,CORRECT,EXPERIMENTAL,WRONG_ENTITY,answer_only_exact_match,False,,4324,7,0.29386116471141577
CT_0020_8K,CT_0020,CLINICAL_TRIALS,ENTITY_UNIT_BINDING,8K,True,2018-11-26,ANSWER: 2020-11-06,2020-11-06,2018-11-26,2020-11-06,False,True,False,WRONG_FIELD,2020-11-06,WRONG_FIELD,answer_matches_context_distractor_value,False,,8354,11,0.6364485044032335
FRED_0023_4K,FRED_0023,FRED,UNANSWERABLE,4K,False,,ANSWER: INSUFFICIENT_EVIDENCE,INSUFFICIENT_EVIDENCE,INSUFFICIENT_EVIDENCE,INSUFFICIENT_EVIDENCE,True,True,False,CORRECT,,,answer_only_exact_match,False,,4271,10,0.34001299925148487
FDA_0012_4K,FDA_0012,FDA,RETRIEVAL_CALCULATION,4K,True,3,ANSWER: 7,7,3,7,False,True,True,UNSUPPORTED_VALUE,,,answer_not_matched_to_context_value,False,,4252,6,0.2940545193850994
FRED_0006_32K,FRED_0006,FRED,ENTITY_UNIT_BINDING,32K,True,"149,952",ANSWER: 149952,149952,149952.0,149952.0,True,True,False,CORRECT,149952.0,,answer_only_exact_match,False,,32599,7,2.804709172807634
FDA_0011_16K,FDA_0011,FDA,RETRIEVAL_CALCULATION,16K,True,2,ANSWER: 2,2,2,2,True,True,False,CORRECT,,,answer_only_exact_match,False,,16438,6,1.1785629754886031
CT_0010_16K,CT_0010,CLINICAL_TRIALS,RETRIEVAL_CALCULATION,16K,True,80,ANSWER: -124,-124,80,-124,False,True,True,UNSUPPORTED_VALUE,,,answer_not_matched_to_context_value,False,,16446,6,1.1762178391218185
FDA_0022_16K,FDA_0022,FDA,UNANSWERABLE,16K,False,,ANSWER: ORAL,ORAL,INSUFFICIENT_EVIDENCE,oral,False,False,True,FAILED_TO_ABSTAIN,ORAL,OTHER_SAME_DOMAIN,unanswerable_instance_factual_answer,False,,16441,6,1.1755322236567736
SEC_0020_64K,SEC_0020,SEC,TEMPORAL_VERSION,64K,True,"3,706,200,000",ANSWER: 3676500000.0,3676500000.0,3706200000.0,3676500000.0,False,True,True,UNSUPPORTED_VALUE,,,answer_not_matched_to_context_value,False,,65333,11,7.952475904487073
CT_0016_16K,CT_0016,CLINICAL_TRIALS,RETRIEVAL_CALCULATION,16K,True,22,ANSWER: 34,34,22,34,False,True,False,WRONG_ENTITY,34.0,WRONG_ENTITY,answer_matches_context_distractor_value,False,,16446,6,1.178336021490395
FRED_0009_4K,FRED_0009,FRED,ENTITY_UNIT_BINDING,4K,True,"21,967.045",ANSWER: 21919.222,21919.222,21967.045,21919.222,False,True,False,WRONG_VERSION,21919.222,WRONG_VERSION,answer_matches_context_distractor_value,False,,4282,9,0.32360616978257895
FRED_0006_64K,FRED_0006,FRED,ENTITY_UNIT_BINDING,64K,True,"149,952",ANSWER: 150895,150895,149952.0,150895.0,False,True,False,WRONG_SERIES_VARIANT,150895.0,WRONG_SERIES_VARIANT,answer_matches_context_distractor_value,False,,64936,7,7.731519511900842
CT_0015_64K,CT_0015,CLINICAL_TRIALS,RETRIEVAL_CALCULATION,64K,True,183,ANSWER: 109,109,183,109,False,True,True,UNSUPPORTED_VALUE,,,answer_not_matched_to_context_value,False,,65202,6,7.757029330357909
SEC_0014_8K,SEC_0014,SEC,RETRIEVAL_CALCULATION,8K,True,47.90%,ANSWER: INSUFFICIENT_EVIDENCE,INSUFFICIENT_EVIDENCE,47.9,INSUFFICIENT_EVIDENCE,False,False,False,UNNECESSARY_ABSTENTION,,,answerable_instance_unnecessary_abstention,False,,8315,10,0.6150311920791864
SEC_0021_64K,SEC_0021,SEC,UNANSWERABLE,64K,False,,ANSWER: 3351000000,3351000000,INSUFFICIENT_EVIDENCE,3351000000,False,False,True,FAILED_TO_ABSTAIN,,,unanswerable_instance_factual_answer,False,,65312,9,7.8862070655450225
FDA_0013_8K,FDA_0013,FDA,RETRIEVAL_CALCULATION,8K,True,5,ANSWER: 9,9,5,9,False,True,True,UNSUPPORTED_VALUE,,,answer_not_matched_to_context_value,False,,8275,6,0.5693528624251485
SEC_0007_8K,SEC_0007,SEC,ENTITY_UNIT_BINDING,8K,True,"14,527,000,000",ANSWER: 14527000000.0,14527000000.0,14527000000.0,14527000000.0,True,True,False,CORRECT,14527000000.0,,answer_only_exact_match,False,,8369,11,0.6351339919492602
FDA_0007_16K,FDA_0007,FDA,ENTITY_UNIT_BINDING,16K,True,0.3MG,ANSWER: 0.3MG,0.3MG,0.3mg,0.3mg,True,True,False,CORRECT,0.3MG,,answer_only_exact_match,False,,16390,9,1.224264431744814
FDA_0025_64K,FDA_0025,FDA,UNANSWERABLE,64K,False,,ANSWER: ORAL,ORAL,INSUFFICIENT_EVIDENCE,oral,False,False,True,FAILED_TO_ABSTAIN,ORAL,OTHER_SAME_DOMAIN,unanswerable_instance_factual_answer,False,,65078,6,7.746517954394221
CT_0011_4K,CT_0011,CLINICAL_TRIALS,RETRIEVAL_CALCULATION,4K,True,"3,998",ANSWER: 353,353,3998,353,False,True,True,UNSUPPORTED_VALUE,,,answer_not_matched_to_context_value,False,,4251,6,0.28823659662157297
FDA_0022_8K,FDA_0022,FDA,UNANSWERABLE,8K,False,,ANSWER: ORAL,ORAL,INSUFFICIENT_EVIDENCE,oral,False,False,True,FAILED_TO_ABSTAIN,ORAL,OTHER_SAME_DOMAIN,unanswerable_instance_factual_answer,False,,8302,6,0.5711959740146995
CT_0003_16K,CT_0003,CLINICAL_TRIALS,DIRECT_RETRIEVAL,16K,True,226,ANSWER: 226,226,226,226,True,True,False,CORRECT,226.0,,answer_only_exact_match,False,,16449,6,1.1805977867916226
CT_0005_32K,CT_0005,CLINICAL_TRIALS,DIRECT_RETRIEVAL,32K,True,388,ANSWER: 388,388,388,388,True,True,False,CORRECT,388.0,,answer_only_exact_match,False,,32696,6,2.7820772882550955
FDA_0013_4K,FDA_0013,FDA,RETRIEVAL_CALCULATION,4K,True,5,ANSWER: 9,9,5,9,False,True,True,UNSUPPORTED_VALUE,,,answer_not_matched_to_context_value,False,,4223,6,0.28500818833708763
FRED_0013_64K,FRED_0013,FRED,RETRIEVAL_CALCULATION,64K,True,1.38,ANSWER: 0.07,0.07,1.38,0.07,False,True,False,CALCULATION_ERROR,0.07,,calculation_answer_matches_context_operand_or_value,False,,64995,8,7.783588942140341
FDA_0014_32K,FDA_0014,FDA,RETRIEVAL_CALCULATION,32K,True,4.0000,ANSWER: 14,14,4.0,14.0,False,True,True,UNSUPPORTED_VALUE,,,answer_not_matched_to_context_value,False,,32674,6,2.782814620062709
CT_0001_32K,CT_0001,CLINICAL_TRIALS,DIRECT_RETRIEVAL,32K,True,24,ANSWER: 24,24,24,24,True,True,False,CORRECT,24.0,WRONG_ENTITY,answer_only_exact_match,False,,32686,6,2.782526455819607
SEC_0009_8K,SEC_0009,SEC,RETRIEVAL_CALCULATION,8K,True,5.93%,ANSWER: 7.30,7.30,5.93,7.3,False,True,True,UNSUPPORTED_VALUE,,,answer_not_matched_to_context_value,False,,8340,8,0.5964778726920485
CT_0004_16K,CT_0004,CLINICAL_TRIALS,DIRECT_RETRIEVAL,16K,True,38,ANSWER: 38,38,38,38,True,True,False,CORRECT,38.0,,answer_only_exact_match,False,,16453,6,1.1779232081025839
SEC_0015_8K,SEC_0015,SEC,RETRIEVAL_CALCULATION,8K,True,4.22%,ANSWER: 0.00,0.00,4.22,0.0,False,True,True,UNSUPPORTED_VALUE,,,answer_not_matched_to_context_value,False,,8396,8,0.5919684087857604
FRED_0023_64K,FRED_0023,FRED,UNANSWERABLE,64K,False,,ANSWER: 315.564,315.564,INSUFFICIENT_EVIDENCE,315.564,False,False,True,FAILED_TO_ABSTAIN,315.564,WRONG_PERIOD,unanswerable_instance_factual_answer,False,,65001,8,7.788681019097567
FRED_0021_64K,FRED_0021,FRED,UNANSWERABLE,64K,False,,ANSWER: 0.12,0.12,INSUFFICIENT_EVIDENCE,0.12,False,False,True,FAILED_TO_ABSTAIN,0.12,WRONG_FIELD,unanswerable_instance_factual_answer,False,,64970,8,7.787771785631776
FRED_0021_8K,FRED_0021,FRED,UNANSWERABLE,8K,False,,ANSWER: INSUFFICIENT_EVIDENCE,INSUFFICIENT_EVIDENCE,INSUFFICIENT_EVIDENCE,INSUFFICIENT_EVIDENCE,True,True,False,CORRECT,,,answer_only_exact_match,False,,8304,10,0.6189060527831316
FRED_0005_4K,FRED_0005,FRED,DIRECT_RETRIEVAL,4K,True,3.600,ANSWER: 3.6,3.6,3.6,3.6,True,True,False,CORRECT,3.6,WRONG_VERSION,answer_only_exact_match,False,,4266,8,0.31273322459310293
CT_0002_32K,CT_0002,CLINICAL_TRIALS,DIRECT_RETRIEVAL,32K,True,44,ANSWER: 44,44,44,44,True,True,False,CORRECT,44.0,,answer_only_exact_match,False,,32660,6,2.785635036416352
FRED_0010_32K,FRED_0010,FRED,RETRIEVAL_CALCULATION,32K,True,0.21%,ANSWER: 0.05,0.05,0.21,0.05,False,True,True,UNSUPPORTED_VALUE,,,answer_not_matched_to_context_value,False,,32655,8,2.830304286442697
SEC_0001_8K,SEC_0001,SEC,DIRECT_RETRIEVAL,8K,True,"420,315,000,000",ANSWER: 420315000000.0,420315000000.0,420315000000.0,420315000000.0,True,True,False,CORRECT,420315000000.0,WRONG_PERIOD,answer_only_exact_match,False,,8324,11,0.6347962049767375
SEC_0011_16K,SEC_0011,SEC,RETRIEVAL_CALCULATION,16K,True,5.30%,ANSWER: 3.23,3.23,5.3,3.23,False,True,True,UNSUPPORTED_VALUE,,,answer_not_matched_to_context_value,False,,16444,8,1.2063486529514194
SEC_0018_16K,SEC_0018,SEC,TEMPORAL_VERSION,16K,True,"81,770,000,000",ANSWER: 81770000000.0,81770000000.0,81770000000.0,81770000000.0,True,True,False,CORRECT,81770000000.0,,answer_only_exact_match,False,,16486,11,1.2542560566216707
CT_0004_8K,CT_0004,CLINICAL_TRIALS,DIRECT_RETRIEVAL,8K,True,38,ANSWER: 38,38,38,38,True,True,False,CORRECT,38.0,,answer_only_exact_match,False,,8325,6,0.572928749024868
CT_0015_8K,CT_0015,CLINICAL_TRIALS,RETRIEVAL_CALCULATION,8K,True,183,ANSWER: 184,184,183,184,False,True,True,UNSUPPORTED_VALUE,,,answer_not_matched_to_context_value,False,,8349,6,0.5654829470440745
FDA_0004_32K,FDA_0004,FDA,DIRECT_RETRIEVAL,32K,True,"TABLET, CHEWABLE",ANSWER: TABLET,TABLET,"tablet, chewable",tablet,False,True,False,WRONG_ENTITY,TABLET,WRONG_ENTITY,answer_matches_context_distractor_value,False,,32625,6,2.7809993773698807
FDA_0006_64K,FDA_0006,FDA,ENTITY_UNIT_BINDING,64K,True,40MG,ANSWER: 20MG,20MG,40mg,20mg,False,True,False,WRONG_ENTITY,20MG,WRONG_ENTITY,answer_matches_context_distractor_value,False,,65064,7,7.774929807521403
FRED_0013_32K,FRED_0013,FRED,RETRIEVAL_CALCULATION,32K,True,1.38,ANSWER: 0.07,0.07,1.38,0.07,False,True,False,CALCULATION_ERROR,0.07,,calculation_answer_matches_context_operand_or_value,False,,32644,8,2.838320483453572
SEC_0010_16K,SEC_0010,SEC,RETRIEVAL_CALCULATION,16K,True,27.84%,ANSWER: 12.50,12.50,27.84,12.5,False,True,True,UNSUPPORTED_VALUE,,,answer_not_matched_to_context_value,False,,16480,8,1.1975634172558784
CT_0018_64K,CT_0018,CLINICAL_TRIALS,ENTITY_UNIT_BINDING,64K,True,2021-03-02,ANSWER: 2022-05-11,2022-05-11,2021-03-02,2022-05-11,False,True,False,WRONG_FIELD,2022-05-11,WRONG_FIELD,answer_matches_context_distractor_value,False,,65149,11,7.924788909032941
CT_0025_8K,CT_0025,CLINICAL_TRIALS,UNANSWERABLE,8K,False,,ANSWER: 18,18,INSUFFICIENT_EVIDENCE,18,False,False,True,FAILED_TO_ABSTAIN,,,unanswerable_instance_factual_answer,False,,8345,6,0.5718892589211464
FRED_0024_8K,FRED_0024,FRED,UNANSWERABLE,8K,False,,ANSWER: INSUFFICIENT_EVIDENCE,INSUFFICIENT_EVIDENCE,INSUFFICIENT_EVIDENCE,INSUFFICIENT_EVIDENCE,True,True,False,CORRECT,,,answer_only_exact_match,False,,8327,10,0.6222649337723851
CT_0023_32K,CT_0023,CLINICAL_TRIALS,UNANSWERABLE,32K,False,,ANSWER: 2017-07-21,2017-07-21,INSUFFICIENT_EVIDENCE,2017-07-21,False,False,True,FAILED_TO_ABSTAIN,2017-07-21,WRONG_FIELD,unanswerable_instance_factual_answer,False,,32691,11,2.899610910564661
SEC_0023_4K,SEC_0023,SEC,UNANSWERABLE,4K,False,,ANSWER: INSUFFICIENT_EVIDENCE,INSUFFICIENT_EVIDENCE,INSUFFICIENT_EVIDENCE,INSUFFICIENT_EVIDENCE,True,True,False,CORRECT,,,answer_only_exact_match,False,,4247,10,0.3307299604639411
CT_0014_8K,CT_0014,CLINICAL_TRIALS,RETRIEVAL_CALCULATION,8K,True,"1,230",ANSWER: 183,183,1230,183,False,True,True,UNSUPPORTED_VALUE,,,answer_not_matched_to_context_value,False,,8359,6,0.5740288281813264
FDA_0007_32K,FDA_0007,FDA,ENTITY_UNIT_BINDING,32K,True,0.3MG,ANSWER: 0.137MG,0.137MG,0.3mg,0.137mg,False,True,False,WRONG_ENTITY,0.137MG,WRONG_ENTITY,answer_matches_context_distractor_value,False,,32625,9,2.847759284079075
FRED_0020_32K,FRED_0020,FRED,TEMPORAL_VERSION,32K,True,"19,478.893",ANSWER: 23921.991,23921.991,19478.893,23921.991,False,True,False,WRONG_UNIT,23921.991,WRONG_UNIT,answer_matches_context_distractor_value,False,,32576,9,2.844449868425727
FRED_0005_16K,FRED_0005,FRED,DIRECT_RETRIEVAL,16K,True,3.600,ANSWER: 3.6,3.6,3.6,3.6,True,True,False,CORRECT,3.6,NEAR_MATCH_VALUE,answer_only_exact_match,False,,16398,8,1.208673058077693
FRED_0014_8K,FRED_0014,FRED,RETRIEVAL_CALCULATION,8K,True,-0.80,ANSWER: 3.53,3.53,-0.8,3.53,False,True,False,CALCULATION_ERROR,3.53,,calculation_answer_matches_context_operand_or_value,False,,8312,8,0.5905845863744617
SEC_0023_8K,SEC_0023,SEC,UNANSWERABLE,8K,False,,ANSWER: INSUFFICIENT_EVIDENCE,INSUFFICIENT_EVIDENCE,INSUFFICIENT_EVIDENCE,INSUFFICIENT_EVIDENCE,True,True,False,CORRECT,,,answer_only_exact_match,False,,8375,10,0.6221663858741522
FDA_0021_8K,FDA_0021,FDA,UNANSWERABLE,8K,False,,ANSWER: ORAL,ORAL,INSUFFICIENT_EVIDENCE,oral,False,False,True,FAILED_TO_ABSTAIN,ORAL,OTHER_SAME_DOMAIN,unanswerable_instance_factual_answer,False,,8329,6,0.5717582311481237
FRED_0024_32K,FRED_0024,FRED,UNANSWERABLE,32K,False,,ANSWER: INSUFFICIENT_EVIDENCE,INSUFFICIENT_EVIDENCE,INSUFFICIENT_EVIDENCE,INSUFFICIENT_EVIDENCE,True,True,False,CORRECT,,,answer_only_exact_match,False,,32548,10,2.858408883213997
SEC_0020_8K,SEC_0020,SEC,TEMPORAL_VERSION,8K,True,"3,706,200,000",ANSWER: 3706200000.0,3706200000.0,3706200000.0,3706200000.0,True,True,False,CORRECT,3706200000.0,,answer_only_exact_match,False,,8427,11,0.6376732485368848
SEC_0011_4K,SEC_0011,SEC,RETRIEVAL_CALCULATION,4K,True,5.30%,ANSWER: 3.23,3.23,5.3,3.23,False,True,True,UNSUPPORTED_VALUE,,,answer_not_matched_to_context_value,False,,4223,8,0.3054815558716655
FRED_0021_4K,FRED_0021,FRED,UNANSWERABLE,4K,False,,ANSWER: INSUFFICIENT_EVIDENCE,INSUFFICIENT_EVIDENCE,INSUFFICIENT_EVIDENCE,INSUFFICIENT_EVIDENCE,True,True,False,CORRECT,,,answer_only_exact_match,False,,4254,10,0.3410388072952628
SEC_0001_4K,SEC_0001,SEC,DIRECT_RETRIEVAL,4K,True,"420,315,000,000",ANSWER: 420315000000,420315000000,420315000000.0,420315000000.0,True,True,False,CORRECT,420315000000.0,,answer_only_exact_match,False,,4308,9,0.3291036216542125
FRED_0001_8K,FRED_0001,FRED,DIRECT_RETRIEVAL,8K,True,"150,895",ANSWER: 150895.0,150895.0,150895.0,150895.0,True,True,False,CORRECT,150895.0,WRONG_VERSION,answer_only_exact_match,False,,8286,9,0.6112677659839392
CT_0007_32K,CT_0007,CLINICAL_TRIALS,ENTITY_UNIT_BINDING,32K,True,PLACEBO_COMPARATOR,ANSWER: PLACEBO_COMPARATOR,PLACEBO_COMPARATOR,placebo_comparator,placebo_comparator,True,True,False,CORRECT,PLACEBO_COMPARATOR,WRONG_ENTITY,answer_only_exact_match,False,,32736,9,2.853839482180774
FRED_0003_64K,FRED_0003,FRED,DIRECT_RETRIEVAL,64K,True,298.786,ANSWER: 298.786,298.786,298.786,298.786,True,True,False,CORRECT,298.786,,answer_only_exact_match,False,,65007,8,7.786415600217879
FRED_0022_16K,FRED_0022,FRED,UNANSWERABLE,16K,False,,ANSWER: INSUFFICIENT_EVIDENCE,INSUFFICIENT_EVIDENCE,INSUFFICIENT_EVIDENCE,INSUFFICIENT_EVIDENCE,True,True,False,CORRECT,,,answer_only_exact_match,False,,16339,10,1.1993925869464874
CT_0014_64K,CT_0014,CLINICAL_TRIALS,RETRIEVAL_CALCULATION,64K,True,"1,230",ANSWER: 102,102,1230,102,False,True,True,UNSUPPORTED_VALUE,,,answer_not_matched_to_context_value,False,,65196,6,7.749139639548957
SEC_0003_8K,SEC_0003,SEC,DIRECT_RETRIEVAL,8K,True,"281,724,000,000",ANSWER: 94193000000,94193000000,281724000000.0,94193000000.0,False,True,False,WRONG_ENTITY,94193000000.0,WRONG_ENTITY,answer_matches_context_distractor_value,False,,8372,9,0.6105443798005581
CT_0017_32K,CT_0017,CLINICAL_TRIALS,ENTITY_UNIT_BINDING,32K,True,2018-04-25,ANSWER: 2018-04-25,2018-04-25,2018-04-25,2018-04-25,True,True,False,CORRECT,2018-04-25,,answer_only_exact_match,False,,32623,11,2.8940127212554216
FDA_0022_4K,FDA_0022,FDA,UNANSWERABLE,4K,False,,ANSWER: ORAL,ORAL,INSUFFICIENT_EVIDENCE,oral,False,False,True,FAILED_TO_ABSTAIN,ORAL,OTHER_SAME_DOMAIN,unanswerable_instance_factual_answer,False,,4268,6,0.28740799706429243
FDA_0024_8K,FDA_0024,FDA,UNANSWERABLE,8K,False,,ANSWER: ORAL,ORAL,INSUFFICIENT_EVIDENCE,oral,False,False,True,FAILED_TO_ABSTAIN,ORAL,OTHER_SAME_DOMAIN,unanswerable_instance_factual_answer,False,,8309,6,0.5748725812882185
FDA_0022_64K,FDA_0022,FDA,UNANSWERABLE,64K,False,,ANSWER: ORAL,ORAL,INSUFFICIENT_EVIDENCE,oral,False,False,True,FAILED_TO_ABSTAIN,ORAL,OTHER_SAME_DOMAIN,unanswerable_instance_factual_answer,False,,65072,6,7.740040506236255
CT_0023_8K,CT_0023,CLINICAL_TRIALS,UNANSWERABLE,8K,False,,ANSWER: 2017-01-11,2017-01-11,INSUFFICIENT_EVIDENCE,2017-01-11,False,False,True,FAILED_TO_ABSTAIN,2017-01-11,WRONG_FIELD,unanswerable_instance_factual_answer,False,,8318,11,0.6440689163282514
FDA_0012_32K,FDA_0012,FDA,RETRIEVAL_CALCULATION,32K,True,3,ANSWER: 7,7,3,7,False,True,True,UNSUPPORTED_VALUE,,,answer_not_matched_to_context_value,False,,32649,6,2.7820227118209004
FRED_0025_4K,FRED_0025,FRED,UNANSWERABLE,4K,False,,ANSWER: INSUFFICIENT_EVIDENCE,INSUFFICIENT_EVIDENCE,INSUFFICIENT_EVIDENCE,INSUFFICIENT_EVIDENCE,True,True,False,CORRECT,,,answer_only_exact_match,False,,4244,10,0.3323898734524846
SEC_0022_32K,SEC_0022,SEC,UNANSWERABLE,32K,False,,ANSWER: INSUFFICIENT_EVIDENCE,INSUFFICIENT_EVIDENCE,INSUFFICIENT_EVIDENCE,INSUFFICIENT_EVIDENCE,True,True,False,CORRECT,,,answer_only_exact_match,False,,32725,10,2.881107237190008
FRED_0018_4K,FRED_0018,FRED,TEMPORAL_VERSION,4K,True,256.192,ANSWER: 256.192,256.192,256.192,256.192,True,True,False,CORRECT,256.192,WRONG_VERSION,answer_only_exact_match,False,,4302,8,0.3191437032073736
CT_0012_64K,CT_0012,CLINICAL_TRIALS,RETRIEVAL_CALCULATION,64K,True,"49,951",ANSWER: 117174,117174,49951,117174,False,True,True,UNSUPPORTED_VALUE,,,answer_not_matched_to_context_value,False,,65141,7,7.778140940703452
CT_0014_16K,CT_0014,CLINICAL_TRIALS,RETRIEVAL_CALCULATION,16K,True,"1,230",ANSWER: 184,184,1230,184,False,True,True,UNSUPPORTED_VALUE,,,answer_not_matched_to_context_value,False,,16438,6,1.186309670098126
FDA_0006_32K,FDA_0006,FDA,ENTITY_UNIT_BINDING,32K,True,40MG,ANSWER: 20MG,20MG,40mg,20mg,False,True,False,WRONG_ENTITY,20MG,WRONG_ENTITY,answer_matches_context_distractor_value,False,,32657,7,2.817602892406285
CT_0016_32K,CT_0016,CLINICAL_TRIALS,RETRIEVAL_CALCULATION,32K,True,22,ANSWER: 460,460,22,460,False,True,False,WRONG_ENTITY,460.0,WRONG_ENTITY,answer_matches_context_distractor_value,False,,32677,6,2.784176805987954
FDA_0003_4K,FDA_0003,FDA,DIRECT_RETRIEVAL,4K,True,TABLET,ANSWER: TABLET,TABLET,tablet,tablet,True,True,False,CORRECT,TABLET,WRONG_ENTITY,answer_only_exact_match,False,,4257,6,0.2875558938831091
FDA_0023_8K,FDA_0023,FDA,UNANSWERABLE,8K,False,,ANSWER: ORAL,ORAL,INSUFFICIENT_EVIDENCE,oral,False,False,True,FAILED_TO_ABSTAIN,ORAL,OTHER_SAME_DOMAIN,unanswerable_instance_factual_answer,False,,8267,6,0.5745419254526496
SEC_0011_8K,SEC_0011,SEC,RETRIEVAL_CALCULATION,8K,True,5.30%,ANSWER: 3.23,3.23,5.3,3.23,False,True,True,UNSUPPORTED_VALUE,,,answer_not_matched_to_context_value,False,,8311,8,0.5958261443302035
CT_0012_32K,CT_0012,CLINICAL_TRIALS,RETRIEVAL_CALCULATION,32K,True,"49,951",ANSWER: 52178,52178,49951,52178,False,True,False,CALCULATION_ERROR,52178.0,,calculation_answer_matches_context_operand_or_value,False,,32662,7,2.805594420991838
FDA_0021_64K,FDA_0021,FDA,UNANSWERABLE,64K,False,,ANSWER: ORAL,ORAL,INSUFFICIENT_EVIDENCE,oral,False,False,True,FAILED_TO_ABSTAIN,ORAL,OTHER_SAME_DOMAIN,unanswerable_instance_factual_answer,False,,65006,6,7.715794415213168
FDA_0014_4K,FDA_0014,FDA,RETRIEVAL_CALCULATION,4K,True,4.0000,ANSWER: 4.0000,4.0000,4.0,4.0,True,True,False,CORRECT,,,answer_only_exact_match,False,,4293,9,0.3209123834967613
CT_0022_8K,CT_0022,CLINICAL_TRIALS,UNANSWERABLE,8K,False,,ANSWER: 2018-05-24,2018-05-24,INSUFFICIENT_EVIDENCE,2018-05-24,False,False,True,FAILED_TO_ABSTAIN,2018-05-24,WRONG_FIELD,unanswerable_instance_factual_answer,False,,8321,11,0.6462410446256399
CT_0015_16K,CT_0015,CLINICAL_TRIALS,RETRIEVAL_CALCULATION,16K,True,183,ANSWER: 104,104,183,104,False,True,True,UNSUPPORTED_VALUE,,,answer_not_matched_to_context_value,False,,16470,6,1.1813806220889091
SEC_0008_32K,SEC_0008,SEC,ENTITY_UNIT_BINDING,32K,True,"-15,999,000,000",ANSWER: -11946000000.0,-11946000000.0,-15999000000.0,-11946000000.0,False,True,False,WRONG_ENTITY,-11946000000.0,WRONG_ENTITY,answer_matches_context_distractor_value,False,,32769,11,2.93714177981019
CT_0018_4K,CT_0018,CLINICAL_TRIALS,ENTITY_UNIT_BINDING,4K,True,2021-03-02,ANSWER: 2021-03-30,2021-03-30,2021-03-02,2021-03-30,False,True,False,WRONG_FIELD,2021-03-30,WRONG_FIELD,answer_matches_context_distractor_value,False,,4299,11,0.34589094389230013
FRED_0001_4K,FRED_0001,FRED,DIRECT_RETRIEVAL,4K,True,"150,895",ANSWER: 150895,150895,150895.0,150895.0,True,True,False,CORRECT,150895.0,WRONG_VERSION,answer_only_exact_match,False,,4281,7,0.3035404607653618
FDA_0021_16K,FDA_0021,FDA,UNANSWERABLE,16K,False,,ANSWER: ORAL,ORAL,INSUFFICIENT_EVIDENCE,oral,False,False,True,FAILED_TO_ABSTAIN,ORAL,OTHER_SAME_DOMAIN,unanswerable_instance_factual_answer,False,,16389,6,1.180416933260858
FDA_0004_4K,FDA_0004,FDA,DIRECT_RETRIEVAL,4K,True,"TABLET, CHEWABLE","ANSWER: TABLET, CHEWABLE","TABLET, CHEWABLE","tablet, chewable","tablet, chewable",True,True,False,CORRECT,"TABLET, CHEWABLE",,answer_only_exact_match,False,,4276,10,0.33565864246338606
SEC_0016_16K,SEC_0016,SEC,RETRIEVAL_CALCULATION,16K,True,-6.84%,ANSWER: INSUFFICIENT_EVIDENCE,INSUFFICIENT_EVIDENCE,-6.84,INSUFFICIENT_EVIDENCE,False,False,False,UNNECESSARY_ABSTENTION,,,answerable_instance_unnecessary_abstention,False,,16470,10,1.239150014705956
FDA_0018_64K,FDA_0018,FDA,TEMPORAL_VERSION,64K,True,2018-08-24,ANSWER: 2018-03-30,2018-03-30,2018-08-24,2018-03-30,False,True,False,WRONG_ENTITY,2018-03-30,WRONG_ENTITY,answer_matches_context_distractor_value,False,,65071,11,7.920988911762834
FDA_0015_32K,FDA_0015,FDA,RETRIEVAL_CALCULATION,32K,True,2.0000,ANSWER: 0.1600,0.1600,2.0,0.16,False,True,True,UNSUPPORTED_VALUE,,,answer_not_matched_to_context_value,False,,32671,9,2.856872300617397
FDA_0020_64K,FDA_0020,FDA,TEMPORAL_VERSION,64K,True,2013-12-30,ANSWER: 2016-01-04,2016-01-04,2013-12-30,2016-01-04,False,True,False,WRONG_PERIOD,2016-01-04,WRONG_PERIOD,answer_matches_context_distractor_value,False,,65004,11,7.88776046782732
CT_0009_16K,CT_0009,CLINICAL_TRIALS,ENTITY_UNIT_BINDING,16K,True,ACTIVE_COMPARATOR,ANSWER: ACTIVE_COMPARATOR,ACTIVE_COMPARATOR,active_comparator,active_comparator,True,True,False,CORRECT,ACTIVE_COMPARATOR,WRONG_ENTITY,answer_only_exact_match,False,,16510,8,1.2084752125665545
FRED_0018_8K,FRED_0018,FRED,TEMPORAL_VERSION,8K,True,256.192,ANSWER: 256.192,256.192,256.192,256.192,True,True,False,CORRECT,256.192,WRONG_VERSION,answer_only_exact_match,False,,8314,8,0.5909774210304022
FDA_0024_64K,FDA_0024,FDA,UNANSWERABLE,64K,False,,ANSWER: ORAL,ORAL,INSUFFICIENT_EVIDENCE,oral,False,False,True,FAILED_TO_ABSTAIN,ORAL,OTHER_SAME_DOMAIN,unanswerable_instance_factual_answer,False,,65075,6,7.7310779402032495
FDA_0005_64K,FDA_0005,FDA,DIRECT_RETRIEVAL,64K,True,CAPSULE,ANSWER: CAPSULE,CAPSULE,capsule,capsule,True,True,False,CORRECT,CAPSULE,WRONG_ENTITY,answer_only_exact_match,False,,65093,7,7.7805972853675485
CT_0020_32K,CT_0020,CLINICAL_TRIALS,ENTITY_UNIT_BINDING,32K,True,2018-11-26,ANSWER: 2022-02-14,2022-02-14,2018-11-26,2022-02-14,False,True,False,WRONG_FIELD,2022-02-14,WRONG_FIELD,answer_matches_context_distractor_value,False,,32714,11,2.8997295713052154
SEC_0004_8K,SEC_0004,SEC,DIRECT_RETRIEVAL,8K,True,"115,856,000,000",ANSWER: 55998000000,55998000000,115856000000.0,55998000000.0,False,True,False,WRONG_FIELD,55998000000.0,WRONG_FIELD,answer_matches_context_distractor_value,False,,8349,9,0.6056811632588506
FDA_0001_4K,FDA_0001,FDA,DIRECT_RETRIEVAL,4K,True,TABLET,ANSWER: TABLET,TABLET,tablet,tablet,True,True,False,CORRECT,TABLET,WRONG_ENTITY,answer_only_exact_match,False,,4256,6,0.28544010408222675
CT_0023_16K,CT_0023,CLINICAL_TRIALS,UNANSWERABLE,16K,False,,ANSWER: 2017-07-21,2017-07-21,INSUFFICIENT_EVIDENCE,2017-07-21,False,False,True,FAILED_TO_ABSTAIN,2017-07-21,WRONG_FIELD,unanswerable_instance_factual_answer,False,,16461,11,1.2600105749443173
SEC_0001_64K,SEC_0001,SEC,DIRECT_RETRIEVAL,64K,True,"420,315,000,000",ANSWER: 420315000000.0,420315000000.0,420315000000.0,420315000000.0,True,True,False,CORRECT,420315000000.0,WRONG_PERIOD,answer_only_exact_match,False,,65268,11,7.941438877955079
CT_0018_8K,CT_0018,CLINICAL_TRIALS,ENTITY_UNIT_BINDING,8K,True,2021-03-02,ANSWER: 2021-03-02,2021-03-02,2021-03-02,2021-03-02,True,True,False,CORRECT,2021-03-02,,answer_only_exact_match,False,,8348,11,0.630897106602788
FDA_0018_4K,FDA_0018,FDA,TEMPORAL_VERSION,4K,True,2018-08-24,ANSWER: 2018-08-24,2018-08-24,2018-08-24,2018-08-24,True,True,False,CORRECT,2018-08-24,,answer_only_exact_match,False,,4239,11,0.34294082783162594
SEC_0016_64K,SEC_0016,SEC,RETRIEVAL_CALCULATION,64K,True,-6.84%,ANSWER: INSUFFICIENT_EVIDENCE,INSUFFICIENT_EVIDENCE,-6.84,INSUFFICIENT_EVIDENCE,False,False,False,UNNECESSARY_ABSTENTION,,,answerable_instance_unnecessary_abstention,False,,65248,10,7.906001171097159
SEC_0014_64K,SEC_0014,SEC,RETRIEVAL_CALCULATION,64K,True,47.90%,ANSWER: -0.03,-0.03,47.9,-0.03,False,True,True,UNSUPPORTED_VALUE,,,answer_not_matched_to_context_value,False,,65340,8,7.846051651053131
SEC_0006_16K,SEC_0006,SEC,ENTITY_UNIT_BINDING,16K,True,"-492,000,000",ANSWER: -492000000,-492000000,-492000000.0,-492000000.0,True,True,False,CORRECT,-492000000.0,NEAR_MATCH_VALUE,answer_only_exact_match,False,,16503,8,1.2135197017341852
FDA_0007_64K,FDA_0007,FDA,ENTITY_UNIT_BINDING,64K,True,0.3MG,ANSWER: 0.137MG,0.137MG,0.3mg,0.137mg,False,True,False,WRONG_ENTITY,0.137MG,WRONG_ENTITY,answer_matches_context_distractor_value,False,,65070,9,7.845379411242902
CT_0015_4K,CT_0015,CLINICAL_TRIALS,RETRIEVAL_CALCULATION,4K,True,183,ANSWER: 37,37,183,37,False,True,True,UNSUPPORTED_VALUE,,,answer_not_matched_to_context_value,False,,4248,6,0.28800239507108927
FRED_0017_8K,FRED_0017,FRED,TEMPORAL_VERSION,8K,True,"144,120",ANSWER: 144120.0,144120.0,144120.0,144120.0,True,True,False,CORRECT,144120.0,,answer_only_exact_match,False,,8293,9,0.6088770357891917
CT_0025_4K,CT_0025,CLINICAL_TRIALS,UNANSWERABLE,4K,False,,ANSWER: 18 Years,18 Years,INSUFFICIENT_EVIDENCE,18 years,False,False,True,FAILED_TO_ABSTAIN,18 Years,WRONG_FIELD,unanswerable_instance_factual_answer,False,,4223,7,0.29598162695765495
FRED_0018_64K,FRED_0018,FRED,TEMPORAL_VERSION,64K,True,256.192,ANSWER: 256.032,256.032,256.192,256.032,False,True,False,WRONG_VERSION,256.032,WRONG_VERSION,answer_matches_context_distractor_value,False,,65027,8,7.816194710321724
FDA_0009_16K,FDA_0009,FDA,ENTITY_UNIT_BINDING,16K,True,"0.088MG **See current Annual Edition, 1.8 Description of Special Situations, Levothyroxine Sodium",ANSWER: 0.088MG,0.088MG,"0.088mg**seecurrentannualedition,1.8descriptionofspecialsituations,levothyroxinesodium",0.088mg,False,True,True,UNSUPPORTED_VALUE,,,answer_not_matched_to_context_value,False,,16456,9,1.224011780694127
CT_0011_32K,CT_0011,CLINICAL_TRIALS,RETRIEVAL_CALCULATION,32K,True,"3,998",ANSWER: 4463,4463,3998,4463,False,True,True,UNSUPPORTED_VALUE,,,answer_not_matched_to_context_value,False,,32670,7,2.8057222394272685
CT_0022_4K,CT_0022,CLINICAL_TRIALS,UNANSWERABLE,4K,False,,ANSWER: 2018-05-24,2018-05-24,INSUFFICIENT_EVIDENCE,2018-05-24,False,False,True,FAILED_TO_ABSTAIN,2018-05-24,WRONG_FIELD,unanswerable_instance_factual_answer,False,,4243,11,0.3527166973799467
SEC_0019_4K,SEC_0019,SEC,TEMPORAL_VERSION,4K,True,"10,151,000,000",ANSWER: 10151000000.0,10151000000.0,10151000000.0,10151000000.0,True,True,False,CORRECT,10151000000.0,,answer_only_exact_match,False,,4340,11,0.35400593280792236
FDA_0017_32K,FDA_0017,FDA,RETRIEVAL_CALCULATION,32K,True,2.0000,ANSWER: 0.4,0.4,2.0,0.4,False,True,True,UNSUPPORTED_VALUE,,,answer_not_matched_to_context_value,False,,32630,8,2.825573639012873
CT_0021_4K,CT_0021,CLINICAL_TRIALS,UNANSWERABLE,4K,False,,ANSWER: 2018-10-31,2018-10-31,INSUFFICIENT_EVIDENCE,2018-10-31,False,False,True,FAILED_TO_ABSTAIN,,,unanswerable_instance_factual_answer,False,,4213,11,0.34082758892327547
FDA_0001_16K,FDA_0001,FDA,DIRECT_RETRIEVAL,16K,True,TABLET,ANSWER: TABLET,TABLET,tablet,tablet,True,True,False,CORRECT,TABLET,WRONG_ENTITY,answer_only_exact_match,False,,16390,6,1.1803578017279506
FDA_0020_32K,FDA_0020,FDA,TEMPORAL_VERSION,32K,True,2013-12-30,ANSWER: 2023-08-07,2023-08-07,2013-12-30,2023-08-07,False,True,False,AMBIGUOUS_REVIEW_REQUIRED,2023-08-07,OTHER_SAME_DOMAIN,answer_matches_context_value_without_taxonomy,True,answer value appears in context but deterministic distractor type is unavailable,32645,11,2.9062873208895326
FRED_0015_64K,FRED_0015,FRED,RETRIEVAL_CALCULATION,64K,True,0.20,ANSWER: -0.00,-0.00,0.2,-0.0,False,True,False,CALCULATION_ERROR,0.0,,calculation_answer_matches_unrounded_or_alternate_rounding,False,,64927,8,7.777890721336007
FDA_0016_64K,FDA_0016,FDA,RETRIEVAL_CALCULATION,64K,True,8.9286,ANSWER: 0.1111,0.1111,8.9286,0.1111,False,True,True,UNSUPPORTED_VALUE,,,answer_not_matched_to_context_value,False,,65104,9,7.844468532130122
CT_0010_64K,CT_0010,CLINICAL_TRIALS,RETRIEVAL_CALCULATION,64K,True,80,ANSWER: 180,180,80,180,False,True,False,CALCULATION_ERROR,180.0,,calculation_answer_matches_context_operand_or_value,False,,65096,6,7.747010028921068
SEC_0001_32K,SEC_0001,SEC,DIRECT_RETRIEVAL,32K,True,"420,315,000,000",ANSWER: 102026000000.0,102026000000.0,420315000000.0,102026000000.0,False,True,False,WRONG_PERIOD,102026000000.0,WRONG_PERIOD,answer_matches_context_distractor_value,False,,32732,11,2.905278507620096
SEC_0025_8K,SEC_0025,SEC,UNANSWERABLE,8K,False,,ANSWER: INSUFFICIENT_EVIDENCE,INSUFFICIENT_EVIDENCE,INSUFFICIENT_EVIDENCE,INSUFFICIENT_EVIDENCE,True,True,False,CORRECT,,,answer_only_exact_match,False,,8339,10,0.6228861678391695
CT_0019_32K,CT_0019,CLINICAL_TRIALS,ENTITY_UNIT_BINDING,32K,True,2023-02-13,ANSWER: 2023-02-13,2023-02-13,2023-02-13,2023-02-13,True,True,False,CORRECT,2023-02-13,,answer_only_exact_match,False,,32693,11,2.9026916110888124
CT_0017_16K,CT_0017,CLINICAL_TRIALS,ENTITY_UNIT_BINDING,16K,True,2018-04-25,ANSWER: 2018-08-13,2018-08-13,2018-04-25,2018-08-13,False,True,False,WRONG_FIELD,2018-08-13,WRONG_FIELD,answer_matches_context_distractor_value,False,,16454,11,1.2548253145068884
FDA_0002_8K,FDA_0002,FDA,DIRECT_RETRIEVAL,8K,True,TABLET,ANSWER: TABLET,TABLET,tablet,tablet,True,True,False,CORRECT,TABLET,WRONG_ENTITY,answer_only_exact_match,False,,8298,6,0.5694864988327026
FDA_0002_16K,FDA_0002,FDA,DIRECT_RETRIEVAL,16K,True,TABLET,ANSWER: TABLET,TABLET,tablet,tablet,True,True,False,CORRECT,TABLET,WRONG_ENTITY,answer_only_exact_match,False,,16417,6,1.1782438438385725
SEC_0013_16K,SEC_0013,SEC,RETRIEVAL_CALCULATION,16K,True,79.70%,ANSWER: 33.33,33.33,79.7,33.33,False,True,True,UNSUPPORTED_VALUE,,,answer_not_matched_to_context_value,False,,16529,8,1.2129307659342885
FRED_0017_16K,FRED_0017,FRED,TEMPORAL_VERSION,16K,True,"144,120",ANSWER: 144120.0,144120.0,144120.0,144120.0,True,True,False,CORRECT,144120.0,,answer_only_exact_match,False,,16407,9,1.2249019350856543
FDA_0008_8K,FDA_0008,FDA,ENTITY_UNIT_BINDING,8K,True,100MG,ANSWER: 100MG,100MG,100mg,100mg,True,True,False,CORRECT,100MG,,answer_only_exact_match,False,,8339,7,0.577080643735826
FRED_0022_4K,FRED_0022,FRED,UNANSWERABLE,4K,False,,ANSWER: INSUFFICIENT_EVIDENCE,INSUFFICIENT_EVIDENCE,INSUFFICIENT_EVIDENCE,INSUFFICIENT_EVIDENCE,True,True,False,CORRECT,,,answer_only_exact_match,False,,4206,10,0.32887968234717846
SEC_0022_16K,SEC_0022,SEC,UNANSWERABLE,16K,False,,ANSWER: INSUFFICIENT_EVIDENCE,INSUFFICIENT_EVIDENCE,INSUFFICIENT_EVIDENCE,INSUFFICIENT_EVIDENCE,True,True,False,CORRECT,,,answer_only_exact_match,False,,16515,10,1.2513412712141871
FRED_0002_4K,FRED_0002,FRED,DIRECT_RETRIEVAL,4K,True,"23,425.910",ANSWER: 23425.91,23425.91,23425.91,23425.91,True,True,False,CORRECT,23425.91,,answer_only_exact_match,False,,4236,9,0.32120414823293686
CT_0009_64K,CT_0009,CLINICAL_TRIALS,ENTITY_UNIT_BINDING,64K,True,ACTIVE_COMPARATOR,ANSWER: EXPERIMENTAL,EXPERIMENTAL,active_comparator,experimental,False,True,False,WRONG_ENTITY,EXPERIMENTAL,WRONG_ENTITY,answer_matches_context_distractor_value,False,,65231,7,7.795599051751196
FDA_0020_4K,FDA_0020,FDA,TEMPORAL_VERSION,4K,True,2013-12-30,ANSWER: 2013-12-30,2013-12-30,2013-12-30,2013-12-30,True,True,False,CORRECT,2013-12-30,WRONG_ENTITY,answer_only_exact_match,False,,4252,11,0.348081030882895
FRED_0023_32K,FRED_0023,FRED,UNANSWERABLE,32K,False,,ANSWER: 323.291,323.291,INSUFFICIENT_EVIDENCE,323.291,False,False,True,FAILED_TO_ABSTAIN,323.291,WRONG_PERIOD,unanswerable_instance_factual_answer,False,,32638,8,2.827657734043896
CT_0003_64K,CT_0003,CLINICAL_TRIALS,DIRECT_RETRIEVAL,64K,True,226,ANSWER: 226,226,226,226,True,True,False,CORRECT,226.0,,answer_only_exact_match,False,,65156,6,7.752065423876047
FRED_0011_32K,FRED_0011,FRED,RETRIEVAL_CALCULATION,32K,True,-0.42%,ANSWER: 0.03,0.03,-0.42,0.03,False,True,True,UNSUPPORTED_VALUE,,,answer_not_matched_to_context_value,False,,32658,8,2.835597191005945
FDA_0024_16K,FDA_0024,FDA,UNANSWERABLE,16K,False,,ANSWER: ORAL,ORAL,INSUFFICIENT_EVIDENCE,oral,False,False,True,FAILED_TO_ABSTAIN,ORAL,OTHER_SAME_DOMAIN,unanswerable_instance_factual_answer,False,,16407,6,1.1783975008875132
FRED_0025_64K,FRED_0025,FRED,UNANSWERABLE,64K,False,,ANSWER: 4.2,4.2,INSUFFICIENT_EVIDENCE,4.2,False,False,True,FAILED_TO_ABSTAIN,4.2,OTHER_SAME_DOMAIN,unanswerable_instance_factual_answer,False,,64919,8,7.7753496542572975
SEC_0012_32K,SEC_0012,SEC,RETRIEVAL_CALCULATION,32K,True,20.68%,ANSWER: 12.40,12.40,20.68,12.4,False,True,True,UNSUPPORTED_VALUE,,,answer_not_matched_to_context_value,False,,32707,8,2.8389837546274066
FDA_0006_16K,FDA_0006,FDA,ENTITY_UNIT_BINDING,16K,True,40MG,ANSWER: 20MG,20MG,40mg,20mg,False,True,False,WRONG_ENTITY,20MG,WRONG_ENTITY,answer_matches_context_distractor_value,False,,16438,7,1.1938462117686868
CT_0006_64K,CT_0006,CLINICAL_TRIALS,ENTITY_UNIT_BINDING,64K,True,ACTIVE_COMPARATOR,ANSWER: PLACEBO_COMPARATOR,PLACEBO_COMPARATOR,active_comparator,placebo_comparator,False,True,False,WRONG_ENTITY,PLACEBO_COMPARATOR,WRONG_ENTITY,answer_matches_context_distractor_value,False,,65236,9,7.869189752265811
FDA_0014_64K,FDA_0014,FDA,RETRIEVAL_CALCULATION,64K,True,4.0000,ANSWER: 14,14,4.0,14.0,False,True,True,UNSUPPORTED_VALUE,,,answer_not_matched_to_context_value,False,,65115,6,7.755054618231952
FRED_0019_32K,FRED_0019,FRED,TEMPORAL_VERSION,32K,True,3.700,ANSWER: 3.7,3.7,3.7,3.7,True,True,False,CORRECT,3.7,NEAR_MATCH_VALUE,answer_only_exact_match,False,,32572,8,2.8096210369840264
CT_0025_32K,CT_0025,CLINICAL_TRIALS,UNANSWERABLE,32K,False,,ANSWER: 18,18,INSUFFICIENT_EVIDENCE,18,False,False,True,FAILED_TO_ABSTAIN,,,unanswerable_instance_factual_answer,False,,32685,6,2.7833577003329992
CT_0010_8K,CT_0010,CLINICAL_TRIALS,RETRIEVAL_CALCULATION,8K,True,80,ANSWER: 80,80,80,80,True,True,False,CORRECT,,,answer_only_exact_match,False,,8296,6,0.5655235610902309
FDA_0019_32K,FDA_0019,FDA,TEMPORAL_VERSION,32K,True,1996-01-29,ANSWER: 2001-01-13,2001-01-13,1996-01-29,2001-01-13,False,True,True,UNSUPPORTED_VALUE,,,answer_not_matched_to_context_value,False,,32613,11,2.8940145168453455
FRED_0010_64K,FRED_0010,FRED,RETRIEVAL_CALCULATION,64K,True,0.21%,ANSWER: 0.05,0.05,0.21,0.05,False,True,True,UNSUPPORTED_VALUE,,,answer_not_matched_to_context_value,False,,64999,8,7.794638552702963
CT_0013_4K,CT_0013,CLINICAL_TRIALS,RETRIEVAL_CALCULATION,4K,True,715,ANSWER: 109,109,715,109,False,True,True,UNSUPPORTED_VALUE,,,answer_not_matched_to_context_value,False,,4318,6,0.285983475856483
FDA_0017_16K,FDA_0017,FDA,RETRIEVAL_CALCULATION,16K,True,2.0000,ANSWER: 0.4,0.4,2.0,0.4,False,True,True,UNSUPPORTED_VALUE,,,answer_not_matched_to_context_value,False,,16456,8,1.213821243494749
SEC_0013_4K,SEC_0013,SEC,RETRIEVAL_CALCULATION,4K,True,79.70%,ANSWER: 0.00,0.00,79.7,0.0,False,True,True,UNSUPPORTED_VALUE,,,answer_not_matched_to_context_value,False,,4225,8,0.3121815798804164
SEC_0015_64K,SEC_0015,SEC,RETRIEVAL_CALCULATION,64K,True,4.22%,ANSWER: 0.00,0.00,4.22,0.0,False,True,True,UNSUPPORTED_VALUE,,,answer_not_matched_to_context_value,False,,65236,8,7.833977808244526
CT_0014_4K,CT_0014,CLINICAL_TRIALS,RETRIEVAL_CALCULATION,4K,True,"1,230",ANSWER: 146,146,1230,146,False,True,True,UNSUPPORTED_VALUE,,,answer_not_matched_to_context_value,False,,4261,6,0.28618142660707235
FDA_0015_64K,FDA_0015,FDA,RETRIEVAL_CALCULATION,64K,True,2.0000,ANSWER: 160/160,160/160,2.0,,False,True,True,UNSUPPORTED_VALUE,,,answer_not_matched_to_context_value,False,,65126,8,7.819392564706504
SEC_0022_8K,SEC_0022,SEC,UNANSWERABLE,8K,False,,ANSWER: INSUFFICIENT_EVIDENCE,INSUFFICIENT_EVIDENCE,INSUFFICIENT_EVIDENCE,INSUFFICIENT_EVIDENCE,True,True,False,CORRECT,,,answer_only_exact_match,False,,8291,10,0.6194462031126022
FDA_0005_8K,FDA_0005,FDA,DIRECT_RETRIEVAL,8K,True,CAPSULE,ANSWER: CAPSULE,CAPSULE,capsule,capsule,True,True,False,CORRECT,CAPSULE,WRONG_ENTITY,answer_only_exact_match,False,,8319,7,0.5828412007540464
FRED_0009_16K,FRED_0009,FRED,ENTITY_UNIT_BINDING,16K,True,"21,967.045",ANSWER: 21919.222,21919.222,21967.045,21919.222,False,True,False,WRONG_VERSION,21919.222,WRONG_VERSION,answer_matches_context_distractor_value,False,,16374,9,1.1833204487338662
FRED_0025_32K,FRED_0025,FRED,UNANSWERABLE,32K,False,,ANSWER: INSUFFICIENT_EVIDENCE,INSUFFICIENT_EVIDENCE,INSUFFICIENT_EVIDENCE,INSUFFICIENT_EVIDENCE,True,True,False,CORRECT,,,answer_only_exact_match,False,,32544,10,2.859957803040743
FDA_0019_8K,FDA_0019,FDA,TEMPORAL_VERSION,8K,True,1996-01-29,ANSWER: 1996-01-29,1996-01-29,1996-01-29,1996-01-29,True,True,False,CORRECT,1996-01-29,,answer_only_exact_match,False,,8256,11,0.6362807163968682
FDA_0011_4K,FDA_0011,FDA,RETRIEVAL_CALCULATION,4K,True,2,ANSWER: 2,2,2,2,True,True,False,CORRECT,,,answer_only_exact_match,False,,4258,6,0.28722907416522503
SEC_0018_8K,SEC_0018,SEC,TEMPORAL_VERSION,8K,True,"81,770,000,000",ANSWER: 81770000000.0,81770000000.0,81770000000.0,81770000000.0,True,True,False,CORRECT,81770000000.0,,answer_only_exact_match,False,,8370,11,0.6359501061961055
SEC_0015_32K,SEC_0015,SEC,RETRIEVAL_CALCULATION,32K,True,4.22%,ANSWER: 0.00,0.00,4.22,0.0,False,True,True,UNSUPPORTED_VALUE,,,answer_not_matched_to_context_value,False,,32791,8,2.8701230194419622
SEC_0018_32K,SEC_0018,SEC,TEMPORAL_VERSION,32K,True,"81,770,000,000",ANSWER: 81770000000.0,81770000000.0,81770000000.0,81770000000.0,True,True,False,CORRECT,81770000000.0,,answer_only_exact_match,False,,32776,11,2.938614829443395
SEC_0005_32K,SEC_0005,SEC,DIRECT_RETRIEVAL,32K,True,"15,119,000,000",ANSWER: 36431000000.0,36431000000.0,15119000000.0,36431000000.0,False,True,False,WRONG_ENTITY,36431000000.0,WRONG_ENTITY,answer_matches_context_distractor_value,False,,32788,11,2.939475036226213
FDA_0003_16K,FDA_0003,FDA,DIRECT_RETRIEVAL,16K,True,TABLET,ANSWER: TABLET,TABLET,tablet,tablet,True,True,False,CORRECT,TABLET,WRONG_ENTITY,answer_only_exact_match,False,,16437,6,1.1788066485896707
FDA_0013_32K,FDA_0013,FDA,RETRIEVAL_CALCULATION,32K,True,5,ANSWER: 5,5,5,5,True,True,False,CORRECT,,,answer_only_exact_match,False,,32591,6,2.77858295943588
CT_0024_16K,CT_0024,CLINICAL_TRIALS,UNANSWERABLE,16K,False,,ANSWER: 2023-10-24,2023-10-24,INSUFFICIENT_EVIDENCE,2023-10-24,False,False,True,FAILED_TO_ABSTAIN,2023-10-24,WRONG_FIELD,unanswerable_instance_factual_answer,False,,16393,11,1.2556198025122285
SEC_0007_4K,SEC_0007,SEC,ENTITY_UNIT_BINDING,4K,True,"14,527,000,000",ANSWER: 14527000000.0,14527000000.0,14527000000.0,14527000000.0,True,True,False,CORRECT,14527000000.0,,answer_only_exact_match,False,,4213,11,0.33731524273753166
SEC_0002_32K,SEC_0002,SEC,DIRECT_RETRIEVAL,32K,True,"63,937,000,000",ANSWER: 63937000000.0,63937000000.0,63937000000.0,63937000000.0,True,True,False,CORRECT,63937000000.0,,answer_only_exact_match,False,,32754,11,2.9113802891224623
SEC_0005_8K,SEC_0005,SEC,DIRECT_RETRIEVAL,8K,True,"15,119,000,000",ANSWER: 15119000000.0,15119000000.0,15119000000.0,15119000000.0,True,True,False,CORRECT,15119000000.0,,answer_only_exact_match,False,,8378,11,0.6357186548411846
SEC_0025_4K,SEC_0025,SEC,UNANSWERABLE,4K,False,,ANSWER: INSUFFICIENT_EVIDENCE,INSUFFICIENT_EVIDENCE,INSUFFICIENT_EVIDENCE,INSUFFICIENT_EVIDENCE,True,True,False,CORRECT,,,answer_only_exact_match,False,,4294,10,0.3277264218777418
FRED_0004_32K,FRED_0004,FRED,DIRECT_RETRIEVAL,32K,True,"20,985.448",ANSWER: 20985.448,20985.448,20985.448,20985.448,True,True,False,CORRECT,20985.448,WRONG_VERSION,answer_only_exact_match,False,,32624,9,2.84696495346725
FRED_0005_32K,FRED_0005,FRED,DIRECT_RETRIEVAL,32K,True,3.600,ANSWER: 3.6,3.6,3.6,3.6,True,True,False,CORRECT,3.6,NEAR_MATCH_VALUE,answer_only_exact_match,False,,32580,8,2.8214654168114066
FDA_0024_4K,FDA_0024,FDA,UNANSWERABLE,4K,False,,ANSWER: ORAL,ORAL,INSUFFICIENT_EVIDENCE,oral,False,False,True,FAILED_TO_ABSTAIN,ORAL,OTHER_SAME_DOMAIN,unanswerable_instance_factual_answer,False,,4282,6,0.2889517666772008
SEC_0020_16K,SEC_0020,SEC,TEMPORAL_VERSION,16K,True,"3,706,200,000",ANSWER: 3666500000.0,3666500000.0,3706200000.0,3666500000.0,False,True,False,WRONG_PERIOD,3666500000.0,WRONG_PERIOD,answer_matches_context_distractor_value,False,,16489,11,1.2621336551383138
FDA_0025_8K,FDA_0025,FDA,UNANSWERABLE,8K,False,,ANSWER: ORAL,ORAL,INSUFFICIENT_EVIDENCE,oral,False,False,True,FAILED_TO_ABSTAIN,ORAL,OTHER_SAME_DOMAIN,unanswerable_instance_factual_answer,False,,8335,6,0.5719648050144315
CT_0025_64K,CT_0025,CLINICAL_TRIALS,UNANSWERABLE,64K,False,,ANSWER: 18,18,INSUFFICIENT_EVIDENCE,18,False,False,True,FAILED_TO_ABSTAIN,,,unanswerable_instance_factual_answer,False,,65110,6,7.739802625961602
FDA_0008_16K,FDA_0008,FDA,ENTITY_UNIT_BINDING,16K,True,100MG,ANSWER: 100MG,100MG,100mg,100mg,True,True,False,CORRECT,100MG,WRONG_ENTITY,answer_only_exact_match,False,,16411,7,1.193547130562365
CT_0001_8K,CT_0001,CLINICAL_TRIALS,DIRECT_RETRIEVAL,8K,True,24,ANSWER: 24,24,24,24,True,True,False,CORRECT,24.0,,answer_only_exact_match,False,,8347,6,0.5716789895668626
FDA_0005_16K,FDA_0005,FDA,DIRECT_RETRIEVAL,16K,True,CAPSULE,ANSWER: CAPSULE,CAPSULE,capsule,capsule,True,True,False,CORRECT,CAPSULE,WRONG_ENTITY,answer_only_exact_match,False,,16457,7,1.197065208107233
CT_0021_8K,CT_0021,CLINICAL_TRIALS,UNANSWERABLE,8K,False,,ANSWER: 2015-01-15,2015-01-15,INSUFFICIENT_EVIDENCE,2015-01-15,False,False,True,FAILED_TO_ABSTAIN,2015-01-15,WRONG_FIELD,unanswerable_instance_factual_answer,False,,8327,11,0.633273346349597
FRED_0001_16K,FRED_0001,FRED,DIRECT_RETRIEVAL,16K,True,"150,895",ANSWER: 150840.0,150840.0,150895.0,150840.0,False,True,False,WRONG_VERSION,150840.0,WRONG_VERSION,answer_matches_context_distractor_value,False,,16380,9,1.1860013268887997
FRED_0011_4K,FRED_0011,FRED,RETRIEVAL_CALCULATION,4K,True,-0.42%,ANSWER: 0.03,0.03,-0.42,0.03,False,True,True,UNSUPPORTED_VALUE,,,answer_not_matched_to_context_value,False,,4330,8,0.3081840369850397
SEC_0011_32K,SEC_0011,SEC,RETRIEVAL_CALCULATION,32K,True,5.30%,ANSWER: 0.00,0.00,5.3,0.0,False,True,True,UNSUPPORTED_VALUE,,,answer_not_matched_to_context_value,False,,32801,8,2.872086226940155
FRED_0012_8K,FRED_0012,FRED,RETRIEVAL_CALCULATION,8K,True,0.00%,ANSWER: 0.05,0.05,0.0,0.05,False,True,True,UNSUPPORTED_VALUE,,,answer_not_matched_to_context_value,False,,8330,8,0.5845139771699905
FRED_0005_8K,FRED_0005,FRED,DIRECT_RETRIEVAL,8K,True,3.600,ANSWER: 3.6,3.6,3.6,3.6,True,True,False,CORRECT,3.6,NEAR_MATCH_VALUE,answer_only_exact_match,False,,8304,8,0.5932389674708247
FRED_0018_32K,FRED_0018,FRED,TEMPORAL_VERSION,32K,True,256.192,ANSWER: 256.192,256.192,256.192,256.192,True,True,False,CORRECT,256.192,WRONG_VERSION,answer_only_exact_match,False,,32612,8,2.821795405820012
FDA_0007_8K,FDA_0007,FDA,ENTITY_UNIT_BINDING,8K,True,0.3MG,ANSWER: 0.3MG,0.3MG,0.3mg,0.3mg,True,True,False,CORRECT,0.3MG,,answer_only_exact_match,False,,8271,9,0.6071644127368927
CT_0005_16K,CT_0005,CLINICAL_TRIALS,DIRECT_RETRIEVAL,16K,True,388,ANSWER: 388,388,388,388,True,True,False,CORRECT,388.0,,answer_only_exact_match,False,,16469,6,1.1800119373947382
SEC_0006_64K,SEC_0006,SEC,ENTITY_UNIT_BINDING,64K,True,"-492,000,000",ANSWER: -492000000.0,-492000000.0,-492000000.0,-492000000.0,True,True,False,CORRECT,-492000000.0,WRONG_PERIOD,answer_only_exact_match,False,,65276,10,7.89360427018255
FDA_0003_32K,FDA_0003,FDA,DIRECT_RETRIEVAL,32K,True,TABLET,ANSWER: TABLET,TABLET,tablet,tablet,True,True,False,CORRECT,TABLET,WRONG_ENTITY,answer_only_exact_match,False,,32654,6,2.7890103328973055
SEC_0010_64K,SEC_0010,SEC,RETRIEVAL_CALCULATION,64K,True,27.84%,ANSWER: 12.30,12.30,27.84,12.3,False,True,True,UNSUPPORTED_VALUE,,,answer_not_matched_to_context_value,False,,65315,8,7.845473310910165
FDA_0015_8K,FDA_0015,FDA,RETRIEVAL_CALCULATION,8K,True,2.0000,ANSWER: 0.3200,0.3200,2.0,0.32,False,True,True,UNSUPPORTED_VALUE,,,answer_not_matched_to_context_value,False,,8293,9,0.6078269071877003
CT_0012_8K,CT_0012,CLINICAL_TRIALS,RETRIEVAL_CALCULATION,8K,True,"49,951",ANSWER: 52051,52051,49951,52051,False,True,True,UNSUPPORTED_VALUE,,,answer_not_matched_to_context_value,False,,8314,7,0.5829143030568957
FDA_0018_32K,FDA_0018,FDA,TEMPORAL_VERSION,32K,True,2018-08-24,ANSWER: 2018-08-24,2018-08-24,2018-08-24,2018-08-24,True,True,False,CORRECT,2018-08-24,,answer_only_exact_match,False,,32650,11,2.9075966896489263
CT_0001_4K,CT_0001,CLINICAL_TRIALS,DIRECT_RETRIEVAL,4K,True,24,ANSWER: 24,24,24,24,True,True,False,CORRECT,24.0,,answer_only_exact_match,False,,4293,6,0.29058110527694225
CT_0010_32K,CT_0010,CLINICAL_TRIALS,RETRIEVAL_CALCULATION,32K,True,80,ANSWER: -1137,-1137,80,-1137,False,True,True,UNSUPPORTED_VALUE,,,answer_not_matched_to_context_value,False,,32620,7,2.7957859095185995
FDA_0019_4K,FDA_0019,FDA,TEMPORAL_VERSION,4K,True,1996-01-29,ANSWER: 1996-01-29,1996-01-29,1996-01-29,1996-01-29,True,True,False,CORRECT,1996-01-29,,answer_only_exact_match,False,,4221,11,0.345687466673553
FRED_0011_64K,FRED_0011,FRED,RETRIEVAL_CALCULATION,64K,True,-0.42%,ANSWER: 0.03,0.03,-0.42,0.03,False,True,True,UNSUPPORTED_VALUE,,,answer_not_matched_to_context_value,False,,65023,8,7.792549816891551
FRED_0009_64K,FRED_0009,FRED,ENTITY_UNIT_BINDING,64K,True,"21,967.045",ANSWER: 21919.222,21919.222,21967.045,21919.222,False,True,False,WRONG_VERSION,21919.222,WRONG_VERSION,answer_matches_context_distractor_value,False,,64975,9,7.829255591146648
CT_0006_16K,CT_0006,CLINICAL_TRIALS,ENTITY_UNIT_BINDING,16K,True,ACTIVE_COMPARATOR,ANSWER: ACTIVE_COMPARATOR,ACTIVE_COMPARATOR,active_comparator,active_comparator,True,True,False,CORRECT,ACTIVE_COMPARATOR,WRONG_ENTITY,answer_only_exact_match,False,,16497,8,1.213025627657771
FDA_0024_32K,FDA_0024,FDA,UNANSWERABLE,32K,False,,ANSWER: ORAL,ORAL,INSUFFICIENT_EVIDENCE,oral,False,False,True,FAILED_TO_ABSTAIN,ORAL,OTHER_SAME_DOMAIN,unanswerable_instance_factual_answer,False,,32597,6,2.7764061400666833
CT_0001_16K,CT_0001,CLINICAL_TRIALS,DIRECT_RETRIEVAL,16K,True,24,ANSWER: 24,24,24,24,True,True,False,CORRECT,24.0,WRONG_ENTITY,answer_only_exact_match,False,,16465,6,1.1800647266209126
FDA_0012_8K,FDA_0012,FDA,RETRIEVAL_CALCULATION,8K,True,3,ANSWER: 5,5,3,5,False,True,True,UNSUPPORTED_VALUE,,,answer_not_matched_to_context_value,False,,8319,6,0.5699560912325978
CT_0005_64K,CT_0005,CLINICAL_TRIALS,DIRECT_RETRIEVAL,64K,True,388,ANSWER: 388,388,388,388,True,True,False,CORRECT,388.0,,answer_only_exact_match,False,,65173,6,7.750412805005908
SEC_0022_4K,SEC_0022,SEC,UNANSWERABLE,4K,False,,ANSWER: INSUFFICIENT_EVIDENCE,INSUFFICIENT_EVIDENCE,INSUFFICIENT_EVIDENCE,INSUFFICIENT_EVIDENCE,True,True,False,CORRECT,,,answer_only_exact_match,False,,4237,10,0.3364426326006651
FDA_0009_4K,FDA_0009,FDA,ENTITY_UNIT_BINDING,4K,True,"0.088MG **See current Annual Edition, 1.8 Description of Special Situations, Levothyroxine Sodium",ANSWER: 0.088MG,0.088MG,"0.088mg**seecurrentannualedition,1.8descriptionofspecialsituations,levothyroxinesodium",0.088mg,False,True,True,UNSUPPORTED_VALUE,,,answer_not_matched_to_context_value,False,,4229,9,0.32614209968596697
