instance_id,question_family_id,domain,question_type,context_length_label,status,input_tokens,generated_tokens_count,generation_latency_seconds,peak_allocated_vram_bytes,peak_reserved_vram_bytes,usable_answer_output,hit_max_new_tokens_128,degenerate_output,malformed_output_pattern
CT_0001_16K,CT_0001,CLINICAL_TRIALS,DIRECT_RETRIEVAL,16K,SUCCESS,16473,6,1.1783932037651539,9547924992,23746052096,True,False,False,usable_answer_line
CT_0001_32K,CT_0001,CLINICAL_TRIALS,DIRECT_RETRIEVAL,32K,SUCCESS,32720,6,2.7890301076695323,12618695168,23746052096,True,False,False,usable_answer_line
CT_0001_4K,CT_0001,CLINICAL_TRIALS,DIRECT_RETRIEVAL,4K,SUCCESS,4291,6,0.2967058178037405,7247073280,23746052096,True,False,False,usable_answer_line
CT_0001_64K,CT_0001,CLINICAL_TRIALS,DIRECT_RETRIEVAL,64K,SUCCESS,65191,6,7.755008350126445,18753038848,23746052096,True,False,False,usable_answer_line
CT_0001_82K,CT_0001,CLINICAL_TRIALS,DIRECT_RETRIEVAL,82K,SUCCESS,81788,6,11.145069807767868,21889272320,23746052096,True,False,False,usable_answer_line
CT_0001_8K,CT_0001,CLINICAL_TRIALS,DIRECT_RETRIEVAL,8K,SUCCESS,8354,6,0.5744224330410361,8013118976,23746052096,True,False,False,usable_answer_line
CT_0002_16K,CT_0002,CLINICAL_TRIALS,DIRECT_RETRIEVAL,16K,SUCCESS,16398,6,1.177573461085558,9533113856,23746052096,True,False,False,usable_answer_line
CT_0002_32K,CT_0002,CLINICAL_TRIALS,DIRECT_RETRIEVAL,32K,SUCCESS,32671,6,2.789107928983867,12608059904,23746052096,True,False,False,usable_answer_line
CT_0002_4K,CT_0002,CLINICAL_TRIALS,DIRECT_RETRIEVAL,4K,SUCCESS,4250,6,0.28623845521360636,7240117760,23746052096,True,False,False,usable_answer_line
CT_0002_64K,CT_0002,CLINICAL_TRIALS,DIRECT_RETRIEVAL,64K,SUCCESS,65112,6,7.73888096306473,18738110976,23746052096,True,False,False,usable_answer_line
CT_0002_82K,CT_0002,CLINICAL_TRIALS,DIRECT_RETRIEVAL,82K,SUCCESS,81735,6,11.180274154990911,21880128000,23746052096,True,False,False,usable_answer_line
CT_0002_8K,CT_0002,CLINICAL_TRIALS,DIRECT_RETRIEVAL,8K,SUCCESS,8341,6,0.5703988028690219,8010663424,23746052096,True,False,False,usable_answer_line
CT_0003_16K,CT_0003,CLINICAL_TRIALS,DIRECT_RETRIEVAL,16K,SUCCESS,16405,6,1.1749632135033607,9534436864,23746052096,True,False,False,usable_answer_line
CT_0003_32K,CT_0003,CLINICAL_TRIALS,DIRECT_RETRIEVAL,32K,SUCCESS,32688,6,2.7810612358152866,12612254208,23746052096,True,False,False,usable_answer_line
CT_0003_4K,CT_0003,CLINICAL_TRIALS,DIRECT_RETRIEVAL,4K,SUCCESS,4289,6,0.28574507869780064,7246699520,23746052096,True,False,False,usable_answer_line
CT_0003_64K,CT_0003,CLINICAL_TRIALS,DIRECT_RETRIEVAL,64K,SUCCESS,65169,6,7.753598188050091,18748882432,23746052096,True,False,False,usable_answer_line
CT_0003_82K,CT_0003,CLINICAL_TRIALS,DIRECT_RETRIEVAL,82K,SUCCESS,81727,6,11.162120540626347,21877680640,23746052096,True,False,False,usable_answer_line
CT_0003_8K,CT_0003,CLINICAL_TRIALS,DIRECT_RETRIEVAL,8K,SUCCESS,8306,6,0.568892297334969,8004048384,23746052096,True,False,False,usable_answer_line
CT_0004_16K,CT_0004,CLINICAL_TRIALS,DIRECT_RETRIEVAL,16K,SUCCESS,16429,6,1.1766836866736412,9538971136,23746052096,True,False,False,usable_answer_line
CT_0004_32K,CT_0004,CLINICAL_TRIALS,DIRECT_RETRIEVAL,32K,SUCCESS,32692,6,2.7840964822098613,12613976576,23746052096,True,False,False,usable_answer_line
CT_0004_4K,CT_0004,CLINICAL_TRIALS,DIRECT_RETRIEVAL,4K,SUCCESS,4253,6,0.2825364703312516,7240487936,23725080576,True,False,False,usable_answer_line
CT_0004_64K,CT_0004,CLINICAL_TRIALS,DIRECT_RETRIEVAL,64K,SUCCESS,65153,6,7.757528156973422,18745859584,23746052096,True,False,False,usable_answer_line
CT_0004_82K,CT_0004,CLINICAL_TRIALS,DIRECT_RETRIEVAL,82K,SUCCESS,81702,6,11.153565048240125,21872956928,23746052096,True,False,False,usable_answer_line
CT_0004_8K,CT_0004,CLINICAL_TRIALS,DIRECT_RETRIEVAL,8K,SUCCESS,8302,6,0.5693265357986093,8003292672,23746052096,True,False,False,usable_answer_line
CT_0005_16K,CT_0005,CLINICAL_TRIALS,DIRECT_RETRIEVAL,16K,SUCCESS,16468,6,1.1767519395798445,9547061760,23746052096,True,False,False,usable_answer_line
CT_0005_32K,CT_0005,CLINICAL_TRIALS,DIRECT_RETRIEVAL,32K,SUCCESS,32694,6,2.785310317762196,12614247936,23746052096,True,False,False,usable_answer_line
CT_0005_4K,CT_0005,CLINICAL_TRIALS,DIRECT_RETRIEVAL,4K,SUCCESS,4223,6,0.2899538669735193,7234361344,23746052096,True,False,False,usable_answer_line
CT_0005_64K,CT_0005,CLINICAL_TRIALS,DIRECT_RETRIEVAL,64K,SUCCESS,65161,6,7.750845870934427,18747371008,23725080576,True,False,False,usable_answer_line
CT_0005_82K,CT_0005,CLINICAL_TRIALS,DIRECT_RETRIEVAL,82K,SUCCESS,81743,6,11.157104247249663,21881508352,23746052096,True,False,False,usable_answer_line
CT_0005_8K,CT_0005,CLINICAL_TRIALS,DIRECT_RETRIEVAL,8K,SUCCESS,8353,6,0.5722098825499415,8012930560,23746052096,True,False,False,usable_answer_line
CT_0006_16K,CT_0006,CLINICAL_TRIALS,ENTITY_UNIT_BINDING,16K,SUCCESS,16473,8,1.212368425913155,9547924992,23746052096,True,False,False,usable_answer_line
CT_0006_32K,CT_0006,CLINICAL_TRIALS,ENTITY_UNIT_BINDING,32K,SUCCESS,32689,9,2.852265010587871,12612431360,23746052096,True,False,False,usable_answer_line
CT_0006_4K,CT_0006,CLINICAL_TRIALS,ENTITY_UNIT_BINDING,4K,SUCCESS,4301,8,0.3059732122346759,7249771520,23746052096,True,False,False,usable_answer_line
CT_0006_64K,CT_0006,CLINICAL_TRIALS,ENTITY_UNIT_BINDING,64K,SUCCESS,65211,5,7.729405065998435,18756817408,23746052096,True,False,False,usable_answer_line
CT_0006_82K,CT_0006,CLINICAL_TRIALS,ENTITY_UNIT_BINDING,82K,SUCCESS,81780,8,11.261992036364973,21887891968,23746052096,True,False,False,usable_answer_line
CT_0006_8K,CT_0006,CLINICAL_TRIALS,ENTITY_UNIT_BINDING,8K,SUCCESS,8319,8,0.5925183882936835,8006504960,23746052096,True,False,False,usable_answer_line
CT_0007_16K,CT_0007,CLINICAL_TRIALS,ENTITY_UNIT_BINDING,16K,SUCCESS,16509,9,1.2292590355500579,9554136576,23746052096,True,False,False,usable_answer_line
CT_0007_32K,CT_0007,CLINICAL_TRIALS,ENTITY_UNIT_BINDING,32K,SUCCESS,32750,9,2.862273570150137,12624240128,23746052096,True,False,False,usable_answer_line
CT_0007_4K,CT_0007,CLINICAL_TRIALS,ENTITY_UNIT_BINDING,4K,SUCCESS,4268,9,0.3278916394338012,7242772992,23746052096,True,False,False,usable_answer_line
CT_0007_64K,CT_0007,CLINICAL_TRIALS,ENTITY_UNIT_BINDING,64K,SUCCESS,65227,9,7.879177852533758,18760710656,23746052096,True,False,False,usable_answer_line
CT_0007_82K,CT_0007,CLINICAL_TRIALS,ENTITY_UNIT_BINDING,82K,SUCCESS,81770,9,11.287939109839499,21886166528,23746052096,True,False,False,usable_answer_line
CT_0007_8K,CT_0007,CLINICAL_TRIALS,ENTITY_UNIT_BINDING,8K,SUCCESS,8358,9,0.6029842542484403,8013874688,23746052096,True,False,False,usable_answer_line
CT_0008_16K,CT_0008,CLINICAL_TRIALS,ENTITY_UNIT_BINDING,16K,SUCCESS,16476,7,1.1989288767799735,9548442112,23746052096,True,False,False,usable_answer_line
CT_0008_32K,CT_0008,CLINICAL_TRIALS,ENTITY_UNIT_BINDING,32K,SUCCESS,32730,7,2.8151859967038035,12620297728,23746052096,True,False,False,usable_answer_line
CT_0008_4K,CT_0008,CLINICAL_TRIALS,ENTITY_UNIT_BINDING,4K,SUCCESS,4261,7,0.3017147025093436,7241475072,23746052096,True,False,False,usable_answer_line
CT_0008_64K,CT_0008,CLINICAL_TRIALS,ENTITY_UNIT_BINDING,64K,SUCCESS,65220,8,7.843869793228805,18759502336,23746052096,True,False,False,usable_answer_line
CT_0008_82K,CT_0008,CLINICAL_TRIALS,ENTITY_UNIT_BINDING,82K,SUCCESS,81697,7,11.192707255482674,21872012800,23746052096,True,False,False,usable_answer_line
CT_0008_8K,CT_0008,CLINICAL_TRIALS,ENTITY_UNIT_BINDING,8K,SUCCESS,8350,7,0.5828017117455602,8012363264,23746052096,True,False,False,usable_answer_line
CT_0009_16K,CT_0009,CLINICAL_TRIALS,ENTITY_UNIT_BINDING,16K,SUCCESS,16486,8,1.2127514546737075,9550167552,23746052096,True,False,False,usable_answer_line
CT_0009_32K,CT_0009,CLINICAL_TRIALS,ENTITY_UNIT_BINDING,32K,SUCCESS,32705,7,2.815900974906981,12616775168,23746052096,True,False,False,usable_answer_line
CT_0009_4K,CT_0009,CLINICAL_TRIALS,ENTITY_UNIT_BINDING,4K,SUCCESS,4335,8,0.31575821060687304,7255296000,23746052096,True,False,False,usable_answer_line
CT_0009_64K,CT_0009,CLINICAL_TRIALS,ENTITY_UNIT_BINDING,64K,SUCCESS,65205,7,7.792559457011521,18755683840,23746052096,True,False,False,usable_answer_line
CT_0009_82K,CT_0009,CLINICAL_TRIALS,ENTITY_UNIT_BINDING,82K,SUCCESS,81766,7,11.210960263386369,21885476352,23746052096,True,False,False,usable_answer_line
CT_0009_8K,CT_0009,CLINICAL_TRIALS,ENTITY_UNIT_BINDING,8K,SUCCESS,8394,8,0.5958841042593122,8020678144,23746052096,True,False,False,usable_answer_line
CT_0010_16K,CT_0010,CLINICAL_TRIALS,RETRIEVAL_CALCULATION,16K,SUCCESS,16445,6,1.1763728400692344,9541993984,23746052096,True,False,False,usable_answer_line
CT_0010_32K,CT_0010,CLINICAL_TRIALS,RETRIEVAL_CALCULATION,32K,SUCCESS,32614,6,2.7863564379513264,12598140416,23746052096,True,False,False,usable_answer_line
CT_0010_4K,CT_0010,CLINICAL_TRIALS,RETRIEVAL_CALCULATION,4K,SUCCESS,4273,6,0.29224810004234314,7243707392,23746052096,True,False,False,usable_answer_line
CT_0010_64K,CT_0010,CLINICAL_TRIALS,RETRIEVAL_CALCULATION,64K,SUCCESS,65135,6,7.747950350865722,18742456832,23746052096,True,False,False,usable_answer_line
CT_0010_82K,CT_0010,CLINICAL_TRIALS,RETRIEVAL_CALCULATION,82K,SUCCESS,81743,6,11.156260871328413,21881508352,23746052096,True,False,False,usable_answer_line
CT_0010_8K,CT_0010,CLINICAL_TRIALS,RETRIEVAL_CALCULATION,8K,SUCCESS,8273,6,0.5696955416351557,7997920768,23746052096,True,False,False,usable_answer_line
CT_0011_16K,CT_0011,CLINICAL_TRIALS,RETRIEVAL_CALCULATION,16K,SUCCESS,16413,7,1.189325401559472,9535948288,23746052096,True,False,False,usable_answer_line
CT_0011_32K,CT_0011,CLINICAL_TRIALS,RETRIEVAL_CALCULATION,32K,SUCCESS,32689,7,2.807882346212864,12612431360,23746052096,True,False,False,usable_answer_line
CT_0011_4K,CT_0011,CLINICAL_TRIALS,RETRIEVAL_CALCULATION,4K,SUCCESS,4247,7,0.29699292592704296,7239747584,23746052096,True,False,False,usable_answer_line
CT_0011_64K,CT_0011,CLINICAL_TRIALS,RETRIEVAL_CALCULATION,64K,SUCCESS,65156,7,7.792726655490696,18746425856,23746052096,True,False,False,usable_answer_line
CT_0011_82K,CT_0011,CLINICAL_TRIALS,RETRIEVAL_CALCULATION,82K,SUCCESS,81734,7,11.205028827302158,21879954944,23746052096,True,False,False,usable_answer_line
CT_0011_8K,CT_0011,CLINICAL_TRIALS,RETRIEVAL_CALCULATION,8K,SUCCESS,8339,7,0.5847464920952916,8010285568,23746052096,True,False,False,usable_answer_line
CT_0012_16K,CT_0012,CLINICAL_TRIALS,RETRIEVAL_CALCULATION,16K,SUCCESS,16450,6,1.1828483426943421,9543955968,23746052096,True,False,False,usable_answer_line
CT_0012_32K,CT_0012,CLINICAL_TRIALS,RETRIEVAL_CALCULATION,32K,SUCCESS,32688,7,2.8071498833596706,12612254208,23746052096,True,False,False,usable_answer_line
CT_0012_4K,CT_0012,CLINICAL_TRIALS,RETRIEVAL_CALCULATION,4K,SUCCESS,4280,7,0.30639450438320637,7245015552,23746052096,True,False,False,usable_answer_line
CT_0012_64K,CT_0012,CLINICAL_TRIALS,RETRIEVAL_CALCULATION,64K,SUCCESS,65157,6,7.752006378956139,18746615296,23746052096,True,False,False,usable_answer_line
CT_0012_82K,CT_0012,CLINICAL_TRIALS,RETRIEVAL_CALCULATION,82K,SUCCESS,81719,7,11.20964709110558,21876169216,23746052096,True,False,False,usable_answer_line
CT_0012_8K,CT_0012,CLINICAL_TRIALS,RETRIEVAL_CALCULATION,8K,SUCCESS,8318,7,0.5741303684189916,8006315520,23746052096,True,False,False,usable_answer_line
CT_0013_16K,CT_0013,CLINICAL_TRIALS,RETRIEVAL_CALCULATION,16K,SUCCESS,16514,6,1.1884396066889167,9555033600,23746052096,True,False,False,usable_answer_line
CT_0013_32K,CT_0013,CLINICAL_TRIALS,RETRIEVAL_CALCULATION,32K,SUCCESS,32741,6,2.7861930672079325,12622061056,23746052096,True,False,False,usable_answer_line
CT_0013_4K,CT_0013,CLINICAL_TRIALS,RETRIEVAL_CALCULATION,4K,SUCCESS,4329,6,0.2866729907691479,7254174720,20484980736,True,False,False,usable_answer_line
CT_0013_64K,CT_0013,CLINICAL_TRIALS,RETRIEVAL_CALCULATION,64K,SUCCESS,65228,6,7.766924289986491,18760882688,23746052096,True,False,False,usable_answer_line
CT_0013_82K,CT_0013,CLINICAL_TRIALS,RETRIEVAL_CALCULATION,82K,SUCCESS,81732,6,11.155539635568857,21879609856,23746052096,True,False,False,usable_answer_line
CT_0013_8K,CT_0013,CLINICAL_TRIALS,RETRIEVAL_CALCULATION,8K,SUCCESS,8390,6,0.5702016483992338,8019922432,23746052096,True,False,False,usable_answer_line
CT_0014_16K,CT_0014,CLINICAL_TRIALS,RETRIEVAL_CALCULATION,16K,SUCCESS,16451,6,1.1764794513583183,9544129024,23746052096,True,False,False,usable_answer_line
CT_0014_32K,CT_0014,CLINICAL_TRIALS,RETRIEVAL_CALCULATION,32K,SUCCESS,32722,6,2.792011074721813,12619015680,23746052096,True,False,False,usable_answer_line
CT_0014_4K,CT_0014,CLINICAL_TRIALS,RETRIEVAL_CALCULATION,4K,SUCCESS,4263,6,0.2891592485830188,7241838592,23746052096,True,False,False,usable_answer_line
CT_0014_64K,CT_0014,CLINICAL_TRIALS,RETRIEVAL_CALCULATION,64K,SUCCESS,65158,6,7.761819212697446,18746803712,23746052096,True,False,False,usable_answer_line
CT_0014_82K,CT_0014,CLINICAL_TRIALS,RETRIEVAL_CALCULATION,82K,SUCCESS,81705,6,11.153828896582127,21873524224,23746052096,True,False,False,usable_answer_line
CT_0014_8K,CT_0014,CLINICAL_TRIALS,RETRIEVAL_CALCULATION,8K,SUCCESS,8367,6,0.5734972031787038,8015575552,23746052096,True,False,False,usable_answer_line
CT_0015_16K,CT_0015,CLINICAL_TRIALS,RETRIEVAL_CALCULATION,16K,SUCCESS,16486,6,1.1832014005631208,9550167552,23746052096,True,False,False,usable_answer_line
CT_0015_32K,CT_0015,CLINICAL_TRIALS,RETRIEVAL_CALCULATION,32K,SUCCESS,32715,6,2.789597966708243,12617968128,23746052096,True,False,False,usable_answer_line
CT_0015_4K,CT_0015,CLINICAL_TRIALS,RETRIEVAL_CALCULATION,4K,SUCCESS,4251,6,0.28586736880242825,7240241152,23746052096,True,False,False,usable_answer_line
CT_0015_64K,CT_0015,CLINICAL_TRIALS,RETRIEVAL_CALCULATION,64K,SUCCESS,65150,6,7.742377424612641,18745290240,23746052096,True,False,False,usable_answer_line
CT_0015_82K,CT_0015,CLINICAL_TRIALS,RETRIEVAL_CALCULATION,82K,SUCCESS,81776,6,11.167232247069478,21887201792,23746052096,True,False,False,usable_answer_line
CT_0015_8K,CT_0015,CLINICAL_TRIALS,RETRIEVAL_CALCULATION,8K,SUCCESS,8367,6,0.5723592387512326,8015575552,23746052096,True,False,False,usable_answer_line
CT_0016_16K,CT_0016,CLINICAL_TRIALS,RETRIEVAL_CALCULATION,16K,SUCCESS,16418,6,1.1794768618419766,9536892416,23746052096,True,False,False,usable_answer_line
CT_0016_32K,CT_0016,CLINICAL_TRIALS,RETRIEVAL_CALCULATION,32K,SUCCESS,32670,6,2.784744125790894,12607870464,23746052096,True,False,False,usable_answer_line
CT_0016_4K,CT_0016,CLINICAL_TRIALS,RETRIEVAL_CALCULATION,4K,SUCCESS,4269,6,0.29432256147265434,7242959872,23746052096,True,False,False,usable_answer_line
CT_0016_64K,CT_0016,CLINICAL_TRIALS,RETRIEVAL_CALCULATION,64K,SUCCESS,65109,6,7.742780541069806,18737544704,23746052096,True,False,False,usable_answer_line
CT_0016_82K,CT_0016,CLINICAL_TRIALS,RETRIEVAL_CALCULATION,82K,SUCCESS,81763,6,11.166912524029613,21884959232,23746052096,True,False,False,usable_answer_line
CT_0016_8K,CT_0016,CLINICAL_TRIALS,RETRIEVAL_CALCULATION,8K,SUCCESS,8332,7,0.5810962682589889,8008962560,23746052096,True,False,False,usable_answer_line
CT_0017_16K,CT_0017,CLINICAL_TRIALS,ENTITY_UNIT_BINDING,16K,SUCCESS,16458,11,1.2616969514638186,9545336320,23746052096,True,False,False,usable_answer_line
CT_0017_32K,CT_0017,CLINICAL_TRIALS,ENTITY_UNIT_BINDING,32K,SUCCESS,32644,11,2.897360065020621,12602958336,23746052096,True,False,False,usable_answer_line
CT_0017_4K,CT_0017,CLINICAL_TRIALS,ENTITY_UNIT_BINDING,4K,SUCCESS,4226,11,0.34116513282060623,7234924032,23746052096,True,False,False,usable_answer_line
CT_0017_64K,CT_0017,CLINICAL_TRIALS,ENTITY_UNIT_BINDING,64K,SUCCESS,65126,11,7.925099419429898,18740755968,23746052096,True,False,False,usable_answer_line
CT_0017_82K,CT_0017,CLINICAL_TRIALS,ENTITY_UNIT_BINDING,82K,SUCCESS,81753,11,11.373063984327018,21883233792,23746052096,True,False,False,usable_answer_line
CT_0017_8K,CT_0017,CLINICAL_TRIALS,ENTITY_UNIT_BINDING,8K,SUCCESS,8302,11,0.6248935451731086,8003292672,23746052096,True,False,False,usable_answer_line
CT_0018_16K,CT_0018,CLINICAL_TRIALS,ENTITY_UNIT_BINDING,16K,SUCCESS,16457,11,1.2568187601864338,9545164288,23746052096,True,False,False,usable_answer_line
CT_0018_32K,CT_0018,CLINICAL_TRIALS,ENTITY_UNIT_BINDING,32K,SUCCESS,32707,11,2.9031694503501058,12617013760,23746052096,True,False,False,usable_answer_line
CT_0018_4K,CT_0018,CLINICAL_TRIALS,ENTITY_UNIT_BINDING,4K,SUCCESS,4310,11,0.34989398159086704,7251029504,23746052096,True,False,False,usable_answer_line
CT_0018_64K,CT_0018,CLINICAL_TRIALS,ENTITY_UNIT_BINDING,64K,SUCCESS,65201,11,7.937128076329827,18754928128,23746052096,True,False,False,usable_answer_line
CT_0018_82K,CT_0018,CLINICAL_TRIALS,ENTITY_UNIT_BINDING,82K,SUCCESS,81719,11,11.362903544679284,21876169216,23746052096,True,False,False,usable_answer_line
CT_0018_8K,CT_0018,CLINICAL_TRIALS,ENTITY_UNIT_BINDING,8K,SUCCESS,8344,11,0.6351893246173859,8011229696,23746052096,True,False,False,usable_answer_line
CT_0019_16K,CT_0019,CLINICAL_TRIALS,ENTITY_UNIT_BINDING,16K,SUCCESS,16475,11,1.2642290629446507,9548270080,23746052096,True,False,False,usable_answer_line
CT_0019_32K,CT_0019,CLINICAL_TRIALS,ENTITY_UNIT_BINDING,32K,SUCCESS,32704,11,2.89961407892406,12616653312,23746052096,True,False,False,usable_answer_line
CT_0019_4K,CT_0019,CLINICAL_TRIALS,ENTITY_UNIT_BINDING,4K,SUCCESS,4260,11,0.3526531932875514,7241351680,23746052096,True,False,False,usable_answer_line
CT_0019_64K,CT_0019,CLINICAL_TRIALS,ENTITY_UNIT_BINDING,64K,SUCCESS,65174,11,7.936788555234671,18749826560,23746052096,True,False,False,usable_answer_line
CT_0019_82K,CT_0019,CLINICAL_TRIALS,ENTITY_UNIT_BINDING,82K,SUCCESS,81781,11,11.389916839078069,21888065024,23746052096,True,False,False,usable_answer_line
CT_0019_8K,CT_0019,CLINICAL_TRIALS,ENTITY_UNIT_BINDING,8K,SUCCESS,8367,11,0.6300571486353874,8015575552,23746052096,True,False,False,usable_answer_line
CT_0020_16K,CT_0020,CLINICAL_TRIALS,ENTITY_UNIT_BINDING,16K,SUCCESS,16428,11,1.250104632228613,9538781696,23746052096,True,False,False,usable_answer_line
CT_0020_32K,CT_0020,CLINICAL_TRIALS,ENTITY_UNIT_BINDING,32K,SUCCESS,32717,11,2.9042794099077582,12618214912,23746052096,True,False,False,usable_answer_line
CT_0020_4K,CT_0020,CLINICAL_TRIALS,ENTITY_UNIT_BINDING,4K,SUCCESS,4296,11,0.34483967907726765,7248007680,23746052096,True,False,False,usable_answer_line
CT_0020_64K,CT_0020,CLINICAL_TRIALS,ENTITY_UNIT_BINDING,64K,SUCCESS,65188,11,7.9294840302318335,18752471552,23746052096,True,False,False,usable_answer_line
CT_0020_82K,CT_0020,CLINICAL_TRIALS,ENTITY_UNIT_BINDING,82K,SUCCESS,81720,11,11.357832685112953,21876357632,23746052096,True,False,False,usable_answer_line
CT_0020_8K,CT_0020,CLINICAL_TRIALS,ENTITY_UNIT_BINDING,8K,SUCCESS,8353,11,0.6379407197237015,8012930560,23746052096,True,False,False,usable_answer_line
CT_0021_16K,CT_0021,CLINICAL_TRIALS,UNANSWERABLE,16K,SUCCESS,16449,11,1.2679335419088602,9543783936,23746052096,True,False,False,usable_answer_line
CT_0021_32K,CT_0021,CLINICAL_TRIALS,UNANSWERABLE,32K,SUCCESS,32645,11,2.9016355695202947,12603147776,23746052096,True,False,False,usable_answer_line
CT_0021_4K,CT_0021,CLINICAL_TRIALS,UNANSWERABLE,4K,SUCCESS,4225,11,0.34656163305044174,7234737152,23746052096,True,False,False,usable_answer_line
CT_0021_64K,CT_0021,CLINICAL_TRIALS,UNANSWERABLE,64K,SUCCESS,65166,11,7.926458410918713,18748315136,23725080576,True,False,False,usable_answer_line
CT_0021_82K,CT_0021,CLINICAL_TRIALS,UNANSWERABLE,82K,SUCCESS,81719,11,11.363342708908021,21876169216,23746052096,True,False,False,usable_answer_line
CT_0021_8K,CT_0021,CLINICAL_TRIALS,UNANSWERABLE,8K,SUCCESS,8335,11,0.6319619724527001,8009529856,23746052096,True,False,False,usable_answer_line
CT_0022_16K,CT_0022,CLINICAL_TRIALS,UNANSWERABLE,16K,SUCCESS,16463,11,1.2551155127584934,9546199552,23746052096,True,False,False,usable_answer_line
CT_0022_32K,CT_0022,CLINICAL_TRIALS,UNANSWERABLE,32K,SUCCESS,32648,11,2.896616925485432,12603714048,23746052096,True,False,False,usable_answer_line
CT_0022_4K,CT_0022,CLINICAL_TRIALS,UNANSWERABLE,4K,SUCCESS,4249,11,0.34754274412989616,7239994368,23746052096,True,False,False,usable_answer_line
CT_0022_64K,CT_0022,CLINICAL_TRIALS,UNANSWERABLE,64K,SUCCESS,65148,11,7.921160578727722,18744912384,23746052096,True,False,False,usable_answer_line
CT_0022_82K,CT_0022,CLINICAL_TRIALS,UNANSWERABLE,82K,SUCCESS,81741,11,11.395873011089861,21881163264,23746052096,True,False,False,usable_answer_line
CT_0022_8K,CT_0022,CLINICAL_TRIALS,UNANSWERABLE,8K,SUCCESS,8329,11,0.6405608411878347,8008396288,23746052096,True,False,False,usable_answer_line
CT_0023_16K,CT_0023,CLINICAL_TRIALS,UNANSWERABLE,16K,SUCCESS,16397,11,1.2583471210673451,9532925440,23746052096,True,False,False,usable_answer_line
CT_0023_32K,CT_0023,CLINICAL_TRIALS,UNANSWERABLE,32K,SUCCESS,32703,11,2.902310462668538,12615469568,23746052096,True,False,False,usable_answer_line
CT_0023_4K,CT_0023,CLINICAL_TRIALS,UNANSWERABLE,4K,SUCCESS,4280,11,0.35283057764172554,7245015552,23746052096,True,False,False,usable_answer_line
CT_0023_64K,CT_0023,CLINICAL_TRIALS,UNANSWERABLE,64K,SUCCESS,65131,11,7.9298294968903065,18741701120,23746052096,True,False,False,usable_answer_line
CT_0023_82K,CT_0023,CLINICAL_TRIALS,UNANSWERABLE,82K,SUCCESS,81793,11,11.385661122389138,21890153984,23746052096,True,False,False,usable_answer_line
CT_0023_8K,CT_0023,CLINICAL_TRIALS,UNANSWERABLE,8K,SUCCESS,8334,11,0.6308658486232162,8009340416,23746052096,True,False,False,usable_answer_line
CT_0024_16K,CT_0024,CLINICAL_TRIALS,UNANSWERABLE,16K,SUCCESS,16395,11,1.2562940316274762,9532547584,23746052096,True,False,False,usable_answer_line
CT_0024_32K,CT_0024,CLINICAL_TRIALS,UNANSWERABLE,32K,SUCCESS,32658,11,2.9049177952110767,12605603328,23746052096,True,False,False,usable_answer_line
CT_0024_4K,CT_0024,CLINICAL_TRIALS,UNANSWERABLE,4K,SUCCESS,4218,11,0.34218552242964506,7233426944,23746052096,True,False,False,usable_answer_line
CT_0024_64K,CT_0024,CLINICAL_TRIALS,UNANSWERABLE,64K,SUCCESS,65113,11,7.935414188541472,18738300416,23746052096,True,False,False,usable_answer_line
CT_0024_82K,CT_0024,CLINICAL_TRIALS,UNANSWERABLE,82K,SUCCESS,81730,11,11.355526954866946,21879264768,23746052096,True,False,False,usable_answer_line
CT_0024_8K,CT_0024,CLINICAL_TRIALS,UNANSWERABLE,8K,SUCCESS,8308,11,0.6325544603168964,8004426240,23746052096,True,False,False,usable_answer_line
CT_0025_16K,CT_0025,CLINICAL_TRIALS,UNANSWERABLE,16K,SUCCESS,16403,6,1.1779265133664012,9534059008,23746052096,True,False,False,usable_answer_line
CT_0025_32K,CT_0025,CLINICAL_TRIALS,UNANSWERABLE,32K,SUCCESS,32696,6,2.7851528422906995,12614519296,23746052096,True,False,False,usable_answer_line
CT_0025_4K,CT_0025,CLINICAL_TRIALS,UNANSWERABLE,4K,SUCCESS,4221,7,0.30454964470118284,7233987584,23746052096,True,False,False,usable_answer_line
CT_0025_64K,CT_0025,CLINICAL_TRIALS,UNANSWERABLE,64K,SUCCESS,65117,6,7.744530946947634,18739056128,23746052096,True,False,False,usable_answer_line
CT_0025_82K,CT_0025,CLINICAL_TRIALS,UNANSWERABLE,82K,SUCCESS,81703,7,11.181785851716995,21873146368,23746052096,True,False,False,usable_answer_line
CT_0025_8K,CT_0025,CLINICAL_TRIALS,UNANSWERABLE,8K,SUCCESS,8347,6,0.5720971068367362,8011796992,23746052096,True,False,False,usable_answer_line
CT_0026_16K,CT_0026,CLINICAL_TRIALS,DIRECT_RETRIEVAL,16K,SUCCESS,16431,6,1.1784317921847105,9539348992,23746052096,True,False,False,usable_answer_line
CT_0026_32K,CT_0026,CLINICAL_TRIALS,DIRECT_RETRIEVAL,32K,SUCCESS,32685,6,2.7878631576895714,12611724800,23746052096,True,False,False,usable_answer_line
CT_0026_4K,CT_0026,CLINICAL_TRIALS,DIRECT_RETRIEVAL,4K,SUCCESS,4297,6,0.28740875236690044,7249212416,23746052096,True,False,False,usable_answer_line
CT_0026_64K,CT_0026,CLINICAL_TRIALS,DIRECT_RETRIEVAL,64K,SUCCESS,65173,6,7.76550171058625,18749638144,23746052096,True,False,False,usable_answer_line
CT_0026_82K,CT_0026,CLINICAL_TRIALS,DIRECT_RETRIEVAL,82K,SUCCESS,81774,6,11.158997731283307,21886856704,23746052096,True,False,False,usable_answer_line
CT_0026_8K,CT_0026,CLINICAL_TRIALS,DIRECT_RETRIEVAL,8K,SUCCESS,8311,6,0.5700989617034793,8004993536,23746052096,True,False,False,usable_answer_line
CT_0027_16K,CT_0027,CLINICAL_TRIALS,DIRECT_RETRIEVAL,16K,SUCCESS,16416,6,1.182143491692841,9536514560,23746052096,True,False,False,usable_answer_line
CT_0027_32K,CT_0027,CLINICAL_TRIALS,DIRECT_RETRIEVAL,32K,SUCCESS,32697,6,2.789500968530774,12614655488,23746052096,True,False,False,usable_answer_line
CT_0027_4K,CT_0027,CLINICAL_TRIALS,DIRECT_RETRIEVAL,4K,SUCCESS,4303,6,0.2914191670715809,7250051072,23746052096,True,False,False,usable_answer_line
CT_0027_64K,CT_0027,CLINICAL_TRIALS,DIRECT_RETRIEVAL,64K,SUCCESS,65155,6,7.759598393924534,18746237440,23746052096,True,False,False,usable_answer_line
CT_0027_82K,CT_0027,CLINICAL_TRIALS,DIRECT_RETRIEVAL,82K,SUCCESS,81746,6,11.176781302317977,21882025472,23746052096,True,False,False,usable_answer_line
CT_0027_8K,CT_0027,CLINICAL_TRIALS,DIRECT_RETRIEVAL,8K,SUCCESS,8296,6,0.5690049910917878,8004616704,20631781376,True,False,False,usable_answer_line
CT_0028_16K,CT_0028,CLINICAL_TRIALS,DIRECT_RETRIEVAL,16K,SUCCESS,16504,6,1.1814245283603668,9553273344,23746052096,True,False,False,usable_answer_line
CT_0028_32K,CT_0028,CLINICAL_TRIALS,DIRECT_RETRIEVAL,32K,SUCCESS,32753,6,2.791494520381093,12624598528,23746052096,True,False,False,usable_answer_line
CT_0028_4K,CT_0028,CLINICAL_TRIALS,DIRECT_RETRIEVAL,4K,SUCCESS,4265,6,0.29202656634151936,7242212352,23746052096,True,False,False,usable_answer_line
CT_0028_64K,CT_0028,CLINICAL_TRIALS,DIRECT_RETRIEVAL,64K,SUCCESS,65214,6,7.749501337297261,18757383680,23746052096,True,False,False,usable_answer_line
CT_0028_82K,CT_0028,CLINICAL_TRIALS,DIRECT_RETRIEVAL,82K,SUCCESS,81708,6,11.1595837213099,21874090496,23746052096,True,False,False,usable_answer_line
CT_0028_8K,CT_0028,CLINICAL_TRIALS,DIRECT_RETRIEVAL,8K,SUCCESS,8394,6,0.5749545022845268,8020678144,23746052096,True,False,False,usable_answer_line
CT_0029_16K,CT_0029,CLINICAL_TRIALS,DIRECT_RETRIEVAL,16K,SUCCESS,16454,6,1.177221205085516,9544646144,23746052096,True,False,False,usable_answer_line
CT_0029_32K,CT_0029,CLINICAL_TRIALS,DIRECT_RETRIEVAL,32K,SUCCESS,32651,6,2.782931488007307,12604281344,23746052096,True,False,False,usable_answer_line
CT_0029_4K,CT_0029,CLINICAL_TRIALS,DIRECT_RETRIEVAL,4K,SUCCESS,4245,6,0.28310376312583685,7239500800,23746052096,True,False,False,usable_answer_line
CT_0029_64K,CT_0029,CLINICAL_TRIALS,DIRECT_RETRIEVAL,64K,SUCCESS,65130,6,7.746535342186689,18741511680,23746052096,True,False,False,usable_answer_line
CT_0029_82K,CT_0029,CLINICAL_TRIALS,DIRECT_RETRIEVAL,82K,SUCCESS,81789,6,11.1659648232162,21889445376,23746052096,True,False,False,usable_answer_line
CT_0029_8K,CT_0029,CLINICAL_TRIALS,DIRECT_RETRIEVAL,8K,SUCCESS,8298,6,0.5702485712245107,8002536960,23746052096,True,False,False,usable_answer_line
CT_0030_16K,CT_0030,CLINICAL_TRIALS,DIRECT_RETRIEVAL,16K,SUCCESS,16473,7,1.1977585200220346,9547924992,23746052096,True,False,False,usable_answer_line
CT_0030_32K,CT_0030,CLINICAL_TRIALS,DIRECT_RETRIEVAL,32K,SUCCESS,32659,7,2.807694506831467,12605792768,23746052096,True,False,False,usable_answer_line
CT_0030_4K,CT_0030,CLINICAL_TRIALS,DIRECT_RETRIEVAL,4K,SUCCESS,4298,7,0.3000241257250309,7249352192,23746052096,True,False,False,usable_answer_line
CT_0030_64K,CT_0030,CLINICAL_TRIALS,DIRECT_RETRIEVAL,64K,SUCCESS,65183,7,7.784139686264098,18751527424,23746052096,True,False,False,usable_answer_line
CT_0030_82K,CT_0030,CLINICAL_TRIALS,DIRECT_RETRIEVAL,82K,SUCCESS,81795,7,11.212585461325943,21890531840,23746052096,True,False,False,usable_answer_line
CT_0030_8K,CT_0030,CLINICAL_TRIALS,DIRECT_RETRIEVAL,8K,SUCCESS,8323,7,0.5807249993085861,8007262720,23746052096,True,False,False,usable_answer_line
CT_0031_16K,CT_0031,CLINICAL_TRIALS,DIRECT_RETRIEVAL,16K,SUCCESS,16434,6,1.176409219391644,9539915264,23746052096,True,False,False,usable_answer_line
CT_0031_32K,CT_0031,CLINICAL_TRIALS,DIRECT_RETRIEVAL,32K,SUCCESS,32681,6,2.786641755141318,12609949184,23746052096,True,False,False,usable_answer_line
CT_0031_4K,CT_0031,CLINICAL_TRIALS,DIRECT_RETRIEVAL,4K,SUCCESS,4276,6,0.2904813652858138,7244268032,23746052096,True,False,False,usable_answer_line
CT_0031_64K,CT_0031,CLINICAL_TRIALS,DIRECT_RETRIEVAL,64K,SUCCESS,65122,6,7.742387353442609,18740000256,23746052096,True,False,False,usable_answer_line
CT_0031_82K,CT_0031,CLINICAL_TRIALS,DIRECT_RETRIEVAL,82K,SUCCESS,81715,6,11.160991762764752,21875413504,23746052096,True,False,False,usable_answer_line
CT_0031_8K,CT_0031,CLINICAL_TRIALS,DIRECT_RETRIEVAL,8K,SUCCESS,8337,6,0.5674371914938092,8009907712,23746052096,True,False,False,usable_answer_line
CT_0032_16K,CT_0032,CLINICAL_TRIALS,DIRECT_RETRIEVAL,16K,SUCCESS,16450,6,1.1813342478126287,9543955968,23746052096,True,False,False,usable_answer_line
CT_0032_32K,CT_0032,CLINICAL_TRIALS,DIRECT_RETRIEVAL,32K,SUCCESS,32655,6,2.7866304088383913,12605037056,23746052096,True,False,False,usable_answer_line
CT_0032_4K,CT_0032,CLINICAL_TRIALS,DIRECT_RETRIEVAL,4K,SUCCESS,4264,6,0.2904235925525427,7242025472,23746052096,True,False,False,usable_answer_line
CT_0032_64K,CT_0032,CLINICAL_TRIALS,DIRECT_RETRIEVAL,64K,SUCCESS,65119,6,7.739995411597192,18739433984,23746052096,True,False,False,usable_answer_line
CT_0032_82K,CT_0032,CLINICAL_TRIALS,DIRECT_RETRIEVAL,82K,SUCCESS,81745,6,11.16170265711844,21881853440,23746052096,True,False,False,usable_answer_line
CT_0032_8K,CT_0032,CLINICAL_TRIALS,DIRECT_RETRIEVAL,8K,SUCCESS,8327,6,0.5726694110780954,8008018432,23746052096,True,False,False,usable_answer_line
CT_0033_16K,CT_0033,CLINICAL_TRIALS,DIRECT_RETRIEVAL,16K,SUCCESS,16403,6,1.1820375192910433,9534059008,23746052096,True,False,False,usable_answer_line
CT_0033_32K,CT_0033,CLINICAL_TRIALS,DIRECT_RETRIEVAL,32K,SUCCESS,32676,6,2.7843044316396117,12609004032,23746052096,True,False,False,usable_answer_line
CT_0033_4K,CT_0033,CLINICAL_TRIALS,DIRECT_RETRIEVAL,4K,SUCCESS,4288,6,0.28558484464883804,7246510592,23746052096,True,False,False,usable_answer_line
CT_0033_64K,CT_0033,CLINICAL_TRIALS,DIRECT_RETRIEVAL,64K,SUCCESS,65163,6,7.754247489385307,18747748864,23746052096,True,False,False,usable_answer_line
CT_0033_82K,CT_0033,CLINICAL_TRIALS,DIRECT_RETRIEVAL,82K,SUCCESS,81705,6,11.149603627622128,21873524224,23746052096,True,False,False,usable_answer_line
CT_0033_8K,CT_0033,CLINICAL_TRIALS,DIRECT_RETRIEVAL,8K,SUCCESS,8309,6,0.5665390035137534,8004615680,23746052096,True,False,False,usable_answer_line
CT_0034_16K,CT_0034,CLINICAL_TRIALS,DIRECT_RETRIEVAL,16K,SUCCESS,16387,6,1.1752505898475647,9531036160,23746052096,True,False,False,usable_answer_line
CT_0034_32K,CT_0034,CLINICAL_TRIALS,DIRECT_RETRIEVAL,32K,SUCCESS,32680,6,2.7850365145131946,12609759744,23746052096,True,False,False,usable_answer_line
CT_0034_4K,CT_0034,CLINICAL_TRIALS,DIRECT_RETRIEVAL,4K,SUCCESS,4259,6,0.29291235376149416,7241228288,23746052096,True,False,False,usable_answer_line
CT_0034_64K,CT_0034,CLINICAL_TRIALS,DIRECT_RETRIEVAL,64K,SUCCESS,65130,6,7.743773981928825,18741511680,23746052096,True,False,False,usable_answer_line
CT_0034_82K,CT_0034,CLINICAL_TRIALS,DIRECT_RETRIEVAL,82K,SUCCESS,81716,6,11.165365053340793,21875601920,23746052096,True,False,False,usable_answer_line
CT_0034_8K,CT_0034,CLINICAL_TRIALS,DIRECT_RETRIEVAL,8K,SUCCESS,8289,6,0.5694018350914121,8000837120,23746052096,True,False,False,usable_answer_line
CT_0035_16K,CT_0035,CLINICAL_TRIALS,DIRECT_RETRIEVAL,16K,SUCCESS,16482,6,1.1811241591349244,9549477376,23746052096,True,False,False,usable_answer_line
CT_0035_32K,CT_0035,CLINICAL_TRIALS,DIRECT_RETRIEVAL,32K,SUCCESS,32719,6,2.786796106956899,12618535424,23746052096,True,False,False,usable_answer_line
CT_0035_4K,CT_0035,CLINICAL_TRIALS,DIRECT_RETRIEVAL,4K,SUCCESS,4275,6,0.28336609713733196,7244081152,23746052096,True,False,False,usable_answer_line
CT_0035_64K,CT_0035,CLINICAL_TRIALS,DIRECT_RETRIEVAL,64K,SUCCESS,65176,6,7.745013968087733,18750204416,23746052096,True,False,False,usable_answer_line
CT_0035_82K,CT_0035,CLINICAL_TRIALS,DIRECT_RETRIEVAL,82K,SUCCESS,81795,6,11.17929211910814,21890531840,23746052096,True,False,False,usable_answer_line
CT_0035_8K,CT_0035,CLINICAL_TRIALS,DIRECT_RETRIEVAL,8K,SUCCESS,8345,6,0.569397765211761,8011419136,23746052096,True,False,False,usable_answer_line
CT_0036_16K,CT_0036,CLINICAL_TRIALS,DIRECT_RETRIEVAL,16K,SUCCESS,16428,6,1.176673300564289,9538781696,23746052096,True,False,False,usable_answer_line
CT_0036_32K,CT_0036,CLINICAL_TRIALS,DIRECT_RETRIEVAL,32K,SUCCESS,32729,6,2.7918869722634554,12620137984,23746052096,True,False,False,usable_answer_line
CT_0036_4K,CT_0036,CLINICAL_TRIALS,DIRECT_RETRIEVAL,4K,SUCCESS,4307,6,0.29007004480808973,7250610176,23746052096,True,False,False,usable_answer_line
CT_0036_64K,CT_0036,CLINICAL_TRIALS,DIRECT_RETRIEVAL,64K,SUCCESS,65166,6,7.751350969076157,18748315136,23746052096,True,False,False,usable_answer_line
CT_0036_82K,CT_0036,CLINICAL_TRIALS,DIRECT_RETRIEVAL,82K,SUCCESS,81779,6,11.166111325845122,21887719936,23746052096,True,False,False,usable_answer_line
CT_0036_8K,CT_0036,CLINICAL_TRIALS,DIRECT_RETRIEVAL,8K,SUCCESS,8376,6,0.5706559922546148,8017275392,23746052096,True,False,False,usable_answer_line
CT_0037_16K,CT_0037,CLINICAL_TRIALS,DIRECT_RETRIEVAL,16K,SUCCESS,16445,6,1.175832036882639,9541993984,23746052096,True,False,False,usable_answer_line
CT_0037_32K,CT_0037,CLINICAL_TRIALS,DIRECT_RETRIEVAL,32K,SUCCESS,32720,6,2.7882365100085735,12618695168,23746052096,True,False,False,usable_answer_line
CT_0037_4K,CT_0037,CLINICAL_TRIALS,DIRECT_RETRIEVAL,4K,SUCCESS,4249,6,0.2848485792055726,7239994368,23746052096,True,False,False,usable_answer_line
CT_0037_64K,CT_0037,CLINICAL_TRIALS,DIRECT_RETRIEVAL,64K,SUCCESS,65128,6,7.745464015752077,18741133824,23746052096,True,False,False,usable_answer_line
CT_0037_82K,CT_0037,CLINICAL_TRIALS,DIRECT_RETRIEVAL,82K,SUCCESS,81731,6,11.158038230612874,21879437824,23746052096,True,False,False,usable_answer_line
CT_0037_8K,CT_0037,CLINICAL_TRIALS,DIRECT_RETRIEVAL,8K,SUCCESS,8357,6,0.5691908374428749,8013686272,23746052096,True,False,False,usable_answer_line
CT_0038_16K,CT_0038,CLINICAL_TRIALS,DIRECT_RETRIEVAL,16K,SUCCESS,16401,6,1.1778422333300114,9533681152,23746052096,True,False,False,usable_answer_line
CT_0038_32K,CT_0038,CLINICAL_TRIALS,DIRECT_RETRIEVAL,32K,SUCCESS,32680,6,2.794071246869862,12609759744,23746052096,True,False,False,usable_answer_line
CT_0038_4K,CT_0038,CLINICAL_TRIALS,DIRECT_RETRIEVAL,4K,SUCCESS,4281,6,0.28791580256074667,7245202432,23746052096,True,False,False,usable_answer_line
CT_0038_64K,CT_0038,CLINICAL_TRIALS,DIRECT_RETRIEVAL,64K,SUCCESS,65109,6,7.742253724485636,18737544704,23746052096,True,False,False,usable_answer_line
CT_0038_82K,CT_0038,CLINICAL_TRIALS,DIRECT_RETRIEVAL,82K,SUCCESS,81688,6,11.163416885770857,21870311936,23746052096,True,False,False,usable_answer_line
CT_0038_8K,CT_0038,CLINICAL_TRIALS,DIRECT_RETRIEVAL,8K,SUCCESS,8349,6,0.5719999773427844,8012174848,23746052096,True,False,False,usable_answer_line
CT_0039_16K,CT_0039,CLINICAL_TRIALS,DIRECT_RETRIEVAL,16K,SUCCESS,16417,6,1.1741818245500326,9536704000,23746052096,True,False,False,usable_answer_line
CT_0039_32K,CT_0039,CLINICAL_TRIALS,DIRECT_RETRIEVAL,32K,SUCCESS,32645,6,2.7837313981726766,12603147776,23746052096,True,False,False,usable_answer_line
CT_0039_4K,CT_0039,CLINICAL_TRIALS,DIRECT_RETRIEVAL,4K,SUCCESS,4241,6,0.2821806436404586,7237727232,23746052096,True,False,False,usable_answer_line
CT_0039_64K,CT_0039,CLINICAL_TRIALS,DIRECT_RETRIEVAL,64K,SUCCESS,65142,6,7.743905735202134,18743778816,23746052096,True,False,False,usable_answer_line
CT_0039_82K,CT_0039,CLINICAL_TRIALS,DIRECT_RETRIEVAL,82K,SUCCESS,81754,8,11.246949765831232,21883405824,23746052096,True,False,False,usable_answer_line
CT_0039_8K,CT_0039,CLINICAL_TRIALS,DIRECT_RETRIEVAL,8K,SUCCESS,8314,6,0.5693259118124843,8005559808,23746052096,True,False,False,usable_answer_line
CT_0040_16K,CT_0040,CLINICAL_TRIALS,DIRECT_RETRIEVAL,16K,SUCCESS,16479,6,1.181680883280933,9548960256,23746052096,True,False,False,usable_answer_line
CT_0040_32K,CT_0040,CLINICAL_TRIALS,DIRECT_RETRIEVAL,32K,SUCCESS,32697,6,2.7911708299070597,12614655488,23746052096,True,False,False,usable_answer_line
CT_0040_4K,CT_0040,CLINICAL_TRIALS,DIRECT_RETRIEVAL,4K,SUCCESS,4257,6,0.29529612697660923,7240981504,23746052096,True,False,False,usable_answer_line
CT_0040_64K,CT_0040,CLINICAL_TRIALS,DIRECT_RETRIEVAL,64K,SUCCESS,65154,6,7.7521619675680995,18746048000,23746052096,True,False,False,usable_answer_line
CT_0040_82K,CT_0040,CLINICAL_TRIALS,DIRECT_RETRIEVAL,82K,SUCCESS,81732,6,11.160309092141688,21879609856,23746052096,True,False,False,usable_answer_line
CT_0040_8K,CT_0040,CLINICAL_TRIALS,DIRECT_RETRIEVAL,8K,SUCCESS,8358,6,0.5711647598072886,8013874688,23746052096,True,False,False,usable_answer_line
CT_0041_16K,CT_0041,CLINICAL_TRIALS,DIRECT_RETRIEVAL,16K,SUCCESS,16452,6,1.1841173013672233,9544301056,23746052096,True,False,False,usable_answer_line
CT_0041_32K,CT_0041,CLINICAL_TRIALS,DIRECT_RETRIEVAL,32K,SUCCESS,32709,7,2.8084675427526236,12617899520,20484980736,True,False,False,usable_answer_line
CT_0041_4K,CT_0041,CLINICAL_TRIALS,DIRECT_RETRIEVAL,4K,SUCCESS,4297,6,0.28142848424613476,7249212416,23746052096,True,False,False,usable_answer_line
CT_0041_64K,CT_0041,CLINICAL_TRIALS,DIRECT_RETRIEVAL,64K,SUCCESS,65169,6,7.768869515508413,18748882432,23746052096,True,False,False,usable_answer_line
CT_0041_82K,CT_0041,CLINICAL_TRIALS,DIRECT_RETRIEVAL,82K,SUCCESS,81711,7,11.196507355198264,21874657792,23746052096,True,False,False,usable_answer_line
CT_0041_8K,CT_0041,CLINICAL_TRIALS,DIRECT_RETRIEVAL,8K,SUCCESS,8293,6,0.5698711518198252,8001592832,23746052096,True,False,False,usable_answer_line
CT_0042_16K,CT_0042,CLINICAL_TRIALS,DIRECT_RETRIEVAL,16K,SUCCESS,16451,6,1.1783637115731835,9544129024,23746052096,True,False,False,usable_answer_line
CT_0042_32K,CT_0042,CLINICAL_TRIALS,DIRECT_RETRIEVAL,32K,SUCCESS,32680,6,2.7829352812841535,12609759744,23746052096,True,False,False,usable_answer_line
CT_0042_4K,CT_0042,CLINICAL_TRIALS,DIRECT_RETRIEVAL,4K,SUCCESS,4229,6,0.28653322719037533,7235484672,23746052096,True,False,False,usable_answer_line
CT_0042_64K,CT_0042,CLINICAL_TRIALS,DIRECT_RETRIEVAL,64K,SUCCESS,65102,6,7.745127365924418,18736221696,23746052096,True,False,False,usable_answer_line
CT_0042_82K,CT_0042,CLINICAL_TRIALS,DIRECT_RETRIEVAL,82K,SUCCESS,81675,6,11.15467699803412,21867856384,23746052096,True,False,False,usable_answer_line
CT_0042_8K,CT_0042,CLINICAL_TRIALS,DIRECT_RETRIEVAL,8K,SUCCESS,8311,6,0.5731209870427847,8004993536,23746052096,True,False,False,usable_answer_line
CT_0043_16K,CT_0043,CLINICAL_TRIALS,DIRECT_RETRIEVAL,16K,SUCCESS,16443,6,1.178415099158883,9541616128,23746052096,True,False,False,usable_answer_line
CT_0043_32K,CT_0043,CLINICAL_TRIALS,DIRECT_RETRIEVAL,32K,SUCCESS,32731,7,2.813632101751864,12620458496,23746052096,True,False,False,usable_answer_line
CT_0043_4K,CT_0043,CLINICAL_TRIALS,DIRECT_RETRIEVAL,4K,SUCCESS,4303,6,0.28989145532250404,7250051072,23746052096,True,False,False,usable_answer_line
CT_0043_64K,CT_0043,CLINICAL_TRIALS,DIRECT_RETRIEVAL,64K,SUCCESS,65175,6,7.762190226465464,18750016000,23746052096,True,False,False,usable_answer_line
CT_0043_82K,CT_0043,CLINICAL_TRIALS,DIRECT_RETRIEVAL,82K,SUCCESS,81799,6,11.173888466320932,21891287552,23746052096,True,False,False,usable_answer_line
CT_0043_8K,CT_0043,CLINICAL_TRIALS,DIRECT_RETRIEVAL,8K,SUCCESS,8362,6,0.5732875904068351,8014630400,23746052096,True,False,False,usable_answer_line
CT_0044_16K,CT_0044,CLINICAL_TRIALS,DIRECT_RETRIEVAL,16K,SUCCESS,16436,6,1.17810102365911,9540293120,23746052096,True,False,False,usable_answer_line
CT_0044_32K,CT_0044,CLINICAL_TRIALS,DIRECT_RETRIEVAL,32K,SUCCESS,32701,6,2.784044023603201,12615198208,23746052096,True,False,False,usable_answer_line
CT_0044_4K,CT_0044,CLINICAL_TRIALS,DIRECT_RETRIEVAL,4K,SUCCESS,4231,6,0.2796126762405038,7235858432,23746052096,True,False,False,usable_answer_line
CT_0044_64K,CT_0044,CLINICAL_TRIALS,DIRECT_RETRIEVAL,64K,SUCCESS,65136,6,7.741930431686342,18742645248,23746052096,True,False,False,usable_answer_line
CT_0044_82K,CT_0044,CLINICAL_TRIALS,DIRECT_RETRIEVAL,82K,SUCCESS,81760,6,11.144700434990227,21884441088,23746052096,True,False,False,usable_answer_line
CT_0044_8K,CT_0044,CLINICAL_TRIALS,DIRECT_RETRIEVAL,8K,SUCCESS,8341,6,0.569237781688571,8010663424,23746052096,True,False,False,usable_answer_line
CT_0045_16K,CT_0045,CLINICAL_TRIALS,DIRECT_RETRIEVAL,16K,SUCCESS,16407,6,1.178274023346603,9534814720,23746052096,True,False,False,usable_answer_line
CT_0045_32K,CT_0045,CLINICAL_TRIALS,DIRECT_RETRIEVAL,32K,SUCCESS,32676,6,2.795444871298969,12609004032,23746052096,True,False,False,usable_answer_line
CT_0045_4K,CT_0045,CLINICAL_TRIALS,DIRECT_RETRIEVAL,4K,SUCCESS,4290,6,0.2921957978978753,7246886400,23746052096,True,False,False,usable_answer_line
CT_0045_64K,CT_0045,CLINICAL_TRIALS,DIRECT_RETRIEVAL,64K,SUCCESS,65155,6,7.759985477663577,18746237440,23746052096,True,False,False,usable_answer_line
CT_0045_82K,CT_0045,CLINICAL_TRIALS,DIRECT_RETRIEVAL,82K,SUCCESS,81656,6,11.114818505011499,21864264192,23746052096,True,False,False,usable_answer_line
CT_0045_8K,CT_0045,CLINICAL_TRIALS,DIRECT_RETRIEVAL,8K,SUCCESS,8342,6,0.5718635218217969,8010851840,23746052096,True,False,False,usable_answer_line
CT_0046_16K,CT_0046,CLINICAL_TRIALS,RETRIEVAL_CALCULATION,16K,SUCCESS,16448,7,1.195695985108614,9543608832,23746052096,True,False,False,usable_answer_line
CT_0046_32K,CT_0046,CLINICAL_TRIALS,RETRIEVAL_CALCULATION,32K,SUCCESS,32670,7,2.808054226450622,12607870464,23746052096,True,False,False,usable_answer_line
CT_0046_4K,CT_0046,CLINICAL_TRIALS,RETRIEVAL_CALCULATION,4K,SUCCESS,4261,7,0.30346621572971344,7241475072,23746052096,True,False,False,usable_answer_line
CT_0046_64K,CT_0046,CLINICAL_TRIALS,RETRIEVAL_CALCULATION,64K,SUCCESS,65141,7,7.781160950660706,18743590400,23746052096,True,False,False,usable_answer_line
CT_0046_82K,CT_0046,CLINICAL_TRIALS,RETRIEVAL_CALCULATION,82K,SUCCESS,81699,7,11.204023813828826,21872390656,23746052096,True,False,False,usable_answer_line
CT_0046_8K,CT_0046,CLINICAL_TRIALS,RETRIEVAL_CALCULATION,8K,SUCCESS,8318,7,0.5814341297373176,8006315520,23746052096,True,False,False,usable_answer_line
CT_0047_16K,CT_0047,CLINICAL_TRIALS,RETRIEVAL_CALCULATION,16K,SUCCESS,16456,6,1.1807883251458406,9544991232,23746052096,True,False,False,usable_answer_line
CT_0047_32K,CT_0047,CLINICAL_TRIALS,RETRIEVAL_CALCULATION,32K,SUCCESS,32658,6,2.7835336048156023,12605603328,23746052096,True,False,False,usable_answer_line
CT_0047_4K,CT_0047,CLINICAL_TRIALS,RETRIEVAL_CALCULATION,4K,SUCCESS,4232,6,0.28677171654999256,7236045312,23746052096,True,False,False,usable_answer_line
CT_0047_64K,CT_0047,CLINICAL_TRIALS,RETRIEVAL_CALCULATION,64K,SUCCESS,65161,6,7.752288951538503,18747371008,23746052096,True,False,False,usable_answer_line
CT_0047_82K,CT_0047,CLINICAL_TRIALS,RETRIEVAL_CALCULATION,82K,SUCCESS,81625,6,11.12844770308584,21858407936,23746052096,True,False,False,usable_answer_line
CT_0047_8K,CT_0047,CLINICAL_TRIALS,RETRIEVAL_CALCULATION,8K,SUCCESS,8304,6,0.5698923319578171,8003670528,23746052096,True,False,False,usable_answer_line
CT_0048_16K,CT_0048,CLINICAL_TRIALS,RETRIEVAL_CALCULATION,16K,SUCCESS,16406,6,1.1811456624418497,9534625280,23746052096,True,False,False,usable_answer_line
CT_0048_32K,CT_0048,CLINICAL_TRIALS,RETRIEVAL_CALCULATION,32K,SUCCESS,32611,7,2.805785440839827,12597672448,23746052096,True,False,False,usable_answer_line
CT_0048_4K,CT_0048,CLINICAL_TRIALS,RETRIEVAL_CALCULATION,4K,SUCCESS,4279,6,0.28178556356579065,7244828672,20484980736,True,False,False,usable_answer_line
CT_0048_64K,CT_0048,CLINICAL_TRIALS,RETRIEVAL_CALCULATION,64K,SUCCESS,65085,7,7.773346012458205,18733008384,23746052096,True,False,False,usable_answer_line
CT_0048_82K,CT_0048,CLINICAL_TRIALS,RETRIEVAL_CALCULATION,82K,SUCCESS,81735,6,11.160137725062668,21880128000,23746052096,True,False,False,usable_answer_line
CT_0048_8K,CT_0048,CLINICAL_TRIALS,RETRIEVAL_CALCULATION,8K,SUCCESS,8293,6,0.5657339654862881,8001592832,23746052096,True,False,False,usable_answer_line
CT_0049_16K,CT_0049,CLINICAL_TRIALS,RETRIEVAL_CALCULATION,16K,SUCCESS,16374,6,1.133807617239654,9529156096,23746052096,True,False,False,usable_answer_line
CT_0049_32K,CT_0049,CLINICAL_TRIALS,RETRIEVAL_CALCULATION,32K,SUCCESS,32668,7,2.806439032778144,12607492608,23746052096,True,False,False,usable_answer_line
CT_0049_4K,CT_0049,CLINICAL_TRIALS,RETRIEVAL_CALCULATION,4K,SUCCESS,4219,6,0.2879936285316944,7233613824,23746052096,True,False,False,usable_answer_line
CT_0049_64K,CT_0049,CLINICAL_TRIALS,RETRIEVAL_CALCULATION,64K,SUCCESS,65144,7,7.777716668322682,18744156672,23746052096,True,False,False,usable_answer_line
CT_0049_82K,CT_0049,CLINICAL_TRIALS,RETRIEVAL_CALCULATION,82K,SUCCESS,81730,7,11.198701292276382,21879264768,23746052096,True,False,False,usable_answer_line
CT_0049_8K,CT_0049,CLINICAL_TRIALS,RETRIEVAL_CALCULATION,8K,SUCCESS,8283,7,0.5928655043244362,7999703552,23746052096,True,False,False,usable_answer_line
CT_0050_16K,CT_0050,CLINICAL_TRIALS,RETRIEVAL_CALCULATION,16K,SUCCESS,16401,6,1.1773397652432323,9533681152,23746052096,True,False,False,usable_answer_line
CT_0050_32K,CT_0050,CLINICAL_TRIALS,RETRIEVAL_CALCULATION,32K,SUCCESS,32689,6,2.786329537630081,12612431360,23746052096,True,False,False,usable_answer_line
CT_0050_4K,CT_0050,CLINICAL_TRIALS,RETRIEVAL_CALCULATION,4K,SUCCESS,4243,6,0.29297876451164484,7238100992,23746052096,True,False,False,usable_answer_line
CT_0050_64K,CT_0050,CLINICAL_TRIALS,RETRIEVAL_CALCULATION,64K,SUCCESS,65156,7,7.79449176043272,18746425856,23746052096,True,False,False,usable_answer_line
CT_0050_82K,CT_0050,CLINICAL_TRIALS,RETRIEVAL_CALCULATION,82K,SUCCESS,81744,7,11.195091006346047,21881680384,23746052096,True,False,False,usable_answer_line
CT_0050_8K,CT_0050,CLINICAL_TRIALS,RETRIEVAL_CALCULATION,8K,SUCCESS,8270,6,0.5679371850565076,7997427200,23746052096,True,False,False,usable_answer_line
CT_0051_16K,CT_0051,CLINICAL_TRIALS,RETRIEVAL_CALCULATION,16K,SUCCESS,16408,6,1.1763864597305655,9535003136,23746052096,True,False,False,usable_answer_line
CT_0051_32K,CT_0051,CLINICAL_TRIALS,RETRIEVAL_CALCULATION,32K,SUCCESS,32648,6,2.7870436012744904,12603714048,23746052096,True,False,False,usable_answer_line
CT_0051_4K,CT_0051,CLINICAL_TRIALS,RETRIEVAL_CALCULATION,4K,SUCCESS,4280,6,0.2954284716397524,7245015552,23746052096,True,False,False,usable_answer_line
CT_0051_64K,CT_0051,CLINICAL_TRIALS,RETRIEVAL_CALCULATION,64K,SUCCESS,65118,6,7.745793849229813,18739244544,23746052096,True,False,False,usable_answer_line
CT_0051_82K,CT_0051,CLINICAL_TRIALS,RETRIEVAL_CALCULATION,82K,SUCCESS,81724,6,11.135444600135088,21877113344,23746052096,True,False,False,usable_answer_line
CT_0051_8K,CT_0051,CLINICAL_TRIALS,RETRIEVAL_CALCULATION,8K,SUCCESS,8341,6,0.5705051608383656,8010663424,23746052096,True,False,False,usable_answer_line
CT_0052_16K,CT_0052,CLINICAL_TRIALS,RETRIEVAL_CALCULATION,16K,SUCCESS,16403,6,1.1777853863313794,9534059008,23746052096,True,False,False,usable_answer_line
CT_0052_32K,CT_0052,CLINICAL_TRIALS,RETRIEVAL_CALCULATION,32K,SUCCESS,32635,6,2.7778698336333036,12601420288,23746052096,True,False,False,usable_answer_line
CT_0052_4K,CT_0052,CLINICAL_TRIALS,RETRIEVAL_CALCULATION,4K,SUCCESS,4223,6,0.2902731718495488,7234361344,23746052096,True,False,False,usable_answer_line
CT_0052_64K,CT_0052,CLINICAL_TRIALS,RETRIEVAL_CALCULATION,64K,SUCCESS,65158,6,7.753587658517063,18746803712,23746052096,True,False,False,usable_answer_line
CT_0052_82K,CT_0052,CLINICAL_TRIALS,RETRIEVAL_CALCULATION,82K,SUCCESS,81738,6,11.177767898887396,21880645120,23746052096,True,False,False,usable_answer_line
CT_0052_8K,CT_0052,CLINICAL_TRIALS,RETRIEVAL_CALCULATION,8K,SUCCESS,8307,6,0.5597576890140772,8004237824,23746052096,True,False,False,usable_answer_line
CT_0053_16K,CT_0053,CLINICAL_TRIALS,RETRIEVAL_CALCULATION,16K,SUCCESS,16384,6,1.1414307449012995,9530466816,23746052096,True,False,False,usable_answer_line
CT_0053_32K,CT_0053,CLINICAL_TRIALS,RETRIEVAL_CALCULATION,32K,SUCCESS,32689,6,2.7859321888536215,12612431360,23746052096,True,False,False,usable_answer_line
CT_0053_4K,CT_0053,CLINICAL_TRIALS,RETRIEVAL_CALCULATION,4K,SUCCESS,4274,6,0.2928282581269741,7243894272,23746052096,True,False,False,usable_answer_line
CT_0053_64K,CT_0053,CLINICAL_TRIALS,RETRIEVAL_CALCULATION,64K,SUCCESS,65116,7,7.78553487919271,18738866688,23746052096,True,False,False,usable_answer_line
CT_0053_82K,CT_0053,CLINICAL_TRIALS,RETRIEVAL_CALCULATION,82K,SUCCESS,81790,7,11.204698684625328,21889617408,23746052096,True,False,False,usable_answer_line
CT_0053_8K,CT_0053,CLINICAL_TRIALS,RETRIEVAL_CALCULATION,8K,SUCCESS,8300,6,0.5666232518851757,8002914816,23746052096,True,False,False,usable_answer_line
CT_0054_16K,CT_0054,CLINICAL_TRIALS,RETRIEVAL_CALCULATION,16K,SUCCESS,16429,6,1.1792726051062346,9538971136,23746052096,True,False,False,usable_answer_line
CT_0054_32K,CT_0054,CLINICAL_TRIALS,RETRIEVAL_CALCULATION,32K,SUCCESS,32643,6,2.785270322114229,12602769920,23746052096,True,False,False,usable_answer_line
CT_0054_4K,CT_0054,CLINICAL_TRIALS,RETRIEVAL_CALCULATION,4K,SUCCESS,4262,6,0.29316062200814486,7241651712,23746052096,True,False,False,usable_answer_line
CT_0054_64K,CT_0054,CLINICAL_TRIALS,RETRIEVAL_CALCULATION,64K,SUCCESS,65176,6,7.746750959195197,18750204416,23746052096,True,False,False,usable_answer_line
CT_0054_82K,CT_0054,CLINICAL_TRIALS,RETRIEVAL_CALCULATION,82K,SUCCESS,81790,6,11.172079090029001,21889617408,23746052096,True,False,False,usable_answer_line
CT_0054_8K,CT_0054,CLINICAL_TRIALS,RETRIEVAL_CALCULATION,8K,SUCCESS,8342,6,0.5831624632701278,8010851840,23746052096,True,False,False,usable_answer_line
CT_0055_16K,CT_0055,CLINICAL_TRIALS,RETRIEVAL_CALCULATION,16K,SUCCESS,16429,7,1.1948519721627235,9538971136,23746052096,True,False,False,usable_answer_line
CT_0055_32K,CT_0055,CLINICAL_TRIALS,RETRIEVAL_CALCULATION,32K,SUCCESS,32615,7,2.8033124823123217,12598297088,23746052096,True,False,False,usable_answer_line
CT_0055_4K,CT_0055,CLINICAL_TRIALS,RETRIEVAL_CALCULATION,4K,SUCCESS,4262,7,0.3004256673157215,7241651712,23746052096,True,False,False,usable_answer_line
CT_0055_64K,CT_0055,CLINICAL_TRIALS,RETRIEVAL_CALCULATION,64K,SUCCESS,65099,7,7.787376324646175,18735655424,23746052096,True,False,False,usable_answer_line
CT_0055_82K,CT_0055,CLINICAL_TRIALS,RETRIEVAL_CALCULATION,82K,SUCCESS,81794,7,11.211507136933506,21890342400,23746052096,True,False,False,usable_answer_line
CT_0055_8K,CT_0055,CLINICAL_TRIALS,RETRIEVAL_CALCULATION,8K,SUCCESS,8303,7,0.5796507429331541,8003482112,23746052096,True,False,False,usable_answer_line
CT_0056_16K,CT_0056,CLINICAL_TRIALS,RETRIEVAL_CALCULATION,16K,SUCCESS,16452,6,1.190214210189879,9544301056,23746052096,True,False,False,usable_answer_line
CT_0056_32K,CT_0056,CLINICAL_TRIALS,RETRIEVAL_CALCULATION,32K,SUCCESS,32632,6,2.780314094386995,12600951296,23746052096,True,False,False,usable_answer_line
CT_0056_4K,CT_0056,CLINICAL_TRIALS,RETRIEVAL_CALCULATION,4K,SUCCESS,4259,6,0.2921881526708603,7241228288,23746052096,True,False,False,usable_answer_line
CT_0056_64K,CT_0056,CLINICAL_TRIALS,RETRIEVAL_CALCULATION,64K,SUCCESS,65140,6,7.742883457802236,18743400960,23746052096,True,False,False,usable_answer_line
CT_0056_82K,CT_0056,CLINICAL_TRIALS,RETRIEVAL_CALCULATION,82K,SUCCESS,81720,7,11.18018031399697,21876357632,23746052096,True,False,False,usable_answer_line
CT_0056_8K,CT_0056,CLINICAL_TRIALS,RETRIEVAL_CALCULATION,8K,SUCCESS,8313,6,0.5699402773752809,8005371392,23746052096,True,False,False,usable_answer_line
CT_0057_16K,CT_0057,CLINICAL_TRIALS,RETRIEVAL_CALCULATION,16K,SUCCESS,16391,6,1.1818266417831182,9531791872,23746052096,True,False,False,usable_answer_line
CT_0057_32K,CT_0057,CLINICAL_TRIALS,RETRIEVAL_CALCULATION,32K,SUCCESS,32675,6,2.784155814908445,12608815616,23746052096,True,False,False,usable_answer_line
CT_0057_4K,CT_0057,CLINICAL_TRIALS,RETRIEVAL_CALCULATION,4K,SUCCESS,4280,6,0.2906017303466797,7245015552,23746052096,True,False,False,usable_answer_line
CT_0057_64K,CT_0057,CLINICAL_TRIALS,RETRIEVAL_CALCULATION,64K,SUCCESS,65170,6,7.7686302261427045,18749070848,23746052096,True,False,False,usable_answer_line
CT_0057_82K,CT_0057,CLINICAL_TRIALS,RETRIEVAL_CALCULATION,82K,SUCCESS,81730,6,11.179653680883348,21879264768,23746052096,True,False,False,usable_answer_line
CT_0057_8K,CT_0057,CLINICAL_TRIALS,RETRIEVAL_CALCULATION,8K,SUCCESS,8285,6,0.5776464398950338,8000081408,23746052096,True,False,False,usable_answer_line
CT_0058_16K,CT_0058,CLINICAL_TRIALS,RETRIEVAL_CALCULATION,16K,SUCCESS,16455,7,1.1936418237164617,9544819200,23746052096,True,False,False,usable_answer_line
CT_0058_32K,CT_0058,CLINICAL_TRIALS,RETRIEVAL_CALCULATION,32K,SUCCESS,32680,7,2.8064901549369097,12609759744,23746052096,True,False,False,usable_answer_line
CT_0058_4K,CT_0058,CLINICAL_TRIALS,RETRIEVAL_CALCULATION,4K,SUCCESS,4240,7,0.3040750166401267,7237540352,23746052096,True,False,False,usable_answer_line
CT_0058_64K,CT_0058,CLINICAL_TRIALS,RETRIEVAL_CALCULATION,64K,SUCCESS,65102,7,7.782929735258222,18736221696,23746052096,True,False,False,usable_answer_line
CT_0058_82K,CT_0058,CLINICAL_TRIALS,RETRIEVAL_CALCULATION,82K,SUCCESS,81732,7,11.212910234928131,21879609856,23746052096,True,False,False,usable_answer_line
CT_0058_8K,CT_0058,CLINICAL_TRIALS,RETRIEVAL_CALCULATION,8K,SUCCESS,8307,7,0.5799261499196291,8004237824,23746052096,True,False,False,usable_answer_line
CT_0059_16K,CT_0059,CLINICAL_TRIALS,RETRIEVAL_CALCULATION,16K,SUCCESS,16461,7,1.2085451381281018,9545854464,23746052096,True,False,False,usable_answer_line
CT_0059_32K,CT_0059,CLINICAL_TRIALS,RETRIEVAL_CALCULATION,32K,SUCCESS,32697,7,2.81868639588356,12614655488,23746052096,True,False,False,usable_answer_line
CT_0059_4K,CT_0059,CLINICAL_TRIALS,RETRIEVAL_CALCULATION,4K,SUCCESS,4278,6,0.29681587778031826,7244641792,23746052096,True,False,False,usable_answer_line
CT_0059_64K,CT_0059,CLINICAL_TRIALS,RETRIEVAL_CALCULATION,64K,SUCCESS,65183,7,7.793610244058073,18751527424,23746052096,True,False,False,usable_answer_line
CT_0059_82K,CT_0059,CLINICAL_TRIALS,RETRIEVAL_CALCULATION,82K,SUCCESS,81777,6,11.178833289071918,21887374848,23746052096,True,False,False,usable_answer_line
CT_0059_8K,CT_0059,CLINICAL_TRIALS,RETRIEVAL_CALCULATION,8K,SUCCESS,8399,6,0.5705842738971114,8021623296,23746052096,True,False,False,usable_answer_line
CT_0060_16K,CT_0060,CLINICAL_TRIALS,RETRIEVAL_CALCULATION,16K,SUCCESS,16495,6,1.1808381984010339,9551720960,23746052096,True,False,False,usable_answer_line
CT_0060_32K,CT_0060,CLINICAL_TRIALS,RETRIEVAL_CALCULATION,32K,SUCCESS,32720,6,2.7884664265438914,12618695168,23746052096,True,False,False,usable_answer_line
CT_0060_4K,CT_0060,CLINICAL_TRIALS,RETRIEVAL_CALCULATION,4K,SUCCESS,4315,6,0.2907105637714267,7251728384,23746052096,True,False,False,usable_answer_line
CT_0060_64K,CT_0060,CLINICAL_TRIALS,RETRIEVAL_CALCULATION,64K,SUCCESS,65203,6,7.7578348107635975,18755305984,23746052096,True,False,False,usable_answer_line
CT_0060_82K,CT_0060,CLINICAL_TRIALS,RETRIEVAL_CALCULATION,82K,SUCCESS,81732,6,11.154453236609697,21879609856,23746052096,True,False,False,usable_answer_line
CT_0060_8K,CT_0060,CLINICAL_TRIALS,RETRIEVAL_CALCULATION,8K,SUCCESS,8361,6,0.5720875896513462,8014441984,23746052096,True,False,False,usable_answer_line
CT_0061_16K,CT_0061,CLINICAL_TRIALS,RETRIEVAL_CALCULATION,16K,SUCCESS,16483,6,1.1808247407898307,9549650432,23746052096,True,False,False,usable_answer_line
CT_0061_32K,CT_0061,CLINICAL_TRIALS,RETRIEVAL_CALCULATION,32K,SUCCESS,32694,6,2.7869335897266865,12614247936,23746052096,True,False,False,usable_answer_line
CT_0061_4K,CT_0061,CLINICAL_TRIALS,RETRIEVAL_CALCULATION,4K,SUCCESS,4262,6,0.28960343822836876,7241651712,23746052096,True,False,False,usable_answer_line
CT_0061_64K,CT_0061,CLINICAL_TRIALS,RETRIEVAL_CALCULATION,64K,SUCCESS,65210,6,7.77663675416261,18756627968,23746052096,True,False,False,usable_answer_line
CT_0061_82K,CT_0061,CLINICAL_TRIALS,RETRIEVAL_CALCULATION,82K,SUCCESS,81622,6,11.133196322247386,21857840640,23746052096,True,False,False,usable_answer_line
CT_0061_8K,CT_0061,CLINICAL_TRIALS,RETRIEVAL_CALCULATION,8K,SUCCESS,8354,6,0.562768635340035,8013118976,23746052096,True,False,False,usable_answer_line
CT_0062_16K,CT_0062,CLINICAL_TRIALS,RETRIEVAL_CALCULATION,16K,SUCCESS,16554,7,1.1983596002683043,9562590720,23746052096,True,False,False,usable_answer_line
CT_0062_32K,CT_0062,CLINICAL_TRIALS,RETRIEVAL_CALCULATION,32K,SUCCESS,32797,6,2.8160784086212516,12631868928,20631781376,True,False,False,usable_answer_line
CT_0062_4K,CT_0062,CLINICAL_TRIALS,RETRIEVAL_CALCULATION,4K,SUCCESS,4338,6,0.2846904434263706,7255856640,23746052096,True,False,False,usable_answer_line
CT_0062_64K,CT_0062,CLINICAL_TRIALS,RETRIEVAL_CALCULATION,64K,SUCCESS,65278,7,7.811280185356736,18769509888,23746052096,True,False,False,usable_answer_line
CT_0062_82K,CT_0062,CLINICAL_TRIALS,RETRIEVAL_CALCULATION,82K,SUCCESS,81734,7,11.198472465388477,21879954944,23746052096,True,False,False,usable_answer_line
CT_0062_8K,CT_0062,CLINICAL_TRIALS,RETRIEVAL_CALCULATION,8K,SUCCESS,8428,7,0.5985246887430549,8027101696,23746052096,True,False,False,usable_answer_line
CT_0063_16K,CT_0063,CLINICAL_TRIALS,RETRIEVAL_CALCULATION,16K,SUCCESS,16477,6,1.176045661792159,9548615168,23746052096,True,False,False,usable_answer_line
CT_0063_32K,CT_0063,CLINICAL_TRIALS,RETRIEVAL_CALCULATION,32K,SUCCESS,32763,6,2.7897821124643087,12625791488,23746052096,True,False,False,usable_answer_line
CT_0063_4K,CT_0063,CLINICAL_TRIALS,RETRIEVAL_CALCULATION,4K,SUCCESS,4323,6,0.2885135030373931,7253053440,23746052096,True,False,False,usable_answer_line
CT_0063_64K,CT_0063,CLINICAL_TRIALS,RETRIEVAL_CALCULATION,64K,SUCCESS,65275,6,7.773140887729824,18768992768,23746052096,True,False,False,usable_answer_line
CT_0063_82K,CT_0063,CLINICAL_TRIALS,RETRIEVAL_CALCULATION,82K,SUCCESS,81696,6,11.15104616805911,21871823360,23746052096,True,False,False,usable_answer_line
CT_0063_8K,CT_0063,CLINICAL_TRIALS,RETRIEVAL_CALCULATION,8K,SUCCESS,8376,6,0.5692553361877799,8017275392,23746052096,True,False,False,usable_answer_line
CT_0064_16K,CT_0064,CLINICAL_TRIALS,RETRIEVAL_CALCULATION,16K,SUCCESS,16488,6,1.1828882293775678,9550512640,23746052096,True,False,False,usable_answer_line
CT_0064_32K,CT_0064,CLINICAL_TRIALS,RETRIEVAL_CALCULATION,32K,SUCCESS,32716,6,2.7933338955044746,12618086912,23746052096,True,False,False,usable_answer_line
CT_0064_4K,CT_0064,CLINICAL_TRIALS,RETRIEVAL_CALCULATION,4K,SUCCESS,4334,6,0.290400811471045,7255109120,23746052096,True,False,False,usable_answer_line
CT_0064_64K,CT_0064,CLINICAL_TRIALS,RETRIEVAL_CALCULATION,64K,SUCCESS,65204,6,7.758937742561102,18755494400,23746052096,True,False,False,usable_answer_line
CT_0064_82K,CT_0064,CLINICAL_TRIALS,RETRIEVAL_CALCULATION,82K,SUCCESS,81740,6,11.150741870515049,21880990208,23746052096,True,False,False,usable_answer_line
CT_0064_8K,CT_0064,CLINICAL_TRIALS,RETRIEVAL_CALCULATION,8K,SUCCESS,8392,6,0.5671878308057785,8020300288,23746052096,True,False,False,usable_answer_line
CT_0065_16K,CT_0065,CLINICAL_TRIALS,RETRIEVAL_CALCULATION,16K,SUCCESS,16461,6,1.1814223248511553,9545854464,23746052096,True,False,False,usable_answer_line
CT_0065_32K,CT_0065,CLINICAL_TRIALS,RETRIEVAL_CALCULATION,32K,SUCCESS,32721,7,2.8191872304305434,12618855936,23746052096,True,False,False,usable_answer_line
CT_0065_4K,CT_0065,CLINICAL_TRIALS,RETRIEVAL_CALCULATION,4K,SUCCESS,4327,6,0.29570637736469507,7253800960,23746052096,True,False,False,usable_answer_line
CT_0065_64K,CT_0065,CLINICAL_TRIALS,RETRIEVAL_CALCULATION,64K,SUCCESS,65205,7,7.806780517101288,18755683840,23746052096,True,False,False,usable_answer_line
CT_0065_82K,CT_0065,CLINICAL_TRIALS,RETRIEVAL_CALCULATION,82K,SUCCESS,81668,7,11.18130461871624,21866533376,23746052096,True,False,False,usable_answer_line
CT_0065_8K,CT_0065,CLINICAL_TRIALS,RETRIEVAL_CALCULATION,8K,SUCCESS,8350,6,0.570890648290515,8012363264,23746052096,True,False,False,usable_answer_line
CT_0066_16K,CT_0066,CLINICAL_TRIALS,RETRIEVAL_CALCULATION,16K,SUCCESS,16476,7,1.1969090402126312,9548442112,23746052096,True,False,False,usable_answer_line
CT_0066_32K,CT_0066,CLINICAL_TRIALS,RETRIEVAL_CALCULATION,32K,SUCCESS,32667,6,2.7879058895632625,12607304192,23746052096,True,False,False,usable_answer_line
CT_0066_4K,CT_0066,CLINICAL_TRIALS,RETRIEVAL_CALCULATION,4K,SUCCESS,4269,7,0.2965137520805001,7242959872,23746052096,True,False,False,usable_answer_line
CT_0066_64K,CT_0066,CLINICAL_TRIALS,RETRIEVAL_CALCULATION,64K,SUCCESS,65181,7,7.785989089868963,18751149568,23746052096,True,False,False,usable_answer_line
CT_0066_82K,CT_0066,CLINICAL_TRIALS,RETRIEVAL_CALCULATION,82K,SUCCESS,81766,7,11.199015957303345,21885476352,23746052096,True,False,False,usable_answer_line
CT_0066_8K,CT_0066,CLINICAL_TRIALS,RETRIEVAL_CALCULATION,8K,SUCCESS,8316,6,0.5637398110702634,8005937664,23746052096,True,False,False,usable_answer_line
CT_0067_16K,CT_0067,CLINICAL_TRIALS,RETRIEVAL_CALCULATION,16K,SUCCESS,16510,6,1.1809331336989999,9554308608,23725080576,True,False,False,usable_answer_line
CT_0067_32K,CT_0067,CLINICAL_TRIALS,RETRIEVAL_CALCULATION,32K,SUCCESS,32741,6,2.7922598542645574,12622061056,23746052096,True,False,False,usable_answer_line
CT_0067_4K,CT_0067,CLINICAL_TRIALS,RETRIEVAL_CALCULATION,4K,SUCCESS,4283,6,0.28968933317810297,7245576192,23746052096,True,False,False,usable_answer_line
CT_0067_64K,CT_0067,CLINICAL_TRIALS,RETRIEVAL_CALCULATION,64K,SUCCESS,65157,6,7.753491503186524,18746615296,23746052096,True,False,False,usable_answer_line
CT_0067_82K,CT_0067,CLINICAL_TRIALS,RETRIEVAL_CALCULATION,82K,SUCCESS,81694,6,11.170881032012403,21871445504,23746052096,True,False,False,usable_answer_line
CT_0067_8K,CT_0067,CLINICAL_TRIALS,RETRIEVAL_CALCULATION,8K,SUCCESS,8368,6,0.5715127196162939,8015763968,23746052096,True,False,False,usable_answer_line
CT_0068_16K,CT_0068,CLINICAL_TRIALS,RETRIEVAL_CALCULATION,16K,SUCCESS,16463,7,1.197181910276413,9546199552,23746052096,True,False,False,usable_answer_line
CT_0068_32K,CT_0068,CLINICAL_TRIALS,RETRIEVAL_CALCULATION,32K,SUCCESS,32724,7,2.8118125461041927,12619336192,23746052096,True,False,False,usable_answer_line
CT_0068_4K,CT_0068,CLINICAL_TRIALS,RETRIEVAL_CALCULATION,4K,SUCCESS,4279,7,0.2959193307906389,7244828672,23746052096,True,False,False,usable_answer_line
CT_0068_64K,CT_0068,CLINICAL_TRIALS,RETRIEVAL_CALCULATION,64K,SUCCESS,65194,7,7.777473574504256,18753605120,23725080576,True,False,False,usable_answer_line
CT_0068_82K,CT_0068,CLINICAL_TRIALS,RETRIEVAL_CALCULATION,82K,SUCCESS,81723,7,11.197414617985487,21876924928,23746052096,True,False,False,usable_answer_line
CT_0068_8K,CT_0068,CLINICAL_TRIALS,RETRIEVAL_CALCULATION,8K,SUCCESS,8381,7,0.5866685174405575,8018220544,23746052096,True,False,False,usable_answer_line
CT_0069_16K,CT_0069,CLINICAL_TRIALS,RETRIEVAL_CALCULATION,16K,SUCCESS,16480,6,1.1854757014662027,9549132288,23746052096,True,False,False,usable_answer_line
CT_0069_32K,CT_0069,CLINICAL_TRIALS,RETRIEVAL_CALCULATION,32K,SUCCESS,32718,6,2.7922114692628384,12618374656,23746052096,True,False,False,usable_answer_line
CT_0069_4K,CT_0069,CLINICAL_TRIALS,RETRIEVAL_CALCULATION,4K,SUCCESS,4242,6,0.28641459345817566,7237914112,23746052096,True,False,False,usable_answer_line
CT_0069_64K,CT_0069,CLINICAL_TRIALS,RETRIEVAL_CALCULATION,64K,SUCCESS,65190,6,7.745928258635104,18752849408,23746052096,True,False,False,usable_answer_line
CT_0069_82K,CT_0069,CLINICAL_TRIALS,RETRIEVAL_CALCULATION,82K,SUCCESS,81717,7,11.201469518244267,21875791360,23746052096,True,False,False,usable_answer_line
CT_0069_8K,CT_0069,CLINICAL_TRIALS,RETRIEVAL_CALCULATION,8K,SUCCESS,8316,6,0.5695410063490272,8005937664,23746052096,True,False,False,usable_answer_line
CT_0070_16K,CT_0070,CLINICAL_TRIALS,RETRIEVAL_CALCULATION,16K,SUCCESS,16479,7,1.194288239814341,9548960256,23746052096,True,False,False,usable_answer_line
CT_0070_32K,CT_0070,CLINICAL_TRIALS,RETRIEVAL_CALCULATION,32K,SUCCESS,32680,7,2.8080214811488986,12609759744,23746052096,True,False,False,usable_answer_line
CT_0070_4K,CT_0070,CLINICAL_TRIALS,RETRIEVAL_CALCULATION,4K,SUCCESS,4297,6,0.2931766612455249,7251248128,21588082688,True,False,False,usable_answer_line
CT_0070_64K,CT_0070,CLINICAL_TRIALS,RETRIEVAL_CALCULATION,64K,SUCCESS,65192,7,7.795152882114053,18753227264,23746052096,True,False,False,usable_answer_line
CT_0070_82K,CT_0070,CLINICAL_TRIALS,RETRIEVAL_CALCULATION,82K,SUCCESS,81685,7,11.199883347377181,21869745664,23746052096,True,False,False,usable_answer_line
CT_0070_8K,CT_0070,CLINICAL_TRIALS,RETRIEVAL_CALCULATION,8K,SUCCESS,8351,7,0.5860605556517839,8012552704,23746052096,True,False,False,usable_answer_line
CT_0071_16K,CT_0071,CLINICAL_TRIALS,RETRIEVAL_CALCULATION,16K,SUCCESS,16537,6,1.183606579899788,9559379456,23746052096,True,False,False,usable_answer_line
CT_0071_32K,CT_0071,CLINICAL_TRIALS,RETRIEVAL_CALCULATION,32K,SUCCESS,32759,6,2.790540519170463,12625314304,23746052096,True,False,False,usable_answer_line
CT_0071_4K,CT_0071,CLINICAL_TRIALS,RETRIEVAL_CALCULATION,4K,SUCCESS,4301,6,0.29651080071926117,7249771520,23746052096,True,False,False,usable_answer_line
CT_0071_64K,CT_0071,CLINICAL_TRIALS,RETRIEVAL_CALCULATION,64K,SUCCESS,65255,6,7.768025062046945,18765541888,23746052096,True,False,False,usable_answer_line
CT_0071_82K,CT_0071,CLINICAL_TRIALS,RETRIEVAL_CALCULATION,82K,SUCCESS,81751,6,11.191534598357975,21888934400,23968350208,True,False,False,usable_answer_line
CT_0071_8K,CT_0071,CLINICAL_TRIALS,RETRIEVAL_CALCULATION,8K,SUCCESS,8416,7,0.5874534817412496,8024834560,23746052096,True,False,False,usable_answer_line
CT_0072_16K,CT_0072,CLINICAL_TRIALS,RETRIEVAL_CALCULATION,16K,SUCCESS,16483,6,1.1856845365837216,9549650432,23746052096,True,False,False,usable_answer_line
CT_0072_32K,CT_0072,CLINICAL_TRIALS,RETRIEVAL_CALCULATION,32K,SUCCESS,32727,6,2.7882724786177278,12619817472,23746052096,True,False,False,usable_answer_line
CT_0072_4K,CT_0072,CLINICAL_TRIALS,RETRIEVAL_CALCULATION,4K,SUCCESS,4243,6,0.29419713746756315,7238100992,23746052096,True,False,False,usable_answer_line
CT_0072_64K,CT_0072,CLINICAL_TRIALS,RETRIEVAL_CALCULATION,64K,SUCCESS,65147,6,7.742183403111994,18744723968,23746052096,True,False,False,usable_answer_line
CT_0072_82K,CT_0072,CLINICAL_TRIALS,RETRIEVAL_CALCULATION,82K,SUCCESS,81735,6,11.175047867000103,21880128000,23746052096,True,False,False,usable_answer_line
CT_0072_8K,CT_0072,CLINICAL_TRIALS,RETRIEVAL_CALCULATION,8K,SUCCESS,8328,6,0.569742439314723,8008206848,23746052096,True,False,False,usable_answer_line
CT_0073_16K,CT_0073,CLINICAL_TRIALS,RETRIEVAL_CALCULATION,16K,SUCCESS,16458,7,1.1965789115056396,9545336320,23746052096,True,False,False,usable_answer_line
CT_0073_32K,CT_0073,CLINICAL_TRIALS,RETRIEVAL_CALCULATION,32K,SUCCESS,32676,7,2.817954164929688,12609004032,23746052096,True,False,False,usable_answer_line
CT_0073_4K,CT_0073,CLINICAL_TRIALS,RETRIEVAL_CALCULATION,4K,SUCCESS,4210,7,0.2989889970049262,7231931904,23746052096,True,False,False,usable_answer_line
CT_0073_64K,CT_0073,CLINICAL_TRIALS,RETRIEVAL_CALCULATION,64K,SUCCESS,65135,7,7.783962534740567,18742456832,23746052096,True,False,False,usable_answer_line
CT_0073_82K,CT_0073,CLINICAL_TRIALS,RETRIEVAL_CALCULATION,82K,SUCCESS,81749,7,11.205369161441922,21882543616,23746052096,True,False,False,usable_answer_line
CT_0073_8K,CT_0073,CLINICAL_TRIALS,RETRIEVAL_CALCULATION,8K,SUCCESS,8326,7,0.5841287411749363,8007828992,23746052096,True,False,False,usable_answer_line
CT_0074_16K,CT_0074,CLINICAL_TRIALS,ENTITY_UNIT_BINDING,16K,SUCCESS,16465,9,1.2231260826811194,9546544640,23746052096,True,False,False,usable_answer_line
CT_0074_32K,CT_0074,CLINICAL_TRIALS,ENTITY_UNIT_BINDING,32K,SUCCESS,32669,9,2.8507399056106806,12607682048,23746052096,True,False,False,usable_answer_line
CT_0074_4K,CT_0074,CLINICAL_TRIALS,ENTITY_UNIT_BINDING,4K,SUCCESS,4219,9,0.3148260796442628,7233613824,23746052096,True,False,False,usable_answer_line
CT_0074_64K,CT_0074,CLINICAL_TRIALS,ENTITY_UNIT_BINDING,64K,SUCCESS,65184,9,7.857606513425708,18751715840,23746052096,True,False,False,usable_answer_line
CT_0074_82K,CT_0074,CLINICAL_TRIALS,ENTITY_UNIT_BINDING,82K,SUCCESS,81775,9,11.289125444367528,21887029760,23746052096,True,False,False,usable_answer_line
CT_0074_8K,CT_0074,CLINICAL_TRIALS,ENTITY_UNIT_BINDING,8K,SUCCESS,8338,9,0.6034403443336487,8010096128,23746052096,True,False,False,usable_answer_line
CT_0075_16K,CT_0075,CLINICAL_TRIALS,ENTITY_UNIT_BINDING,16K,SUCCESS,16470,11,1.2539341086521745,9547406848,23746052096,True,False,False,usable_answer_line
CT_0075_32K,CT_0075,CLINICAL_TRIALS,ENTITY_UNIT_BINDING,32K,SUCCESS,32714,11,2.9026147220283747,12617848320,23746052096,True,False,False,usable_answer_line
CT_0075_4K,CT_0075,CLINICAL_TRIALS,ENTITY_UNIT_BINDING,4K,SUCCESS,4276,11,0.3455306217074394,7244268032,23746052096,True,False,False,usable_answer_line
CT_0075_64K,CT_0075,CLINICAL_TRIALS,ENTITY_UNIT_BINDING,64K,SUCCESS,65186,11,7.932381868362427,18752093696,23746052096,True,False,False,usable_answer_line
CT_0075_82K,CT_0075,CLINICAL_TRIALS,ENTITY_UNIT_BINDING,82K,SUCCESS,81775,11,11.370663464069366,21887029760,23746052096,True,False,False,usable_answer_line
CT_0075_8K,CT_0075,CLINICAL_TRIALS,ENTITY_UNIT_BINDING,8K,SUCCESS,8350,11,0.6310019670054317,8012363264,23746052096,True,False,False,usable_answer_line
CT_0076_16K,CT_0076,CLINICAL_TRIALS,ENTITY_UNIT_BINDING,16K,SUCCESS,16453,9,1.2283255802467465,9544474112,23746052096,True,False,False,usable_answer_line
CT_0076_32K,CT_0076,CLINICAL_TRIALS,ENTITY_UNIT_BINDING,32K,SUCCESS,32714,9,2.857506476342678,12617848320,23746052096,True,False,False,usable_answer_line
CT_0076_4K,CT_0076,CLINICAL_TRIALS,ENTITY_UNIT_BINDING,4K,SUCCESS,4264,9,0.3238475415855646,7242025472,23746052096,True,False,False,usable_answer_line
CT_0076_64K,CT_0076,CLINICAL_TRIALS,ENTITY_UNIT_BINDING,64K,SUCCESS,65179,9,7.872269254177809,18750771712,23746052096,True,False,False,usable_answer_line
CT_0076_82K,CT_0076,CLINICAL_TRIALS,ENTITY_UNIT_BINDING,82K,SUCCESS,81712,9,11.267299220897257,21874846208,23746052096,True,False,False,usable_answer_line
CT_0076_8K,CT_0076,CLINICAL_TRIALS,ENTITY_UNIT_BINDING,8K,SUCCESS,8336,9,0.6127839190885425,8009718272,23746052096,True,False,False,usable_answer_line
CT_0077_16K,CT_0077,CLINICAL_TRIALS,ENTITY_UNIT_BINDING,16K,SUCCESS,16466,11,1.272590234875679,9546716672,23746052096,True,False,False,usable_answer_line
CT_0077_32K,CT_0077,CLINICAL_TRIALS,ENTITY_UNIT_BINDING,32K,SUCCESS,32692,11,2.900503165088594,12613976576,23746052096,True,False,False,usable_answer_line
CT_0077_4K,CT_0077,CLINICAL_TRIALS,ENTITY_UNIT_BINDING,4K,SUCCESS,4280,11,0.3428555326536298,7245015552,23746052096,True,False,False,usable_answer_line
CT_0077_64K,CT_0077,CLINICAL_TRIALS,ENTITY_UNIT_BINDING,64K,SUCCESS,65162,11,7.938158515840769,18747559424,23746052096,True,False,False,usable_answer_line
CT_0077_82K,CT_0077,CLINICAL_TRIALS,ENTITY_UNIT_BINDING,82K,SUCCESS,81672,11,11.360996997915208,21867289088,23746052096,True,False,False,usable_answer_line
CT_0077_8K,CT_0077,CLINICAL_TRIALS,ENTITY_UNIT_BINDING,8K,SUCCESS,8288,11,0.632604667916894,8000647680,23746052096,True,False,False,usable_answer_line
CT_0078_16K,CT_0078,CLINICAL_TRIALS,ENTITY_UNIT_BINDING,16K,SUCCESS,16460,11,1.2563007716089487,9545681408,23746052096,True,False,False,usable_answer_line
CT_0078_32K,CT_0078,CLINICAL_TRIALS,ENTITY_UNIT_BINDING,32K,SUCCESS,32665,11,2.90347202681005,12606926336,23746052096,True,False,False,usable_answer_line
CT_0078_4K,CT_0078,CLINICAL_TRIALS,ENTITY_UNIT_BINDING,4K,SUCCESS,4287,11,0.3491521142423153,7246323712,23746052096,True,False,False,usable_answer_line
CT_0078_64K,CT_0078,CLINICAL_TRIALS,ENTITY_UNIT_BINDING,64K,SUCCESS,65165,11,7.930006152018905,18748126720,23746052096,True,False,False,usable_answer_line
CT_0078_82K,CT_0078,CLINICAL_TRIALS,ENTITY_UNIT_BINDING,82K,SUCCESS,81707,11,11.381823716685176,21873902080,23746052096,True,False,False,usable_answer_line
CT_0078_8K,CT_0078,CLINICAL_TRIALS,ENTITY_UNIT_BINDING,8K,SUCCESS,8349,11,0.6369966380298138,8012174848,23746052096,True,False,False,usable_answer_line
CT_0079_16K,CT_0079,CLINICAL_TRIALS,ENTITY_UNIT_BINDING,16K,SUCCESS,16474,11,1.2716846028342843,9548097024,23746052096,True,False,False,usable_answer_line
CT_0079_32K,CT_0079,CLINICAL_TRIALS,ENTITY_UNIT_BINDING,32K,SUCCESS,32681,11,2.9015638660639524,12609949184,23746052096,True,False,False,usable_answer_line
CT_0079_4K,CT_0079,CLINICAL_TRIALS,ENTITY_UNIT_BINDING,4K,SUCCESS,4269,11,0.34721222054213285,7242959872,23746052096,True,False,False,usable_answer_line
CT_0079_64K,CT_0079,CLINICAL_TRIALS,ENTITY_UNIT_BINDING,64K,SUCCESS,65163,11,7.95165597461164,18747748864,23746052096,True,False,False,usable_answer_line
CT_0079_82K,CT_0079,CLINICAL_TRIALS,ENTITY_UNIT_BINDING,82K,SUCCESS,81738,11,11.384643355384469,21880645120,23746052096,True,False,False,usable_answer_line
CT_0079_8K,CT_0079,CLINICAL_TRIALS,ENTITY_UNIT_BINDING,8K,SUCCESS,8303,11,0.6274916753172874,8003482112,23746052096,True,False,False,usable_answer_line
CT_0080_16K,CT_0080,CLINICAL_TRIALS,ENTITY_UNIT_BINDING,16K,SUCCESS,16412,11,1.260005109012127,9535758848,23746052096,True,False,False,usable_answer_line
CT_0080_32K,CT_0080,CLINICAL_TRIALS,ENTITY_UNIT_BINDING,32K,SUCCESS,32682,11,2.9023242592811584,12610137600,23746052096,True,False,False,usable_answer_line
CT_0080_4K,CT_0080,CLINICAL_TRIALS,ENTITY_UNIT_BINDING,4K,SUCCESS,4275,11,0.34591356199234724,7244081152,23746052096,True,False,False,usable_answer_line
CT_0080_64K,CT_0080,CLINICAL_TRIALS,ENTITY_UNIT_BINDING,64K,SUCCESS,65206,11,7.9383062133565545,18755872256,23746052096,True,False,False,usable_answer_line
CT_0080_82K,CT_0080,CLINICAL_TRIALS,ENTITY_UNIT_BINDING,82K,SUCCESS,81706,11,11.354595646262169,21873712640,23746052096,True,False,False,usable_answer_line
CT_0080_8K,CT_0080,CLINICAL_TRIALS,ENTITY_UNIT_BINDING,8K,SUCCESS,8365,11,0.6290269643068314,8015197696,23746052096,True,False,False,usable_answer_line
CT_0081_16K,CT_0081,CLINICAL_TRIALS,ENTITY_UNIT_BINDING,16K,SUCCESS,16439,11,1.2532294625416398,9540860416,23746052096,True,False,False,usable_answer_line
CT_0081_32K,CT_0081,CLINICAL_TRIALS,ENTITY_UNIT_BINDING,32K,SUCCESS,32667,11,2.8998853620141745,12607304192,23746052096,True,False,False,usable_answer_line
CT_0081_4K,CT_0081,CLINICAL_TRIALS,ENTITY_UNIT_BINDING,4K,SUCCESS,4247,11,0.3445240445435047,7239747584,23746052096,True,False,False,usable_answer_line
CT_0081_64K,CT_0081,CLINICAL_TRIALS,ENTITY_UNIT_BINDING,64K,SUCCESS,65170,11,7.93724755756557,18749070848,23746052096,True,False,False,usable_answer_line
CT_0081_82K,CT_0081,CLINICAL_TRIALS,ENTITY_UNIT_BINDING,82K,SUCCESS,81755,11,11.38837380334735,21883578880,23746052096,True,False,False,usable_answer_line
CT_0081_8K,CT_0081,CLINICAL_TRIALS,ENTITY_UNIT_BINDING,8K,SUCCESS,8374,11,0.6384304640814662,8016897536,23746052096,True,False,False,usable_answer_line
CT_0082_16K,CT_0082,CLINICAL_TRIALS,ENTITY_UNIT_BINDING,16K,SUCCESS,16388,9,1.2219215603545308,9531224576,23746052096,True,False,False,usable_answer_line
CT_0082_32K,CT_0082,CLINICAL_TRIALS,ENTITY_UNIT_BINDING,32K,SUCCESS,32633,9,2.8462449442595243,12601107968,23746052096,True,False,False,usable_answer_line
CT_0082_4K,CT_0082,CLINICAL_TRIALS,ENTITY_UNIT_BINDING,4K,SUCCESS,4282,9,0.3219167049974203,7245389312,23746052096,True,False,False,usable_answer_line
CT_0082_64K,CT_0082,CLINICAL_TRIALS,ENTITY_UNIT_BINDING,64K,SUCCESS,65154,11,7.929106378927827,18746048000,23746052096,True,False,False,usable_answer_line
CT_0082_82K,CT_0082,CLINICAL_TRIALS,ENTITY_UNIT_BINDING,82K,SUCCESS,81702,11,11.353749996982515,21872956928,23746052096,True,False,False,usable_answer_line
CT_0082_8K,CT_0082,CLINICAL_TRIALS,ENTITY_UNIT_BINDING,8K,SUCCESS,8284,9,0.6043358827009797,7999891968,23746052096,True,False,False,usable_answer_line
CT_0083_16K,CT_0083,CLINICAL_TRIALS,ENTITY_UNIT_BINDING,16K,SUCCESS,16485,9,1.2286804439499974,9549995520,20484980736,True,False,False,usable_answer_line
CT_0083_32K,CT_0083,CLINICAL_TRIALS,ENTITY_UNIT_BINDING,32K,SUCCESS,32725,9,2.8638954078778625,12619496960,23746052096,True,False,False,usable_answer_line
CT_0083_4K,CT_0083,CLINICAL_TRIALS,ENTITY_UNIT_BINDING,4K,SUCCESS,4269,9,0.32732539996504784,7242959872,23746052096,True,False,False,usable_answer_line
CT_0083_64K,CT_0083,CLINICAL_TRIALS,ENTITY_UNIT_BINDING,64K,SUCCESS,65207,11,7.940898769535124,18756061696,23746052096,True,False,False,usable_answer_line
CT_0083_82K,CT_0083,CLINICAL_TRIALS,ENTITY_UNIT_BINDING,82K,SUCCESS,81764,11,11.378946403972805,21885131264,23746052096,True,False,False,usable_answer_line
CT_0083_8K,CT_0083,CLINICAL_TRIALS,ENTITY_UNIT_BINDING,8K,SUCCESS,8308,9,0.6069287788122892,8004426240,23746052096,True,False,False,usable_answer_line
CT_0084_16K,CT_0084,CLINICAL_TRIALS,ENTITY_UNIT_BINDING,16K,SUCCESS,16461,10,1.236552681773901,9545854464,23746052096,True,False,False,usable_answer_line
CT_0084_32K,CT_0084,CLINICAL_TRIALS,ENTITY_UNIT_BINDING,32K,SUCCESS,32645,11,2.902441719546914,12603147776,23746052096,True,False,False,usable_answer_line
CT_0084_4K,CT_0084,CLINICAL_TRIALS,ENTITY_UNIT_BINDING,4K,SUCCESS,4294,11,0.33931397553533316,7247633920,23746052096,True,False,False,usable_answer_line
CT_0084_64K,CT_0084,CLINICAL_TRIALS,ENTITY_UNIT_BINDING,64K,SUCCESS,65178,11,7.9352309666574,18750582272,23746052096,True,False,False,usable_answer_line
CT_0084_82K,CT_0084,CLINICAL_TRIALS,ENTITY_UNIT_BINDING,82K,SUCCESS,81741,11,11.382589165121317,21881163264,23746052096,True,False,False,usable_answer_line
CT_0084_8K,CT_0084,CLINICAL_TRIALS,ENTITY_UNIT_BINDING,8K,SUCCESS,8298,11,0.632652728818357,8002536960,23746052096,True,False,False,usable_answer_line
CT_0085_16K,CT_0085,CLINICAL_TRIALS,ENTITY_UNIT_BINDING,16K,SUCCESS,16452,11,1.2590821348130703,9544301056,23746052096,True,False,False,usable_answer_line
CT_0085_32K,CT_0085,CLINICAL_TRIALS,ENTITY_UNIT_BINDING,32K,SUCCESS,32674,11,2.902552865445614,12608626176,23746052096,True,False,False,usable_answer_line
CT_0085_4K,CT_0085,CLINICAL_TRIALS,ENTITY_UNIT_BINDING,4K,SUCCESS,4290,11,0.35326314251869917,7246886400,23746052096,True,False,False,usable_answer_line
CT_0085_64K,CT_0085,CLINICAL_TRIALS,ENTITY_UNIT_BINDING,64K,SUCCESS,65188,11,7.939136023633182,18752471552,23746052096,True,False,False,usable_answer_line
CT_0085_82K,CT_0085,CLINICAL_TRIALS,ENTITY_UNIT_BINDING,82K,SUCCESS,81762,11,11.364085543900728,21884786176,23746052096,True,False,False,usable_answer_line
CT_0085_8K,CT_0085,CLINICAL_TRIALS,ENTITY_UNIT_BINDING,8K,SUCCESS,8344,11,0.6331143705174327,8011229696,23746052096,True,False,False,usable_answer_line
CT_0086_16K,CT_0086,CLINICAL_TRIALS,ENTITY_UNIT_BINDING,16K,SUCCESS,16453,9,1.2280056169256568,9544474112,23746052096,True,False,False,usable_answer_line
CT_0086_32K,CT_0086,CLINICAL_TRIALS,ENTITY_UNIT_BINDING,32K,SUCCESS,32683,9,2.854156346991658,12611371520,23746052096,True,False,False,usable_answer_line
CT_0086_4K,CT_0086,CLINICAL_TRIALS,ENTITY_UNIT_BINDING,4K,SUCCESS,4289,9,0.3204718120396137,7246699520,23746052096,True,False,False,usable_answer_line
CT_0086_64K,CT_0086,CLINICAL_TRIALS,ENTITY_UNIT_BINDING,64K,SUCCESS,65167,9,7.863947081379592,18748504576,23746052096,True,False,False,usable_answer_line
CT_0086_82K,CT_0086,CLINICAL_TRIALS,ENTITY_UNIT_BINDING,82K,SUCCESS,81690,9,11.292775234207511,21870689792,23746052096,True,False,False,usable_answer_line
CT_0086_8K,CT_0086,CLINICAL_TRIALS,ENTITY_UNIT_BINDING,8K,SUCCESS,8326,9,0.6096098562702537,8007828992,23746052096,True,False,False,usable_answer_line
CT_0087_16K,CT_0087,CLINICAL_TRIALS,ENTITY_UNIT_BINDING,16K,SUCCESS,16449,11,1.2580157341435552,9543783936,23746052096,True,False,False,usable_answer_line
CT_0087_32K,CT_0087,CLINICAL_TRIALS,ENTITY_UNIT_BINDING,32K,SUCCESS,32678,11,2.8976013772189617,12609381888,23746052096,True,False,False,usable_answer_line
CT_0087_4K,CT_0087,CLINICAL_TRIALS,ENTITY_UNIT_BINDING,4K,SUCCESS,4308,11,0.3492119014263153,7250749952,23746052096,True,False,False,usable_answer_line
CT_0087_64K,CT_0087,CLINICAL_TRIALS,ENTITY_UNIT_BINDING,64K,SUCCESS,65156,11,7.933200962841511,18746425856,23746052096,True,False,False,usable_answer_line
CT_0087_82K,CT_0087,CLINICAL_TRIALS,ENTITY_UNIT_BINDING,82K,SUCCESS,81687,11,11.38267204258591,21870123520,23746052096,True,False,False,usable_answer_line
CT_0087_8K,CT_0087,CLINICAL_TRIALS,ENTITY_UNIT_BINDING,8K,SUCCESS,8368,11,0.6370574729517102,8015763968,23746052096,True,False,False,usable_answer_line
CT_0088_16K,CT_0088,CLINICAL_TRIALS,ENTITY_UNIT_BINDING,16K,SUCCESS,16383,9,1.184639654122293,9530335744,23746052096,True,False,False,usable_answer_line
CT_0088_32K,CT_0088,CLINICAL_TRIALS,ENTITY_UNIT_BINDING,32K,SUCCESS,32690,9,2.8532133270055056,12612607488,23746052096,True,False,False,usable_answer_line
CT_0088_4K,CT_0088,CLINICAL_TRIALS,ENTITY_UNIT_BINDING,4K,SUCCESS,4243,9,0.3167973654344678,7238100992,23746052096,True,False,False,usable_answer_line
CT_0088_64K,CT_0088,CLINICAL_TRIALS,ENTITY_UNIT_BINDING,64K,SUCCESS,65162,9,7.858038566075265,18747559424,23746052096,True,False,False,usable_answer_line
CT_0088_82K,CT_0088,CLINICAL_TRIALS,ENTITY_UNIT_BINDING,82K,SUCCESS,81752,9,11.279968190006912,21883060736,23746052096,True,False,False,usable_answer_line
CT_0088_8K,CT_0088,CLINICAL_TRIALS,ENTITY_UNIT_BINDING,8K,SUCCESS,8334,9,0.6133613428100944,8009340416,23746052096,True,False,False,usable_answer_line
CT_0089_16K,CT_0089,CLINICAL_TRIALS,ENTITY_UNIT_BINDING,16K,SUCCESS,16441,11,1.2565757632255554,9541238272,23746052096,True,False,False,usable_answer_line
CT_0089_32K,CT_0089,CLINICAL_TRIALS,ENTITY_UNIT_BINDING,32K,SUCCESS,32626,11,2.895522520877421,12600014336,23746052096,True,False,False,usable_answer_line
CT_0089_4K,CT_0089,CLINICAL_TRIALS,ENTITY_UNIT_BINDING,4K,SUCCESS,4234,11,0.34280459117144346,7236419072,23746052096,True,False,False,usable_answer_line
CT_0089_64K,CT_0089,CLINICAL_TRIALS,ENTITY_UNIT_BINDING,64K,SUCCESS,65122,11,7.924823194742203,18740000256,23746052096,True,False,False,usable_answer_line
CT_0089_82K,CT_0089,CLINICAL_TRIALS,ENTITY_UNIT_BINDING,82K,SUCCESS,81768,11,11.389455305412412,21885821440,23746052096,True,False,False,usable_answer_line
CT_0089_8K,CT_0089,CLINICAL_TRIALS,ENTITY_UNIT_BINDING,8K,SUCCESS,8316,11,0.6321368124336004,8005937664,23746052096,True,False,False,usable_answer_line
CT_0090_16K,CT_0090,CLINICAL_TRIALS,ENTITY_UNIT_BINDING,16K,SUCCESS,16478,7,1.1960882609710097,9548787200,23746052096,True,False,False,usable_answer_line
CT_0090_32K,CT_0090,CLINICAL_TRIALS,ENTITY_UNIT_BINDING,32K,SUCCESS,32756,7,2.8185212472453713,12624955904,23746052096,True,False,False,usable_answer_line
CT_0090_4K,CT_0090,CLINICAL_TRIALS,ENTITY_UNIT_BINDING,4K,SUCCESS,4276,7,0.2942573921754956,7244268032,23746052096,True,False,False,usable_answer_line
CT_0090_64K,CT_0090,CLINICAL_TRIALS,ENTITY_UNIT_BINDING,64K,SUCCESS,65189,7,7.790501358918846,18752660992,23746052096,True,False,False,usable_answer_line
CT_0090_82K,CT_0090,CLINICAL_TRIALS,ENTITY_UNIT_BINDING,82K,SUCCESS,81717,7,11.200279167853296,21875791360,23746052096,True,False,False,usable_answer_line
CT_0090_8K,CT_0090,CLINICAL_TRIALS,ENTITY_UNIT_BINDING,8K,SUCCESS,8407,7,0.584821636788547,8023134720,23746052096,True,False,False,usable_answer_line
CT_0091_16K,CT_0091,CLINICAL_TRIALS,ENTITY_UNIT_BINDING,16K,SUCCESS,16554,9,1.2325043138116598,9562590720,23746052096,True,False,False,usable_answer_line
CT_0091_32K,CT_0091,CLINICAL_TRIALS,ENTITY_UNIT_BINDING,32K,SUCCESS,32757,9,2.8589288471266627,12625075712,23746052096,True,False,False,usable_answer_line
CT_0091_4K,CT_0091,CLINICAL_TRIALS,ENTITY_UNIT_BINDING,4K,SUCCESS,4359,9,0.32717494294047356,7259783168,23746052096,True,False,False,usable_answer_line
CT_0091_64K,CT_0091,CLINICAL_TRIALS,ENTITY_UNIT_BINDING,64K,SUCCESS,65279,9,7.878739240579307,18769682944,23746052096,True,False,False,usable_answer_line
CT_0091_82K,CT_0091,CLINICAL_TRIALS,ENTITY_UNIT_BINDING,82K,SUCCESS,81742,9,11.307439591735601,21881335296,23746052096,True,False,False,usable_answer_line
CT_0091_8K,CT_0091,CLINICAL_TRIALS,ENTITY_UNIT_BINDING,8K,SUCCESS,8414,9,0.6096618054434657,8024456704,23746052096,True,False,False,usable_answer_line
CT_0092_16K,CT_0092,CLINICAL_TRIALS,ENTITY_UNIT_BINDING,16K,SUCCESS,16501,8,1.2133022285997868,9552756224,23746052096,True,False,False,usable_answer_line
CT_0092_32K,CT_0092,CLINICAL_TRIALS,ENTITY_UNIT_BINDING,32K,SUCCESS,32725,8,2.8368493681773543,12619496960,23746052096,True,False,False,usable_answer_line
CT_0092_4K,CT_0092,CLINICAL_TRIALS,ENTITY_UNIT_BINDING,4K,SUCCESS,4325,8,0.3201637016609311,7253427200,23746052096,True,False,False,usable_answer_line
CT_0092_64K,CT_0092,CLINICAL_TRIALS,ENTITY_UNIT_BINDING,64K,SUCCESS,65201,8,7.823084509931505,18754928128,23746052096,True,False,False,usable_answer_line
CT_0092_82K,CT_0092,CLINICAL_TRIALS,ENTITY_UNIT_BINDING,82K,SUCCESS,81749,8,11.248036004602909,21882543616,23746052096,True,False,False,usable_answer_line
CT_0092_8K,CT_0092,CLINICAL_TRIALS,ENTITY_UNIT_BINDING,8K,SUCCESS,8359,8,0.5935028363019228,8014064128,23746052096,True,False,False,usable_answer_line
CT_0093_16K,CT_0093,CLINICAL_TRIALS,ENTITY_UNIT_BINDING,16K,SUCCESS,16460,8,1.2124449601396918,9545681408,23746052096,True,False,False,usable_answer_line
CT_0093_32K,CT_0093,CLINICAL_TRIALS,ENTITY_UNIT_BINDING,32K,SUCCESS,32737,8,2.8356660855934024,12621420032,23746052096,True,False,False,usable_answer_line
CT_0093_4K,CT_0093,CLINICAL_TRIALS,ENTITY_UNIT_BINDING,4K,SUCCESS,4321,8,0.3215471375733614,7252679680,23746052096,True,False,False,usable_answer_line
CT_0093_64K,CT_0093,CLINICAL_TRIALS,ENTITY_UNIT_BINDING,64K,SUCCESS,65221,7,7.808172690682113,18759675392,23746052096,True,False,False,usable_answer_line
CT_0093_82K,CT_0093,CLINICAL_TRIALS,ENTITY_UNIT_BINDING,82K,SUCCESS,81767,8,11.258902050554752,21885649408,23746052096,True,False,False,usable_answer_line
CT_0093_8K,CT_0093,CLINICAL_TRIALS,ENTITY_UNIT_BINDING,8K,SUCCESS,8379,8,0.6088263895362616,8017842688,23746052096,True,False,False,usable_answer_line
CT_0094_16K,CT_0094,CLINICAL_TRIALS,ENTITY_UNIT_BINDING,16K,SUCCESS,16498,7,1.1948821656405926,9552238080,23746052096,True,False,False,usable_answer_line
CT_0094_32K,CT_0094,CLINICAL_TRIALS,ENTITY_UNIT_BINDING,32K,SUCCESS,32700,7,2.805503028444946,12615062016,23746052096,True,False,False,usable_answer_line
CT_0094_4K,CT_0094,CLINICAL_TRIALS,ENTITY_UNIT_BINDING,4K,SUCCESS,4326,7,0.3096890989691019,7253614080,23746052096,True,False,False,usable_answer_line
CT_0094_64K,CT_0094,CLINICAL_TRIALS,ENTITY_UNIT_BINDING,64K,SUCCESS,65214,7,7.786497567780316,18757383680,23746052096,True,False,False,usable_answer_line
CT_0094_82K,CT_0094,CLINICAL_TRIALS,ENTITY_UNIT_BINDING,82K,SUCCESS,81677,7,11.191145922988653,21868234240,23746052096,True,False,False,usable_answer_line
CT_0094_8K,CT_0094,CLINICAL_TRIALS,ENTITY_UNIT_BINDING,8K,SUCCESS,8382,7,0.5672072311863303,8018408960,23746052096,True,False,False,usable_answer_line
CT_0095_16K,CT_0095,CLINICAL_TRIALS,ENTITY_UNIT_BINDING,16K,SUCCESS,16516,8,1.2161624617874622,9555411456,23746052096,True,False,False,usable_answer_line
CT_0095_32K,CT_0095,CLINICAL_TRIALS,ENTITY_UNIT_BINDING,32K,SUCCESS,32737,8,2.842953648418188,12621420032,23746052096,True,False,False,usable_answer_line
CT_0095_4K,CT_0095,CLINICAL_TRIALS,ENTITY_UNIT_BINDING,4K,SUCCESS,4344,8,0.3075407715514302,7256977920,23746052096,True,False,False,usable_answer_line
CT_0095_64K,CT_0095,CLINICAL_TRIALS,ENTITY_UNIT_BINDING,64K,SUCCESS,65198,7,7.806428290903568,18754360832,23746052096,True,False,False,usable_answer_line
CT_0095_82K,CT_0095,CLINICAL_TRIALS,ENTITY_UNIT_BINDING,82K,SUCCESS,81799,8,11.265954917296767,21891287552,23746052096,True,False,False,usable_answer_line
CT_0095_8K,CT_0095,CLINICAL_TRIALS,ENTITY_UNIT_BINDING,8K,SUCCESS,8343,8,0.5967978201806545,8011041280,23746052096,True,False,False,usable_answer_line
CT_0096_16K,CT_0096,CLINICAL_TRIALS,ENTITY_UNIT_BINDING,16K,SUCCESS,16457,7,1.1940885065123439,9545164288,23746052096,True,False,False,usable_answer_line
CT_0096_32K,CT_0096,CLINICAL_TRIALS,ENTITY_UNIT_BINDING,32K,SUCCESS,32707,7,2.8184663159772754,12617013760,23746052096,True,False,False,usable_answer_line
CT_0096_4K,CT_0096,CLINICAL_TRIALS,ENTITY_UNIT_BINDING,4K,SUCCESS,4290,7,0.2930753668770194,7246886400,23746052096,True,False,False,usable_answer_line
CT_0096_64K,CT_0096,CLINICAL_TRIALS,ENTITY_UNIT_BINDING,64K,SUCCESS,65238,7,7.800935124978423,18762608128,23746052096,True,False,False,usable_answer_line
CT_0096_82K,CT_0096,CLINICAL_TRIALS,ENTITY_UNIT_BINDING,82K,SUCCESS,81702,7,11.199755249544978,21872956928,23746052096,True,False,False,usable_answer_line
CT_0096_8K,CT_0096,CLINICAL_TRIALS,ENTITY_UNIT_BINDING,8K,SUCCESS,8365,7,0.5850306786596775,8015197696,23746052096,True,False,False,usable_answer_line
CT_0097_16K,CT_0097,CLINICAL_TRIALS,ENTITY_UNIT_BINDING,16K,SUCCESS,16516,7,1.198330383747816,9555411456,23746052096,True,False,False,usable_answer_line
CT_0097_32K,CT_0097,CLINICAL_TRIALS,ENTITY_UNIT_BINDING,32K,SUCCESS,32809,7,2.849464031867683,12634136064,23746052096,True,False,False,usable_answer_line
CT_0097_4K,CT_0097,CLINICAL_TRIALS,ENTITY_UNIT_BINDING,4K,SUCCESS,4355,7,0.3074545096606016,7259035648,23746052096,True,False,False,usable_answer_line
CT_0097_64K,CT_0097,CLINICAL_TRIALS,ENTITY_UNIT_BINDING,64K,SUCCESS,65288,7,7.814133699052036,18771368448,23746052096,True,False,False,usable_answer_line
CT_0097_82K,CT_0097,CLINICAL_TRIALS,ENTITY_UNIT_BINDING,82K,SUCCESS,81758,7,11.202910071238875,21884096000,23746052096,True,False,False,usable_answer_line
CT_0097_8K,CT_0097,CLINICAL_TRIALS,ENTITY_UNIT_BINDING,8K,SUCCESS,8448,7,0.576803139410913,8030880256,23746052096,True,False,False,usable_answer_line
CT_0098_16K,CT_0098,CLINICAL_TRIALS,ENTITY_UNIT_BINDING,16K,SUCCESS,16558,9,1.2323843203485012,9563346432,23746052096,True,False,False,usable_answer_line
CT_0098_32K,CT_0098,CLINICAL_TRIALS,ENTITY_UNIT_BINDING,32K,SUCCESS,32787,9,2.8944413838908076,12629979648,23746052096,True,False,False,usable_answer_line
CT_0098_4K,CT_0098,CLINICAL_TRIALS,ENTITY_UNIT_BINDING,4K,SUCCESS,4336,9,0.32502608001232147,7255482880,23746052096,True,False,False,usable_answer_line
CT_0098_64K,CT_0098,CLINICAL_TRIALS,ENTITY_UNIT_BINDING,64K,SUCCESS,65255,7,7.810020032338798,18765541888,23746052096,True,False,False,usable_answer_line
CT_0098_82K,CT_0098,CLINICAL_TRIALS,ENTITY_UNIT_BINDING,82K,SUCCESS,81755,9,11.288487104699016,21883578880,23746052096,True,False,False,usable_answer_line
CT_0098_8K,CT_0098,CLINICAL_TRIALS,ENTITY_UNIT_BINDING,8K,SUCCESS,8459,9,0.6104565560817719,8032961024,23746052096,True,False,False,usable_answer_line
CT_0099_16K,CT_0099,CLINICAL_TRIALS,ENTITY_UNIT_BINDING,16K,SUCCESS,16527,8,1.2163480669260025,9557490176,23746052096,True,False,False,usable_answer_line
CT_0099_32K,CT_0099,CLINICAL_TRIALS,ENTITY_UNIT_BINDING,32K,SUCCESS,32762,8,2.8057308001443744,12625720832,13704888320,True,False,False,usable_answer_line
CT_0099_4K,CT_0099,CLINICAL_TRIALS,ENTITY_UNIT_BINDING,4K,SUCCESS,4325,8,0.31394294649362564,7253427200,23746052096,True,False,False,usable_answer_line
CT_0099_64K,CT_0099,CLINICAL_TRIALS,ENTITY_UNIT_BINDING,64K,SUCCESS,65257,8,7.840262743644416,18765886976,23746052096,True,False,False,usable_answer_line
CT_0099_82K,CT_0099,CLINICAL_TRIALS,ENTITY_UNIT_BINDING,82K,SUCCESS,81679,8,11.219373458996415,21868612096,23746052096,True,False,False,usable_answer_line
CT_0099_8K,CT_0099,CLINICAL_TRIALS,ENTITY_UNIT_BINDING,8K,SUCCESS,8390,8,0.600386144593358,8019922432,23746052096,True,False,False,usable_answer_line
CT_0100_16K,CT_0100,CLINICAL_TRIALS,ENTITY_UNIT_BINDING,16K,SUCCESS,16495,8,1.2115863058716059,9551720960,23746052096,True,False,False,usable_answer_line
CT_0100_32K,CT_0100,CLINICAL_TRIALS,ENTITY_UNIT_BINDING,32K,SUCCESS,32735,8,2.8360099708661437,12621099520,23746052096,True,False,False,usable_answer_line
CT_0100_4K,CT_0100,CLINICAL_TRIALS,ENTITY_UNIT_BINDING,4K,SUCCESS,4311,8,0.31062317825853825,7251169280,23746052096,True,False,False,usable_answer_line
CT_0100_64K,CT_0100,CLINICAL_TRIALS,ENTITY_UNIT_BINDING,64K,SUCCESS,65186,8,7.833059215918183,18752093696,23746052096,True,False,False,usable_answer_line
CT_0100_82K,CT_0100,CLINICAL_TRIALS,ENTITY_UNIT_BINDING,82K,SUCCESS,81704,7,11.200572446919978,21873334784,23746052096,True,False,False,usable_answer_line
CT_0100_8K,CT_0100,CLINICAL_TRIALS,ENTITY_UNIT_BINDING,8K,SUCCESS,8355,8,0.5944015514105558,8013308416,23746052096,True,False,False,usable_answer_line
CT_0101_16K,CT_0101,CLINICAL_TRIALS,ENTITY_UNIT_BINDING,16K,SUCCESS,16501,7,1.194531581364572,9552756224,23746052096,True,False,False,usable_answer_line
CT_0101_32K,CT_0101,CLINICAL_TRIALS,ENTITY_UNIT_BINDING,32K,SUCCESS,32737,7,2.814035185612738,12621420032,23746052096,True,False,False,usable_answer_line
CT_0101_4K,CT_0101,CLINICAL_TRIALS,ENTITY_UNIT_BINDING,4K,SUCCESS,4340,7,0.3073220532387495,7256230400,23746052096,True,False,False,usable_answer_line
CT_0101_64K,CT_0101,CLINICAL_TRIALS,ENTITY_UNIT_BINDING,64K,SUCCESS,65206,7,7.795319776982069,18755872256,23746052096,True,False,False,usable_answer_line
CT_0101_82K,CT_0101,CLINICAL_TRIALS,ENTITY_UNIT_BINDING,82K,SUCCESS,81748,7,11.191447852179408,21882370560,23746052096,True,False,False,usable_answer_line
CT_0101_8K,CT_0101,CLINICAL_TRIALS,ENTITY_UNIT_BINDING,8K,SUCCESS,8396,8,0.6035668468102813,8021056000,23746052096,True,False,False,usable_answer_line
CT_0102_16K,CT_0102,CLINICAL_TRIALS,ENTITY_UNIT_BINDING,16K,SUCCESS,16506,7,1.1969011444598436,9553618432,23746052096,True,False,False,usable_answer_line
CT_0102_32K,CT_0102,CLINICAL_TRIALS,ENTITY_UNIT_BINDING,32K,SUCCESS,32728,7,2.812868651933968,12619977216,23746052096,True,False,False,usable_answer_line
CT_0102_4K,CT_0102,CLINICAL_TRIALS,ENTITY_UNIT_BINDING,4K,SUCCESS,4324,7,0.3057199837639928,7253240320,23746052096,True,False,False,usable_answer_line
CT_0102_64K,CT_0102,CLINICAL_TRIALS,ENTITY_UNIT_BINDING,64K,SUCCESS,65226,7,7.847334965132177,18767615488,23704109056,True,False,False,usable_answer_line
CT_0102_82K,CT_0102,CLINICAL_TRIALS,ENTITY_UNIT_BINDING,82K,SUCCESS,81757,7,11.20279083866626,21889658368,23725080576,True,False,False,usable_answer_line
CT_0102_8K,CT_0102,CLINICAL_TRIALS,ENTITY_UNIT_BINDING,8K,SUCCESS,8388,7,0.5829187035560608,8019544576,23746052096,True,False,False,usable_answer_line
CT_0103_16K,CT_0103,CLINICAL_TRIALS,ENTITY_UNIT_BINDING,16K,SUCCESS,16505,8,1.2129794610664248,9553446400,23746052096,True,False,False,usable_answer_line
CT_0103_32K,CT_0103,CLINICAL_TRIALS,ENTITY_UNIT_BINDING,32K,SUCCESS,32716,7,2.811711977235973,12618086912,23746052096,True,False,False,usable_answer_line
CT_0103_4K,CT_0103,CLINICAL_TRIALS,ENTITY_UNIT_BINDING,4K,SUCCESS,4308,8,0.31884923577308655,7250749952,23746052096,True,False,False,usable_answer_line
CT_0103_64K,CT_0103,CLINICAL_TRIALS,ENTITY_UNIT_BINDING,64K,SUCCESS,65185,8,7.827723490074277,18751905280,23746052096,True,False,False,usable_answer_line
CT_0103_82K,CT_0103,CLINICAL_TRIALS,ENTITY_UNIT_BINDING,82K,SUCCESS,81737,7,11.205297349020839,21880473088,23746052096,True,False,False,usable_answer_line
CT_0103_8K,CT_0103,CLINICAL_TRIALS,ENTITY_UNIT_BINDING,8K,SUCCESS,8390,8,0.5981660783290863,8019922432,23746052096,True,False,False,usable_answer_line
CT_0104_16K,CT_0104,CLINICAL_TRIALS,ENTITY_UNIT_BINDING,16K,SUCCESS,16495,7,1.2034499123692513,9551720960,23746052096,True,False,False,usable_answer_line
CT_0104_32K,CT_0104,CLINICAL_TRIALS,ENTITY_UNIT_BINDING,32K,SUCCESS,32713,7,2.82267555501312,12617729536,23746052096,True,False,False,usable_answer_line
CT_0104_4K,CT_0104,CLINICAL_TRIALS,ENTITY_UNIT_BINDING,4K,SUCCESS,4322,7,0.30424697045236826,7252866560,23746052096,True,False,False,usable_answer_line
CT_0104_64K,CT_0104,CLINICAL_TRIALS,ENTITY_UNIT_BINDING,64K,SUCCESS,65226,7,7.8036252791062,18760537600,23746052096,True,False,False,usable_answer_line
CT_0104_82K,CT_0104,CLINICAL_TRIALS,ENTITY_UNIT_BINDING,82K,SUCCESS,81705,7,11.188799856230617,21873524224,23746052096,True,False,False,usable_answer_line
CT_0104_8K,CT_0104,CLINICAL_TRIALS,ENTITY_UNIT_BINDING,8K,SUCCESS,8351,7,0.5818206863477826,8012552704,23746052096,True,False,False,usable_answer_line
CT_0105_16K,CT_0105,CLINICAL_TRIALS,ENTITY_UNIT_BINDING,16K,SUCCESS,16504,7,1.198359228670597,9553273344,23746052096,True,False,False,usable_answer_line
CT_0105_32K,CT_0105,CLINICAL_TRIALS,ENTITY_UNIT_BINDING,32K,SUCCESS,32766,7,2.816292484290898,12626148864,23746052096,True,False,False,usable_answer_line
CT_0105_4K,CT_0105,CLINICAL_TRIALS,ENTITY_UNIT_BINDING,4K,SUCCESS,4351,7,0.3094989834353328,7258286080,23746052096,True,False,False,usable_answer_line
CT_0105_64K,CT_0105,CLINICAL_TRIALS,ENTITY_UNIT_BINDING,64K,SUCCESS,65264,7,7.800260712392628,18767094272,23746052096,True,False,False,usable_answer_line
CT_0105_82K,CT_0105,CLINICAL_TRIALS,ENTITY_UNIT_BINDING,82K,SUCCESS,81744,7,11.216061670333147,21881680384,23746052096,True,False,False,usable_answer_line
CT_0105_8K,CT_0105,CLINICAL_TRIALS,ENTITY_UNIT_BINDING,8K,SUCCESS,8377,7,0.5835509644821286,8017464832,23746052096,True,False,False,usable_answer_line
CT_0106_16K,CT_0106,CLINICAL_TRIALS,UNANSWERABLE,16K,SUCCESS,16485,6,1.185537806712091,9549995520,23746052096,True,False,False,usable_answer_line
CT_0106_32K,CT_0106,CLINICAL_TRIALS,UNANSWERABLE,32K,SUCCESS,32724,6,2.791498058475554,12619336192,23746052096,True,False,False,usable_answer_line
CT_0106_4K,CT_0106,CLINICAL_TRIALS,UNANSWERABLE,4K,SUCCESS,4304,10,0.34339315071702003,7250190848,23746052096,True,False,False,usable_answer_line
CT_0106_64K,CT_0106,CLINICAL_TRIALS,UNANSWERABLE,64K,SUCCESS,65168,6,7.736368672922254,18748692992,22628270080,True,False,False,usable_answer_line
CT_0106_82K,CT_0106,CLINICAL_TRIALS,UNANSWERABLE,82K,SUCCESS,81656,7,11.165557634085417,21864264192,23746052096,True,False,False,usable_answer_line
CT_0106_8K,CT_0106,CLINICAL_TRIALS,UNANSWERABLE,8K,SUCCESS,8364,6,0.571638292632997,8015008256,23746052096,True,False,False,usable_answer_line
CT_0107_16K,CT_0107,CLINICAL_TRIALS,UNANSWERABLE,16K,SUCCESS,16424,6,1.1738431947305799,9538025984,23746052096,True,False,False,usable_answer_line
CT_0107_32K,CT_0107,CLINICAL_TRIALS,UNANSWERABLE,32K,SUCCESS,32692,7,2.8085313718765974,12613976576,23746052096,True,False,False,usable_answer_line
CT_0107_4K,CT_0107,CLINICAL_TRIALS,UNANSWERABLE,4K,SUCCESS,4291,6,0.29759009927511215,7247073280,23704109056,True,False,False,usable_answer_line
CT_0107_64K,CT_0107,CLINICAL_TRIALS,UNANSWERABLE,64K,SUCCESS,65147,7,7.7792586060240865,18744723968,23746052096,True,False,False,usable_answer_line
CT_0107_82K,CT_0107,CLINICAL_TRIALS,UNANSWERABLE,82K,SUCCESS,81739,7,11.210084831342101,21880818176,23746052096,True,False,False,usable_answer_line
CT_0107_8K,CT_0107,CLINICAL_TRIALS,UNANSWERABLE,8K,SUCCESS,8339,6,0.5623746775090694,8010285568,23746052096,True,False,False,usable_answer_line
CT_0108_16K,CT_0108,CLINICAL_TRIALS,UNANSWERABLE,16K,SUCCESS,16409,6,1.1747515508905053,9535192576,23746052096,True,False,False,usable_answer_line
CT_0108_32K,CT_0108,CLINICAL_TRIALS,UNANSWERABLE,32K,SUCCESS,32702,6,2.785621391609311,12615333376,23746052096,True,False,False,usable_answer_line
CT_0108_4K,CT_0108,CLINICAL_TRIALS,UNANSWERABLE,4K,SUCCESS,4226,6,0.283014964312315,7234924032,23746052096,True,False,False,usable_answer_line
CT_0108_64K,CT_0108,CLINICAL_TRIALS,UNANSWERABLE,64K,SUCCESS,65162,7,7.800299298018217,18747559424,23746052096,True,False,False,usable_answer_line
CT_0108_82K,CT_0108,CLINICAL_TRIALS,UNANSWERABLE,82K,SUCCESS,81795,7,11.224475046619773,21890531840,23746052096,True,False,False,usable_answer_line
CT_0108_8K,CT_0108,CLINICAL_TRIALS,UNANSWERABLE,8K,SUCCESS,8346,7,0.5785330915823579,8011607552,23746052096,True,False,False,usable_answer_line
CT_0109_16K,CT_0109,CLINICAL_TRIALS,UNANSWERABLE,16K,SUCCESS,16443,11,1.25399689655751,9541616128,23746052096,True,False,False,usable_answer_line
CT_0109_32K,CT_0109,CLINICAL_TRIALS,UNANSWERABLE,32K,SUCCESS,32684,11,2.9016895527020097,12611547648,23746052096,True,False,False,usable_answer_line
CT_0109_4K,CT_0109,CLINICAL_TRIALS,UNANSWERABLE,4K,SUCCESS,4238,11,0.34829010255634785,7237166592,23746052096,True,False,False,usable_answer_line
CT_0109_64K,CT_0109,CLINICAL_TRIALS,UNANSWERABLE,64K,SUCCESS,65129,11,7.915317135863006,18741323264,23746052096,True,False,False,usable_answer_line
CT_0109_82K,CT_0109,CLINICAL_TRIALS,UNANSWERABLE,82K,SUCCESS,81745,11,11.385674573481083,21881853440,23746052096,True,False,False,usable_answer_line
CT_0109_8K,CT_0109,CLINICAL_TRIALS,UNANSWERABLE,8K,SUCCESS,8270,11,0.6297952644526958,7997427200,23746052096,True,False,False,usable_answer_line
CT_0110_16K,CT_0110,CLINICAL_TRIALS,UNANSWERABLE,16K,SUCCESS,16419,11,1.256436849012971,9537081856,23746052096,True,False,False,usable_answer_line
CT_0110_32K,CT_0110,CLINICAL_TRIALS,UNANSWERABLE,32K,SUCCESS,32679,11,2.898956561461091,12609571328,23746052096,True,False,False,usable_answer_line
CT_0110_4K,CT_0110,CLINICAL_TRIALS,UNANSWERABLE,4K,SUCCESS,4287,11,0.3463617907837033,7246323712,23746052096,True,False,False,usable_answer_line
CT_0110_64K,CT_0110,CLINICAL_TRIALS,UNANSWERABLE,64K,SUCCESS,65156,11,7.929596950300038,18746425856,23746052096,True,False,False,usable_answer_line
CT_0110_82K,CT_0110,CLINICAL_TRIALS,UNANSWERABLE,82K,SUCCESS,81782,11,11.380511001683772,21888237056,23746052096,True,False,False,usable_answer_line
CT_0110_8K,CT_0110,CLINICAL_TRIALS,UNANSWERABLE,8K,SUCCESS,8314,11,0.6305747786536813,8005559808,23746052096,True,False,False,usable_answer_line
CT_0111_16K,CT_0111,CLINICAL_TRIALS,UNANSWERABLE,16K,SUCCESS,16469,11,1.2603325946256518,9547234816,23746052096,True,False,False,usable_answer_line
CT_0111_32K,CT_0111,CLINICAL_TRIALS,UNANSWERABLE,32K,SUCCESS,32686,11,2.9031088361516595,12611900928,23746052096,True,False,False,usable_answer_line
CT_0111_4K,CT_0111,CLINICAL_TRIALS,UNANSWERABLE,4K,SUCCESS,4260,11,0.340599431656301,7241351680,23746052096,True,False,False,usable_answer_line
CT_0111_64K,CT_0111,CLINICAL_TRIALS,UNANSWERABLE,64K,SUCCESS,65163,11,7.932370807044208,18747748864,23746052096,True,False,False,usable_answer_line
CT_0111_82K,CT_0111,CLINICAL_TRIALS,UNANSWERABLE,82K,SUCCESS,81751,11,11.379443880170584,21882888704,23746052096,True,False,False,usable_answer_line
CT_0111_8K,CT_0111,CLINICAL_TRIALS,UNANSWERABLE,8K,SUCCESS,8348,11,0.618785715661943,8011985408,23746052096,True,False,False,usable_answer_line
CT_0112_16K,CT_0112,CLINICAL_TRIALS,UNANSWERABLE,16K,SUCCESS,16430,11,1.2608707509934902,9539159552,23746052096,True,False,False,usable_answer_line
CT_0112_32K,CT_0112,CLINICAL_TRIALS,UNANSWERABLE,32K,SUCCESS,32680,11,2.898281479254365,12609759744,23746052096,True,False,False,usable_answer_line
CT_0112_4K,CT_0112,CLINICAL_TRIALS,UNANSWERABLE,4K,SUCCESS,4244,11,0.35460583306849003,7238287872,23746052096,True,False,False,usable_answer_line
CT_0112_64K,CT_0112,CLINICAL_TRIALS,UNANSWERABLE,64K,SUCCESS,65097,11,7.907850925810635,18735277568,22628270080,True,False,False,usable_answer_line
CT_0112_82K,CT_0112,CLINICAL_TRIALS,UNANSWERABLE,82K,SUCCESS,81790,11,11.360764604061842,21889617408,23746052096,True,False,False,usable_answer_line
CT_0112_8K,CT_0112,CLINICAL_TRIALS,UNANSWERABLE,8K,SUCCESS,8277,11,0.6356453550979495,7998578176,23746052096,True,False,False,usable_answer_line
CT_0113_16K,CT_0113,CLINICAL_TRIALS,UNANSWERABLE,16K,SUCCESS,16468,11,1.2597062652930617,9547061760,23746052096,True,False,False,usable_answer_line
CT_0113_32K,CT_0113,CLINICAL_TRIALS,UNANSWERABLE,32K,SUCCESS,32688,11,2.897956859320402,12612254208,23746052096,True,False,False,usable_answer_line
CT_0113_4K,CT_0113,CLINICAL_TRIALS,UNANSWERABLE,4K,SUCCESS,4282,11,0.3525480320677161,7245389312,23746052096,True,False,False,usable_answer_line
CT_0113_64K,CT_0113,CLINICAL_TRIALS,UNANSWERABLE,64K,SUCCESS,65158,11,7.935076913796365,18746803712,23746052096,True,False,False,usable_answer_line
CT_0113_82K,CT_0113,CLINICAL_TRIALS,UNANSWERABLE,82K,SUCCESS,81799,11,11.408463068306446,21891287552,23746052096,True,False,False,usable_answer_line
CT_0113_8K,CT_0113,CLINICAL_TRIALS,UNANSWERABLE,8K,SUCCESS,8351,11,0.6289047189056873,8012552704,23746052096,True,False,False,usable_answer_line
CT_0114_16K,CT_0114,CLINICAL_TRIALS,UNANSWERABLE,16K,SUCCESS,16468,11,1.2595631666481495,9547061760,23746052096,True,False,False,usable_answer_line
CT_0114_32K,CT_0114,CLINICAL_TRIALS,UNANSWERABLE,32K,SUCCESS,32663,11,2.900887652300298,12606548480,23725080576,True,False,False,usable_answer_line
CT_0114_4K,CT_0114,CLINICAL_TRIALS,UNANSWERABLE,4K,SUCCESS,4281,11,0.3451232947409153,7245202432,23746052096,True,False,False,usable_answer_line
CT_0114_64K,CT_0114,CLINICAL_TRIALS,UNANSWERABLE,64K,SUCCESS,65157,11,7.9387488989159465,18746615296,23746052096,True,False,False,usable_answer_line
CT_0114_82K,CT_0114,CLINICAL_TRIALS,UNANSWERABLE,82K,SUCCESS,81748,11,11.355296425521374,21882370560,23746052096,True,False,False,usable_answer_line
CT_0114_8K,CT_0114,CLINICAL_TRIALS,UNANSWERABLE,8K,SUCCESS,8356,11,0.6356494193896651,8013496832,23746052096,True,False,False,usable_answer_line
CT_0115_16K,CT_0115,CLINICAL_TRIALS,UNANSWERABLE,16K,SUCCESS,16416,11,1.2591427573934197,9536514560,23746052096,True,False,False,usable_answer_line
CT_0115_32K,CT_0115,CLINICAL_TRIALS,UNANSWERABLE,32K,SUCCESS,32647,11,2.8997722463682294,12603525632,23746052096,True,False,False,usable_answer_line
CT_0115_4K,CT_0115,CLINICAL_TRIALS,UNANSWERABLE,4K,SUCCESS,4238,11,0.3455827347934246,7237166592,23746052096,True,False,False,usable_answer_line
CT_0115_64K,CT_0115,CLINICAL_TRIALS,UNANSWERABLE,64K,SUCCESS,65192,11,7.935992243699729,18753227264,23746052096,True,False,False,usable_answer_line
CT_0115_82K,CT_0115,CLINICAL_TRIALS,UNANSWERABLE,82K,SUCCESS,81727,11,11.371542919427156,21877680640,23746052096,True,False,False,usable_answer_line
CT_0115_8K,CT_0115,CLINICAL_TRIALS,UNANSWERABLE,8K,SUCCESS,8364,11,0.6290533961728215,8015008256,23746052096,True,False,False,usable_answer_line
CT_0116_16K,CT_0116,CLINICAL_TRIALS,UNANSWERABLE,16K,SUCCESS,16448,6,1.1800184324383736,9543608832,23746052096,True,False,False,usable_answer_line
CT_0116_32K,CT_0116,CLINICAL_TRIALS,UNANSWERABLE,32K,SUCCESS,32677,6,2.793831584043801,12609193472,23746052096,True,False,False,usable_answer_line
CT_0116_4K,CT_0116,CLINICAL_TRIALS,UNANSWERABLE,4K,SUCCESS,4262,6,0.28722198214381933,7241651712,23746052096,True,False,False,usable_answer_line
CT_0116_64K,CT_0116,CLINICAL_TRIALS,UNANSWERABLE,64K,SUCCESS,65167,6,7.7609853725880384,18748504576,23746052096,True,False,False,usable_answer_line
CT_0116_82K,CT_0116,CLINICAL_TRIALS,UNANSWERABLE,82K,SUCCESS,81726,6,11.156647700816393,21877491200,23746052096,True,False,False,usable_answer_line
CT_0116_8K,CT_0116,CLINICAL_TRIALS,UNANSWERABLE,8K,SUCCESS,8306,6,0.5717158103361726,8004048384,23746052096,True,False,False,usable_answer_line
CT_0117_16K,CT_0117,CLINICAL_TRIALS,UNANSWERABLE,16K,SUCCESS,16452,6,1.177499637939036,9544301056,23746052096,True,False,False,usable_answer_line
CT_0117_32K,CT_0117,CLINICAL_TRIALS,UNANSWERABLE,32K,SUCCESS,32699,6,2.785633352585137,12614926848,23746052096,True,False,False,usable_answer_line
CT_0117_4K,CT_0117,CLINICAL_TRIALS,UNANSWERABLE,4K,SUCCESS,4288,6,0.29443200770765543,7246510592,23746052096,True,False,False,usable_answer_line
CT_0117_64K,CT_0117,CLINICAL_TRIALS,UNANSWERABLE,64K,SUCCESS,65198,6,7.769886652007699,18754360832,23746052096,True,False,False,usable_answer_line
CT_0117_82K,CT_0117,CLINICAL_TRIALS,UNANSWERABLE,82K,SUCCESS,81710,7,11.181418335065246,21874468352,23746052096,True,False,False,usable_answer_line
CT_0117_8K,CT_0117,CLINICAL_TRIALS,UNANSWERABLE,8K,SUCCESS,8341,6,0.5712008429691195,8010663424,23746052096,True,False,False,usable_answer_line
CT_0118_16K,CT_0118,CLINICAL_TRIALS,UNANSWERABLE,16K,SUCCESS,16464,11,1.261468750424683,9546371584,23746052096,True,False,False,usable_answer_line
CT_0118_32K,CT_0118,CLINICAL_TRIALS,UNANSWERABLE,32K,SUCCESS,32668,11,2.9073871122673154,12607492608,23746052096,True,False,False,usable_answer_line
CT_0118_4K,CT_0118,CLINICAL_TRIALS,UNANSWERABLE,4K,SUCCESS,4284,11,0.34843240305781364,7245763072,23746052096,True,False,False,usable_answer_line
CT_0118_64K,CT_0118,CLINICAL_TRIALS,UNANSWERABLE,64K,SUCCESS,65130,11,7.922994473949075,18741511680,23746052096,True,False,False,usable_answer_line
CT_0118_82K,CT_0118,CLINICAL_TRIALS,UNANSWERABLE,82K,SUCCESS,81718,11,11.37154952250421,21875979776,23746052096,True,False,False,usable_answer_line
CT_0118_8K,CT_0118,CLINICAL_TRIALS,UNANSWERABLE,8K,SUCCESS,8290,11,0.631526717916131,8001025536,23746052096,True,False,False,usable_answer_line
CT_0119_16K,CT_0119,CLINICAL_TRIALS,UNANSWERABLE,16K,SUCCESS,16406,11,1.2590557150542736,9534625280,23746052096,True,False,False,usable_answer_line
CT_0119_32K,CT_0119,CLINICAL_TRIALS,UNANSWERABLE,32K,SUCCESS,32696,11,2.8925023656338453,12615371264,23725080576,True,False,False,usable_answer_line
CT_0119_4K,CT_0119,CLINICAL_TRIALS,UNANSWERABLE,4K,SUCCESS,4235,11,0.3379127476364374,7236605952,23746052096,True,False,False,usable_answer_line
CT_0119_64K,CT_0119,CLINICAL_TRIALS,UNANSWERABLE,64K,SUCCESS,65144,11,7.923521611839533,18744156672,23746052096,True,False,False,usable_answer_line
CT_0119_82K,CT_0119,CLINICAL_TRIALS,UNANSWERABLE,82K,SUCCESS,81728,11,11.387614222243428,21878917632,23746052096,True,False,False,usable_answer_line
CT_0119_8K,CT_0119,CLINICAL_TRIALS,UNANSWERABLE,8K,SUCCESS,8348,11,0.6294046528637409,8011985408,23746052096,True,False,False,usable_answer_line
CT_0120_16K,CT_0120,CLINICAL_TRIALS,UNANSWERABLE,16K,SUCCESS,16430,11,1.2592236502096057,9539159552,23746052096,True,False,False,usable_answer_line
CT_0120_32K,CT_0120,CLINICAL_TRIALS,UNANSWERABLE,32K,SUCCESS,32654,11,2.8995349910110235,12604847616,23746052096,True,False,False,usable_answer_line
CT_0120_4K,CT_0120,CLINICAL_TRIALS,UNANSWERABLE,4K,SUCCESS,4238,11,0.34562599193304777,7237166592,23746052096,True,False,False,usable_answer_line
CT_0120_64K,CT_0120,CLINICAL_TRIALS,UNANSWERABLE,64K,SUCCESS,65099,11,7.931929956190288,18735655424,23746052096,True,False,False,usable_answer_line
CT_0120_82K,CT_0120,CLINICAL_TRIALS,UNANSWERABLE,82K,SUCCESS,81754,11,11.366073749959469,21883405824,23746052096,True,False,False,usable_answer_line
CT_0120_8K,CT_0120,CLINICAL_TRIALS,UNANSWERABLE,8K,SUCCESS,8334,11,0.6345196589827538,8009340416,23746052096,True,False,False,usable_answer_line
CT_0121_16K,CT_0121,CLINICAL_TRIALS,UNANSWERABLE,16K,SUCCESS,16416,7,1.1882963590323925,9536514560,23746052096,True,False,False,usable_answer_line
CT_0121_32K,CT_0121,CLINICAL_TRIALS,UNANSWERABLE,32K,SUCCESS,32641,6,2.7858135337010026,12602392064,23746052096,True,False,False,usable_answer_line
CT_0121_4K,CT_0121,CLINICAL_TRIALS,UNANSWERABLE,4K,SUCCESS,4268,7,0.2975576389580965,7242772992,23746052096,True,False,False,usable_answer_line
CT_0121_64K,CT_0121,CLINICAL_TRIALS,UNANSWERABLE,64K,SUCCESS,65150,6,7.742653922177851,18745290240,23746052096,True,False,False,usable_answer_line
CT_0121_82K,CT_0121,CLINICAL_TRIALS,UNANSWERABLE,82K,SUCCESS,81728,7,11.196203339844942,21878917632,23746052096,True,False,False,usable_answer_line
CT_0121_8K,CT_0121,CLINICAL_TRIALS,UNANSWERABLE,8K,SUCCESS,8336,6,0.5654806038364768,8009718272,23746052096,True,False,False,usable_answer_line
CT_0122_16K,CT_0122,CLINICAL_TRIALS,UNANSWERABLE,16K,SUCCESS,16448,7,1.1935522183775902,9543608832,23746052096,True,False,False,usable_answer_line
CT_0122_32K,CT_0122,CLINICAL_TRIALS,UNANSWERABLE,32K,SUCCESS,32713,6,2.7895229160785675,12617729536,23746052096,True,False,False,usable_answer_line
CT_0122_4K,CT_0122,CLINICAL_TRIALS,UNANSWERABLE,4K,SUCCESS,4291,10,0.3268092507496476,7247073280,23746052096,True,False,False,usable_answer_line
CT_0122_64K,CT_0122,CLINICAL_TRIALS,UNANSWERABLE,64K,SUCCESS,65179,6,7.7649061707779765,18750771712,23746052096,True,False,False,usable_answer_line
CT_0122_82K,CT_0122,CLINICAL_TRIALS,UNANSWERABLE,82K,SUCCESS,81698,7,11.190560635179281,21872201216,23746052096,True,False,False,usable_answer_line
CT_0122_8K,CT_0122,CLINICAL_TRIALS,UNANSWERABLE,8K,SUCCESS,8350,6,0.5716513488441706,8012363264,23746052096,True,False,False,usable_answer_line
CT_0123_16K,CT_0123,CLINICAL_TRIALS,UNANSWERABLE,16K,SUCCESS,16448,11,1.2556020049378276,9543608832,23746052096,True,False,False,usable_answer_line
CT_0123_32K,CT_0123,CLINICAL_TRIALS,UNANSWERABLE,32K,SUCCESS,32691,11,2.9029001211747527,12612784640,23746052096,True,False,False,usable_answer_line
CT_0123_4K,CT_0123,CLINICAL_TRIALS,UNANSWERABLE,4K,SUCCESS,4278,11,0.3484562477096915,7244641792,23746052096,True,False,False,usable_answer_line
CT_0123_64K,CT_0123,CLINICAL_TRIALS,UNANSWERABLE,64K,SUCCESS,65126,11,7.939935602247715,18740755968,23746052096,True,False,False,usable_answer_line
CT_0123_82K,CT_0123,CLINICAL_TRIALS,UNANSWERABLE,82K,SUCCESS,81790,11,11.361911846324801,21889617408,23746052096,True,False,False,usable_answer_line
CT_0123_8K,CT_0123,CLINICAL_TRIALS,UNANSWERABLE,8K,SUCCESS,8286,11,0.6286507220938802,8000269824,23746052096,True,False,False,usable_answer_line
CT_0124_16K,CT_0124,CLINICAL_TRIALS,UNANSWERABLE,16K,SUCCESS,16458,11,1.2563593219965696,9545336320,23746052096,True,False,False,usable_answer_line
CT_0124_32K,CT_0124,CLINICAL_TRIALS,UNANSWERABLE,32K,SUCCESS,32646,11,2.900113908573985,12603336192,23746052096,True,False,False,usable_answer_line
CT_0124_4K,CT_0124,CLINICAL_TRIALS,UNANSWERABLE,4K,SUCCESS,4245,11,0.34294237568974495,7239500800,23746052096,True,False,False,usable_answer_line
CT_0124_64K,CT_0124,CLINICAL_TRIALS,UNANSWERABLE,64K,SUCCESS,65155,11,7.933775025419891,18746237440,23746052096,True,False,False,usable_answer_line
CT_0124_82K,CT_0124,CLINICAL_TRIALS,UNANSWERABLE,82K,SUCCESS,81749,11,11.39170766621828,21882543616,23746052096,True,False,False,usable_answer_line
CT_0124_8K,CT_0124,CLINICAL_TRIALS,UNANSWERABLE,8K,SUCCESS,8315,11,0.6363506987690926,8005749248,23746052096,True,False,False,usable_answer_line
CT_0125_16K,CT_0125,CLINICAL_TRIALS,UNANSWERABLE,16K,SUCCESS,16473,6,1.1782088233157992,9547924992,23746052096,True,False,False,usable_answer_line
CT_0125_32K,CT_0125,CLINICAL_TRIALS,UNANSWERABLE,32K,SUCCESS,32759,6,2.7893509063869715,12625314304,23746052096,True,False,False,usable_answer_line
CT_0125_4K,CT_0125,CLINICAL_TRIALS,UNANSWERABLE,4K,SUCCESS,4327,6,0.29949392192065716,7253800960,23746052096,True,False,False,usable_answer_line
CT_0125_64K,CT_0125,CLINICAL_TRIALS,UNANSWERABLE,64K,SUCCESS,65242,7,7.795508837327361,18763298304,23746052096,True,False,False,usable_answer_line
CT_0125_82K,CT_0125,CLINICAL_TRIALS,UNANSWERABLE,82K,SUCCESS,81765,6,11.166389541700482,21885304320,23746052096,True,False,False,usable_answer_line
CT_0125_8K,CT_0125,CLINICAL_TRIALS,UNANSWERABLE,8K,SUCCESS,8327,7,0.5810133665800095,8008018432,23746052096,True,False,False,usable_answer_line
FDA_0001_16K,FDA_0001,FDA,DIRECT_RETRIEVAL,16K,SUCCESS,16421,6,1.1807102700695395,9537459712,23746052096,True,False,False,usable_answer_line
FDA_0001_32K,FDA_0001,FDA,DIRECT_RETRIEVAL,32K,SUCCESS,32623,6,2.7837660405784845,12599546368,23746052096,True,False,False,usable_answer_line
FDA_0001_4K,FDA_0001,FDA,DIRECT_RETRIEVAL,4K,SUCCESS,4284,6,0.29463886097073555,7245763072,23746052096,True,False,False,usable_answer_line
FDA_0001_64K,FDA_0001,FDA,DIRECT_RETRIEVAL,64K,SUCCESS,65077,6,7.734644137322903,18731496960,23746052096,True,False,False,usable_answer_line
FDA_0001_82K,FDA_0001,FDA,DIRECT_RETRIEVAL,82K,SUCCESS,81737,6,11.159099036827683,21880473088,23746052096,True,False,False,usable_answer_line
FDA_0001_8K,FDA_0001,FDA,DIRECT_RETRIEVAL,8K,SUCCESS,8336,6,0.5711107579991221,8009718272,23746052096,True,False,False,usable_answer_line
FDA_0002_16K,FDA_0002,FDA,DIRECT_RETRIEVAL,16K,SUCCESS,16411,6,1.1772616766393185,9535570432,23746052096,True,False,False,usable_answer_line
FDA_0002_32K,FDA_0002,FDA,DIRECT_RETRIEVAL,32K,SUCCESS,32613,6,2.781955922022462,12597984768,23746052096,True,False,False,usable_answer_line
FDA_0002_4K,FDA_0002,FDA,DIRECT_RETRIEVAL,4K,SUCCESS,4286,6,0.29326141625642776,7246136832,23746052096,True,False,False,usable_answer_line
FDA_0002_64K,FDA_0002,FDA,DIRECT_RETRIEVAL,64K,SUCCESS,65022,6,7.71442530862987,18721103360,23746052096,True,False,False,usable_answer_line
FDA_0002_82K,FDA_0002,FDA,DIRECT_RETRIEVAL,82K,SUCCESS,81720,6,11.1610041661188,21876357632,23746052096,True,False,False,usable_answer_line
FDA_0002_8K,FDA_0002,FDA,DIRECT_RETRIEVAL,8K,SUCCESS,8296,6,0.557397766970098,8002159104,20484980736,True,False,False,usable_answer_line
FDA_0003_16K,FDA_0003,FDA,DIRECT_RETRIEVAL,16K,SUCCESS,16444,6,1.1800645468756557,9541804544,23746052096,True,False,False,usable_answer_line
FDA_0003_32K,FDA_0003,FDA,DIRECT_RETRIEVAL,32K,SUCCESS,32640,6,2.785387651063502,12602200576,23746052096,True,False,False,usable_answer_line
FDA_0003_4K,FDA_0003,FDA,DIRECT_RETRIEVAL,4K,SUCCESS,4231,6,0.28230865579098463,7235858432,23746052096,True,False,False,usable_answer_line
FDA_0003_64K,FDA_0003,FDA,DIRECT_RETRIEVAL,64K,SUCCESS,65052,6,7.737413881346583,18726773248,23746052096,True,False,False,usable_answer_line
FDA_0003_82K,FDA_0003,FDA,DIRECT_RETRIEVAL,82K,SUCCESS,81722,6,11.15902208443731,21876735488,23746052096,True,False,False,usable_answer_line
FDA_0003_8K,FDA_0003,FDA,DIRECT_RETRIEVAL,8K,SUCCESS,8329,6,0.5773235578089952,8008396288,23746052096,True,False,False,usable_answer_line
FDA_0004_16K,FDA_0004,FDA,DIRECT_RETRIEVAL,16K,SUCCESS,16405,6,1.1755898939445615,9534436864,23746052096,True,False,False,usable_answer_line
FDA_0004_32K,FDA_0004,FDA,DIRECT_RETRIEVAL,32K,SUCCESS,32602,6,2.792013343423605,12595021312,23746052096,True,False,False,usable_answer_line
FDA_0004_4K,FDA_0004,FDA,DIRECT_RETRIEVAL,4K,SUCCESS,4278,10,0.3356833038851619,7244641792,23746052096,True,False,False,usable_answer_line
FDA_0004_64K,FDA_0004,FDA,DIRECT_RETRIEVAL,64K,SUCCESS,65071,6,7.734231918118894,18730363392,23746052096,True,False,False,usable_answer_line
FDA_0004_82K,FDA_0004,FDA,DIRECT_RETRIEVAL,82K,SUCCESS,81796,6,11.165161028504372,21890720256,23746052096,True,False,False,usable_answer_line
FDA_0004_8K,FDA_0004,FDA,DIRECT_RETRIEVAL,8K,SUCCESS,8317,10,0.6024111611768603,8006127104,23746052096,True,False,False,usable_answer_line
FDA_0005_16K,FDA_0005,FDA,DIRECT_RETRIEVAL,16K,SUCCESS,16441,7,1.1912434743717313,9541238272,23746052096,True,False,False,usable_answer_line
FDA_0005_32K,FDA_0005,FDA,DIRECT_RETRIEVAL,32K,SUCCESS,32634,7,2.805871278978884,12601263616,23746052096,True,False,False,usable_answer_line
FDA_0005_4K,FDA_0005,FDA,DIRECT_RETRIEVAL,4K,SUCCESS,4280,7,0.29768440779298544,7245015552,23746052096,True,False,False,usable_answer_line
FDA_0005_64K,FDA_0005,FDA,DIRECT_RETRIEVAL,64K,SUCCESS,65039,6,7.7402013298124075,18724317696,23746052096,True,False,False,usable_answer_line
FDA_0005_82K,FDA_0005,FDA,DIRECT_RETRIEVAL,82K,SUCCESS,81775,6,11.169765016064048,21887029760,23746052096,True,False,False,usable_answer_line
FDA_0005_8K,FDA_0005,FDA,DIRECT_RETRIEVAL,8K,SUCCESS,8294,7,0.5821404159069061,8001781248,23746052096,True,False,False,usable_answer_line
FDA_0006_16K,FDA_0006,FDA,ENTITY_UNIT_BINDING,16K,SUCCESS,16462,7,1.1973657989874482,9546026496,23746052096,True,False,False,usable_answer_line
FDA_0006_32K,FDA_0006,FDA,ENTITY_UNIT_BINDING,32K,SUCCESS,32648,7,2.8055261513218284,12603714048,23746052096,True,False,False,usable_answer_line
FDA_0006_4K,FDA_0006,FDA,ENTITY_UNIT_BINDING,4K,SUCCESS,4277,7,0.29300585947930813,7244454912,23746052096,True,False,False,usable_answer_line
FDA_0006_64K,FDA_0006,FDA,ENTITY_UNIT_BINDING,64K,SUCCESS,65066,7,7.782044283114374,18729418240,23746052096,True,False,False,usable_answer_line
FDA_0006_82K,FDA_0006,FDA,ENTITY_UNIT_BINDING,82K,SUCCESS,81796,7,11.211697421967983,21890720256,23746052096,True,False,False,usable_answer_line
FDA_0006_8K,FDA_0006,FDA,ENTITY_UNIT_BINDING,8K,SUCCESS,8346,7,0.5834486279636621,8011607552,23746052096,True,False,False,usable_answer_line
FDA_0007_16K,FDA_0007,FDA,ENTITY_UNIT_BINDING,16K,SUCCESS,16403,8,1.206356480717659,9534059008,23746052096,True,False,False,usable_answer_line
FDA_0007_32K,FDA_0007,FDA,ENTITY_UNIT_BINDING,32K,SUCCESS,32628,8,2.8237052615731955,12600326656,23746052096,True,False,False,usable_answer_line
FDA_0007_4K,FDA_0007,FDA,ENTITY_UNIT_BINDING,4K,SUCCESS,4249,9,0.3198353825137019,7239994368,23746052096,True,False,False,usable_answer_line
FDA_0007_64K,FDA_0007,FDA,ENTITY_UNIT_BINDING,64K,SUCCESS,65054,9,7.845295762643218,18727151104,23746052096,True,False,False,usable_answer_line
FDA_0007_82K,FDA_0007,FDA,ENTITY_UNIT_BINDING,82K,SUCCESS,81729,9,11.28781980741769,21879092736,23746052096,True,False,False,usable_answer_line
FDA_0007_8K,FDA_0007,FDA,ENTITY_UNIT_BINDING,8K,SUCCESS,8280,8,0.5798139190301299,8002183680,20631781376,True,False,False,usable_answer_line
FDA_0008_16K,FDA_0008,FDA,ENTITY_UNIT_BINDING,16K,SUCCESS,16428,7,1.2027924098074436,9538781696,23746052096,True,False,False,usable_answer_line
FDA_0008_32K,FDA_0008,FDA,ENTITY_UNIT_BINDING,32K,SUCCESS,32628,7,2.802397615276277,12599933440,21567111168,True,False,False,usable_answer_line
FDA_0008_4K,FDA_0008,FDA,ENTITY_UNIT_BINDING,4K,SUCCESS,4261,7,0.2993499729782343,7241475072,23746052096,True,False,False,usable_answer_line
FDA_0008_64K,FDA_0008,FDA,ENTITY_UNIT_BINDING,64K,SUCCESS,65083,7,7.765390585176647,18732630528,23746052096,True,False,False,usable_answer_line
FDA_0008_82K,FDA_0008,FDA,ENTITY_UNIT_BINDING,82K,SUCCESS,81760,7,11.21489277947694,21884441088,23746052096,True,False,False,usable_answer_line
FDA_0008_8K,FDA_0008,FDA,ENTITY_UNIT_BINDING,8K,SUCCESS,8342,7,0.5660417461767793,8010851840,23746052096,True,False,False,usable_answer_line
FDA_0009_16K,FDA_0009,FDA,ENTITY_UNIT_BINDING,16K,SUCCESS,16449,9,1.2265956550836563,9543783936,23746052096,True,False,False,usable_answer_line
FDA_0009_32K,FDA_0009,FDA,ENTITY_UNIT_BINDING,32K,SUCCESS,32635,9,2.8465863279998302,12601420288,23746052096,True,False,False,usable_answer_line
FDA_0009_4K,FDA_0009,FDA,ENTITY_UNIT_BINDING,4K,SUCCESS,4213,9,0.3218556307256222,7232492544,23746052096,True,False,False,usable_answer_line
FDA_0009_64K,FDA_0009,FDA,ENTITY_UNIT_BINDING,64K,SUCCESS,65104,9,7.850421721115708,18736599552,23746052096,True,False,False,usable_answer_line
FDA_0009_82K,FDA_0009,FDA,ENTITY_UNIT_BINDING,82K,SUCCESS,81800,9,11.302430748939514,21891475968,23746052096,True,False,False,usable_answer_line
FDA_0009_8K,FDA_0009,FDA,ENTITY_UNIT_BINDING,8K,SUCCESS,8290,9,0.6158991921693087,8001025536,23746052096,True,False,False,usable_answer_line
FDA_0010_16K,FDA_0010,FDA,RETRIEVAL_CALCULATION,16K,SUCCESS,16437,6,1.1825596056878567,9540482560,23746052096,True,False,False,usable_answer_line
FDA_0010_32K,FDA_0010,FDA,RETRIEVAL_CALCULATION,32K,SUCCESS,32635,6,2.7766359327360988,12601420288,23746052096,True,False,False,usable_answer_line
FDA_0010_4K,FDA_0010,FDA,RETRIEVAL_CALCULATION,4K,SUCCESS,4209,6,0.28961036913096905,7231745024,23746052096,True,False,False,usable_answer_line
FDA_0010_64K,FDA_0010,FDA,RETRIEVAL_CALCULATION,64K,SUCCESS,65011,6,7.633736937306821,18720410112,20631781376,True,False,False,usable_answer_line
FDA_0010_82K,FDA_0010,FDA,RETRIEVAL_CALCULATION,82K,SUCCESS,81779,6,11.181223553605378,21887719936,23746052096,True,False,False,usable_answer_line
FDA_0010_8K,FDA_0010,FDA,RETRIEVAL_CALCULATION,8K,SUCCESS,8285,6,0.5704453615471721,8000081408,23746052096,True,False,False,usable_answer_line
FDA_0011_16K,FDA_0011,FDA,RETRIEVAL_CALCULATION,16K,SUCCESS,16434,6,1.1783466534689069,9539915264,23746052096,True,False,False,usable_answer_line
FDA_0011_32K,FDA_0011,FDA,RETRIEVAL_CALCULATION,32K,SUCCESS,32574,6,2.784676818177104,12589729280,23746052096,True,False,False,usable_answer_line
FDA_0011_4K,FDA_0011,FDA,RETRIEVAL_CALCULATION,4K,SUCCESS,4240,6,0.2925912169739604,7237540352,23746052096,True,False,False,usable_answer_line
FDA_0011_64K,FDA_0011,FDA,RETRIEVAL_CALCULATION,64K,SUCCESS,65038,6,7.729429749771953,18724128256,23746052096,True,False,False,usable_answer_line
FDA_0011_82K,FDA_0011,FDA,RETRIEVAL_CALCULATION,82K,SUCCESS,81761,6,11.153565548360348,21884614144,23746052096,True,False,False,usable_answer_line
FDA_0011_8K,FDA_0011,FDA,RETRIEVAL_CALCULATION,8K,SUCCESS,8285,6,0.5776142319664359,8000081408,23746052096,True,False,False,usable_answer_line
FDA_0012_16K,FDA_0012,FDA,RETRIEVAL_CALCULATION,16K,SUCCESS,16403,6,1.174819415435195,9534059008,23746052096,True,False,False,usable_answer_line
FDA_0012_32K,FDA_0012,FDA,RETRIEVAL_CALCULATION,32K,SUCCESS,32641,6,2.7926932629197836,12602392064,23746052096,True,False,False,usable_answer_line
FDA_0012_4K,FDA_0012,FDA,RETRIEVAL_CALCULATION,4K,SUCCESS,4267,6,0.29665153473615646,7242586112,23746052096,True,False,False,usable_answer_line
FDA_0012_64K,FDA_0012,FDA,RETRIEVAL_CALCULATION,64K,SUCCESS,65065,6,7.7364470744505525,18729229824,23746052096,True,False,False,usable_answer_line
FDA_0012_82K,FDA_0012,FDA,RETRIEVAL_CALCULATION,82K,SUCCESS,81754,6,11.170385382138193,21883405824,23746052096,True,False,False,usable_answer_line
FDA_0012_8K,FDA_0012,FDA,RETRIEVAL_CALCULATION,8K,SUCCESS,8326,6,0.5669271275401115,8007828992,23746052096,True,False,False,usable_answer_line
FDA_0013_16K,FDA_0013,FDA,RETRIEVAL_CALCULATION,16K,SUCCESS,16402,6,1.1806187257170677,9533869568,23746052096,True,False,False,usable_answer_line
FDA_0013_32K,FDA_0013,FDA,RETRIEVAL_CALCULATION,32K,SUCCESS,32580,6,2.774617644958198,12590864896,23746052096,True,False,False,usable_answer_line
FDA_0013_4K,FDA_0013,FDA,RETRIEVAL_CALCULATION,4K,SUCCESS,4231,6,0.28691243287175894,7235858432,23746052096,True,False,False,usable_answer_line
FDA_0013_64K,FDA_0013,FDA,RETRIEVAL_CALCULATION,64K,SUCCESS,65018,6,7.722970332950354,18720347648,23746052096,True,False,False,usable_answer_line
FDA_0013_82K,FDA_0013,FDA,RETRIEVAL_CALCULATION,82K,SUCCESS,81719,6,11.163733919151127,21876169216,23746052096,True,False,False,usable_answer_line
FDA_0013_8K,FDA_0013,FDA,RETRIEVAL_CALCULATION,8K,SUCCESS,8287,6,0.5686754696071148,8000459264,23746052096,True,False,False,usable_answer_line
FDA_0014_16K,FDA_0014,FDA,RETRIEVAL_CALCULATION,16K,SUCCESS,16418,10,1.2393553368747234,9536892416,23746052096,True,False,False,usable_answer_line
FDA_0014_32K,FDA_0014,FDA,RETRIEVAL_CALCULATION,32K,SUCCESS,32673,10,2.8771150996908545,12608437760,23746052096,True,False,False,usable_answer_line
FDA_0014_4K,FDA_0014,FDA,RETRIEVAL_CALCULATION,4K,SUCCESS,4288,9,0.3257130654528737,7246510592,23746052096,True,False,False,usable_answer_line
FDA_0014_64K,FDA_0014,FDA,RETRIEVAL_CALCULATION,64K,SUCCESS,65076,8,7.8123186128214,18731307520,23746052096,True,False,False,usable_answer_line
FDA_0014_82K,FDA_0014,FDA,RETRIEVAL_CALCULATION,82K,SUCCESS,81791,8,11.257767552509904,21889790464,23746052096,True,False,False,usable_answer_line
FDA_0014_8K,FDA_0014,FDA,RETRIEVAL_CALCULATION,8K,SUCCESS,8341,8,0.5946290530264378,8010663424,23746052096,True,False,False,usable_answer_line
FDA_0015_16K,FDA_0015,FDA,RETRIEVAL_CALCULATION,16K,SUCCESS,16446,9,1.2253033528104424,9542182400,23746052096,True,False,False,usable_answer_line
FDA_0015_32K,FDA_0015,FDA,RETRIEVAL_CALCULATION,32K,SUCCESS,32627,8,2.826708289794624,12600171008,23746052096,True,False,False,usable_answer_line
FDA_0015_4K,FDA_0015,FDA,RETRIEVAL_CALCULATION,4K,SUCCESS,4295,9,0.32480577751994133,7247820800,23746052096,True,False,False,usable_answer_line
FDA_0015_64K,FDA_0015,FDA,RETRIEVAL_CALCULATION,64K,SUCCESS,65111,8,7.814606787636876,18737922560,23746052096,True,False,False,usable_answer_line
FDA_0015_82K,FDA_0015,FDA,RETRIEVAL_CALCULATION,82K,SUCCESS,81790,8,11.259185012429953,21889617408,23746052096,True,False,False,usable_answer_line
FDA_0015_8K,FDA_0015,FDA,RETRIEVAL_CALCULATION,8K,SUCCESS,8294,9,0.607724373228848,8001781248,23746052096,True,False,False,usable_answer_line
FDA_0016_16K,FDA_0016,FDA,RETRIEVAL_CALCULATION,16K,SUCCESS,16454,9,1.2259129015728831,9544646144,23746052096,True,False,False,usable_answer_line
FDA_0016_32K,FDA_0016,FDA,RETRIEVAL_CALCULATION,32K,SUCCESS,32654,8,2.8341653728857636,12604847616,23746052096,True,False,False,usable_answer_line
FDA_0016_4K,FDA_0016,FDA,RETRIEVAL_CALCULATION,4K,SUCCESS,4307,9,0.3224921151995659,7250610176,23746052096,True,False,False,usable_answer_line
FDA_0016_64K,FDA_0016,FDA,RETRIEVAL_CALCULATION,64K,SUCCESS,65120,12,7.957664309069514,18739622400,23746052096,True,False,False,usable_answer_line
FDA_0016_82K,FDA_0016,FDA,RETRIEVAL_CALCULATION,82K,SUCCESS,81794,12,11.420111981220543,21890342400,23746052096,True,False,False,usable_answer_line
FDA_0016_8K,FDA_0016,FDA,RETRIEVAL_CALCULATION,8K,SUCCESS,8361,9,0.6077999025583267,8014441984,23746052096,True,False,False,usable_answer_line
FDA_0017_16K,FDA_0017,FDA,RETRIEVAL_CALCULATION,16K,SUCCESS,16450,8,1.2084418525919318,9543955968,23746052096,True,False,False,usable_answer_line
FDA_0017_32K,FDA_0017,FDA,RETRIEVAL_CALCULATION,32K,SUCCESS,32679,8,2.832117141224444,12609571328,23746052096,True,False,False,usable_answer_line
FDA_0017_4K,FDA_0017,FDA,RETRIEVAL_CALCULATION,4K,SUCCESS,4294,8,0.3144310535863042,7247633920,23746052096,True,False,False,usable_answer_line
FDA_0017_64K,FDA_0017,FDA,RETRIEVAL_CALCULATION,64K,SUCCESS,65068,8,7.803491143509746,18729796096,23746052096,True,False,False,usable_answer_line
FDA_0017_82K,FDA_0017,FDA,RETRIEVAL_CALCULATION,82K,SUCCESS,81722,8,11.260702695697546,21876735488,23746052096,True,False,False,usable_answer_line
FDA_0017_8K,FDA_0017,FDA,RETRIEVAL_CALCULATION,8K,SUCCESS,8341,8,0.5933789219707251,8010663424,23746052096,True,False,False,usable_answer_line
FDA_0018_16K,FDA_0018,FDA,TEMPORAL_VERSION,16K,SUCCESS,16423,11,1.2551169879734516,9537837568,23746052096,True,False,False,usable_answer_line
FDA_0018_32K,FDA_0018,FDA,TEMPORAL_VERSION,32K,SUCCESS,32619,11,2.8889689706265926,12598921728,23746052096,True,False,False,usable_answer_line
FDA_0018_4K,FDA_0018,FDA,TEMPORAL_VERSION,4K,SUCCESS,4225,11,0.34690164029598236,7234737152,23746052096,True,False,False,usable_answer_line
FDA_0018_64K,FDA_0018,FDA,TEMPORAL_VERSION,64K,SUCCESS,65018,11,7.901848481968045,18720347648,23746052096,True,False,False,usable_answer_line
FDA_0018_82K,FDA_0018,FDA,TEMPORAL_VERSION,82K,SUCCESS,81785,11,11.362477676011622,21888755200,23746052096,True,False,False,usable_answer_line
FDA_0018_8K,FDA_0018,FDA,TEMPORAL_VERSION,8K,SUCCESS,8308,11,0.6330526443198323,8004426240,23746052096,True,False,False,usable_answer_line
FDA_0019_16K,FDA_0019,FDA,TEMPORAL_VERSION,16K,SUCCESS,16438,11,1.2626047153025866,9540670976,23746052096,True,False,False,usable_answer_line
FDA_0019_32K,FDA_0019,FDA,TEMPORAL_VERSION,32K,SUCCESS,32589,11,2.8934445651248097,12592565760,23746052096,True,False,False,usable_answer_line
FDA_0019_4K,FDA_0019,FDA,TEMPORAL_VERSION,4K,SUCCESS,4209,11,0.3380533345043659,7231745024,23746052096,True,False,False,usable_answer_line
FDA_0019_64K,FDA_0019,FDA,TEMPORAL_VERSION,64K,SUCCESS,65011,11,7.901114558801055,18719025664,23746052096,True,False,False,usable_answer_line
FDA_0019_82K,FDA_0019,FDA,TEMPORAL_VERSION,82K,SUCCESS,81731,11,11.379559238441288,21879437824,23746052096,True,False,False,usable_answer_line
FDA_0019_8K,FDA_0019,FDA,TEMPORAL_VERSION,8K,SUCCESS,8332,11,0.6352091748267412,8008962560,23746052096,True,False,False,usable_answer_line
FDA_0020_16K,FDA_0020,FDA,TEMPORAL_VERSION,16K,SUCCESS,16436,11,1.2510935626924038,9540293120,23746052096,True,False,False,usable_answer_line
FDA_0020_32K,FDA_0020,FDA,TEMPORAL_VERSION,32K,SUCCESS,32639,11,2.891347882337868,12602044928,23746052096,True,False,False,usable_answer_line
FDA_0020_4K,FDA_0020,FDA,TEMPORAL_VERSION,4K,SUCCESS,4249,11,0.34778265189379454,7239994368,23746052096,True,False,False,usable_answer_line
FDA_0020_64K,FDA_0020,FDA,TEMPORAL_VERSION,64K,SUCCESS,65027,11,7.920468725264072,18722050560,23746052096,True,False,False,usable_answer_line
FDA_0020_82K,FDA_0020,FDA,TEMPORAL_VERSION,82K,SUCCESS,81740,11,11.376276683993638,21880990208,23746052096,True,False,False,usable_answer_line
FDA_0020_8K,FDA_0020,FDA,TEMPORAL_VERSION,8K,SUCCESS,8259,11,0.6333373552188277,7995619840,23746052096,True,False,False,usable_answer_line
FDA_0021_16K,FDA_0021,FDA,UNANSWERABLE,16K,SUCCESS,16428,6,1.1734789488837123,9538781696,23746052096,True,False,False,usable_answer_line
FDA_0021_32K,FDA_0021,FDA,UNANSWERABLE,32K,SUCCESS,32604,6,2.7914720056578517,12595399168,23746052096,True,False,False,usable_answer_line
FDA_0021_4K,FDA_0021,FDA,UNANSWERABLE,4K,SUCCESS,4253,6,0.2843970712274313,7240487936,23746052096,True,False,False,usable_answer_line
FDA_0021_64K,FDA_0021,FDA,UNANSWERABLE,64K,SUCCESS,65062,6,7.739498736336827,18728662528,23746052096,True,False,False,usable_answer_line
FDA_0021_82K,FDA_0021,FDA,UNANSWERABLE,82K,SUCCESS,81779,6,11.160599215887487,21887719936,23746052096,True,False,False,usable_answer_line
FDA_0021_8K,FDA_0021,FDA,UNANSWERABLE,8K,SUCCESS,8262,6,0.5642486894503236,7996112384,23746052096,True,False,False,usable_answer_line
FDA_0022_16K,FDA_0022,FDA,UNANSWERABLE,16K,SUCCESS,16442,6,1.1728824004530907,9541426688,23746052096,True,False,False,usable_answer_line
FDA_0022_32K,FDA_0022,FDA,UNANSWERABLE,32K,SUCCESS,32644,6,2.7841574596241117,12602958336,23746052096,True,False,False,usable_answer_line
FDA_0022_4K,FDA_0022,FDA,UNANSWERABLE,4K,SUCCESS,4264,6,0.2928111953660846,7242025472,23746052096,True,False,False,usable_answer_line
FDA_0022_64K,FDA_0022,FDA,UNANSWERABLE,64K,SUCCESS,65009,6,7.714283371344209,18718647808,23746052096,True,False,False,usable_answer_line
FDA_0022_82K,FDA_0022,FDA,UNANSWERABLE,82K,SUCCESS,81785,6,11.179545550607145,21888755200,23746052096,True,False,False,usable_answer_line
FDA_0022_8K,FDA_0022,FDA,UNANSWERABLE,8K,SUCCESS,8299,6,0.569080401211977,8002726400,23746052096,True,False,False,usable_answer_line
FDA_0023_16K,FDA_0023,FDA,UNANSWERABLE,16K,SUCCESS,16440,6,1.1831777822226286,9541048832,23746052096,True,False,False,usable_answer_line
FDA_0023_32K,FDA_0023,FDA,UNANSWERABLE,32K,SUCCESS,32626,6,2.7798557998612523,12600014336,23746052096,True,False,False,usable_answer_line
FDA_0023_4K,FDA_0023,FDA,UNANSWERABLE,4K,SUCCESS,4230,6,0.28313998226076365,7235671552,23746052096,True,False,False,usable_answer_line
FDA_0023_64K,FDA_0023,FDA,UNANSWERABLE,64K,SUCCESS,65004,6,7.718416805379093,18717702656,23746052096,True,False,False,usable_answer_line
FDA_0023_82K,FDA_0023,FDA,UNANSWERABLE,82K,SUCCESS,81775,6,11.159669935703278,21887029760,23746052096,True,False,False,usable_answer_line
FDA_0023_8K,FDA_0023,FDA,UNANSWERABLE,8K,SUCCESS,8318,6,0.5705474736168981,8006315520,23746052096,True,False,False,usable_answer_line
FDA_0024_16K,FDA_0024,FDA,UNANSWERABLE,16K,SUCCESS,16406,6,1.1747198812663555,9534625280,23746052096,True,False,False,usable_answer_line
FDA_0024_32K,FDA_0024,FDA,UNANSWERABLE,32K,SUCCESS,32579,6,2.7867741975933313,12590676480,23746052096,True,False,False,usable_answer_line
FDA_0024_4K,FDA_0024,FDA,UNANSWERABLE,4K,SUCCESS,4281,6,0.28773672692477703,7245202432,23746052096,True,False,False,usable_answer_line
FDA_0024_64K,FDA_0024,FDA,UNANSWERABLE,64K,SUCCESS,65075,6,7.730429203249514,18731119104,23746052096,True,False,False,usable_answer_line
FDA_0024_82K,FDA_0024,FDA,UNANSWERABLE,82K,SUCCESS,81797,6,11.17748445738107,21890909696,23746052096,True,False,False,usable_answer_line
FDA_0024_8K,FDA_0024,FDA,UNANSWERABLE,8K,SUCCESS,8269,6,0.5724086975678802,7997263360,23746052096,True,False,False,usable_answer_line
FDA_0025_16K,FDA_0025,FDA,UNANSWERABLE,16K,SUCCESS,16423,6,1.1754562854766846,9537837568,23746052096,True,False,False,usable_answer_line
FDA_0025_32K,FDA_0025,FDA,UNANSWERABLE,32K,SUCCESS,32600,6,2.7796933269128203,12594643456,23746052096,True,False,False,usable_answer_line
FDA_0025_4K,FDA_0025,FDA,UNANSWERABLE,4K,SUCCESS,4253,6,0.28281950391829014,7240487936,23746052096,True,False,False,usable_answer_line
FDA_0025_64K,FDA_0025,FDA,UNANSWERABLE,64K,SUCCESS,65007,6,7.724165723659098,18718269952,23746052096,True,False,False,usable_answer_line
FDA_0025_82K,FDA_0025,FDA,UNANSWERABLE,82K,SUCCESS,81730,6,11.167762937024236,21879264768,23746052096,True,False,False,usable_answer_line
FDA_0025_8K,FDA_0025,FDA,UNANSWERABLE,8K,SUCCESS,8330,6,0.5668972479179502,8008584704,23746052096,True,False,False,usable_answer_line
FDA_0026_16K,FDA_0026,FDA,DIRECT_RETRIEVAL,16K,SUCCESS,16452,6,1.1816879017278552,9544301056,23746052096,True,False,False,usable_answer_line
FDA_0026_32K,FDA_0026,FDA,DIRECT_RETRIEVAL,32K,SUCCESS,32596,6,2.7827831814065576,12593887744,23746052096,True,False,False,usable_answer_line
FDA_0026_4K,FDA_0026,FDA,DIRECT_RETRIEVAL,4K,SUCCESS,4292,6,0.28558756969869137,7247260160,23746052096,True,False,False,usable_answer_line
FDA_0026_64K,FDA_0026,FDA,DIRECT_RETRIEVAL,64K,SUCCESS,65041,6,7.74135950114578,18724695552,23746052096,True,False,False,usable_answer_line
FDA_0026_82K,FDA_0026,FDA,DIRECT_RETRIEVAL,82K,SUCCESS,81767,6,11.16886072512716,21885649408,23746052096,True,False,False,usable_answer_line
FDA_0026_8K,FDA_0026,FDA,DIRECT_RETRIEVAL,8K,SUCCESS,8296,6,0.5737142963334918,8002159104,23746052096,True,False,False,usable_answer_line
FDA_0027_16K,FDA_0027,FDA,DIRECT_RETRIEVAL,16K,SUCCESS,16439,6,1.176499011926353,9540860416,23746052096,True,False,False,usable_answer_line
FDA_0027_32K,FDA_0027,FDA,DIRECT_RETRIEVAL,32K,SUCCESS,32630,6,2.7835731087252498,12600638976,23746052096,True,False,False,usable_answer_line
FDA_0027_4K,FDA_0027,FDA,DIRECT_RETRIEVAL,4K,SUCCESS,4252,6,0.2873759735375643,7240364544,23746052096,True,False,False,usable_answer_line
FDA_0027_64K,FDA_0027,FDA,DIRECT_RETRIEVAL,64K,SUCCESS,65031,6,7.749798317439854,18722806272,23746052096,True,False,False,usable_answer_line
FDA_0027_82K,FDA_0027,FDA,DIRECT_RETRIEVAL,82K,SUCCESS,81727,6,11.139795070514083,21877680640,23746052096,True,False,False,usable_answer_line
FDA_0027_8K,FDA_0027,FDA,DIRECT_RETRIEVAL,8K,SUCCESS,8296,6,0.5698135187849402,8002159104,23746052096,True,False,False,usable_answer_line
FDA_0028_16K,FDA_0028,FDA,DIRECT_RETRIEVAL,16K,SUCCESS,16425,6,1.1908910302445292,9538215424,23746052096,True,False,False,usable_answer_line
FDA_0028_32K,FDA_0028,FDA,DIRECT_RETRIEVAL,32K,SUCCESS,32645,6,2.782415919005871,12603147776,23746052096,True,False,False,usable_answer_line
FDA_0028_4K,FDA_0028,FDA,DIRECT_RETRIEVAL,4K,SUCCESS,4294,6,0.2856624647974968,7247633920,23746052096,True,False,False,usable_answer_line
FDA_0028_64K,FDA_0028,FDA,DIRECT_RETRIEVAL,64K,SUCCESS,65046,6,7.7377376314252615,18725639680,23746052096,True,False,False,usable_answer_line
FDA_0028_82K,FDA_0028,FDA,DIRECT_RETRIEVAL,82K,SUCCESS,81756,6,11.162383345887065,21883750912,23746052096,True,False,False,usable_answer_line
FDA_0028_8K,FDA_0028,FDA,DIRECT_RETRIEVAL,8K,SUCCESS,8274,6,0.577630627900362,7998084608,23746052096,True,False,False,usable_answer_line
FDA_0029_16K,FDA_0029,FDA,DIRECT_RETRIEVAL,16K,SUCCESS,16450,6,1.1810066374018788,9543955968,23746052096,True,False,False,usable_answer_line
FDA_0029_32K,FDA_0029,FDA,DIRECT_RETRIEVAL,32K,SUCCESS,32653,6,2.794252266176045,12604659200,23746052096,True,False,False,usable_answer_line
FDA_0029_4K,FDA_0029,FDA,DIRECT_RETRIEVAL,4K,SUCCESS,4272,6,0.28427104000002146,7243520512,23746052096,True,False,False,usable_answer_line
FDA_0029_64K,FDA_0029,FDA,DIRECT_RETRIEVAL,64K,SUCCESS,65071,6,7.733853414654732,18730363392,23746052096,True,False,False,usable_answer_line
FDA_0029_82K,FDA_0029,FDA,DIRECT_RETRIEVAL,82K,SUCCESS,81776,6,11.173100308515131,21887201792,23746052096,True,False,False,usable_answer_line
FDA_0029_8K,FDA_0029,FDA,DIRECT_RETRIEVAL,8K,SUCCESS,8315,6,0.5632682461291552,8005749248,23746052096,True,False,False,usable_answer_line
FDA_0030_16K,FDA_0030,FDA,DIRECT_RETRIEVAL,16K,SUCCESS,16444,6,1.1756368707865477,9541804544,23746052096,True,False,False,usable_answer_line
FDA_0030_32K,FDA_0030,FDA,DIRECT_RETRIEVAL,32K,SUCCESS,32638,6,2.780713453888893,12601888256,23746052096,True,False,False,usable_answer_line
FDA_0030_4K,FDA_0030,FDA,DIRECT_RETRIEVAL,4K,SUCCESS,4274,6,0.2846214026212692,7243894272,23746052096,True,False,False,usable_answer_line
FDA_0030_64K,FDA_0030,FDA,DIRECT_RETRIEVAL,64K,SUCCESS,65062,6,7.736421084962785,18728662528,23746052096,True,False,False,usable_answer_line
FDA_0030_82K,FDA_0030,FDA,DIRECT_RETRIEVAL,82K,SUCCESS,81782,6,11.168428341858089,21888237056,23746052096,True,False,False,usable_answer_line
FDA_0030_8K,FDA_0030,FDA,DIRECT_RETRIEVAL,8K,SUCCESS,8281,6,0.5707767875865102,7999325696,23746052096,True,False,False,usable_answer_line
FDA_0031_16K,FDA_0031,FDA,DIRECT_RETRIEVAL,16K,SUCCESS,16392,6,1.1644717380404472,9531980288,23746052096,True,False,False,usable_answer_line
FDA_0031_32K,FDA_0031,FDA,DIRECT_RETRIEVAL,32K,SUCCESS,32652,6,2.7857443038374186,12604469760,23746052096,True,False,False,usable_answer_line
FDA_0031_4K,FDA_0031,FDA,DIRECT_RETRIEVAL,4K,SUCCESS,4230,6,0.2845517052337527,7235671552,23746052096,True,False,False,usable_answer_line
FDA_0031_64K,FDA_0031,FDA,DIRECT_RETRIEVAL,64K,SUCCESS,65030,6,7.735646259970963,18722616832,23746052096,True,False,False,usable_answer_line
FDA_0031_82K,FDA_0031,FDA,DIRECT_RETRIEVAL,82K,SUCCESS,81698,6,11.148982536047697,21872201216,23746052096,True,False,False,usable_answer_line
FDA_0031_8K,FDA_0031,FDA,DIRECT_RETRIEVAL,8K,SUCCESS,8316,6,0.5702462559565902,8005937664,23746052096,True,False,False,usable_answer_line
FDA_0032_16K,FDA_0032,FDA,DIRECT_RETRIEVAL,16K,SUCCESS,16403,6,1.1772608328610659,9534059008,23746052096,True,False,False,usable_answer_line
FDA_0032_32K,FDA_0032,FDA,DIRECT_RETRIEVAL,32K,SUCCESS,32595,6,2.7794664250686765,12593699328,23746052096,True,False,False,usable_answer_line
FDA_0032_4K,FDA_0032,FDA,DIRECT_RETRIEVAL,4K,SUCCESS,4284,6,0.28799557592719793,7245763072,23746052096,True,False,False,usable_answer_line
FDA_0032_64K,FDA_0032,FDA,DIRECT_RETRIEVAL,64K,SUCCESS,65084,6,7.736885373480618,18732818944,23746052096,True,False,False,usable_answer_line
FDA_0032_82K,FDA_0032,FDA,DIRECT_RETRIEVAL,82K,SUCCESS,81792,6,11.200444299727678,21889962496,23746052096,True,False,False,usable_answer_line
FDA_0032_8K,FDA_0032,FDA,DIRECT_RETRIEVAL,8K,SUCCESS,8265,6,0.5649717235937715,7996605952,23746052096,True,False,False,usable_answer_line
FDA_0033_16K,FDA_0033,FDA,DIRECT_RETRIEVAL,16K,SUCCESS,16475,6,1.175878326408565,9548270080,23746052096,True,False,False,usable_answer_line
FDA_0033_32K,FDA_0033,FDA,DIRECT_RETRIEVAL,32K,SUCCESS,32640,10,2.8765988256782293,12602200576,23746052096,True,False,False,usable_answer_line
FDA_0033_4K,FDA_0033,FDA,DIRECT_RETRIEVAL,4K,SUCCESS,4317,6,0.29204175993800163,7252007936,23746052096,True,False,False,usable_answer_line
FDA_0033_64K,FDA_0033,FDA,DIRECT_RETRIEVAL,64K,SUCCESS,65110,6,7.759660701267421,18737733120,23746052096,True,False,False,usable_answer_line
FDA_0033_82K,FDA_0033,FDA,DIRECT_RETRIEVAL,82K,SUCCESS,81789,6,11.150941327214241,21889445376,23746052096,True,False,False,usable_answer_line
FDA_0033_8K,FDA_0033,FDA,DIRECT_RETRIEVAL,8K,SUCCESS,8329,6,0.5651068827137351,8008396288,22628270080,True,False,False,usable_answer_line
FDA_0034_16K,FDA_0034,FDA,DIRECT_RETRIEVAL,16K,SUCCESS,16389,6,1.1774639058858156,9531414016,23746052096,True,False,False,usable_answer_line
FDA_0034_32K,FDA_0034,FDA,DIRECT_RETRIEVAL,32K,SUCCESS,32645,6,2.786558930762112,12603147776,23746052096,True,False,False,usable_answer_line
FDA_0034_4K,FDA_0034,FDA,DIRECT_RETRIEVAL,4K,SUCCESS,4271,6,0.28531324956566095,7243333632,23746052096,True,False,False,usable_answer_line
FDA_0034_64K,FDA_0034,FDA,DIRECT_RETRIEVAL,64K,SUCCESS,65052,6,7.7293417463079095,18726773248,23746052096,True,False,False,usable_answer_line
FDA_0034_82K,FDA_0034,FDA,DIRECT_RETRIEVAL,82K,SUCCESS,81765,6,11.158353074453771,21885304320,23746052096,True,False,False,usable_answer_line
FDA_0034_8K,FDA_0034,FDA,DIRECT_RETRIEVAL,8K,SUCCESS,8310,6,0.5691599305719137,8004804096,23746052096,True,False,False,usable_answer_line
FDA_0035_16K,FDA_0035,FDA,DIRECT_RETRIEVAL,16K,SUCCESS,16445,6,1.1641646400094032,9541993984,23746052096,True,False,False,usable_answer_line
FDA_0035_32K,FDA_0035,FDA,DIRECT_RETRIEVAL,32K,SUCCESS,32657,6,2.783576381392777,12605414912,23746052096,True,False,False,usable_answer_line
FDA_0035_4K,FDA_0035,FDA,DIRECT_RETRIEVAL,4K,SUCCESS,4261,6,0.28603396099060774,7241475072,23746052096,True,False,False,usable_answer_line
FDA_0035_64K,FDA_0035,FDA,DIRECT_RETRIEVAL,64K,SUCCESS,65068,6,7.729483961127698,18729796096,23746052096,True,False,False,usable_answer_line
FDA_0035_82K,FDA_0035,FDA,DIRECT_RETRIEVAL,82K,SUCCESS,81784,6,11.178780636750162,21888582144,23746052096,True,False,False,usable_answer_line
FDA_0035_8K,FDA_0035,FDA,DIRECT_RETRIEVAL,8K,SUCCESS,8272,6,0.5776299638673663,7997755904,23746052096,True,False,False,usable_answer_line
FDA_0036_16K,FDA_0036,FDA,DIRECT_RETRIEVAL,16K,SUCCESS,16419,6,1.1754546510055661,9537081856,23746052096,True,False,False,usable_answer_line
FDA_0036_32K,FDA_0036,FDA,DIRECT_RETRIEVAL,32K,SUCCESS,32654,6,2.785353939048946,12604847616,23746052096,True,False,False,usable_answer_line
FDA_0036_4K,FDA_0036,FDA,DIRECT_RETRIEVAL,4K,SUCCESS,4284,6,0.2856163280084729,7245763072,23746052096,True,False,False,usable_answer_line
FDA_0036_64K,FDA_0036,FDA,DIRECT_RETRIEVAL,64K,SUCCESS,65031,6,7.734704825095832,18722806272,23746052096,True,False,False,usable_answer_line
FDA_0036_82K,FDA_0036,FDA,DIRECT_RETRIEVAL,82K,SUCCESS,81709,6,11.149911906570196,21874279936,23746052096,True,False,False,usable_answer_line
FDA_0036_8K,FDA_0036,FDA,DIRECT_RETRIEVAL,8K,SUCCESS,8328,6,0.5717287929728627,8008206848,23746052096,True,False,False,usable_answer_line
FDA_0037_16K,FDA_0037,FDA,DIRECT_RETRIEVAL,16K,SUCCESS,16429,7,1.1940030110999942,9538971136,23746052096,True,False,False,usable_answer_line
FDA_0037_32K,FDA_0037,FDA,DIRECT_RETRIEVAL,32K,SUCCESS,32647,12,2.923550484701991,12603525632,23746052096,True,False,False,usable_answer_line
FDA_0037_4K,FDA_0037,FDA,DIRECT_RETRIEVAL,4K,SUCCESS,4267,12,0.3545110644772649,7242586112,23746052096,True,False,False,usable_answer_line
FDA_0037_64K,FDA_0037,FDA,DIRECT_RETRIEVAL,64K,SUCCESS,65087,12,7.968323876149952,18733386240,23746052096,True,False,False,usable_answer_line
FDA_0037_82K,FDA_0037,FDA,DIRECT_RETRIEVAL,82K,SUCCESS,81781,12,11.422022608108819,21888065024,23746052096,True,False,False,usable_answer_line
FDA_0037_8K,FDA_0037,FDA,DIRECT_RETRIEVAL,8K,SUCCESS,8273,12,0.6445303056389093,7997920768,23746052096,True,False,False,usable_answer_line
FDA_0038_16K,FDA_0038,FDA,DIRECT_RETRIEVAL,16K,SUCCESS,16456,10,1.2431343058124185,9544991232,23746052096,True,False,False,usable_answer_line
FDA_0038_32K,FDA_0038,FDA,DIRECT_RETRIEVAL,32K,SUCCESS,32646,10,2.8749311938881874,12603336192,23746052096,True,False,False,usable_answer_line
FDA_0038_4K,FDA_0038,FDA,DIRECT_RETRIEVAL,4K,SUCCESS,4276,10,0.3314658049494028,7244268032,23746052096,True,False,False,usable_answer_line
FDA_0038_64K,FDA_0038,FDA,DIRECT_RETRIEVAL,64K,SUCCESS,65050,10,7.882908450439572,18726395392,23746052096,True,False,False,usable_answer_line
FDA_0038_82K,FDA_0038,FDA,DIRECT_RETRIEVAL,82K,SUCCESS,81733,10,11.327662882395089,21879782912,23746052096,True,False,False,usable_answer_line
FDA_0038_8K,FDA_0038,FDA,DIRECT_RETRIEVAL,8K,SUCCESS,8319,10,0.6201945077627897,8006504960,23746052096,True,False,False,usable_answer_line
FDA_0039_16K,FDA_0039,FDA,DIRECT_RETRIEVAL,16K,SUCCESS,16445,6,1.178772653453052,9541993984,23746052096,True,False,False,usable_answer_line
FDA_0039_32K,FDA_0039,FDA,DIRECT_RETRIEVAL,32K,SUCCESS,32629,6,2.7797986157238483,12600483328,23746052096,True,False,False,usable_answer_line
FDA_0039_4K,FDA_0039,FDA,DIRECT_RETRIEVAL,4K,SUCCESS,4273,6,0.2974044745787978,7243707392,23746052096,True,False,False,usable_answer_line
FDA_0039_64K,FDA_0039,FDA,DIRECT_RETRIEVAL,64K,SUCCESS,65089,6,7.739754327572882,18733766144,23746052096,True,False,False,usable_answer_line
FDA_0039_82K,FDA_0039,FDA,DIRECT_RETRIEVAL,82K,SUCCESS,81776,6,11.157354719936848,21887201792,23746052096,True,False,False,usable_answer_line
FDA_0039_8K,FDA_0039,FDA,DIRECT_RETRIEVAL,8K,SUCCESS,8320,6,0.5688026566058397,8006693376,23746052096,True,False,False,usable_answer_line
FDA_0040_16K,FDA_0040,FDA,DIRECT_RETRIEVAL,16K,SUCCESS,16448,10,1.241713959723711,9543608832,23746052096,True,False,False,usable_answer_line
FDA_0040_32K,FDA_0040,FDA,DIRECT_RETRIEVAL,32K,SUCCESS,32657,10,2.874509520828724,12605414912,23746052096,True,False,False,usable_answer_line
FDA_0040_4K,FDA_0040,FDA,DIRECT_RETRIEVAL,4K,SUCCESS,4279,10,0.3368533607572317,7244828672,23746052096,True,False,False,usable_answer_line
FDA_0040_64K,FDA_0040,FDA,DIRECT_RETRIEVAL,64K,SUCCESS,65059,10,7.886942592449486,18728096256,23746052096,True,False,False,usable_answer_line
FDA_0040_82K,FDA_0040,FDA,DIRECT_RETRIEVAL,82K,SUCCESS,81713,10,11.315172281116247,21875035648,23746052096,True,False,False,usable_answer_line
FDA_0040_8K,FDA_0040,FDA,DIRECT_RETRIEVAL,8K,SUCCESS,8303,10,0.6143866898491979,8003482112,23746052096,True,False,False,usable_answer_line
FDA_0041_16K,FDA_0041,FDA,DIRECT_RETRIEVAL,16K,SUCCESS,16442,6,1.1788316620513797,9541426688,23746052096,True,False,False,usable_answer_line
FDA_0041_32K,FDA_0041,FDA,DIRECT_RETRIEVAL,32K,SUCCESS,32654,6,2.784985295496881,12604847616,23746052096,True,False,False,usable_answer_line
FDA_0041_4K,FDA_0041,FDA,DIRECT_RETRIEVAL,4K,SUCCESS,4292,6,0.29645658377557993,7247260160,20484980736,True,False,False,usable_answer_line
FDA_0041_64K,FDA_0041,FDA,DIRECT_RETRIEVAL,64K,SUCCESS,65016,6,7.718007577583194,18719969792,23746052096,True,False,False,usable_answer_line
FDA_0041_82K,FDA_0041,FDA,DIRECT_RETRIEVAL,82K,SUCCESS,81758,6,11.160940888337791,21884096000,23746052096,True,False,False,usable_answer_line
FDA_0041_8K,FDA_0041,FDA,DIRECT_RETRIEVAL,8K,SUCCESS,8344,6,0.5719451811164618,8011229696,23746052096,True,False,False,usable_answer_line
FDA_0042_16K,FDA_0042,FDA,DIRECT_RETRIEVAL,16K,SUCCESS,16397,6,1.1754788616672158,9532925440,20631781376,True,False,False,usable_answer_line
FDA_0042_32K,FDA_0042,FDA,DIRECT_RETRIEVAL,32K,SUCCESS,32595,6,2.7893214682117105,12593699328,23746052096,True,False,False,usable_answer_line
FDA_0042_4K,FDA_0042,FDA,DIRECT_RETRIEVAL,4K,SUCCESS,4225,6,0.2909353896975517,7234737152,23746052096,True,False,False,usable_answer_line
FDA_0042_64K,FDA_0042,FDA,DIRECT_RETRIEVAL,64K,SUCCESS,65033,6,7.739036031998694,18723184128,23746052096,True,False,False,usable_answer_line
FDA_0042_82K,FDA_0042,FDA,DIRECT_RETRIEVAL,82K,SUCCESS,81763,6,11.157784493640065,21884959232,23746052096,True,False,False,usable_answer_line
FDA_0042_8K,FDA_0042,FDA,DIRECT_RETRIEVAL,8K,SUCCESS,8342,6,0.5676166350021958,8010851840,23746052096,True,False,False,usable_answer_line
FDA_0043_16K,FDA_0043,FDA,DIRECT_RETRIEVAL,16K,SUCCESS,16393,7,1.1916504371911287,9532169728,23746052096,True,False,False,usable_answer_line
FDA_0043_32K,FDA_0043,FDA,DIRECT_RETRIEVAL,32K,SUCCESS,32655,7,2.807036898098886,12605037056,23746052096,True,False,False,usable_answer_line
FDA_0043_4K,FDA_0043,FDA,DIRECT_RETRIEVAL,4K,SUCCESS,4283,7,0.3023912524804473,7245576192,23746052096,True,False,False,usable_answer_line
FDA_0043_64K,FDA_0043,FDA,DIRECT_RETRIEVAL,64K,SUCCESS,65056,7,7.7704531429335475,18727528960,23746052096,True,False,False,usable_answer_line
FDA_0043_82K,FDA_0043,FDA,DIRECT_RETRIEVAL,82K,SUCCESS,81747,7,11.215402678586543,21882198528,23746052096,True,False,False,usable_answer_line
FDA_0043_8K,FDA_0043,FDA,DIRECT_RETRIEVAL,8K,SUCCESS,8303,7,0.577934555709362,8003482112,23746052096,True,False,False,usable_answer_line
FDA_0044_16K,FDA_0044,FDA,DIRECT_RETRIEVAL,16K,SUCCESS,16410,6,1.1865680012851954,9535380992,23746052096,True,False,False,usable_answer_line
FDA_0044_32K,FDA_0044,FDA,DIRECT_RETRIEVAL,32K,SUCCESS,32618,6,2.779629207216203,12598765056,23746052096,True,False,False,usable_answer_line
FDA_0044_4K,FDA_0044,FDA,DIRECT_RETRIEVAL,4K,SUCCESS,4218,6,0.2834911746904254,7233426944,23746052096,True,False,False,usable_answer_line
FDA_0044_64K,FDA_0044,FDA,DIRECT_RETRIEVAL,64K,SUCCESS,65069,6,7.741660973057151,18729985536,23746052096,True,False,False,usable_answer_line
FDA_0044_82K,FDA_0044,FDA,DIRECT_RETRIEVAL,82K,SUCCESS,81724,6,11.144870129413903,21877113344,23746052096,True,False,False,usable_answer_line
FDA_0044_8K,FDA_0044,FDA,DIRECT_RETRIEVAL,8K,SUCCESS,8337,6,0.5702910823747516,8009907712,23746052096,True,False,False,usable_answer_line
FDA_0045_16K,FDA_0045,FDA,DIRECT_RETRIEVAL,16K,SUCCESS,16386,6,1.1772555969655514,9530846720,23746052096,True,False,False,usable_answer_line
FDA_0045_32K,FDA_0045,FDA,DIRECT_RETRIEVAL,32K,SUCCESS,32635,6,2.776943544857204,12601420288,23746052096,True,False,False,usable_answer_line
FDA_0045_4K,FDA_0045,FDA,DIRECT_RETRIEVAL,4K,SUCCESS,4219,6,0.28816736582666636,7233613824,23746052096,True,False,False,usable_answer_line
FDA_0045_64K,FDA_0045,FDA,DIRECT_RETRIEVAL,64K,SUCCESS,65084,6,7.744627106003463,18732818944,23746052096,True,False,False,usable_answer_line
FDA_0045_82K,FDA_0045,FDA,DIRECT_RETRIEVAL,82K,SUCCESS,81733,6,11.161319092847407,21879782912,23746052096,True,False,False,usable_answer_line
FDA_0045_8K,FDA_0045,FDA,DIRECT_RETRIEVAL,8K,SUCCESS,8328,6,0.5714176027104259,8008206848,23746052096,True,False,False,usable_answer_line
FDA_0046_16K,FDA_0046,FDA,RETRIEVAL_CALCULATION,16K,SUCCESS,16386,6,1.1780138332396746,9530846720,23746052096,True,False,False,usable_answer_line
FDA_0046_32K,FDA_0046,FDA,RETRIEVAL_CALCULATION,32K,SUCCESS,32601,6,2.7791740810498595,12594832896,23746052096,True,False,False,usable_answer_line
FDA_0046_4K,FDA_0046,FDA,RETRIEVAL_CALCULATION,4K,SUCCESS,4216,6,0.28141111321747303,7233053184,23746052096,True,False,False,usable_answer_line
FDA_0046_64K,FDA_0046,FDA,RETRIEVAL_CALCULATION,64K,SUCCESS,65055,6,7.730090034194291,18727340544,23746052096,True,False,False,usable_answer_line
FDA_0046_82K,FDA_0046,FDA,RETRIEVAL_CALCULATION,82K,SUCCESS,81720,6,11.151821291074157,21876357632,23746052096,True,False,False,usable_answer_line
FDA_0046_8K,FDA_0046,FDA,RETRIEVAL_CALCULATION,8K,SUCCESS,8296,6,0.5706104803830385,8002159104,23746052096,True,False,False,usable_answer_line
FDA_0047_16K,FDA_0047,FDA,RETRIEVAL_CALCULATION,16K,SUCCESS,16383,6,1.1406642934307456,9530335744,23746052096,True,False,False,usable_answer_line
FDA_0047_32K,FDA_0047,FDA,RETRIEVAL_CALCULATION,32K,SUCCESS,32581,6,2.788844202645123,12591054336,23746052096,True,False,False,usable_answer_line
FDA_0047_4K,FDA_0047,FDA,RETRIEVAL_CALCULATION,4K,SUCCESS,4280,6,0.28641780372709036,7245015552,23746052096,True,False,False,usable_answer_line
FDA_0047_64K,FDA_0047,FDA,RETRIEVAL_CALCULATION,64K,SUCCESS,65061,6,7.73833598010242,18728474112,23746052096,True,False,False,usable_answer_line
FDA_0047_82K,FDA_0047,FDA,RETRIEVAL_CALCULATION,82K,SUCCESS,81785,6,11.169858043082058,21888755200,23746052096,True,False,False,usable_answer_line
FDA_0047_8K,FDA_0047,FDA,RETRIEVAL_CALCULATION,8K,SUCCESS,8267,6,0.5696441577747464,7996934656,23746052096,True,False,False,usable_answer_line
FDA_0048_16K,FDA_0048,FDA,RETRIEVAL_CALCULATION,16K,SUCCESS,16435,6,1.180657571181655,9540104704,23746052096,True,False,False,usable_answer_line
FDA_0048_32K,FDA_0048,FDA,RETRIEVAL_CALCULATION,32K,SUCCESS,32590,6,2.7846020264551044,12592754176,23746052096,True,False,False,usable_answer_line
FDA_0048_4K,FDA_0048,FDA,RETRIEVAL_CALCULATION,4K,SUCCESS,4224,6,0.2854987997561693,7234548224,23746052096,True,False,False,usable_answer_line
FDA_0048_64K,FDA_0048,FDA,RETRIEVAL_CALCULATION,64K,SUCCESS,65024,6,7.725709869526327,18721481216,23746052096,True,False,False,usable_answer_line
FDA_0048_82K,FDA_0048,FDA,RETRIEVAL_CALCULATION,82K,SUCCESS,81751,6,11.154879317618906,21882888704,23746052096,True,False,False,usable_answer_line
FDA_0048_8K,FDA_0048,FDA,RETRIEVAL_CALCULATION,8K,SUCCESS,8296,6,0.5763944638893008,8002159104,23746052096,True,False,False,usable_answer_line
FDA_0049_16K,FDA_0049,FDA,RETRIEVAL_CALCULATION,16K,SUCCESS,16393,6,1.1786164240911603,9532169728,23746052096,True,False,False,usable_answer_line
FDA_0049_32K,FDA_0049,FDA,RETRIEVAL_CALCULATION,32K,SUCCESS,32650,6,2.787240623496473,12604091904,23746052096,True,False,False,usable_answer_line
FDA_0049_4K,FDA_0049,FDA,RETRIEVAL_CALCULATION,4K,SUCCESS,4272,6,0.2901364164426923,7243520512,23746052096,True,False,False,usable_answer_line
FDA_0049_64K,FDA_0049,FDA,RETRIEVAL_CALCULATION,64K,SUCCESS,65078,6,7.736291314475238,18731685376,23746052096,True,False,False,usable_answer_line
FDA_0049_82K,FDA_0049,FDA,RETRIEVAL_CALCULATION,82K,SUCCESS,81789,6,11.163953913375735,21889445376,23746052096,True,False,False,usable_answer_line
FDA_0049_8K,FDA_0049,FDA,RETRIEVAL_CALCULATION,8K,SUCCESS,8269,6,0.5505326529964805,7997263360,23746052096,True,False,False,usable_answer_line
FDA_0050_16K,FDA_0050,FDA,RETRIEVAL_CALCULATION,16K,SUCCESS,16426,6,1.186558828689158,9538403840,23746052096,True,False,False,usable_answer_line
FDA_0050_32K,FDA_0050,FDA,RETRIEVAL_CALCULATION,32K,SUCCESS,32600,6,2.783436331897974,12594643456,23746052096,True,False,False,usable_answer_line
FDA_0050_4K,FDA_0050,FDA,RETRIEVAL_CALCULATION,4K,SUCCESS,4258,6,0.28263169433921576,7241104896,23746052096,True,False,False,usable_answer_line
FDA_0050_64K,FDA_0050,FDA,RETRIEVAL_CALCULATION,64K,SUCCESS,65027,6,7.737311971373856,18722050560,23746052096,True,False,False,usable_answer_line
FDA_0050_82K,FDA_0050,FDA,RETRIEVAL_CALCULATION,82K,SUCCESS,81721,6,11.153125705197453,21876547072,23746052096,True,False,False,usable_answer_line
FDA_0050_8K,FDA_0050,FDA,RETRIEVAL_CALCULATION,8K,SUCCESS,8257,6,0.5507440343499184,7995291136,23746052096,True,False,False,usable_answer_line
FDA_0051_16K,FDA_0051,FDA,RETRIEVAL_CALCULATION,16K,SUCCESS,16419,6,1.1837570946663618,9537081856,23746052096,True,False,False,usable_answer_line
FDA_0051_32K,FDA_0051,FDA,RETRIEVAL_CALCULATION,32K,SUCCESS,32614,6,2.781284224241972,12598140416,23746052096,True,False,False,usable_answer_line
FDA_0051_4K,FDA_0051,FDA,RETRIEVAL_CALCULATION,4K,SUCCESS,4257,6,0.28384464140981436,7240981504,23746052096,True,False,False,usable_answer_line
FDA_0051_64K,FDA_0051,FDA,RETRIEVAL_CALCULATION,64K,SUCCESS,65065,6,7.730818340554833,18729229824,23746052096,True,False,False,usable_answer_line
FDA_0051_82K,FDA_0051,FDA,RETRIEVAL_CALCULATION,82K,SUCCESS,81723,6,11.152493747882545,21876924928,23746052096,True,False,False,usable_answer_line
FDA_0051_8K,FDA_0051,FDA,RETRIEVAL_CALCULATION,8K,SUCCESS,8325,6,0.5684996815398335,8007640576,23746052096,True,False,False,usable_answer_line
FDA_0052_16K,FDA_0052,FDA,RETRIEVAL_CALCULATION,16K,SUCCESS,16365,6,1.1472376063466072,9527976448,23746052096,True,False,False,usable_answer_line
FDA_0052_32K,FDA_0052,FDA,RETRIEVAL_CALCULATION,32K,SUCCESS,32641,6,2.778125299140811,12602392064,23746052096,True,False,False,usable_answer_line
FDA_0052_4K,FDA_0052,FDA,RETRIEVAL_CALCULATION,4K,SUCCESS,4274,6,0.2831286182627082,7243894272,23746052096,True,False,False,usable_answer_line
FDA_0052_64K,FDA_0052,FDA,RETRIEVAL_CALCULATION,64K,SUCCESS,65075,6,7.739407460205257,18731119104,23746052096,True,False,False,usable_answer_line
FDA_0052_82K,FDA_0052,FDA,RETRIEVAL_CALCULATION,82K,SUCCESS,81752,6,11.1714245416224,21883060736,23746052096,True,False,False,usable_answer_line
FDA_0052_8K,FDA_0052,FDA,RETRIEVAL_CALCULATION,8K,SUCCESS,8307,6,0.571972438134253,8004237824,23746052096,True,False,False,usable_answer_line
FDA_0053_16K,FDA_0053,FDA,RETRIEVAL_CALCULATION,16K,SUCCESS,16384,6,1.1356832962483168,9530466816,23746052096,True,False,False,usable_answer_line
FDA_0053_32K,FDA_0053,FDA,RETRIEVAL_CALCULATION,32K,SUCCESS,32584,6,2.7785792257636786,12591620608,23746052096,True,False,False,usable_answer_line
FDA_0053_4K,FDA_0053,FDA,RETRIEVAL_CALCULATION,4K,SUCCESS,4269,6,0.28523521311581135,7242959872,23746052096,True,False,False,usable_answer_line
FDA_0053_64K,FDA_0053,FDA,RETRIEVAL_CALCULATION,64K,SUCCESS,65069,6,7.740024060942233,18729985536,23746052096,True,False,False,usable_answer_line
FDA_0053_82K,FDA_0053,FDA,RETRIEVAL_CALCULATION,82K,SUCCESS,81776,6,11.175934807397425,21887201792,23746052096,True,False,False,usable_answer_line
FDA_0053_8K,FDA_0053,FDA,RETRIEVAL_CALCULATION,8K,SUCCESS,8296,6,0.5687440680339932,8002159104,23746052096,True,False,False,usable_answer_line
FDA_0054_16K,FDA_0054,FDA,RETRIEVAL_CALCULATION,16K,SUCCESS,16443,6,1.1760952798649669,9541616128,23746052096,True,False,False,usable_answer_line
FDA_0054_32K,FDA_0054,FDA,RETRIEVAL_CALCULATION,32K,SUCCESS,32595,6,2.7796918861567974,12593699328,23746052096,True,False,False,usable_answer_line
FDA_0054_4K,FDA_0054,FDA,RETRIEVAL_CALCULATION,4K,SUCCESS,4239,6,0.2875648783519864,7237353472,23746052096,True,False,False,usable_answer_line
FDA_0054_64K,FDA_0054,FDA,RETRIEVAL_CALCULATION,64K,SUCCESS,65075,6,7.742930080741644,18731119104,23746052096,True,False,False,usable_answer_line
FDA_0054_82K,FDA_0054,FDA,RETRIEVAL_CALCULATION,82K,SUCCESS,81779,6,11.160422285087407,21887719936,23746052096,True,False,False,usable_answer_line
FDA_0054_8K,FDA_0054,FDA,RETRIEVAL_CALCULATION,8K,SUCCESS,8320,6,0.5657757874578238,8006693376,23746052096,True,False,False,usable_answer_line
FDA_0055_16K,FDA_0055,FDA,RETRIEVAL_CALCULATION,16K,SUCCESS,16444,6,1.1791873341426253,9541804544,23746052096,True,False,False,usable_answer_line
FDA_0055_32K,FDA_0055,FDA,RETRIEVAL_CALCULATION,32K,SUCCESS,32585,6,2.7772005181759596,12591810048,23746052096,True,False,False,usable_answer_line
FDA_0055_4K,FDA_0055,FDA,RETRIEVAL_CALCULATION,4K,SUCCESS,4261,6,0.29253861401230097,7241475072,23746052096,True,False,False,usable_answer_line
FDA_0055_64K,FDA_0055,FDA,RETRIEVAL_CALCULATION,64K,SUCCESS,65053,6,7.738339574076235,18726962688,23746052096,True,False,False,usable_answer_line
FDA_0055_82K,FDA_0055,FDA,RETRIEVAL_CALCULATION,82K,SUCCESS,81717,6,11.154492509551346,21875791360,23746052096,True,False,False,usable_answer_line
FDA_0055_8K,FDA_0055,FDA,RETRIEVAL_CALCULATION,8K,SUCCESS,8339,6,0.5717042787000537,8010285568,23746052096,True,False,False,usable_answer_line
FDA_0056_16K,FDA_0056,FDA,RETRIEVAL_CALCULATION,16K,SUCCESS,16382,6,1.1439960487186909,9530204672,23746052096,True,False,False,usable_answer_line
FDA_0056_32K,FDA_0056,FDA,RETRIEVAL_CALCULATION,32K,SUCCESS,32625,6,2.7825100859627128,12599858688,23746052096,True,False,False,usable_answer_line
FDA_0056_4K,FDA_0056,FDA,RETRIEVAL_CALCULATION,4K,SUCCESS,4202,6,0.2775780213996768,7230436864,23746052096,True,False,False,usable_answer_line
FDA_0056_64K,FDA_0056,FDA,RETRIEVAL_CALCULATION,64K,SUCCESS,64996,6,7.731560126878321,18716191232,23746052096,True,False,False,usable_answer_line
FDA_0056_82K,FDA_0056,FDA,RETRIEVAL_CALCULATION,82K,SUCCESS,81704,6,11.154930138029158,21873334784,23746052096,True,False,False,usable_answer_line
FDA_0056_8K,FDA_0056,FDA,RETRIEVAL_CALCULATION,8K,SUCCESS,8324,6,0.5716852899640799,8007451136,23725080576,True,False,False,usable_answer_line
FDA_0057_16K,FDA_0057,FDA,RETRIEVAL_CALCULATION,16K,SUCCESS,16434,6,1.1755827832967043,9539915264,23746052096,True,False,False,usable_answer_line
FDA_0057_32K,FDA_0057,FDA,RETRIEVAL_CALCULATION,32K,SUCCESS,32641,6,2.782928168773651,12602392064,23746052096,True,False,False,usable_answer_line
FDA_0057_4K,FDA_0057,FDA,RETRIEVAL_CALCULATION,4K,SUCCESS,4280,6,0.2875369172543287,7245015552,23746052096,True,False,False,usable_answer_line
FDA_0057_64K,FDA_0057,FDA,RETRIEVAL_CALCULATION,64K,SUCCESS,65078,6,7.739712649956346,18731685376,23746052096,True,False,False,usable_answer_line
FDA_0057_82K,FDA_0057,FDA,RETRIEVAL_CALCULATION,82K,SUCCESS,81732,6,11.174093934707344,21879609856,23746052096,True,False,False,usable_answer_line
FDA_0057_8K,FDA_0057,FDA,RETRIEVAL_CALCULATION,8K,SUCCESS,8287,6,0.5724186794832349,8000459264,23746052096,True,False,False,usable_answer_line
FDA_0058_16K,FDA_0058,FDA,RETRIEVAL_CALCULATION,16K,SUCCESS,16444,6,1.1759780906140804,9541804544,23746052096,True,False,False,usable_answer_line
FDA_0058_32K,FDA_0058,FDA,RETRIEVAL_CALCULATION,32K,SUCCESS,32653,6,2.7874564956873655,12604659200,23746052096,True,False,False,usable_answer_line
FDA_0058_4K,FDA_0058,FDA,RETRIEVAL_CALCULATION,4K,SUCCESS,4249,6,0.28584276232868433,7239994368,23746052096,True,False,False,usable_answer_line
FDA_0058_64K,FDA_0058,FDA,RETRIEVAL_CALCULATION,64K,SUCCESS,65080,6,7.731415994465351,18732063232,23746052096,True,False,False,usable_answer_line
FDA_0058_82K,FDA_0058,FDA,RETRIEVAL_CALCULATION,82K,SUCCESS,81784,6,11.155492501333356,21888582144,23746052096,True,False,False,usable_answer_line
FDA_0058_8K,FDA_0058,FDA,RETRIEVAL_CALCULATION,8K,SUCCESS,8279,6,0.571110250428319,7998947840,23746052096,True,False,False,usable_answer_line
FDA_0059_16K,FDA_0059,FDA,RETRIEVAL_CALCULATION,16K,SUCCESS,16382,6,1.1380371358245611,9530204672,23746052096,True,False,False,usable_answer_line
FDA_0059_32K,FDA_0059,FDA,RETRIEVAL_CALCULATION,32K,SUCCESS,32644,6,2.7867721803486347,12602958336,23746052096,True,False,False,usable_answer_line
FDA_0059_4K,FDA_0059,FDA,RETRIEVAL_CALCULATION,4K,SUCCESS,4239,6,0.2793755605816841,7237353472,23746052096,True,False,False,usable_answer_line
FDA_0059_64K,FDA_0059,FDA,RETRIEVAL_CALCULATION,64K,SUCCESS,65022,6,7.726626958698034,18721103360,23746052096,True,False,False,usable_answer_line
FDA_0059_82K,FDA_0059,FDA,RETRIEVAL_CALCULATION,82K,SUCCESS,81742,6,11.161888654343784,21881335296,23746052096,True,False,False,usable_answer_line
FDA_0059_8K,FDA_0059,FDA,RETRIEVAL_CALCULATION,8K,SUCCESS,8314,6,0.5699602961540222,8005559808,23746052096,True,False,False,usable_answer_line
FDA_0060_16K,FDA_0060,FDA,RETRIEVAL_CALCULATION,16K,SUCCESS,16445,6,1.1788822524249554,9541993984,23746052096,True,False,False,usable_answer_line
FDA_0060_32K,FDA_0060,FDA,RETRIEVAL_CALCULATION,32K,SUCCESS,32655,6,2.7885824274271727,12605037056,23746052096,True,False,False,usable_answer_line
FDA_0060_4K,FDA_0060,FDA,RETRIEVAL_CALCULATION,4K,SUCCESS,4214,6,0.29153407644480467,7232679424,23746052096,True,False,False,usable_answer_line
FDA_0060_64K,FDA_0060,FDA,RETRIEVAL_CALCULATION,64K,SUCCESS,65064,6,7.745083877816796,18729040384,23746052096,True,False,False,usable_answer_line
FDA_0060_82K,FDA_0060,FDA,RETRIEVAL_CALCULATION,82K,SUCCESS,81784,6,11.165257717482746,21888582144,23746052096,True,False,False,usable_answer_line
FDA_0060_8K,FDA_0060,FDA,RETRIEVAL_CALCULATION,8K,SUCCESS,8328,6,0.5655274018645287,8008206848,23746052096,True,False,False,usable_answer_line
FDA_0061_16K,FDA_0061,FDA,RETRIEVAL_CALCULATION,16K,SUCCESS,16367,6,1.1373870875686407,9528238592,23746052096,True,False,False,usable_answer_line
FDA_0061_32K,FDA_0061,FDA,RETRIEVAL_CALCULATION,32K,SUCCESS,32653,6,2.782340764068067,12604659200,23746052096,True,False,False,usable_answer_line
FDA_0061_4K,FDA_0061,FDA,RETRIEVAL_CALCULATION,4K,SUCCESS,4283,6,0.28498321771621704,7245576192,23746052096,True,False,False,usable_answer_line
FDA_0061_64K,FDA_0061,FDA,RETRIEVAL_CALCULATION,64K,SUCCESS,65072,6,7.736369032412767,18730551808,23746052096,True,False,False,usable_answer_line
FDA_0061_82K,FDA_0061,FDA,RETRIEVAL_CALCULATION,82K,SUCCESS,81740,6,11.146105074323714,21880990208,23746052096,True,False,False,usable_answer_line
FDA_0061_8K,FDA_0061,FDA,RETRIEVAL_CALCULATION,8K,SUCCESS,8327,6,0.5718221487477422,8008018432,23746052096,True,False,False,usable_answer_line
FDA_0062_16K,FDA_0062,FDA,RETRIEVAL_CALCULATION,16K,SUCCESS,16442,9,1.225728646852076,9541426688,23746052096,True,False,False,usable_answer_line
FDA_0062_32K,FDA_0062,FDA,RETRIEVAL_CALCULATION,32K,SUCCESS,32695,6,2.787442345172167,12614384128,23746052096,True,False,False,usable_answer_line
FDA_0062_4K,FDA_0062,FDA,RETRIEVAL_CALCULATION,4K,SUCCESS,4300,8,0.3123970413580537,7249631744,23746052096,True,False,False,usable_answer_line
FDA_0062_64K,FDA_0062,FDA,RETRIEVAL_CALCULATION,64K,SUCCESS,65134,8,7.8158665811643,18742267392,23746052096,True,False,False,usable_answer_line
FDA_0062_82K,FDA_0062,FDA,RETRIEVAL_CALCULATION,82K,SUCCESS,81752,8,11.24981898535043,21883060736,23746052096,True,False,False,usable_answer_line
FDA_0062_8K,FDA_0062,FDA,RETRIEVAL_CALCULATION,8K,SUCCESS,8360,8,0.5976904490962625,8014252544,23746052096,True,False,False,usable_answer_line
FDA_0063_16K,FDA_0063,FDA,RETRIEVAL_CALCULATION,16K,SUCCESS,16390,8,1.206043167039752,9531602432,23746052096,True,False,False,usable_answer_line
FDA_0063_32K,FDA_0063,FDA,RETRIEVAL_CALCULATION,32K,SUCCESS,32685,8,2.843011879362166,12611724800,23746052096,True,False,False,usable_answer_line
FDA_0063_4K,FDA_0063,FDA,RETRIEVAL_CALCULATION,4K,SUCCESS,4296,9,0.320066318847239,7248007680,23746052096,True,False,False,usable_answer_line
FDA_0063_64K,FDA_0063,FDA,RETRIEVAL_CALCULATION,64K,SUCCESS,65124,8,7.811610681936145,18740378112,23746052096,True,False,False,usable_answer_line
FDA_0063_82K,FDA_0063,FDA,RETRIEVAL_CALCULATION,82K,SUCCESS,81676,8,11.244990616105497,21868044800,23746052096,True,False,False,usable_answer_line
FDA_0063_8K,FDA_0063,FDA,RETRIEVAL_CALCULATION,8K,SUCCESS,8274,9,0.5962439104914665,7998084608,23746052096,True,False,False,usable_answer_line
FDA_0064_16K,FDA_0064,FDA,RETRIEVAL_CALCULATION,16K,SUCCESS,16425,8,1.2119649518281221,9538215424,23746052096,True,False,False,usable_answer_line
FDA_0064_32K,FDA_0064,FDA,RETRIEVAL_CALCULATION,32K,SUCCESS,32682,8,2.8361209025606513,12610137600,23746052096,True,False,False,usable_answer_line
FDA_0064_4K,FDA_0064,FDA,RETRIEVAL_CALCULATION,4K,SUCCESS,4294,8,0.3083663508296013,7247633920,23746052096,True,False,False,usable_answer_line
FDA_0064_64K,FDA_0064,FDA,RETRIEVAL_CALCULATION,64K,SUCCESS,65126,8,7.818721123039722,18740755968,23746052096,True,False,False,usable_answer_line
FDA_0064_82K,FDA_0064,FDA,RETRIEVAL_CALCULATION,82K,SUCCESS,81763,8,11.23784492071718,21884959232,23746052096,True,False,False,usable_answer_line
FDA_0064_8K,FDA_0064,FDA,RETRIEVAL_CALCULATION,8K,SUCCESS,8351,8,0.5971640534698963,8012552704,23746052096,True,False,False,usable_answer_line
FDA_0065_16K,FDA_0065,FDA,RETRIEVAL_CALCULATION,16K,SUCCESS,16490,8,1.2113350788131356,9550857728,23746052096,True,False,False,usable_answer_line
FDA_0065_32K,FDA_0065,FDA,RETRIEVAL_CALCULATION,32K,SUCCESS,32653,8,2.8353558257222176,12604659200,23746052096,True,False,False,usable_answer_line
FDA_0065_4K,FDA_0065,FDA,RETRIEVAL_CALCULATION,4K,SUCCESS,4290,8,0.3186496188864112,7246886400,23746052096,True,False,False,usable_answer_line
FDA_0065_64K,FDA_0065,FDA,RETRIEVAL_CALCULATION,64K,SUCCESS,65147,9,7.8475142698735,18744723968,23746052096,True,False,False,usable_answer_line
FDA_0065_82K,FDA_0065,FDA,RETRIEVAL_CALCULATION,82K,SUCCESS,81722,9,11.275305511429906,21876735488,23746052096,True,False,False,usable_answer_line
FDA_0065_8K,FDA_0065,FDA,RETRIEVAL_CALCULATION,8K,SUCCESS,8380,8,0.5857823742553592,8018031104,23746052096,True,False,False,usable_answer_line
FDA_0066_16K,FDA_0066,FDA,RETRIEVAL_CALCULATION,16K,SUCCESS,16466,9,1.225325483828783,9546716672,23746052096,True,False,False,usable_answer_line
FDA_0066_32K,FDA_0066,FDA,RETRIEVAL_CALCULATION,32K,SUCCESS,32673,9,2.85222059302032,12608437760,23746052096,True,False,False,usable_answer_line
FDA_0066_4K,FDA_0066,FDA,RETRIEVAL_CALCULATION,4K,SUCCESS,4278,9,0.32662409357726574,7244641792,23746052096,True,False,False,usable_answer_line
FDA_0066_64K,FDA_0066,FDA,RETRIEVAL_CALCULATION,64K,SUCCESS,65108,8,7.816749717108905,18737355264,23746052096,True,False,False,usable_answer_line
FDA_0066_82K,FDA_0066,FDA,RETRIEVAL_CALCULATION,82K,SUCCESS,81693,8,11.239880152978003,21871257088,23746052096,True,False,False,usable_answer_line
FDA_0066_8K,FDA_0066,FDA,RETRIEVAL_CALCULATION,8K,SUCCESS,8331,8,0.5965917780995369,8008774144,23746052096,True,False,False,usable_answer_line
FDA_0067_16K,FDA_0067,FDA,RETRIEVAL_CALCULATION,16K,SUCCESS,16462,9,1.2282786630094051,9546026496,23746052096,True,False,False,usable_answer_line
FDA_0067_32K,FDA_0067,FDA,RETRIEVAL_CALCULATION,32K,SUCCESS,32694,8,2.831127630546689,12614247936,23746052096,True,False,False,usable_answer_line
FDA_0067_4K,FDA_0067,FDA,RETRIEVAL_CALCULATION,4K,SUCCESS,4283,9,0.3327593831345439,7245576192,23746052096,True,False,False,usable_answer_line
FDA_0067_64K,FDA_0067,FDA,RETRIEVAL_CALCULATION,64K,SUCCESS,65065,6,7.742985880002379,18729229824,23746052096,True,False,False,usable_answer_line
FDA_0067_82K,FDA_0067,FDA,RETRIEVAL_CALCULATION,82K,SUCCESS,81743,8,11.236105524003506,21881508352,23746052096,True,False,False,usable_answer_line
FDA_0067_8K,FDA_0067,FDA,RETRIEVAL_CALCULATION,8K,SUCCESS,8357,6,0.5601172000169754,8013686272,23746052096,True,False,False,usable_answer_line
FDA_0068_16K,FDA_0068,FDA,RETRIEVAL_CALCULATION,16K,SUCCESS,16491,8,1.210380240343511,9551030784,23746052096,True,False,False,usable_answer_line
FDA_0068_32K,FDA_0068,FDA,RETRIEVAL_CALCULATION,32K,SUCCESS,32709,8,2.836424850858748,12617252352,23746052096,True,False,False,usable_answer_line
FDA_0068_4K,FDA_0068,FDA,RETRIEVAL_CALCULATION,4K,SUCCESS,4306,8,0.31293619610369205,7250470400,23746052096,True,False,False,usable_answer_line
FDA_0068_64K,FDA_0068,FDA,RETRIEVAL_CALCULATION,64K,SUCCESS,65089,8,7.813139233738184,18733766144,23746052096,True,False,False,usable_answer_line
FDA_0068_82K,FDA_0068,FDA,RETRIEVAL_CALCULATION,82K,SUCCESS,81753,8,11.239348530769348,21883233792,23746052096,True,False,False,usable_answer_line
FDA_0068_8K,FDA_0068,FDA,RETRIEVAL_CALCULATION,8K,SUCCESS,8385,8,0.5918652256950736,8018978304,23746052096,True,False,False,usable_answer_line
FDA_0069_16K,FDA_0069,FDA,RETRIEVAL_CALCULATION,16K,SUCCESS,16445,8,1.2136514652520418,9541993984,23746052096,True,False,False,usable_answer_line
FDA_0069_32K,FDA_0069,FDA,RETRIEVAL_CALCULATION,32K,SUCCESS,32686,8,2.829014507122338,12611900928,23746052096,True,False,False,usable_answer_line
FDA_0069_4K,FDA_0069,FDA,RETRIEVAL_CALCULATION,4K,SUCCESS,4232,8,0.3019746746867895,7236045312,23746052096,True,False,False,usable_answer_line
FDA_0069_64K,FDA_0069,FDA,RETRIEVAL_CALCULATION,64K,SUCCESS,65062,8,7.807238028384745,18728662528,23746052096,True,False,False,usable_answer_line
FDA_0069_82K,FDA_0069,FDA,RETRIEVAL_CALCULATION,82K,SUCCESS,81728,8,11.265695760957897,21878917632,23746052096,True,False,False,usable_answer_line
FDA_0069_8K,FDA_0069,FDA,RETRIEVAL_CALCULATION,8K,SUCCESS,8324,8,0.5992700345814228,8007451136,23746052096,True,False,False,usable_answer_line
FDA_0070_16K,FDA_0070,FDA,RETRIEVAL_CALCULATION,16K,SUCCESS,16474,9,1.231827486306429,9548097024,23746052096,True,False,False,usable_answer_line
FDA_0070_32K,FDA_0070,FDA,RETRIEVAL_CALCULATION,32K,SUCCESS,32696,9,2.85353687312454,12614519296,23746052096,True,False,False,usable_answer_line
FDA_0070_4K,FDA_0070,FDA,RETRIEVAL_CALCULATION,4K,SUCCESS,4278,8,0.31797571294009686,7244641792,23746052096,True,False,False,usable_answer_line
FDA_0070_64K,FDA_0070,FDA,RETRIEVAL_CALCULATION,64K,SUCCESS,65095,8,7.824519786052406,18734899712,23746052096,True,False,False,usable_answer_line
FDA_0070_82K,FDA_0070,FDA,RETRIEVAL_CALCULATION,82K,SUCCESS,81796,8,11.257711942307651,21890720256,23746052096,True,False,False,usable_answer_line
FDA_0070_8K,FDA_0070,FDA,RETRIEVAL_CALCULATION,8K,SUCCESS,8299,8,0.5947584742680192,8002726400,23746052096,True,False,False,usable_answer_line
FDA_0071_16K,FDA_0071,FDA,RETRIEVAL_CALCULATION,16K,SUCCESS,16414,10,1.2374670961871743,9536136704,23746052096,True,False,False,usable_answer_line
FDA_0071_32K,FDA_0071,FDA,RETRIEVAL_CALCULATION,32K,SUCCESS,32635,8,2.825908142141998,12601420288,23746052096,True,False,False,usable_answer_line
FDA_0071_4K,FDA_0071,FDA,RETRIEVAL_CALCULATION,4K,SUCCESS,4297,9,0.32199905067682266,7249212416,23746052096,True,False,False,usable_answer_line
FDA_0071_64K,FDA_0071,FDA,RETRIEVAL_CALCULATION,64K,SUCCESS,65084,8,7.809950029477477,18732818944,23746052096,True,False,False,usable_answer_line
FDA_0071_82K,FDA_0071,FDA,RETRIEVAL_CALCULATION,82K,SUCCESS,81753,8,11.240141135640442,21883233792,23746052096,True,False,False,usable_answer_line
FDA_0071_8K,FDA_0071,FDA,RETRIEVAL_CALCULATION,8K,SUCCESS,8352,8,0.5973983583971858,8013134336,20631781376,True,False,False,usable_answer_line
FDA_0072_16K,FDA_0072,FDA,RETRIEVAL_CALCULATION,16K,SUCCESS,16393,10,1.2335169082507491,9532169728,23746052096,True,False,False,usable_answer_line
FDA_0072_32K,FDA_0072,FDA,RETRIEVAL_CALCULATION,32K,SUCCESS,32673,9,2.856626244261861,12608437760,23746052096,True,False,False,usable_answer_line
FDA_0072_4K,FDA_0072,FDA,RETRIEVAL_CALCULATION,4K,SUCCESS,4229,8,0.3143582521006465,7235484672,23746052096,True,False,False,usable_answer_line
FDA_0072_64K,FDA_0072,FDA,RETRIEVAL_CALCULATION,64K,SUCCESS,65113,8,7.819419404491782,18738300416,23746052096,True,False,False,usable_answer_line
FDA_0072_82K,FDA_0072,FDA,RETRIEVAL_CALCULATION,82K,SUCCESS,81783,8,11.25416579656303,21888410112,23746052096,True,False,False,usable_answer_line
FDA_0072_8K,FDA_0072,FDA,RETRIEVAL_CALCULATION,8K,SUCCESS,8332,8,0.5921097956597805,8008962560,23746052096,True,False,False,usable_answer_line
FDA_0073_16K,FDA_0073,FDA,RETRIEVAL_CALCULATION,16K,SUCCESS,16459,8,1.2134114895015955,9545509376,23746052096,True,False,False,usable_answer_line
FDA_0073_32K,FDA_0073,FDA,RETRIEVAL_CALCULATION,32K,SUCCESS,32683,8,2.8334270594641566,12611371520,23746052096,True,False,False,usable_answer_line
FDA_0073_4K,FDA_0073,FDA,RETRIEVAL_CALCULATION,4K,SUCCESS,4259,9,0.32423175126314163,7241228288,23746052096,True,False,False,usable_answer_line
FDA_0073_64K,FDA_0073,FDA,RETRIEVAL_CALCULATION,64K,SUCCESS,65126,8,7.820666559040546,18740755968,23746052096,True,False,False,usable_answer_line
FDA_0073_82K,FDA_0073,FDA,RETRIEVAL_CALCULATION,82K,SUCCESS,81779,8,11.241554694250226,21887719936,23746052096,True,False,False,usable_answer_line
FDA_0073_8K,FDA_0073,FDA,RETRIEVAL_CALCULATION,8K,SUCCESS,8315,8,0.5949525665491819,8005749248,23746052096,True,False,False,usable_answer_line
FDA_0074_16K,FDA_0074,FDA,RETRIEVAL_CALCULATION,16K,SUCCESS,16477,9,1.235856014303863,9548615168,23746052096,True,False,False,usable_answer_line
FDA_0074_32K,FDA_0074,FDA,RETRIEVAL_CALCULATION,32K,SUCCESS,32697,9,2.8553130263462663,12614655488,23746052096,True,False,False,usable_answer_line
FDA_0074_4K,FDA_0074,FDA,RETRIEVAL_CALCULATION,4K,SUCCESS,4276,9,0.32243071869015694,7244268032,23746052096,True,False,False,usable_answer_line
FDA_0074_64K,FDA_0074,FDA,RETRIEVAL_CALCULATION,64K,SUCCESS,65148,8,7.8105949349701405,18744912384,23746052096,True,False,False,usable_answer_line
FDA_0074_82K,FDA_0074,FDA,RETRIEVAL_CALCULATION,82K,SUCCESS,81717,8,11.235357055440545,21875791360,23746052096,True,False,False,usable_answer_line
FDA_0074_8K,FDA_0074,FDA,RETRIEVAL_CALCULATION,8K,SUCCESS,8341,9,0.6111150691285729,8010663424,23746052096,True,False,False,usable_answer_line
FDA_0075_16K,FDA_0075,FDA,RETRIEVAL_CALCULATION,16K,SUCCESS,16509,8,1.2178791537880898,9554136576,23746052096,True,False,False,usable_answer_line
FDA_0075_32K,FDA_0075,FDA,RETRIEVAL_CALCULATION,32K,SUCCESS,32669,8,2.832250718958676,12607682048,23746052096,True,False,False,usable_answer_line
FDA_0075_4K,FDA_0075,FDA,RETRIEVAL_CALCULATION,4K,SUCCESS,4297,8,0.3172778766602278,7249212416,23746052096,True,False,False,usable_answer_line
FDA_0075_64K,FDA_0075,FDA,RETRIEVAL_CALCULATION,64K,SUCCESS,65157,8,7.832327779382467,18746615296,23746052096,True,False,False,usable_answer_line
FDA_0075_82K,FDA_0075,FDA,RETRIEVAL_CALCULATION,82K,SUCCESS,81780,8,11.2649388294667,21887891968,23746052096,True,False,False,usable_answer_line
FDA_0075_8K,FDA_0075,FDA,RETRIEVAL_CALCULATION,8K,SUCCESS,8345,8,0.5926577234640718,8011419136,23746052096,True,False,False,usable_answer_line
FDA_0076_16K,FDA_0076,FDA,RETRIEVAL_CALCULATION,16K,SUCCESS,16408,9,1.224117393605411,9535003136,23746052096,True,False,False,usable_answer_line
FDA_0076_32K,FDA_0076,FDA,RETRIEVAL_CALCULATION,32K,SUCCESS,32654,8,2.829399120993912,12604847616,23746052096,True,False,False,usable_answer_line
FDA_0076_4K,FDA_0076,FDA,RETRIEVAL_CALCULATION,4K,SUCCESS,4244,9,0.32924997992813587,7238287872,23746052096,True,False,False,usable_answer_line
FDA_0076_64K,FDA_0076,FDA,RETRIEVAL_CALCULATION,64K,SUCCESS,65064,9,7.835023233667016,18729040384,23746052096,True,False,False,usable_answer_line
FDA_0076_82K,FDA_0076,FDA,RETRIEVAL_CALCULATION,82K,SUCCESS,81711,9,11.27556363120675,21874657792,23746052096,True,False,False,usable_answer_line
FDA_0076_8K,FDA_0076,FDA,RETRIEVAL_CALCULATION,8K,SUCCESS,8351,8,0.591751360334456,8012552704,23746052096,True,False,False,usable_answer_line
FDA_0077_16K,FDA_0077,FDA,RETRIEVAL_CALCULATION,16K,SUCCESS,16461,8,1.2043056190013885,9545854464,23746052096,True,False,False,usable_answer_line
FDA_0077_32K,FDA_0077,FDA,RETRIEVAL_CALCULATION,32K,SUCCESS,32697,8,2.8300992008298635,12614655488,23746052096,True,False,False,usable_answer_line
FDA_0077_4K,FDA_0077,FDA,RETRIEVAL_CALCULATION,4K,SUCCESS,4281,8,0.3030322343111038,7245202432,23746052096,True,False,False,usable_answer_line
FDA_0077_64K,FDA_0077,FDA,RETRIEVAL_CALCULATION,64K,SUCCESS,65079,8,7.802829273045063,18731874816,23746052096,True,False,False,usable_answer_line
FDA_0077_82K,FDA_0077,FDA,RETRIEVAL_CALCULATION,82K,SUCCESS,81762,8,11.250727631151676,21884786176,23746052096,True,False,False,usable_answer_line
FDA_0077_8K,FDA_0077,FDA,RETRIEVAL_CALCULATION,8K,SUCCESS,8352,12,0.6429320378229022,8012741120,23746052096,True,False,False,usable_answer_line
FDA_0078_16K,FDA_0078,FDA,TEMPORAL_VERSION,16K,SUCCESS,16437,11,1.255949592217803,9540482560,23746052096,True,False,False,usable_answer_line
FDA_0078_32K,FDA_0078,FDA,TEMPORAL_VERSION,32K,SUCCESS,32603,11,2.8916821414604783,12595210752,23746052096,True,False,False,usable_answer_line
FDA_0078_4K,FDA_0078,FDA,TEMPORAL_VERSION,4K,SUCCESS,4245,11,0.3510833140462637,7239500800,23746052096,True,False,False,usable_answer_line
FDA_0078_64K,FDA_0078,FDA,TEMPORAL_VERSION,64K,SUCCESS,65019,11,7.903425564989448,18720537088,23746052096,True,False,False,usable_answer_line
FDA_0078_82K,FDA_0078,FDA,TEMPORAL_VERSION,82K,SUCCESS,81750,11,11.376959544606507,21882715648,23746052096,True,False,False,usable_answer_line
FDA_0078_8K,FDA_0078,FDA,TEMPORAL_VERSION,8K,SUCCESS,8275,11,0.6142677525058389,7998249472,23746052096,True,False,False,usable_answer_line
FDA_0079_16K,FDA_0079,FDA,TEMPORAL_VERSION,16K,SUCCESS,16381,11,1.2169260093942285,9530073600,23746052096,True,False,False,usable_answer_line
FDA_0079_32K,FDA_0079,FDA,TEMPORAL_VERSION,32K,SUCCESS,32583,11,2.9028089065104723,12591432192,23746052096,True,False,False,usable_answer_line
FDA_0079_4K,FDA_0079,FDA,TEMPORAL_VERSION,4K,SUCCESS,4281,11,0.3554077707231045,7245202432,23746052096,True,False,False,usable_answer_line
FDA_0079_64K,FDA_0079,FDA,TEMPORAL_VERSION,64K,SUCCESS,65003,11,7.895304839126766,18717514240,23746052096,True,False,False,usable_answer_line
FDA_0079_82K,FDA_0079,FDA,TEMPORAL_VERSION,82K,SUCCESS,81767,11,11.379059537313879,21885649408,23746052096,True,False,False,usable_answer_line
FDA_0079_8K,FDA_0079,FDA,TEMPORAL_VERSION,8K,SUCCESS,8334,11,0.6333163361996412,8009340416,23746052096,True,False,False,usable_answer_line
FDA_0080_16K,FDA_0080,FDA,TEMPORAL_VERSION,16K,SUCCESS,16390,11,1.2512779058888555,9531602432,23746052096,True,False,False,usable_answer_line
FDA_0080_32K,FDA_0080,FDA,TEMPORAL_VERSION,32K,SUCCESS,32646,11,2.9010870177298784,12603336192,23746052096,True,False,False,usable_answer_line
FDA_0080_4K,FDA_0080,FDA,TEMPORAL_VERSION,4K,SUCCESS,4268,11,0.34366300888359547,7242772992,23746052096,True,False,False,usable_answer_line
FDA_0080_64K,FDA_0080,FDA,TEMPORAL_VERSION,64K,SUCCESS,65060,11,7.9224904188886285,18728284672,23746052096,True,False,False,usable_answer_line
FDA_0080_82K,FDA_0080,FDA,TEMPORAL_VERSION,82K,SUCCESS,81782,11,11.383509076200426,21888237056,23746052096,True,False,False,usable_answer_line
FDA_0080_8K,FDA_0080,FDA,TEMPORAL_VERSION,8K,SUCCESS,8310,11,0.6265612216666341,8004804096,23746052096,True,False,False,usable_answer_line
FDA_0081_16K,FDA_0081,FDA,TEMPORAL_VERSION,16K,SUCCESS,16408,11,1.2693153712898493,9535003136,23746052096,True,False,False,usable_answer_line
FDA_0081_32K,FDA_0081,FDA,TEMPORAL_VERSION,32K,SUCCESS,32640,11,2.893399597145617,12602200576,23725080576,True,False,False,usable_answer_line
FDA_0081_4K,FDA_0081,FDA,TEMPORAL_VERSION,4K,SUCCESS,4279,11,0.3493501367047429,7244828672,23746052096,True,False,False,usable_answer_line
FDA_0081_64K,FDA_0081,FDA,TEMPORAL_VERSION,64K,SUCCESS,65064,11,7.902042225934565,18729040384,23725080576,True,False,False,usable_answer_line
FDA_0081_82K,FDA_0081,FDA,TEMPORAL_VERSION,82K,SUCCESS,81745,11,11.372681285254657,21881853440,23746052096,True,False,False,usable_answer_line
FDA_0081_8K,FDA_0081,FDA,TEMPORAL_VERSION,8K,SUCCESS,8330,11,0.6315508354455233,8008584704,23746052096,True,False,False,usable_answer_line
FDA_0082_16K,FDA_0082,FDA,TEMPORAL_VERSION,16K,SUCCESS,16427,11,1.266331659629941,9538593280,23746052096,True,False,False,usable_answer_line
FDA_0082_32K,FDA_0082,FDA,TEMPORAL_VERSION,32K,SUCCESS,32600,11,2.895226121880114,12594643456,23746052096,True,False,False,usable_answer_line
FDA_0082_4K,FDA_0082,FDA,TEMPORAL_VERSION,4K,SUCCESS,4245,11,0.33994089160114527,7239500800,23746052096,True,False,False,usable_answer_line
FDA_0082_64K,FDA_0082,FDA,TEMPORAL_VERSION,64K,SUCCESS,65072,11,7.91642330866307,18730551808,23746052096,True,False,False,usable_answer_line
FDA_0082_82K,FDA_0082,FDA,TEMPORAL_VERSION,82K,SUCCESS,81747,11,11.383364028297365,21882198528,23746052096,True,False,False,usable_answer_line
FDA_0082_8K,FDA_0082,FDA,TEMPORAL_VERSION,8K,SUCCESS,8268,11,0.6355622438713908,7997098496,23746052096,True,False,False,usable_answer_line
FDA_0083_16K,FDA_0083,FDA,TEMPORAL_VERSION,16K,SUCCESS,16365,11,1.2160007301717997,9527976448,23746052096,True,False,False,usable_answer_line
FDA_0083_32K,FDA_0083,FDA,TEMPORAL_VERSION,32K,SUCCESS,32599,11,2.891710572876036,12594455040,23746052096,True,False,False,usable_answer_line
FDA_0083_4K,FDA_0083,FDA,TEMPORAL_VERSION,4K,SUCCESS,4240,11,0.3401317438110709,7237540352,23746052096,True,False,False,usable_answer_line
FDA_0083_64K,FDA_0083,FDA,TEMPORAL_VERSION,64K,SUCCESS,65031,11,7.917762435972691,18722806272,23746052096,True,False,False,usable_answer_line
FDA_0083_82K,FDA_0083,FDA,TEMPORAL_VERSION,82K,SUCCESS,81738,11,11.386152477003634,21880645120,23746052096,True,False,False,usable_answer_line
FDA_0083_8K,FDA_0083,FDA,TEMPORAL_VERSION,8K,SUCCESS,8311,11,0.6302260719239712,8004993536,23746052096,True,False,False,usable_answer_line
FDA_0084_16K,FDA_0084,FDA,TEMPORAL_VERSION,16K,SUCCESS,16376,11,1.2181912017986178,9529418240,23746052096,True,False,False,usable_answer_line
FDA_0084_32K,FDA_0084,FDA,TEMPORAL_VERSION,32K,SUCCESS,32589,11,2.891287592239678,12592565760,23746052096,True,False,False,usable_answer_line
FDA_0084_4K,FDA_0084,FDA,TEMPORAL_VERSION,4K,SUCCESS,4232,11,0.3400688339024782,7236045312,23746052096,True,False,False,usable_answer_line
FDA_0084_64K,FDA_0084,FDA,TEMPORAL_VERSION,64K,SUCCESS,65071,11,7.921461229212582,18730363392,23746052096,True,False,False,usable_answer_line
FDA_0084_82K,FDA_0084,FDA,TEMPORAL_VERSION,82K,SUCCESS,81721,11,11.374841143377125,21876547072,23746052096,True,False,False,usable_answer_line
FDA_0084_8K,FDA_0084,FDA,TEMPORAL_VERSION,8K,SUCCESS,8321,11,0.63451037555933,8006884864,23746052096,True,False,False,usable_answer_line
FDA_0085_16K,FDA_0085,FDA,TEMPORAL_VERSION,16K,SUCCESS,16383,11,1.2148976596072316,9530335744,23746052096,True,False,False,usable_answer_line
FDA_0085_32K,FDA_0085,FDA,TEMPORAL_VERSION,32K,SUCCESS,32644,11,2.8982590064406395,12602958336,23746052096,True,False,False,usable_answer_line
FDA_0085_4K,FDA_0085,FDA,TEMPORAL_VERSION,4K,SUCCESS,4252,11,0.34084958117455244,7240364544,23746052096,True,False,False,usable_answer_line
FDA_0085_64K,FDA_0085,FDA,TEMPORAL_VERSION,64K,SUCCESS,65047,11,7.911604193970561,18725829120,23746052096,True,False,False,usable_answer_line
FDA_0085_82K,FDA_0085,FDA,TEMPORAL_VERSION,82K,SUCCESS,81725,11,11.374503999948502,21877302784,23746052096,True,False,False,usable_answer_line
FDA_0085_8K,FDA_0085,FDA,TEMPORAL_VERSION,8K,SUCCESS,8259,11,0.6320478273555636,7995619840,23746052096,True,False,False,usable_answer_line
FDA_0086_16K,FDA_0086,FDA,TEMPORAL_VERSION,16K,SUCCESS,16413,11,1.2509300522506237,9535948288,23725080576,True,False,False,usable_answer_line
FDA_0086_32K,FDA_0086,FDA,TEMPORAL_VERSION,32K,SUCCESS,32594,11,2.8921192958950996,12593509888,23746052096,True,False,False,usable_answer_line
FDA_0086_4K,FDA_0086,FDA,TEMPORAL_VERSION,4K,SUCCESS,4257,11,0.35355118475854397,7240981504,23746052096,True,False,False,usable_answer_line
FDA_0086_64K,FDA_0086,FDA,TEMPORAL_VERSION,64K,SUCCESS,65057,11,7.920275313779712,18727718400,23746052096,True,False,False,usable_answer_line
FDA_0086_82K,FDA_0086,FDA,TEMPORAL_VERSION,82K,SUCCESS,81788,11,11.367137399502099,21889272320,23746052096,True,False,False,usable_answer_line
FDA_0086_8K,FDA_0086,FDA,TEMPORAL_VERSION,8K,SUCCESS,8270,11,0.63289550319314,7997427200,23746052096,True,False,False,usable_answer_line
FDA_0087_16K,FDA_0087,FDA,TEMPORAL_VERSION,16K,SUCCESS,16442,11,1.2567694755271077,9541426688,23746052096,True,False,False,usable_answer_line
FDA_0087_32K,FDA_0087,FDA,TEMPORAL_VERSION,32K,SUCCESS,32656,11,2.898650814779103,12605225472,23746052096,True,False,False,usable_answer_line
FDA_0087_4K,FDA_0087,FDA,TEMPORAL_VERSION,4K,SUCCESS,4273,11,0.35154364071786404,7243707392,23746052096,True,False,False,usable_answer_line
FDA_0087_64K,FDA_0087,FDA,TEMPORAL_VERSION,64K,SUCCESS,65013,11,7.909831496886909,18719403520,23746052096,True,False,False,usable_answer_line
FDA_0087_82K,FDA_0087,FDA,TEMPORAL_VERSION,82K,SUCCESS,81750,11,11.363796412944794,21882715648,23746052096,True,False,False,usable_answer_line
FDA_0087_8K,FDA_0087,FDA,TEMPORAL_VERSION,8K,SUCCESS,8315,11,0.6331356950104237,8005749248,23746052096,True,False,False,usable_answer_line
FDA_0088_16K,FDA_0088,FDA,TEMPORAL_VERSION,16K,SUCCESS,16435,11,1.2535458458587527,9540104704,23746052096,True,False,False,usable_answer_line
FDA_0088_32K,FDA_0088,FDA,TEMPORAL_VERSION,32K,SUCCESS,32642,11,2.8977233162149787,12602580480,23746052096,True,False,False,usable_answer_line
FDA_0088_4K,FDA_0088,FDA,TEMPORAL_VERSION,4K,SUCCESS,4218,11,0.344728522002697,7233426944,23746052096,True,False,False,usable_answer_line
FDA_0088_64K,FDA_0088,FDA,TEMPORAL_VERSION,64K,SUCCESS,65060,11,7.914588308893144,18728284672,23746052096,True,False,False,usable_answer_line
FDA_0088_82K,FDA_0088,FDA,TEMPORAL_VERSION,82K,SUCCESS,81771,11,11.396263306029141,21886339584,23746052096,True,False,False,usable_answer_line
FDA_0088_8K,FDA_0088,FDA,TEMPORAL_VERSION,8K,SUCCESS,8272,11,0.6304628904908895,7997755904,23746052096,True,False,False,usable_answer_line
FDA_0089_16K,FDA_0089,FDA,TEMPORAL_VERSION,16K,SUCCESS,16396,11,1.2479957602918148,9532736000,23746052096,True,False,False,usable_answer_line
FDA_0089_32K,FDA_0089,FDA,TEMPORAL_VERSION,32K,SUCCESS,32598,11,2.8914919225499034,12594265600,23746052096,True,False,False,usable_answer_line
FDA_0089_4K,FDA_0089,FDA,TEMPORAL_VERSION,4K,SUCCESS,4280,11,0.34051700960844755,7245015552,23746052096,True,False,False,usable_answer_line
FDA_0089_64K,FDA_0089,FDA,TEMPORAL_VERSION,64K,SUCCESS,65079,11,7.916601334698498,18731874816,23746052096,True,False,False,usable_answer_line
FDA_0089_82K,FDA_0089,FDA,TEMPORAL_VERSION,82K,SUCCESS,81724,11,11.363821408711374,21877113344,23746052096,True,False,False,usable_answer_line
FDA_0089_8K,FDA_0089,FDA,TEMPORAL_VERSION,8K,SUCCESS,8318,11,0.6333201201632619,8006315520,23746052096,True,False,False,usable_answer_line
FDA_0090_16K,FDA_0090,FDA,ENTITY_UNIT_BINDING,16K,SUCCESS,16450,9,1.2276188442483544,9543955968,23746052096,True,False,False,usable_answer_line
FDA_0090_32K,FDA_0090,FDA,ENTITY_UNIT_BINDING,32K,SUCCESS,32624,9,2.845163257792592,12599702016,23746052096,True,False,False,usable_answer_line
FDA_0090_4K,FDA_0090,FDA,ENTITY_UNIT_BINDING,4K,SUCCESS,4289,9,0.32144723553210497,7246699520,23746052096,True,False,False,usable_answer_line
FDA_0090_64K,FDA_0090,FDA,ENTITY_UNIT_BINDING,64K,SUCCESS,65118,9,7.871754742227495,18739244544,23746052096,True,False,False,usable_answer_line
FDA_0090_82K,FDA_0090,FDA,ENTITY_UNIT_BINDING,82K,SUCCESS,81779,9,11.29049146361649,21887719936,23746052096,True,False,False,usable_answer_line
FDA_0090_8K,FDA_0090,FDA,ENTITY_UNIT_BINDING,8K,SUCCESS,8343,9,0.5996458996087313,8011041280,23746052096,True,False,False,usable_answer_line
FDA_0091_16K,FDA_0091,FDA,ENTITY_UNIT_BINDING,16K,SUCCESS,16445,9,1.2386177508160472,9541993984,23746052096,True,False,False,usable_answer_line
FDA_0091_32K,FDA_0091,FDA,ENTITY_UNIT_BINDING,32K,SUCCESS,32669,9,2.8495254227891564,12607682048,23746052096,True,False,False,usable_answer_line
FDA_0091_4K,FDA_0091,FDA,ENTITY_UNIT_BINDING,4K,SUCCESS,4219,7,0.3013332262635231,7233613824,23746052096,True,False,False,usable_answer_line
FDA_0091_64K,FDA_0091,FDA,ENTITY_UNIT_BINDING,64K,SUCCESS,65045,7,7.771930270828307,18725451264,23746052096,True,False,False,usable_answer_line
FDA_0091_82K,FDA_0091,FDA,ENTITY_UNIT_BINDING,82K,SUCCESS,81764,9,11.286887913942337,21885131264,23746052096,True,False,False,usable_answer_line
FDA_0091_8K,FDA_0091,FDA,ENTITY_UNIT_BINDING,8K,SUCCESS,8313,9,0.6063532093539834,8005371392,23746052096,True,False,False,usable_answer_line
FDA_0092_16K,FDA_0092,FDA,ENTITY_UNIT_BINDING,16K,SUCCESS,16448,7,1.195546911098063,9543608832,23746052096,True,False,False,usable_answer_line
FDA_0092_32K,FDA_0092,FDA,ENTITY_UNIT_BINDING,32K,SUCCESS,32658,7,2.815794402733445,12605603328,23746052096,True,False,False,usable_answer_line
FDA_0092_4K,FDA_0092,FDA,ENTITY_UNIT_BINDING,4K,SUCCESS,4221,7,0.29616463277488947,7233987584,23746052096,True,False,False,usable_answer_line
FDA_0092_64K,FDA_0092,FDA,ENTITY_UNIT_BINDING,64K,SUCCESS,65052,7,7.771777185611427,18726773248,23746052096,True,False,False,usable_answer_line
FDA_0092_82K,FDA_0092,FDA,ENTITY_UNIT_BINDING,82K,SUCCESS,81721,7,11.205814748071134,21876547072,23746052096,True,False,False,usable_answer_line
FDA_0092_8K,FDA_0092,FDA,ENTITY_UNIT_BINDING,8K,SUCCESS,8303,7,0.5686918636783957,8003482112,23746052096,True,False,False,usable_answer_line
FDA_0093_16K,FDA_0093,FDA,ENTITY_UNIT_BINDING,16K,SUCCESS,16377,9,1.185332303866744,9529549312,23746052096,True,False,False,usable_answer_line
FDA_0093_32K,FDA_0093,FDA,ENTITY_UNIT_BINDING,32K,SUCCESS,32607,9,2.847780148498714,12595966464,23746052096,True,False,False,usable_answer_line
FDA_0093_4K,FDA_0093,FDA,ENTITY_UNIT_BINDING,4K,SUCCESS,4284,9,0.32597356010228395,7245763072,23746052096,True,False,False,usable_answer_line
FDA_0093_64K,FDA_0093,FDA,ENTITY_UNIT_BINDING,64K,SUCCESS,65080,9,7.842009716667235,18732063232,23746052096,True,False,False,usable_answer_line
FDA_0093_82K,FDA_0093,FDA,ENTITY_UNIT_BINDING,82K,SUCCESS,81786,9,11.291491724550724,21888927232,23746052096,True,False,False,usable_answer_line
FDA_0093_8K,FDA_0093,FDA,ENTITY_UNIT_BINDING,8K,SUCCESS,8285,9,0.6100948071107268,8000081408,23746052096,True,False,False,usable_answer_line
FDA_0094_16K,FDA_0094,FDA,ENTITY_UNIT_BINDING,16K,SUCCESS,16459,7,1.1959922332316637,9545509376,23746052096,True,False,False,usable_answer_line
FDA_0094_32K,FDA_0094,FDA,ENTITY_UNIT_BINDING,32K,SUCCESS,32648,7,2.8066863948479295,12603714048,23746052096,True,False,False,usable_answer_line
FDA_0094_4K,FDA_0094,FDA,ENTITY_UNIT_BINDING,4K,SUCCESS,4297,7,0.29483481496572495,7249212416,23746052096,True,False,False,usable_answer_line
FDA_0094_64K,FDA_0094,FDA,ENTITY_UNIT_BINDING,64K,SUCCESS,65095,7,7.785122980363667,18734899712,23746052096,True,False,False,usable_answer_line
FDA_0094_82K,FDA_0094,FDA,ENTITY_UNIT_BINDING,82K,SUCCESS,81741,7,11.208403689786792,21881163264,23746052096,True,False,False,usable_answer_line
FDA_0094_8K,FDA_0094,FDA,ENTITY_UNIT_BINDING,8K,SUCCESS,8300,7,0.5808376157656312,8002914816,23746052096,True,False,False,usable_answer_line
FDA_0095_16K,FDA_0095,FDA,ENTITY_UNIT_BINDING,16K,SUCCESS,16390,10,1.238941604271531,9531602432,23746052096,True,False,False,usable_answer_line
FDA_0095_32K,FDA_0095,FDA,ENTITY_UNIT_BINDING,32K,SUCCESS,32672,10,2.8774960096925497,12608248320,23746052096,True,False,False,usable_answer_line
FDA_0095_4K,FDA_0095,FDA,ENTITY_UNIT_BINDING,4K,SUCCESS,4267,10,0.33033485244959593,7242586112,23746052096,True,False,False,usable_answer_line
FDA_0095_64K,FDA_0095,FDA,ENTITY_UNIT_BINDING,64K,SUCCESS,65072,10,7.883274883963168,18730551808,23746052096,True,False,False,usable_answer_line
FDA_0095_82K,FDA_0095,FDA,ENTITY_UNIT_BINDING,82K,SUCCESS,81799,7,11.221215949393809,21891287552,23746052096,True,False,False,usable_answer_line
FDA_0095_8K,FDA_0095,FDA,ENTITY_UNIT_BINDING,8K,SUCCESS,8330,10,0.6214238274842501,8008584704,23746052096,True,False,False,usable_answer_line
FDA_0096_16K,FDA_0096,FDA,ENTITY_UNIT_BINDING,16K,SUCCESS,16428,9,1.2225895151495934,9538781696,23746052096,True,False,False,usable_answer_line
FDA_0096_32K,FDA_0096,FDA,ENTITY_UNIT_BINDING,32K,SUCCESS,32649,7,2.807155780494213,12603903488,23746052096,True,False,False,usable_answer_line
FDA_0096_4K,FDA_0096,FDA,ENTITY_UNIT_BINDING,4K,SUCCESS,4236,8,0.3180297249928117,7236792832,23746052096,True,False,False,usable_answer_line
FDA_0096_64K,FDA_0096,FDA,ENTITY_UNIT_BINDING,64K,SUCCESS,65041,9,7.8561167269945145,18724695552,23746052096,True,False,False,usable_answer_line
FDA_0096_82K,FDA_0096,FDA,ENTITY_UNIT_BINDING,82K,SUCCESS,81771,7,11.22719962336123,21886339584,23746052096,True,False,False,usable_answer_line
FDA_0096_8K,FDA_0096,FDA,ENTITY_UNIT_BINDING,8K,SUCCESS,8295,8,0.5871618408709764,8001970688,23746052096,True,False,False,usable_answer_line
FDA_0097_16K,FDA_0097,FDA,ENTITY_UNIT_BINDING,16K,SUCCESS,16425,7,1.1911571556702256,9538215424,23746052096,True,False,False,usable_answer_line
FDA_0097_32K,FDA_0097,FDA,ENTITY_UNIT_BINDING,32K,SUCCESS,32663,7,2.8076160242781043,12606548480,23746052096,True,False,False,usable_answer_line
FDA_0097_4K,FDA_0097,FDA,ENTITY_UNIT_BINDING,4K,SUCCESS,4247,7,0.30024381075054407,7239747584,23746052096,True,False,False,usable_answer_line
FDA_0097_64K,FDA_0097,FDA,ENTITY_UNIT_BINDING,64K,SUCCESS,65057,7,7.769666637293994,18727718400,23746052096,True,False,False,usable_answer_line
FDA_0097_82K,FDA_0097,FDA,ENTITY_UNIT_BINDING,82K,SUCCESS,81784,7,11.213363762944937,21888582144,23746052096,True,False,False,usable_answer_line
FDA_0097_8K,FDA_0097,FDA,ENTITY_UNIT_BINDING,8K,SUCCESS,8281,7,0.5855329735204577,7999325696,23746052096,True,False,False,usable_answer_line
FDA_0098_16K,FDA_0098,FDA,ENTITY_UNIT_BINDING,16K,SUCCESS,16444,7,1.1943795187398791,9541804544,23746052096,True,False,False,usable_answer_line
FDA_0098_32K,FDA_0098,FDA,ENTITY_UNIT_BINDING,32K,SUCCESS,32633,7,2.8004484269768,12601107968,23746052096,True,False,False,usable_answer_line
FDA_0098_4K,FDA_0098,FDA,ENTITY_UNIT_BINDING,4K,SUCCESS,4271,7,0.3043761784210801,7243333632,23746052096,True,False,False,usable_answer_line
FDA_0098_64K,FDA_0098,FDA,ENTITY_UNIT_BINDING,64K,SUCCESS,65088,7,7.7791182631626725,18733574656,23746052096,True,False,False,usable_answer_line
FDA_0098_82K,FDA_0098,FDA,ENTITY_UNIT_BINDING,82K,SUCCESS,81793,7,11.21516220830381,21890153984,23746052096,True,False,False,usable_answer_line
FDA_0098_8K,FDA_0098,FDA,ENTITY_UNIT_BINDING,8K,SUCCESS,8274,7,0.5767040606588125,7998084608,23746052096,True,False,False,usable_answer_line
FDA_0099_16K,FDA_0099,FDA,ENTITY_UNIT_BINDING,16K,SUCCESS,16415,13,1.2868500323966146,9536326144,23746052096,True,False,False,usable_answer_line
FDA_0099_32K,FDA_0099,FDA,ENTITY_UNIT_BINDING,32K,SUCCESS,32610,13,2.9358983943238854,12597515776,23725080576,True,False,False,usable_answer_line
FDA_0099_4K,FDA_0099,FDA,ENTITY_UNIT_BINDING,4K,SUCCESS,4234,13,0.3699833992868662,7236419072,23746052096,True,False,False,usable_answer_line
FDA_0099_64K,FDA_0099,FDA,ENTITY_UNIT_BINDING,64K,SUCCESS,65115,13,7.990986529737711,18738678272,23746052096,True,False,False,usable_answer_line
FDA_0099_82K,FDA_0099,FDA,ENTITY_UNIT_BINDING,82K,SUCCESS,81777,13,11.469733911566436,21887374848,23746052096,True,False,False,usable_answer_line
FDA_0099_8K,FDA_0099,FDA,ENTITY_UNIT_BINDING,8K,SUCCESS,8344,13,0.6591928293928504,8011229696,23746052096,True,False,False,usable_answer_line
FDA_0100_16K,FDA_0100,FDA,ENTITY_UNIT_BINDING,16K,SUCCESS,16381,9,1.1888042744249105,9530073600,23746052096,True,False,False,usable_answer_line
FDA_0100_32K,FDA_0100,FDA,ENTITY_UNIT_BINDING,32K,SUCCESS,32649,9,2.8539738142862916,12603903488,23746052096,True,False,False,usable_answer_line
FDA_0100_4K,FDA_0100,FDA,ENTITY_UNIT_BINDING,4K,SUCCESS,4287,9,0.3252321872860193,7246323712,23746052096,True,False,False,usable_answer_line
FDA_0100_64K,FDA_0100,FDA,ENTITY_UNIT_BINDING,64K,SUCCESS,65116,9,7.852002986706793,18738866688,23746052096,True,False,False,usable_answer_line
FDA_0100_82K,FDA_0100,FDA,ENTITY_UNIT_BINDING,82K,SUCCESS,81725,9,11.298360696062446,21877302784,23746052096,True,False,False,usable_answer_line
FDA_0100_8K,FDA_0100,FDA,ENTITY_UNIT_BINDING,8K,SUCCESS,8283,9,0.6016087327152491,7999703552,23746052096,True,False,False,usable_answer_line
FDA_0101_16K,FDA_0101,FDA,ENTITY_UNIT_BINDING,16K,SUCCESS,16405,7,1.193371499888599,9534436864,23746052096,True,False,False,usable_answer_line
FDA_0101_32K,FDA_0101,FDA,ENTITY_UNIT_BINDING,32K,SUCCESS,32638,7,2.812764543108642,12601888256,23746052096,True,False,False,usable_answer_line
FDA_0101_4K,FDA_0101,FDA,ENTITY_UNIT_BINDING,4K,SUCCESS,4252,7,0.29288450442254543,7240364544,23746052096,True,False,False,usable_answer_line
FDA_0101_64K,FDA_0101,FDA,ENTITY_UNIT_BINDING,64K,SUCCESS,65079,7,7.755236750468612,18731874816,23704109056,True,False,False,usable_answer_line
FDA_0101_82K,FDA_0101,FDA,ENTITY_UNIT_BINDING,82K,SUCCESS,81755,7,11.191637077368796,21883578880,23746052096,True,False,False,usable_answer_line
FDA_0101_8K,FDA_0101,FDA,ENTITY_UNIT_BINDING,8K,SUCCESS,8287,6,0.5665687676519156,8000459264,23746052096,True,False,False,usable_answer_line
FDA_0102_16K,FDA_0102,FDA,ENTITY_UNIT_BINDING,16K,SUCCESS,16448,7,1.1985631324350834,9543608832,23746052096,True,False,False,usable_answer_line
FDA_0102_32K,FDA_0102,FDA,ENTITY_UNIT_BINDING,32K,SUCCESS,32633,7,2.803546231240034,12601107968,23746052096,True,False,False,usable_answer_line
FDA_0102_4K,FDA_0102,FDA,ENTITY_UNIT_BINDING,4K,SUCCESS,4217,6,0.28403594717383385,7233240064,23746052096,True,False,False,usable_answer_line
FDA_0102_64K,FDA_0102,FDA,ENTITY_UNIT_BINDING,64K,SUCCESS,65105,7,7.780940633267164,18736788992,23746052096,True,False,False,usable_answer_line
FDA_0102_82K,FDA_0102,FDA,ENTITY_UNIT_BINDING,82K,SUCCESS,81738,7,11.18913024943322,21880645120,23746052096,True,False,False,usable_answer_line
FDA_0102_8K,FDA_0102,FDA,ENTITY_UNIT_BINDING,8K,SUCCESS,8320,7,0.5804018983617425,8006693376,23746052096,True,False,False,usable_answer_line
FDA_0103_16K,FDA_0103,FDA,ENTITY_UNIT_BINDING,16K,SUCCESS,16426,7,1.1934008076786995,9538403840,23746052096,True,False,False,usable_answer_line
FDA_0103_32K,FDA_0103,FDA,ENTITY_UNIT_BINDING,32K,SUCCESS,32674,7,2.808326091617346,12608626176,23746052096,True,False,False,usable_answer_line
FDA_0103_4K,FDA_0103,FDA,ENTITY_UNIT_BINDING,4K,SUCCESS,4255,7,0.29087056685239077,7240734720,23746052096,True,False,False,usable_answer_line
FDA_0103_64K,FDA_0103,FDA,ENTITY_UNIT_BINDING,64K,SUCCESS,65108,7,7.780196443200111,18737355264,23746052096,True,False,False,usable_answer_line
FDA_0103_82K,FDA_0103,FDA,ENTITY_UNIT_BINDING,82K,SUCCESS,81718,7,11.18922568205744,21875979776,23746052096,True,False,False,usable_answer_line
FDA_0103_8K,FDA_0103,FDA,ENTITY_UNIT_BINDING,8K,SUCCESS,8342,7,0.5844610678032041,8010851840,23746052096,True,False,False,usable_answer_line
FDA_0104_16K,FDA_0104,FDA,ENTITY_UNIT_BINDING,16K,SUCCESS,16449,8,1.2248209491372108,9543783936,23746052096,True,False,False,usable_answer_line
FDA_0104_32K,FDA_0104,FDA,ENTITY_UNIT_BINDING,32K,SUCCESS,32643,10,2.8785179685801268,12602769920,23746052096,True,False,False,usable_answer_line
FDA_0104_4K,FDA_0104,FDA,ENTITY_UNIT_BINDING,4K,SUCCESS,4280,10,0.34041953459382057,7245015552,23746052096,True,False,False,usable_answer_line
FDA_0104_64K,FDA_0104,FDA,ENTITY_UNIT_BINDING,64K,SUCCESS,65114,10,7.89266530610621,18738488832,23746052096,True,False,False,usable_answer_line
FDA_0104_82K,FDA_0104,FDA,ENTITY_UNIT_BINDING,82K,SUCCESS,81731,9,11.296708149835467,21879437824,23746052096,True,False,False,usable_answer_line
FDA_0104_8K,FDA_0104,FDA,ENTITY_UNIT_BINDING,8K,SUCCESS,8332,10,0.6159609388560057,8008962560,23746052096,True,False,False,usable_answer_line
FDA_0105_16K,FDA_0105,FDA,ENTITY_UNIT_BINDING,16K,SUCCESS,16456,9,1.2264995500445366,9544991232,23725080576,True,False,False,usable_answer_line
FDA_0105_32K,FDA_0105,FDA,ENTITY_UNIT_BINDING,32K,SUCCESS,32674,9,2.852041949518025,12608626176,23746052096,True,False,False,usable_answer_line
FDA_0105_4K,FDA_0105,FDA,ENTITY_UNIT_BINDING,4K,SUCCESS,4289,9,0.3270768178626895,7246699520,23746052096,True,False,False,usable_answer_line
FDA_0105_64K,FDA_0105,FDA,ENTITY_UNIT_BINDING,64K,SUCCESS,65085,9,7.842779578641057,18733008384,23746052096,True,False,False,usable_answer_line
FDA_0105_82K,FDA_0105,FDA,ENTITY_UNIT_BINDING,82K,SUCCESS,81705,9,11.271629214286804,21873524224,23746052096,True,False,False,usable_answer_line
FDA_0105_8K,FDA_0105,FDA,ENTITY_UNIT_BINDING,8K,SUCCESS,8340,9,0.6056947838515043,8010473984,23746052096,True,False,False,usable_answer_line
FDA_0106_16K,FDA_0106,FDA,UNANSWERABLE,16K,SUCCESS,16414,6,1.176874409429729,9536136704,23746052096,True,False,False,usable_answer_line
FDA_0106_32K,FDA_0106,FDA,UNANSWERABLE,32K,SUCCESS,32588,6,2.7819584980607033,12592376320,23746052096,True,False,False,usable_answer_line
FDA_0106_4K,FDA_0106,FDA,UNANSWERABLE,4K,SUCCESS,4237,6,0.28592485934495926,7236979712,23746052096,True,False,False,usable_answer_line
FDA_0106_64K,FDA_0106,FDA,UNANSWERABLE,64K,SUCCESS,65026,6,7.740506458096206,18721861120,23746052096,True,False,False,usable_answer_line
FDA_0106_82K,FDA_0106,FDA,UNANSWERABLE,82K,SUCCESS,81762,6,11.15598510671407,21884786176,23746052096,True,False,False,usable_answer_line
FDA_0106_8K,FDA_0106,FDA,UNANSWERABLE,8K,SUCCESS,8331,6,0.5792694166302681,8008774144,23746052096,True,False,False,usable_answer_line
FDA_0107_16K,FDA_0107,FDA,UNANSWERABLE,16K,SUCCESS,16418,6,1.1782330609858036,9536892416,23746052096,True,False,False,usable_answer_line
FDA_0107_32K,FDA_0107,FDA,UNANSWERABLE,32K,SUCCESS,32625,6,2.7807119926437736,12599858688,23746052096,True,False,False,usable_answer_line
FDA_0107_4K,FDA_0107,FDA,UNANSWERABLE,4K,SUCCESS,4280,6,0.2920952560380101,7245015552,23746052096,True,False,False,usable_answer_line
FDA_0107_64K,FDA_0107,FDA,UNANSWERABLE,64K,SUCCESS,65058,6,7.736942402087152,18727906816,23746052096,True,False,False,usable_answer_line
FDA_0107_82K,FDA_0107,FDA,UNANSWERABLE,82K,SUCCESS,81711,6,11.141953855752945,21874657792,23746052096,True,False,False,usable_answer_line
FDA_0107_8K,FDA_0107,FDA,UNANSWERABLE,8K,SUCCESS,8324,6,0.5687891421839595,8007451136,23746052096,True,False,False,usable_answer_line
FDA_0108_16K,FDA_0108,FDA,UNANSWERABLE,16K,SUCCESS,16399,6,1.1780756786465645,9533303296,23746052096,True,False,False,usable_answer_line
FDA_0108_32K,FDA_0108,FDA,UNANSWERABLE,32K,SUCCESS,32604,6,2.790000627748668,12595399168,23746052096,True,False,False,usable_answer_line
FDA_0108_4K,FDA_0108,FDA,UNANSWERABLE,4K,SUCCESS,4224,6,0.29352464340627193,7234548224,23746052096,True,False,False,usable_answer_line
FDA_0108_64K,FDA_0108,FDA,UNANSWERABLE,64K,SUCCESS,65008,6,7.724607541225851,18718458368,23746052096,True,False,False,usable_answer_line
FDA_0108_82K,FDA_0108,FDA,UNANSWERABLE,82K,SUCCESS,81734,6,11.150936588644981,21879954944,23746052096,True,False,False,usable_answer_line
FDA_0108_8K,FDA_0108,FDA,UNANSWERABLE,8K,SUCCESS,8335,6,0.5824680496007204,8009529856,23746052096,True,False,False,usable_answer_line
FDA_0109_16K,FDA_0109,FDA,UNANSWERABLE,16K,SUCCESS,16421,6,1.1755369193851948,9537459712,23746052096,True,False,False,usable_answer_line
FDA_0109_32K,FDA_0109,FDA,UNANSWERABLE,32K,SUCCESS,32599,6,2.778970337472856,12594455040,23746052096,True,False,False,usable_answer_line
FDA_0109_4K,FDA_0109,FDA,UNANSWERABLE,4K,SUCCESS,4233,6,0.2906968090683222,7236232192,23746052096,True,False,False,usable_answer_line
FDA_0109_64K,FDA_0109,FDA,UNANSWERABLE,64K,SUCCESS,65063,6,7.7414251221343875,18728851968,23746052096,True,False,False,usable_answer_line
FDA_0109_82K,FDA_0109,FDA,UNANSWERABLE,82K,SUCCESS,81754,6,11.162356385961175,21883405824,23746052096,True,False,False,usable_answer_line
FDA_0109_8K,FDA_0109,FDA,UNANSWERABLE,8K,SUCCESS,8311,6,0.5688946153968573,8004993536,23746052096,True,False,False,usable_answer_line
FDA_0110_16K,FDA_0110,FDA,UNANSWERABLE,16K,SUCCESS,16413,6,1.1787319788709283,9535948288,23746052096,True,False,False,usable_answer_line
FDA_0110_32K,FDA_0110,FDA,UNANSWERABLE,32K,SUCCESS,32647,6,2.794701081700623,12603525632,23746052096,True,False,False,usable_answer_line
FDA_0110_4K,FDA_0110,FDA,UNANSWERABLE,4K,SUCCESS,4260,6,0.2981700710952282,7241351680,23746052096,True,False,False,usable_answer_line
FDA_0110_64K,FDA_0110,FDA,UNANSWERABLE,64K,SUCCESS,65075,6,7.735912598669529,18731119104,23746052096,True,False,False,usable_answer_line
FDA_0110_82K,FDA_0110,FDA,UNANSWERABLE,82K,SUCCESS,81734,6,11.161271839402616,21879954944,23746052096,True,False,False,usable_answer_line
FDA_0110_8K,FDA_0110,FDA,UNANSWERABLE,8K,SUCCESS,8259,6,0.565420713275671,7995619840,23746052096,True,False,False,usable_answer_line
FDA_0111_16K,FDA_0111,FDA,UNANSWERABLE,16K,SUCCESS,16428,6,1.1783752860501409,9538781696,23746052096,True,False,False,usable_answer_line
FDA_0111_32K,FDA_0111,FDA,UNANSWERABLE,32K,SUCCESS,32645,6,2.7857085037976503,12603147776,23746052096,True,False,False,usable_answer_line
FDA_0111_4K,FDA_0111,FDA,UNANSWERABLE,4K,SUCCESS,4283,6,0.28116711508482695,7245576192,23746052096,True,False,False,usable_answer_line
FDA_0111_64K,FDA_0111,FDA,UNANSWERABLE,64K,SUCCESS,65035,6,7.7300673285499215,18723561984,23746052096,True,False,False,usable_answer_line
FDA_0111_82K,FDA_0111,FDA,UNANSWERABLE,82K,SUCCESS,81735,6,11.161647986620665,21880128000,23746052096,True,False,False,usable_answer_line
FDA_0111_8K,FDA_0111,FDA,UNANSWERABLE,8K,SUCCESS,8272,6,0.5694708796218038,7997755904,23746052096,True,False,False,usable_answer_line
FDA_0112_16K,FDA_0112,FDA,UNANSWERABLE,16K,SUCCESS,16371,6,1.139289103448391,9528762880,23746052096,True,False,False,usable_answer_line
FDA_0112_32K,FDA_0112,FDA,UNANSWERABLE,32K,SUCCESS,32599,6,2.7844168171286583,12594455040,23746052096,True,False,False,usable_answer_line
FDA_0112_4K,FDA_0112,FDA,UNANSWERABLE,4K,SUCCESS,4222,6,0.2819627393037081,7234174464,23746052096,True,False,False,usable_answer_line
FDA_0112_64K,FDA_0112,FDA,UNANSWERABLE,64K,SUCCESS,65064,6,7.732805605046451,18729040384,23746052096,True,False,False,usable_answer_line
FDA_0112_82K,FDA_0112,FDA,UNANSWERABLE,82K,SUCCESS,81783,6,11.147365231998265,21888410112,23746052096,True,False,False,usable_answer_line
FDA_0112_8K,FDA_0112,FDA,UNANSWERABLE,8K,SUCCESS,8333,6,0.5686401110142469,8009152000,23746052096,True,False,False,usable_answer_line
FDA_0113_16K,FDA_0113,FDA,UNANSWERABLE,16K,SUCCESS,16435,6,1.1759999711066484,9540104704,23746052096,True,False,False,usable_answer_line
FDA_0113_32K,FDA_0113,FDA,UNANSWERABLE,32K,SUCCESS,32587,6,2.779921247623861,12592187904,23746052096,True,False,False,usable_answer_line
FDA_0113_4K,FDA_0113,FDA,UNANSWERABLE,4K,SUCCESS,4218,6,0.2920698430389166,7233426944,23746052096,True,False,False,usable_answer_line
FDA_0113_64K,FDA_0113,FDA,UNANSWERABLE,64K,SUCCESS,65025,6,7.738375312648714,18721672704,23746052096,True,False,False,usable_answer_line
FDA_0113_82K,FDA_0113,FDA,UNANSWERABLE,82K,SUCCESS,81767,6,11.180728076025844,21885649408,23746052096,True,False,False,usable_answer_line
FDA_0113_8K,FDA_0113,FDA,UNANSWERABLE,8K,SUCCESS,8334,6,0.566527497023344,8009340416,23746052096,True,False,False,usable_answer_line
FDA_0114_16K,FDA_0114,FDA,UNANSWERABLE,16K,SUCCESS,16372,6,1.1387218004092574,9528893952,23746052096,True,False,False,usable_answer_line
FDA_0114_32K,FDA_0114,FDA,UNANSWERABLE,32K,SUCCESS,32597,6,2.777384592220187,12594077184,23746052096,True,False,False,usable_answer_line
FDA_0114_4K,FDA_0114,FDA,UNANSWERABLE,4K,SUCCESS,4281,6,0.29264440946280956,7245202432,23746052096,True,False,False,usable_answer_line
FDA_0114_64K,FDA_0114,FDA,UNANSWERABLE,64K,SUCCESS,65059,6,7.737952028401196,18728096256,23746052096,True,False,False,usable_answer_line
FDA_0114_82K,FDA_0114,FDA,UNANSWERABLE,82K,SUCCESS,81746,6,11.157231906428933,21882025472,23746052096,True,False,False,usable_answer_line
FDA_0114_8K,FDA_0114,FDA,UNANSWERABLE,8K,SUCCESS,8307,6,0.5713520515710115,8004237824,23746052096,True,False,False,usable_answer_line
FDA_0115_16K,FDA_0115,FDA,UNANSWERABLE,16K,SUCCESS,16407,6,1.17814770527184,9534814720,23746052096,True,False,False,usable_answer_line
FDA_0115_32K,FDA_0115,FDA,UNANSWERABLE,32K,SUCCESS,32648,6,2.78734153136611,12603714048,23746052096,True,False,False,usable_answer_line
FDA_0115_4K,FDA_0115,FDA,UNANSWERABLE,4K,SUCCESS,4237,6,0.29326740745455027,7236979712,23746052096,True,False,False,usable_answer_line
FDA_0115_64K,FDA_0115,FDA,UNANSWERABLE,64K,SUCCESS,65062,6,7.735865884460509,18728662528,23746052096,True,False,False,usable_answer_line
FDA_0115_82K,FDA_0115,FDA,UNANSWERABLE,82K,SUCCESS,81747,6,11.145204507745802,21882198528,23746052096,True,False,False,usable_answer_line
FDA_0115_8K,FDA_0115,FDA,UNANSWERABLE,8K,SUCCESS,8332,6,0.5682873968034983,8008962560,23746052096,True,False,False,usable_answer_line
FDA_0116_16K,FDA_0116,FDA,UNANSWERABLE,16K,SUCCESS,16371,6,1.1385013489052653,9528762880,23746052096,True,False,False,usable_answer_line
FDA_0116_32K,FDA_0116,FDA,UNANSWERABLE,32K,SUCCESS,32629,6,2.780041866004467,12600483328,23746052096,True,False,False,usable_answer_line
FDA_0116_4K,FDA_0116,FDA,UNANSWERABLE,4K,SUCCESS,4274,6,0.28645175602287054,7243894272,23746052096,True,False,False,usable_answer_line
FDA_0116_64K,FDA_0116,FDA,UNANSWERABLE,64K,SUCCESS,65018,6,7.7182050459086895,18720347648,23746052096,True,False,False,usable_answer_line
FDA_0116_82K,FDA_0116,FDA,UNANSWERABLE,82K,SUCCESS,81725,6,11.169551667757332,21877302784,23746052096,True,False,False,usable_answer_line
FDA_0116_8K,FDA_0116,FDA,UNANSWERABLE,8K,SUCCESS,8332,6,0.5709843970835209,8008962560,23746052096,True,False,False,usable_answer_line
FDA_0117_16K,FDA_0117,FDA,UNANSWERABLE,16K,SUCCESS,16440,6,1.1782986987382174,9541048832,23746052096,True,False,False,usable_answer_line
FDA_0117_32K,FDA_0117,FDA,UNANSWERABLE,32K,SUCCESS,32642,6,2.785675859078765,12602580480,23746052096,True,False,False,usable_answer_line
FDA_0117_4K,FDA_0117,FDA,UNANSWERABLE,4K,SUCCESS,4248,6,0.2875506617128849,7239870976,23746052096,True,False,False,usable_answer_line
FDA_0117_64K,FDA_0117,FDA,UNANSWERABLE,64K,SUCCESS,65058,6,7.733276191167533,18727906816,23746052096,True,False,False,usable_answer_line
FDA_0117_82K,FDA_0117,FDA,UNANSWERABLE,82K,SUCCESS,81778,6,11.17411981895566,21887546880,23746052096,True,False,False,usable_answer_line
FDA_0117_8K,FDA_0117,FDA,UNANSWERABLE,8K,SUCCESS,8298,6,0.5699162688106298,8002536960,23746052096,True,False,False,usable_answer_line
FDA_0118_16K,FDA_0118,FDA,UNANSWERABLE,16K,SUCCESS,16388,6,1.1749528292566538,9531224576,23746052096,True,False,False,usable_answer_line
FDA_0118_32K,FDA_0118,FDA,UNANSWERABLE,32K,SUCCESS,32618,6,2.783587461337447,12598765056,23746052096,True,False,False,usable_answer_line
FDA_0118_4K,FDA_0118,FDA,UNANSWERABLE,4K,SUCCESS,4282,6,0.2835123650729656,7245389312,23746052096,True,False,False,usable_answer_line
FDA_0118_64K,FDA_0118,FDA,UNANSWERABLE,64K,SUCCESS,65075,6,7.742733369581401,18731119104,23746052096,True,False,False,usable_answer_line
FDA_0118_82K,FDA_0118,FDA,UNANSWERABLE,82K,SUCCESS,81787,6,11.170880174264312,21889100288,23746052096,True,False,False,usable_answer_line
FDA_0118_8K,FDA_0118,FDA,UNANSWERABLE,8K,SUCCESS,8331,6,0.5760223371908069,8008774144,23746052096,True,False,False,usable_answer_line
FDA_0119_16K,FDA_0119,FDA,UNANSWERABLE,16K,SUCCESS,16401,6,1.1750876009464264,9533681152,23746052096,True,False,False,usable_answer_line
FDA_0119_32K,FDA_0119,FDA,UNANSWERABLE,32K,SUCCESS,32576,6,2.777368312701583,12590107136,23746052096,True,False,False,usable_answer_line
FDA_0119_4K,FDA_0119,FDA,UNANSWERABLE,4K,SUCCESS,4233,6,0.2883735131472349,7236232192,23746052096,True,False,False,usable_answer_line
FDA_0119_64K,FDA_0119,FDA,UNANSWERABLE,64K,SUCCESS,65048,6,7.737676956690848,18726017536,23746052096,True,False,False,usable_answer_line
FDA_0119_82K,FDA_0119,FDA,UNANSWERABLE,82K,SUCCESS,81737,6,11.174999348819256,21880473088,23746052096,True,False,False,usable_answer_line
FDA_0119_8K,FDA_0119,FDA,UNANSWERABLE,8K,SUCCESS,8334,6,0.5689139906316996,8009340416,23746052096,True,False,False,usable_answer_line
FDA_0120_16K,FDA_0120,FDA,UNANSWERABLE,16K,SUCCESS,16377,6,1.13701989967376,9529549312,23746052096,True,False,False,usable_answer_line
FDA_0120_32K,FDA_0120,FDA,UNANSWERABLE,32K,SUCCESS,32638,6,2.7772121457383037,12601888256,23746052096,True,False,False,usable_answer_line
FDA_0120_4K,FDA_0120,FDA,UNANSWERABLE,4K,SUCCESS,4242,6,0.29502561036497355,7237914112,23746052096,True,False,False,usable_answer_line
FDA_0120_64K,FDA_0120,FDA,UNANSWERABLE,64K,SUCCESS,65004,6,7.717355129308999,18717702656,23746052096,True,False,False,usable_answer_line
FDA_0120_82K,FDA_0120,FDA,UNANSWERABLE,82K,SUCCESS,81765,6,11.162140822969377,21885304320,23746052096,True,False,False,usable_answer_line
FDA_0120_8K,FDA_0120,FDA,UNANSWERABLE,8K,SUCCESS,8312,6,0.5728522762656212,8005181952,23746052096,True,False,False,usable_answer_line
FDA_0121_16K,FDA_0121,FDA,UNANSWERABLE,16K,SUCCESS,16398,6,1.175095608457923,9533113856,23746052096,True,False,False,usable_answer_line
FDA_0121_32K,FDA_0121,FDA,UNANSWERABLE,32K,SUCCESS,32627,6,2.7846554163843393,12600171008,23746052096,True,False,False,usable_answer_line
FDA_0121_4K,FDA_0121,FDA,UNANSWERABLE,4K,SUCCESS,4268,6,0.2860951414331794,7242772992,23746052096,True,False,False,usable_answer_line
FDA_0121_64K,FDA_0121,FDA,UNANSWERABLE,64K,SUCCESS,65033,6,7.728597022593021,18723184128,23746052096,True,False,False,usable_answer_line
FDA_0121_82K,FDA_0121,FDA,UNANSWERABLE,82K,SUCCESS,81770,6,11.15147646702826,21886166528,23746052096,True,False,False,usable_answer_line
FDA_0121_8K,FDA_0121,FDA,UNANSWERABLE,8K,SUCCESS,8276,6,0.571160951629281,7998413312,23746052096,True,False,False,usable_answer_line
FDA_0122_16K,FDA_0122,FDA,UNANSWERABLE,16K,SUCCESS,16396,6,1.1782566141337156,9532736000,23746052096,True,False,False,usable_answer_line
FDA_0122_32K,FDA_0122,FDA,UNANSWERABLE,32K,SUCCESS,32599,6,2.7768038539215922,12594455040,23746052096,True,False,False,usable_answer_line
FDA_0122_4K,FDA_0122,FDA,UNANSWERABLE,4K,SUCCESS,4227,6,0.2973648151382804,7235110912,23746052096,True,False,False,usable_answer_line
FDA_0122_64K,FDA_0122,FDA,UNANSWERABLE,64K,SUCCESS,65027,6,7.751102629117668,18722050560,23746052096,True,False,False,usable_answer_line
FDA_0122_82K,FDA_0122,FDA,UNANSWERABLE,82K,SUCCESS,81756,6,11.164958409033716,21883750912,23746052096,True,False,False,usable_answer_line
FDA_0122_8K,FDA_0122,FDA,UNANSWERABLE,8K,SUCCESS,8263,6,0.5708638681098819,7996277248,23746052096,True,False,False,usable_answer_line
FDA_0123_16K,FDA_0123,FDA,UNANSWERABLE,16K,SUCCESS,16366,6,1.1433877861127257,9528107520,23746052096,True,False,False,usable_answer_line
FDA_0123_32K,FDA_0123,FDA,UNANSWERABLE,32K,SUCCESS,32607,6,2.7779546063393354,12595966464,23746052096,True,False,False,usable_answer_line
FDA_0123_4K,FDA_0123,FDA,UNANSWERABLE,4K,SUCCESS,4229,6,0.29114946629852057,7235484672,23746052096,True,False,False,usable_answer_line
FDA_0123_64K,FDA_0123,FDA,UNANSWERABLE,64K,SUCCESS,65067,6,7.752597747370601,18729607680,23746052096,True,False,False,usable_answer_line
FDA_0123_82K,FDA_0123,FDA,UNANSWERABLE,82K,SUCCESS,81769,6,11.152908216230571,21885994496,23746052096,True,False,False,usable_answer_line
FDA_0123_8K,FDA_0123,FDA,UNANSWERABLE,8K,SUCCESS,8328,6,0.5708384802564979,8008206848,23746052096,True,False,False,usable_answer_line
FDA_0124_16K,FDA_0124,FDA,UNANSWERABLE,16K,SUCCESS,16381,6,1.140288908034563,9530073600,23746052096,True,False,False,usable_answer_line
FDA_0124_32K,FDA_0124,FDA,UNANSWERABLE,32K,SUCCESS,32628,6,2.7882357044145465,12600326656,23746052096,True,False,False,usable_answer_line
FDA_0124_4K,FDA_0124,FDA,UNANSWERABLE,4K,SUCCESS,4215,6,0.28350387420505285,7232866304,23746052096,True,False,False,usable_answer_line
FDA_0124_64K,FDA_0124,FDA,UNANSWERABLE,64K,SUCCESS,65032,6,7.729979724623263,18722994688,23746052096,True,False,False,usable_answer_line
FDA_0124_82K,FDA_0124,FDA,UNANSWERABLE,82K,SUCCESS,81791,6,11.162283351644874,21889790464,23746052096,True,False,False,usable_answer_line
FDA_0124_8K,FDA_0124,FDA,UNANSWERABLE,8K,SUCCESS,8318,6,0.5654236944392323,8006315520,23746052096,True,False,False,usable_answer_line
FDA_0125_16K,FDA_0125,FDA,UNANSWERABLE,16K,SUCCESS,16408,6,1.1711827469989657,9535003136,23746052096,True,False,False,usable_answer_line
FDA_0125_32K,FDA_0125,FDA,UNANSWERABLE,32K,SUCCESS,32650,6,2.7829749612137675,12604091904,23746052096,True,False,False,usable_answer_line
FDA_0125_4K,FDA_0125,FDA,UNANSWERABLE,4K,SUCCESS,4242,6,0.2908703340217471,7237914112,23746052096,True,False,False,usable_answer_line
FDA_0125_64K,FDA_0125,FDA,UNANSWERABLE,64K,SUCCESS,65066,6,7.748391314409673,18729418240,23746052096,True,False,False,usable_answer_line
FDA_0125_82K,FDA_0125,FDA,UNANSWERABLE,82K,SUCCESS,81784,6,11.168394123204052,21888582144,23746052096,True,False,False,usable_answer_line
FDA_0125_8K,FDA_0125,FDA,UNANSWERABLE,8K,SUCCESS,8318,6,0.5749667584896088,8006315520,23746052096,True,False,False,usable_answer_line
FRED_0001_16K,FRED_0001,FRED,DIRECT_RETRIEVAL,16K,SUCCESS,16425,7,1.1912484848871827,9538215424,23746052096,True,False,False,usable_answer_line
FRED_0001_32K,FRED_0001,FRED,DIRECT_RETRIEVAL,32K,SUCCESS,32584,7,2.799771923571825,12591620608,23746052096,True,False,False,usable_answer_line
FRED_0001_4K,FRED_0001,FRED,DIRECT_RETRIEVAL,4K,SUCCESS,4260,7,0.3087211847305298,7241351680,23746052096,True,False,False,usable_answer_line
FRED_0001_64K,FRED_0001,FRED,DIRECT_RETRIEVAL,64K,SUCCESS,64965,7,7.762582516297698,18710334976,23746052096,True,False,False,usable_answer_line
FRED_0001_82K,FRED_0001,FRED,DIRECT_RETRIEVAL,82K,SUCCESS,81748,7,11.186134885065258,21882370560,23746052096,True,False,False,usable_answer_line
FRED_0001_8K,FRED_0001,FRED,DIRECT_RETRIEVAL,8K,SUCCESS,8275,7,0.5823725825175643,7998249472,23746052096,True,False,False,usable_answer_line
FRED_0002_16K,FRED_0002,FRED,DIRECT_RETRIEVAL,16K,SUCCESS,16408,9,1.2221037168055773,9535003136,23746052096,True,False,False,usable_answer_line
FRED_0002_32K,FRED_0002,FRED,DIRECT_RETRIEVAL,32K,SUCCESS,32551,9,2.841978345066309,12585384448,23746052096,True,False,False,usable_answer_line
FRED_0002_4K,FRED_0002,FRED,DIRECT_RETRIEVAL,4K,SUCCESS,4233,9,0.32234637811779976,7236232192,23746052096,True,False,False,usable_answer_line
FRED_0002_64K,FRED_0002,FRED,DIRECT_RETRIEVAL,64K,SUCCESS,64970,9,7.830957816913724,18711279104,23746052096,True,False,False,usable_answer_line
FRED_0002_82K,FRED_0002,FRED,DIRECT_RETRIEVAL,82K,SUCCESS,81798,9,11.292596748098731,21891098112,23746052096,True,False,False,usable_answer_line
FRED_0002_8K,FRED_0002,FRED,DIRECT_RETRIEVAL,8K,SUCCESS,8342,9,0.60954315867275,8010851840,23746052096,True,False,False,usable_answer_line
FRED_0003_16K,FRED_0003,FRED,DIRECT_RETRIEVAL,16K,SUCCESS,16411,8,1.2091890275478363,9535570432,23746052096,True,False,False,usable_answer_line
FRED_0003_32K,FRED_0003,FRED,DIRECT_RETRIEVAL,32K,SUCCESS,32596,8,2.8243241542950273,12593887744,23746052096,True,False,False,usable_answer_line
FRED_0003_4K,FRED_0003,FRED,DIRECT_RETRIEVAL,4K,SUCCESS,4307,8,0.3163173785433173,7250610176,23746052096,True,False,False,usable_answer_line
FRED_0003_64K,FRED_0003,FRED,DIRECT_RETRIEVAL,64K,SUCCESS,64997,8,7.788625232875347,18716380672,23746052096,True,False,False,usable_answer_line
FRED_0003_82K,FRED_0003,FRED,DIRECT_RETRIEVAL,82K,SUCCESS,81777,8,11.265867185778916,21887374848,23746052096,True,False,False,usable_answer_line
FRED_0003_8K,FRED_0003,FRED,DIRECT_RETRIEVAL,8K,SUCCESS,8306,8,0.5949809793382883,8004048384,23746052096,True,False,False,usable_answer_line
FRED_0004_16K,FRED_0004,FRED,DIRECT_RETRIEVAL,16K,SUCCESS,16386,9,1.22553485725075,9530846720,23746052096,True,False,False,usable_answer_line
FRED_0004_32K,FRED_0004,FRED,DIRECT_RETRIEVAL,32K,SUCCESS,32563,9,2.8434373708441854,12587651584,23746052096,True,False,False,usable_answer_line
FRED_0004_4K,FRED_0004,FRED,DIRECT_RETRIEVAL,4K,SUCCESS,4260,9,0.32599174976348877,7241351680,23746052096,True,False,False,usable_answer_line
FRED_0004_64K,FRED_0004,FRED,DIRECT_RETRIEVAL,64K,SUCCESS,64937,9,7.823029185645282,18705042944,23746052096,True,False,False,usable_answer_line
FRED_0004_82K,FRED_0004,FRED,DIRECT_RETRIEVAL,82K,SUCCESS,81770,9,11.287077437154949,21886166528,23746052096,True,False,False,usable_answer_line
FRED_0004_8K,FRED_0004,FRED,DIRECT_RETRIEVAL,8K,SUCCESS,8350,9,0.6101633217185736,8012363264,23746052096,True,False,False,usable_answer_line
FRED_0005_16K,FRED_0005,FRED,DIRECT_RETRIEVAL,16K,SUCCESS,16423,8,1.2062623826786876,9537837568,23746052096,True,False,False,usable_answer_line
FRED_0005_32K,FRED_0005,FRED,DIRECT_RETRIEVAL,32K,SUCCESS,32556,8,2.8198122596368194,12586328576,23746052096,True,False,False,usable_answer_line
FRED_0005_4K,FRED_0005,FRED,DIRECT_RETRIEVAL,4K,SUCCESS,4256,8,0.30293035693466663,7240858112,23746052096,True,False,False,usable_answer_line
FRED_0005_64K,FRED_0005,FRED,DIRECT_RETRIEVAL,64K,SUCCESS,64952,8,7.771589932963252,18707876352,23746052096,True,False,False,usable_answer_line
FRED_0005_82K,FRED_0005,FRED,DIRECT_RETRIEVAL,82K,SUCCESS,81727,8,11.235068504698575,21877680640,23746052096,True,False,False,usable_answer_line
FRED_0005_8K,FRED_0005,FRED,DIRECT_RETRIEVAL,8K,SUCCESS,8303,8,0.5953270345926285,8003482112,23746052096,True,False,False,usable_answer_line
FRED_0006_16K,FRED_0006,FRED,ENTITY_UNIT_BINDING,16K,SUCCESS,16390,7,1.1923337606713176,9531602432,23746052096,True,False,False,usable_answer_line
FRED_0006_32K,FRED_0006,FRED,ENTITY_UNIT_BINDING,32K,SUCCESS,32605,7,2.810715817846358,12595588608,23746052096,True,False,False,usable_answer_line
FRED_0006_4K,FRED_0006,FRED,ENTITY_UNIT_BINDING,4K,SUCCESS,4290,7,0.29826072324067354,7246886400,23746052096,True,False,False,usable_answer_line
FRED_0006_64K,FRED_0006,FRED,ENTITY_UNIT_BINDING,64K,SUCCESS,64960,7,7.749254104681313,18709387776,23746052096,True,False,False,usable_answer_line
FRED_0006_82K,FRED_0006,FRED,ENTITY_UNIT_BINDING,82K,SUCCESS,81754,7,11.204066191799939,21883405824,23746052096,True,False,False,usable_answer_line
FRED_0006_8K,FRED_0006,FRED,ENTITY_UNIT_BINDING,8K,SUCCESS,8329,7,0.5801995089277625,8008396288,23746052096,True,False,False,usable_answer_line
FRED_0007_16K,FRED_0007,FRED,ENTITY_UNIT_BINDING,16K,SUCCESS,16371,8,1.169521290808916,9528762880,23746052096,True,False,False,usable_answer_line
FRED_0007_32K,FRED_0007,FRED,ENTITY_UNIT_BINDING,32K,SUCCESS,32579,8,2.823525382205844,12590676480,23746052096,True,False,False,usable_answer_line
FRED_0007_4K,FRED_0007,FRED,ENTITY_UNIT_BINDING,4K,SUCCESS,4240,8,0.3077313844114542,7237540352,23746052096,True,False,False,usable_answer_line
FRED_0007_64K,FRED_0007,FRED,ENTITY_UNIT_BINDING,64K,SUCCESS,64980,8,7.786610642448068,18713168384,23746052096,True,False,False,usable_answer_line
FRED_0007_82K,FRED_0007,FRED,ENTITY_UNIT_BINDING,82K,SUCCESS,81765,8,11.236812033690512,21885304320,23746052096,True,False,False,usable_answer_line
FRED_0007_8K,FRED_0007,FRED,ENTITY_UNIT_BINDING,8K,SUCCESS,8317,8,0.5899547208100557,8006127104,23746052096,True,False,False,usable_answer_line
FRED_0008_16K,FRED_0008,FRED,ENTITY_UNIT_BINDING,16K,SUCCESS,16406,8,1.211867486126721,9534625280,23746052096,True,False,False,usable_answer_line
FRED_0008_32K,FRED_0008,FRED,ENTITY_UNIT_BINDING,32K,SUCCESS,32586,8,2.8223144775256515,12591998464,23746052096,True,False,False,usable_answer_line
FRED_0008_4K,FRED_0008,FRED,ENTITY_UNIT_BINDING,4K,SUCCESS,4281,8,0.31077379919588566,7245202432,23746052096,True,False,False,usable_answer_line
FRED_0008_64K,FRED_0008,FRED,ENTITY_UNIT_BINDING,64K,SUCCESS,64962,8,7.794639719650149,18709767680,23746052096,True,False,False,usable_answer_line
FRED_0008_82K,FRED_0008,FRED,ENTITY_UNIT_BINDING,82K,SUCCESS,81779,8,11.262893465347588,21887719936,23746052096,True,False,False,usable_answer_line
FRED_0008_8K,FRED_0008,FRED,ENTITY_UNIT_BINDING,8K,SUCCESS,8315,8,0.6062493938952684,8005749248,23746052096,True,False,False,usable_answer_line
FRED_0009_16K,FRED_0009,FRED,ENTITY_UNIT_BINDING,16K,SUCCESS,16367,9,1.184760158881545,9528238592,23746052096,True,False,False,usable_answer_line
FRED_0009_32K,FRED_0009,FRED,ENTITY_UNIT_BINDING,32K,SUCCESS,32612,9,2.848115511238575,12597828096,23746052096,True,False,False,usable_answer_line
FRED_0009_4K,FRED_0009,FRED,ENTITY_UNIT_BINDING,4K,SUCCESS,4271,9,0.3230447471141815,7243333632,23746052096,True,False,False,usable_answer_line
FRED_0009_64K,FRED_0009,FRED,ENTITY_UNIT_BINDING,64K,SUCCESS,64921,9,7.8241517543792725,18702020096,23746052096,True,False,False,usable_answer_line
FRED_0009_82K,FRED_0009,FRED,ENTITY_UNIT_BINDING,82K,SUCCESS,81794,9,11.300348732620478,21890342400,23746052096,True,False,False,usable_answer_line
FRED_0009_8K,FRED_0009,FRED,ENTITY_UNIT_BINDING,8K,SUCCESS,8297,9,0.6020461972802877,8002348544,23746052096,True,False,False,usable_answer_line
FRED_0010_16K,FRED_0010,FRED,RETRIEVAL_CALCULATION,16K,SUCCESS,16458,8,1.2117594424635172,9545336320,23746052096,True,False,False,usable_answer_line
FRED_0010_32K,FRED_0010,FRED,RETRIEVAL_CALCULATION,32K,SUCCESS,32651,8,2.8294144365936518,12604281344,23746052096,True,False,False,usable_answer_line
FRED_0010_4K,FRED_0010,FRED,RETRIEVAL_CALCULATION,4K,SUCCESS,4320,8,0.31054315250366926,7252492800,23746052096,True,False,False,usable_answer_line
FRED_0010_64K,FRED_0010,FRED,RETRIEVAL_CALCULATION,64K,SUCCESS,64981,8,7.754518157802522,18717937152,21569208320,True,False,False,usable_answer_line
FRED_0010_82K,FRED_0010,FRED,RETRIEVAL_CALCULATION,82K,SUCCESS,81750,8,11.229917045682669,21882715648,23746052096,True,False,False,usable_answer_line
FRED_0010_8K,FRED_0010,FRED,RETRIEVAL_CALCULATION,8K,SUCCESS,8378,8,0.594737539999187,8017653248,23746052096,True,False,False,usable_answer_line
FRED_0011_16K,FRED_0011,FRED,RETRIEVAL_CALCULATION,16K,SUCCESS,16504,8,1.2108960207551718,9553273344,23746052096,True,False,False,usable_answer_line
FRED_0011_32K,FRED_0011,FRED,RETRIEVAL_CALCULATION,32K,SUCCESS,32697,8,2.8351689148694277,12614655488,23746052096,True,False,False,usable_answer_line
FRED_0011_4K,FRED_0011,FRED,RETRIEVAL_CALCULATION,4K,SUCCESS,4334,8,0.3104470819234848,7255109120,23746052096,True,False,False,usable_answer_line
FRED_0011_64K,FRED_0011,FRED,RETRIEVAL_CALCULATION,64K,SUCCESS,65075,8,7.803943311795592,18731119104,23746052096,True,False,False,usable_answer_line
FRED_0011_82K,FRED_0011,FRED,RETRIEVAL_CALCULATION,82K,SUCCESS,81771,8,11.261228060349822,21886339584,23746052096,True,False,False,usable_answer_line
FRED_0011_8K,FRED_0011,FRED,RETRIEVAL_CALCULATION,8K,SUCCESS,8338,8,0.5899657206609845,8010096128,23746052096,True,False,False,usable_answer_line
FRED_0012_16K,FRED_0012,FRED,RETRIEVAL_CALCULATION,16K,SUCCESS,16434,8,1.2064870139583945,9539915264,23746052096,True,False,False,usable_answer_line
FRED_0012_32K,FRED_0012,FRED,RETRIEVAL_CALCULATION,32K,SUCCESS,32583,8,2.8352583507075906,12591432192,23746052096,True,False,False,usable_answer_line
FRED_0012_4K,FRED_0012,FRED,RETRIEVAL_CALCULATION,4K,SUCCESS,4307,8,0.3160862009972334,7250610176,23746052096,True,False,False,usable_answer_line
FRED_0012_64K,FRED_0012,FRED,RETRIEVAL_CALCULATION,64K,SUCCESS,64974,8,7.794152349233627,18712034816,23746052096,True,False,False,usable_answer_line
FRED_0012_82K,FRED_0012,FRED,RETRIEVAL_CALCULATION,82K,SUCCESS,81756,8,11.240870064124465,21883750912,23746052096,True,False,False,usable_answer_line
FRED_0012_8K,FRED_0012,FRED,RETRIEVAL_CALCULATION,8K,SUCCESS,8319,8,0.5951685681939125,8006504960,23746052096,True,False,False,usable_answer_line
FRED_0013_16K,FRED_0013,FRED,RETRIEVAL_CALCULATION,16K,SUCCESS,16462,8,1.2217067191377282,9546026496,23746052096,True,False,False,usable_answer_line
FRED_0013_32K,FRED_0013,FRED,RETRIEVAL_CALCULATION,32K,SUCCESS,32656,8,2.8389594331383705,12605225472,23746052096,True,False,False,usable_answer_line
FRED_0013_4K,FRED_0013,FRED,RETRIEVAL_CALCULATION,4K,SUCCESS,4296,8,0.3173775216564536,7248007680,23746052096,True,False,False,usable_answer_line
FRED_0013_64K,FRED_0013,FRED,RETRIEVAL_CALCULATION,64K,SUCCESS,65021,8,7.788767813704908,18720914944,23746052096,True,False,False,usable_answer_line
FRED_0013_82K,FRED_0013,FRED,RETRIEVAL_CALCULATION,82K,SUCCESS,81752,8,11.228846495039761,21883060736,23746052096,True,False,False,usable_answer_line
FRED_0013_8K,FRED_0013,FRED,RETRIEVAL_CALCULATION,8K,SUCCESS,8312,8,0.5978687228634953,8005181952,23746052096,True,False,False,usable_answer_line
FRED_0014_16K,FRED_0014,FRED,RETRIEVAL_CALCULATION,16K,SUCCESS,16443,8,1.2035422027111053,9541616128,23746052096,True,False,False,usable_answer_line
FRED_0014_32K,FRED_0014,FRED,RETRIEVAL_CALCULATION,32K,SUCCESS,32634,8,2.826955445110798,12601263616,23746052096,True,False,False,usable_answer_line
FRED_0014_4K,FRED_0014,FRED,RETRIEVAL_CALCULATION,4K,SUCCESS,4284,8,0.3112337030470371,7245763072,23746052096,True,False,False,usable_answer_line
FRED_0014_64K,FRED_0014,FRED,RETRIEVAL_CALCULATION,64K,SUCCESS,64962,8,7.788887101225555,18709767680,23746052096,True,False,False,usable_answer_line
FRED_0014_82K,FRED_0014,FRED,RETRIEVAL_CALCULATION,82K,SUCCESS,81768,8,11.240920906886458,21885821440,23746052096,True,False,False,usable_answer_line
FRED_0014_8K,FRED_0014,FRED,RETRIEVAL_CALCULATION,8K,SUCCESS,8332,8,0.5968612441793084,8008962560,23746052096,True,False,False,usable_answer_line
FRED_0015_16K,FRED_0015,FRED,RETRIEVAL_CALCULATION,16K,SUCCESS,16439,8,1.2106292685493827,9540860416,23746052096,True,False,False,usable_answer_line
FRED_0015_32K,FRED_0015,FRED,RETRIEVAL_CALCULATION,32K,SUCCESS,32621,8,2.8265265449881554,12599234048,23746052096,True,False,False,usable_answer_line
FRED_0015_4K,FRED_0015,FRED,RETRIEVAL_CALCULATION,4K,SUCCESS,4298,8,0.31243976205587387,7249352192,23746052096,True,False,False,usable_answer_line
FRED_0015_64K,FRED_0015,FRED,RETRIEVAL_CALCULATION,64K,SUCCESS,64969,8,7.787262873724103,18711090688,23746052096,True,False,False,usable_answer_line
FRED_0015_82K,FRED_0015,FRED,RETRIEVAL_CALCULATION,82K,SUCCESS,81720,8,11.238716365769506,21876357632,23746052096,True,False,False,usable_answer_line
FRED_0015_8K,FRED_0015,FRED,RETRIEVAL_CALCULATION,8K,SUCCESS,8333,8,0.5938152140006423,8009152000,23746052096,True,False,False,usable_answer_line
FRED_0016_16K,FRED_0016,FRED,RETRIEVAL_CALCULATION,16K,SUCCESS,16440,8,1.2069244366139174,9541048832,23746052096,True,False,False,usable_answer_line
FRED_0016_32K,FRED_0016,FRED,RETRIEVAL_CALCULATION,32K,SUCCESS,32624,8,2.822918080724776,12599702016,23746052096,True,False,False,usable_answer_line
FRED_0016_4K,FRED_0016,FRED,RETRIEVAL_CALCULATION,4K,SUCCESS,4270,8,0.30845634918659925,7243146752,23746052096,True,False,False,usable_answer_line
FRED_0016_64K,FRED_0016,FRED,RETRIEVAL_CALCULATION,64K,SUCCESS,64993,8,7.78727025911212,18715624960,23746052096,True,False,False,usable_answer_line
FRED_0016_82K,FRED_0016,FRED,RETRIEVAL_CALCULATION,82K,SUCCESS,81786,8,11.25257490389049,21888927232,23746052096,True,False,False,usable_answer_line
FRED_0016_8K,FRED_0016,FRED,RETRIEVAL_CALCULATION,8K,SUCCESS,8352,8,0.5977039951831102,8012741120,23746052096,True,False,False,usable_answer_line
FRED_0017_16K,FRED_0017,FRED,TEMPORAL_VERSION,16K,SUCCESS,16382,9,1.1869304440915585,9530204672,23746052096,True,False,False,usable_answer_line
FRED_0017_32K,FRED_0017,FRED,TEMPORAL_VERSION,32K,SUCCESS,32580,7,2.8009573752060533,12590864896,23746052096,True,False,False,usable_answer_line
FRED_0017_4K,FRED_0017,FRED,TEMPORAL_VERSION,4K,SUCCESS,4285,9,0.32244111225008965,7245949952,23746052096,True,False,False,usable_answer_line
FRED_0017_64K,FRED_0017,FRED,TEMPORAL_VERSION,64K,SUCCESS,64976,7,7.748882194980979,18712412672,23746052096,True,False,False,usable_answer_line
FRED_0017_82K,FRED_0017,FRED,TEMPORAL_VERSION,82K,SUCCESS,81768,7,11.196543888188899,21885821440,23746052096,True,False,False,usable_answer_line
FRED_0017_8K,FRED_0017,FRED,TEMPORAL_VERSION,8K,SUCCESS,8281,9,0.5875641107559204,8002336256,20631781376,True,False,False,usable_answer_line
FRED_0018_16K,FRED_0018,FRED,TEMPORAL_VERSION,16K,SUCCESS,16436,8,1.2096124198287725,9540293120,23746052096,True,False,False,usable_answer_line
FRED_0018_32K,FRED_0018,FRED,TEMPORAL_VERSION,32K,SUCCESS,32604,8,2.824610502459109,12595399168,23746052096,True,False,False,usable_answer_line
FRED_0018_4K,FRED_0018,FRED,TEMPORAL_VERSION,4K,SUCCESS,4311,8,0.3077402664348483,7251169280,23746052096,True,False,False,usable_answer_line
FRED_0018_64K,FRED_0018,FRED,TEMPORAL_VERSION,64K,SUCCESS,65004,8,7.8016146291047335,18717702656,23746052096,True,False,False,usable_answer_line
FRED_0018_82K,FRED_0018,FRED,TEMPORAL_VERSION,82K,SUCCESS,81784,8,11.24443107098341,21888582144,23746052096,True,False,False,usable_answer_line
FRED_0018_8K,FRED_0018,FRED,TEMPORAL_VERSION,8K,SUCCESS,8332,8,0.59793864749372,8008962560,23746052096,True,False,False,usable_answer_line
FRED_0019_16K,FRED_0019,FRED,TEMPORAL_VERSION,16K,SUCCESS,16410,8,1.210768111050129,9535380992,23746052096,True,False,False,usable_answer_line
FRED_0019_32K,FRED_0019,FRED,TEMPORAL_VERSION,32K,SUCCESS,32573,8,2.817568888887763,12589540864,23746052096,True,False,False,usable_answer_line
FRED_0019_4K,FRED_0019,FRED,TEMPORAL_VERSION,4K,SUCCESS,4263,8,0.3117825537919998,7241838592,23746052096,True,False,False,usable_answer_line
FRED_0019_64K,FRED_0019,FRED,TEMPORAL_VERSION,64K,SUCCESS,64902,8,7.779809392057359,18698429952,23746052096,True,False,False,usable_answer_line
FRED_0019_82K,FRED_0019,FRED,TEMPORAL_VERSION,82K,SUCCESS,81791,8,11.265725239180028,21889790464,23746052096,True,False,False,usable_answer_line
FRED_0019_8K,FRED_0019,FRED,TEMPORAL_VERSION,8K,SUCCESS,8283,8,0.5898763239383698,7999703552,23746052096,True,False,False,usable_answer_line
FRED_0020_16K,FRED_0020,FRED,TEMPORAL_VERSION,16K,SUCCESS,16441,9,1.2254543220624328,9541238272,23746052096,True,False,False,usable_answer_line
FRED_0020_32K,FRED_0020,FRED,TEMPORAL_VERSION,32K,SUCCESS,32592,9,2.847631816752255,12593132032,23746052096,True,False,False,usable_answer_line
FRED_0020_4K,FRED_0020,FRED,TEMPORAL_VERSION,4K,SUCCESS,4297,9,0.3218101169914007,7249212416,23746052096,True,False,False,usable_answer_line
FRED_0020_64K,FRED_0020,FRED,TEMPORAL_VERSION,64K,SUCCESS,65000,9,7.823636661283672,18716946944,23746052096,True,False,False,usable_answer_line
FRED_0020_82K,FRED_0020,FRED,TEMPORAL_VERSION,82K,SUCCESS,81755,9,11.29422954749316,21883578880,23746052096,True,False,False,usable_answer_line
FRED_0020_8K,FRED_0020,FRED,TEMPORAL_VERSION,8K,SUCCESS,8327,9,0.609937977977097,8008018432,23746052096,True,False,False,usable_answer_line
FRED_0021_16K,FRED_0021,FRED,UNANSWERABLE,16K,SUCCESS,16387,8,1.2033953294157982,9531036160,23746052096,True,False,False,usable_answer_line
FRED_0021_32K,FRED_0021,FRED,UNANSWERABLE,32K,SUCCESS,32568,8,2.820260876789689,12588595712,23746052096,True,False,False,usable_answer_line
FRED_0021_4K,FRED_0021,FRED,UNANSWERABLE,4K,SUCCESS,4258,10,0.33795997500419617,7241104896,23746052096,True,False,False,usable_answer_line
FRED_0021_64K,FRED_0021,FRED,UNANSWERABLE,64K,SUCCESS,65009,8,7.79526327829808,18718647808,23746052096,True,False,False,usable_answer_line
FRED_0021_82K,FRED_0021,FRED,UNANSWERABLE,82K,SUCCESS,81799,8,11.270785517059267,21891287552,23746052096,True,False,False,usable_answer_line
FRED_0021_8K,FRED_0021,FRED,UNANSWERABLE,8K,SUCCESS,8332,10,0.6182837188243866,8008962560,23746052096,True,False,False,usable_answer_line
FRED_0022_16K,FRED_0022,FRED,UNANSWERABLE,16K,SUCCESS,16383,10,1.1989026982337236,9530335744,23746052096,True,False,False,usable_answer_line
FRED_0022_32K,FRED_0022,FRED,UNANSWERABLE,32K,SUCCESS,32564,10,2.8654017886146903,12587840000,23746052096,True,False,False,usable_answer_line
FRED_0022_4K,FRED_0022,FRED,UNANSWERABLE,4K,SUCCESS,4258,10,0.32759782671928406,7241104896,23746052096,True,False,False,usable_answer_line
FRED_0022_64K,FRED_0022,FRED,UNANSWERABLE,64K,SUCCESS,64936,8,7.781397935003042,18704853504,23746052096,True,False,False,usable_answer_line
FRED_0022_82K,FRED_0022,FRED,UNANSWERABLE,82K,SUCCESS,81766,8,11.26084890961647,21885476352,23746052096,True,False,False,usable_answer_line
FRED_0022_8K,FRED_0022,FRED,UNANSWERABLE,8K,SUCCESS,8286,10,0.6219548210501671,8000269824,23746052096,True,False,False,usable_answer_line
FRED_0023_16K,FRED_0023,FRED,UNANSWERABLE,16K,SUCCESS,16412,10,1.2411378575488925,9535758848,23746052096,True,False,False,usable_answer_line
FRED_0023_32K,FRED_0023,FRED,UNANSWERABLE,32K,SUCCESS,32613,10,2.868792776018381,12597984768,23746052096,True,False,False,usable_answer_line
FRED_0023_4K,FRED_0023,FRED,UNANSWERABLE,4K,SUCCESS,4276,10,0.3354789111763239,7244268032,23746052096,True,False,False,usable_answer_line
FRED_0023_64K,FRED_0023,FRED,UNANSWERABLE,64K,SUCCESS,64986,8,7.786622882820666,18714301952,23746052096,True,False,False,usable_answer_line
FRED_0023_82K,FRED_0023,FRED,UNANSWERABLE,82K,SUCCESS,81795,8,11.257391344755888,21890531840,23746052096,True,False,False,usable_answer_line
FRED_0023_8K,FRED_0023,FRED,UNANSWERABLE,8K,SUCCESS,8307,10,0.6189204128459096,8004237824,23746052096,True,False,False,usable_answer_line
FRED_0024_16K,FRED_0024,FRED,UNANSWERABLE,16K,SUCCESS,16389,10,1.2413907870650291,9531414016,23746052096,True,False,False,usable_answer_line
FRED_0024_32K,FRED_0024,FRED,UNANSWERABLE,32K,SUCCESS,32564,10,2.8631174601614475,12587840000,23746052096,True,False,False,usable_answer_line
FRED_0024_4K,FRED_0024,FRED,UNANSWERABLE,4K,SUCCESS,4279,10,0.33793047443032265,7244828672,23746052096,True,False,False,usable_answer_line
FRED_0024_64K,FRED_0024,FRED,UNANSWERABLE,64K,SUCCESS,64996,8,7.786090328358114,18716191232,23746052096,True,False,False,usable_answer_line
FRED_0024_82K,FRED_0024,FRED,UNANSWERABLE,82K,SUCCESS,81775,10,11.3197216168046,21887029760,23746052096,True,False,False,usable_answer_line
FRED_0024_8K,FRED_0024,FRED,UNANSWERABLE,8K,SUCCESS,8278,10,0.6186020839959383,7998758400,23746052096,True,False,False,usable_answer_line
FRED_0025_16K,FRED_0025,FRED,UNANSWERABLE,16K,SUCCESS,16393,10,1.2515384759753942,9532169728,23746052096,True,False,False,usable_answer_line
FRED_0025_32K,FRED_0025,FRED,UNANSWERABLE,32K,SUCCESS,32542,10,2.8650620421394706,12583683584,23746052096,True,False,False,usable_answer_line
FRED_0025_4K,FRED_0025,FRED,UNANSWERABLE,4K,SUCCESS,4240,10,0.338487833738327,7237540352,23746052096,True,False,False,usable_answer_line
FRED_0025_64K,FRED_0025,FRED,UNANSWERABLE,64K,SUCCESS,64917,8,7.782512824051082,18701264384,23746052096,True,False,False,usable_answer_line
FRED_0025_82K,FRED_0025,FRED,UNANSWERABLE,82K,SUCCESS,81793,8,11.252900830470026,21890153984,23746052096,True,False,False,usable_answer_line
FRED_0025_8K,FRED_0025,FRED,UNANSWERABLE,8K,SUCCESS,8299,10,0.6078260214999318,8002726400,23746052096,True,False,False,usable_answer_line
FRED_0026_16K,FRED_0026,FRED,DIRECT_RETRIEVAL,16K,SUCCESS,16397,8,1.2090400401502848,9532925440,23746052096,True,False,False,usable_answer_line
FRED_0026_32K,FRED_0026,FRED,DIRECT_RETRIEVAL,32K,SUCCESS,32637,8,2.829085784032941,12601732608,23746052096,True,False,False,usable_answer_line
FRED_0026_4K,FRED_0026,FRED,DIRECT_RETRIEVAL,4K,SUCCESS,4288,8,0.3109349086880684,7246510592,23746052096,True,False,False,usable_answer_line
FRED_0026_64K,FRED_0026,FRED,DIRECT_RETRIEVAL,64K,SUCCESS,65045,8,7.810004907660186,18725451264,23746052096,True,False,False,usable_answer_line
FRED_0026_82K,FRED_0026,FRED,DIRECT_RETRIEVAL,82K,SUCCESS,81757,8,11.251601501367986,21883923968,23746052096,True,False,False,usable_answer_line
FRED_0026_8K,FRED_0026,FRED,DIRECT_RETRIEVAL,8K,SUCCESS,8350,8,0.5952962059527636,8012363264,23746052096,True,False,False,usable_answer_line
FRED_0027_16K,FRED_0027,FRED,DIRECT_RETRIEVAL,16K,SUCCESS,16387,9,1.2215329259634018,9531036160,23746052096,True,False,False,usable_answer_line
FRED_0027_32K,FRED_0027,FRED,DIRECT_RETRIEVAL,32K,SUCCESS,32606,7,2.802961777895689,12595777024,23746052096,True,False,False,usable_answer_line
FRED_0027_4K,FRED_0027,FRED,DIRECT_RETRIEVAL,4K,SUCCESS,4292,7,0.30525585915893316,7247260160,23746052096,True,False,False,usable_answer_line
FRED_0027_64K,FRED_0027,FRED,DIRECT_RETRIEVAL,64K,SUCCESS,64958,9,7.8273146683350205,18709009920,23746052096,True,False,False,usable_answer_line
FRED_0027_82K,FRED_0027,FRED,DIRECT_RETRIEVAL,82K,SUCCESS,81782,7,11.220010102726519,21888237056,23746052096,True,False,False,usable_answer_line
FRED_0027_8K,FRED_0027,FRED,DIRECT_RETRIEVAL,8K,SUCCESS,8322,7,0.5805500000715256,8007073280,23746052096,True,False,False,usable_answer_line
FRED_0028_16K,FRED_0028,FRED,DIRECT_RETRIEVAL,16K,SUCCESS,16457,8,1.2118692332878709,9545164288,23746052096,True,False,False,usable_answer_line
FRED_0028_32K,FRED_0028,FRED,DIRECT_RETRIEVAL,32K,SUCCESS,32656,8,2.8320338120684028,12605225472,23746052096,True,False,False,usable_answer_line
FRED_0028_4K,FRED_0028,FRED,DIRECT_RETRIEVAL,4K,SUCCESS,4297,8,0.31111022643744946,7249212416,23746052096,True,False,False,usable_answer_line
FRED_0028_64K,FRED_0028,FRED,DIRECT_RETRIEVAL,64K,SUCCESS,64994,8,7.786315944045782,18715813376,23746052096,True,False,False,usable_answer_line
FRED_0028_82K,FRED_0028,FRED,DIRECT_RETRIEVAL,82K,SUCCESS,81783,8,11.233804860152304,21888410112,23746052096,True,False,False,usable_answer_line
FRED_0028_8K,FRED_0028,FRED,DIRECT_RETRIEVAL,8K,SUCCESS,8369,8,0.5965126613155007,8015953408,23746052096,True,False,False,usable_answer_line
FRED_0029_16K,FRED_0029,FRED,DIRECT_RETRIEVAL,16K,SUCCESS,16382,9,1.1844385312870145,9530204672,23746052096,True,False,False,usable_answer_line
FRED_0029_32K,FRED_0029,FRED,DIRECT_RETRIEVAL,32K,SUCCESS,32549,7,2.800192684866488,12585006592,23746052096,True,False,False,usable_answer_line
FRED_0029_4K,FRED_0029,FRED,DIRECT_RETRIEVAL,4K,SUCCESS,4299,9,0.32375796791166067,7249491968,23746052096,True,False,False,usable_answer_line
FRED_0029_64K,FRED_0029,FRED,DIRECT_RETRIEVAL,64K,SUCCESS,64917,7,7.746423978358507,18701264384,23746052096,True,False,False,usable_answer_line
FRED_0029_82K,FRED_0029,FRED,DIRECT_RETRIEVAL,82K,SUCCESS,81770,7,11.206417700275779,21886166528,23746052096,True,False,False,usable_answer_line
FRED_0029_8K,FRED_0029,FRED,DIRECT_RETRIEVAL,8K,SUCCESS,8289,7,0.5837612701579928,8000837120,23746052096,True,False,False,usable_answer_line
FRED_0030_16K,FRED_0030,FRED,DIRECT_RETRIEVAL,16K,SUCCESS,16399,9,1.2247216645628214,9533303296,23746052096,True,False,False,usable_answer_line
FRED_0030_32K,FRED_0030,FRED,DIRECT_RETRIEVAL,32K,SUCCESS,32599,9,2.8494038246572018,12594455040,23746052096,True,False,False,usable_answer_line
FRED_0030_4K,FRED_0030,FRED,DIRECT_RETRIEVAL,4K,SUCCESS,4258,9,0.32432858273386955,7241104896,23746052096,True,False,False,usable_answer_line
FRED_0030_64K,FRED_0030,FRED,DIRECT_RETRIEVAL,64K,SUCCESS,64985,9,7.829185435548425,18714113536,23746052096,True,False,False,usable_answer_line
FRED_0030_82K,FRED_0030,FRED,DIRECT_RETRIEVAL,82K,SUCCESS,81800,9,11.310556965880096,21891475968,23746052096,True,False,False,usable_answer_line
FRED_0030_8K,FRED_0030,FRED,DIRECT_RETRIEVAL,8K,SUCCESS,8288,9,0.6028752168640494,8000647680,23746052096,True,False,False,usable_answer_line
FRED_0031_16K,FRED_0031,FRED,DIRECT_RETRIEVAL,16K,SUCCESS,16396,9,1.2246357426047325,9532736000,23746052096,True,False,False,usable_answer_line
FRED_0031_32K,FRED_0031,FRED,DIRECT_RETRIEVAL,32K,SUCCESS,32616,9,2.850527831353247,12598452736,23746052096,True,False,False,usable_answer_line
FRED_0031_4K,FRED_0031,FRED,DIRECT_RETRIEVAL,4K,SUCCESS,4244,9,0.318411011248827,7238287872,23746052096,True,False,False,usable_answer_line
FRED_0031_64K,FRED_0031,FRED,DIRECT_RETRIEVAL,64K,SUCCESS,64970,7,7.765072388574481,18711279104,23746052096,True,False,False,usable_answer_line
FRED_0031_82K,FRED_0031,FRED,DIRECT_RETRIEVAL,82K,SUCCESS,81741,7,11.216256965883076,21881163264,23746052096,True,False,False,usable_answer_line
FRED_0031_8K,FRED_0031,FRED,DIRECT_RETRIEVAL,8K,SUCCESS,8327,7,0.583705953322351,8008018432,23746052096,True,False,False,usable_answer_line
FRED_0032_16K,FRED_0032,FRED,DIRECT_RETRIEVAL,16K,SUCCESS,16392,7,1.1954866843298078,9531980288,23746052096,True,False,False,usable_answer_line
FRED_0032_32K,FRED_0032,FRED,DIRECT_RETRIEVAL,32K,SUCCESS,32570,7,2.7988538555800915,12588973568,23746052096,True,False,False,usable_answer_line
FRED_0032_4K,FRED_0032,FRED,DIRECT_RETRIEVAL,4K,SUCCESS,4292,7,0.30171468667685986,7247260160,23746052096,True,False,False,usable_answer_line
FRED_0032_64K,FRED_0032,FRED,DIRECT_RETRIEVAL,64K,SUCCESS,64938,7,7.752234750427306,18705231360,23746052096,True,False,False,usable_answer_line
FRED_0032_82K,FRED_0032,FRED,DIRECT_RETRIEVAL,82K,SUCCESS,81793,7,11.23659060522914,21890153984,23746052096,True,False,False,usable_answer_line
FRED_0032_8K,FRED_0032,FRED,DIRECT_RETRIEVAL,8K,SUCCESS,8285,7,0.5864265859127045,8000081408,23746052096,True,False,False,usable_answer_line
FRED_0033_16K,FRED_0033,FRED,DIRECT_RETRIEVAL,16K,SUCCESS,16436,8,1.2071790304034948,9540293120,20631781376,True,False,False,usable_answer_line
FRED_0033_32K,FRED_0033,FRED,DIRECT_RETRIEVAL,32K,SUCCESS,32589,8,2.822798409499228,12592565760,23746052096,True,False,False,usable_answer_line
FRED_0033_4K,FRED_0033,FRED,DIRECT_RETRIEVAL,4K,SUCCESS,4291,8,0.3085039993748069,7247073280,23746052096,True,False,False,usable_answer_line
FRED_0033_64K,FRED_0033,FRED,DIRECT_RETRIEVAL,64K,SUCCESS,65028,8,7.801652659662068,18722238976,23746052096,True,False,False,usable_answer_line
FRED_0033_82K,FRED_0033,FRED,DIRECT_RETRIEVAL,82K,SUCCESS,81739,8,11.250776020810008,21880818176,23746052096,True,False,False,usable_answer_line
FRED_0033_8K,FRED_0033,FRED,DIRECT_RETRIEVAL,8K,SUCCESS,8356,8,0.6081369454041123,8013496832,23746052096,True,False,False,usable_answer_line
FRED_0034_16K,FRED_0034,FRED,DIRECT_RETRIEVAL,16K,SUCCESS,16361,8,1.1712378580123186,9527452160,23746052096,True,False,False,usable_answer_line
FRED_0034_32K,FRED_0034,FRED,DIRECT_RETRIEVAL,32K,SUCCESS,32580,8,2.831262360326946,12590864896,23746052096,True,False,False,usable_answer_line
FRED_0034_4K,FRED_0034,FRED,DIRECT_RETRIEVAL,4K,SUCCESS,4267,8,0.3142752852290869,7242586112,23746052096,True,False,False,usable_answer_line
FRED_0034_64K,FRED_0034,FRED,DIRECT_RETRIEVAL,64K,SUCCESS,64902,8,7.778334193862975,18698429952,23746052096,True,False,False,usable_answer_line
FRED_0034_82K,FRED_0034,FRED,DIRECT_RETRIEVAL,82K,SUCCESS,81778,8,11.245811777189374,21887546880,23746052096,True,False,False,usable_answer_line
FRED_0034_8K,FRED_0034,FRED,DIRECT_RETRIEVAL,8K,SUCCESS,8330,8,0.594083889387548,8008584704,23746052096,True,False,False,usable_answer_line
FRED_0035_16K,FRED_0035,FRED,DIRECT_RETRIEVAL,16K,SUCCESS,16437,9,1.2352716038003564,9540482560,23746052096,True,False,False,usable_answer_line
FRED_0035_32K,FRED_0035,FRED,DIRECT_RETRIEVAL,32K,SUCCESS,32602,9,2.84997178055346,12595021312,23746052096,True,False,False,usable_answer_line
FRED_0035_4K,FRED_0035,FRED,DIRECT_RETRIEVAL,4K,SUCCESS,4280,9,0.32869995199143887,7245015552,23746052096,True,False,False,usable_answer_line
FRED_0035_64K,FRED_0035,FRED,DIRECT_RETRIEVAL,64K,SUCCESS,64986,9,7.822641683742404,18714301952,23746052096,True,False,False,usable_answer_line
FRED_0035_82K,FRED_0035,FRED,DIRECT_RETRIEVAL,82K,SUCCESS,81731,9,11.294090525247157,21879437824,23746052096,True,False,False,usable_answer_line
FRED_0035_8K,FRED_0035,FRED,DIRECT_RETRIEVAL,8K,SUCCESS,8328,9,0.6087208762764931,8008206848,23746052096,True,False,False,usable_answer_line
FRED_0036_16K,FRED_0036,FRED,DIRECT_RETRIEVAL,16K,SUCCESS,16430,7,1.2000299831852317,9539159552,23746052096,True,False,False,usable_answer_line
FRED_0036_32K,FRED_0036,FRED,DIRECT_RETRIEVAL,32K,SUCCESS,32605,9,2.8494983529672027,12595588608,23746052096,True,False,False,usable_answer_line
FRED_0036_4K,FRED_0036,FRED,DIRECT_RETRIEVAL,4K,SUCCESS,4241,7,0.29857238568365574,7237727232,23746052096,True,False,False,usable_answer_line
FRED_0036_64K,FRED_0036,FRED,DIRECT_RETRIEVAL,64K,SUCCESS,64938,9,7.821230080910027,18705231360,23746052096,True,False,False,usable_answer_line
FRED_0036_82K,FRED_0036,FRED,DIRECT_RETRIEVAL,82K,SUCCESS,81764,9,11.282997246831656,21885131264,23746052096,True,False,False,usable_answer_line
FRED_0036_8K,FRED_0036,FRED,DIRECT_RETRIEVAL,8K,SUCCESS,8299,7,0.5825438275933266,8002726400,23746052096,True,False,False,usable_answer_line
FRED_0037_16K,FRED_0037,FRED,DIRECT_RETRIEVAL,16K,SUCCESS,16465,8,1.214592627249658,9552705024,10215227392,True,False,False,usable_answer_line
FRED_0037_32K,FRED_0037,FRED,DIRECT_RETRIEVAL,32K,SUCCESS,32646,8,2.828950121998787,12603336192,23746052096,True,False,False,usable_answer_line
FRED_0037_4K,FRED_0037,FRED,DIRECT_RETRIEVAL,4K,SUCCESS,4313,8,0.3155369469895959,7251448832,23746052096,True,False,False,usable_answer_line
FRED_0037_64K,FRED_0037,FRED,DIRECT_RETRIEVAL,64K,SUCCESS,65023,8,7.807275991886854,18721292800,23746052096,True,False,False,usable_answer_line
FRED_0037_82K,FRED_0037,FRED,DIRECT_RETRIEVAL,82K,SUCCESS,81776,8,11.252604342997074,21887201792,23746052096,True,False,False,usable_answer_line
FRED_0037_8K,FRED_0037,FRED,DIRECT_RETRIEVAL,8K,SUCCESS,8341,8,0.5981903541833162,8010663424,23746052096,True,False,False,usable_answer_line
FRED_0038_16K,FRED_0038,FRED,DIRECT_RETRIEVAL,16K,SUCCESS,16387,8,1.2052863175049424,9531036160,23746052096,True,False,False,usable_answer_line
FRED_0038_32K,FRED_0038,FRED,DIRECT_RETRIEVAL,32K,SUCCESS,32584,8,2.821596920490265,12591620608,23746052096,True,False,False,usable_answer_line
FRED_0038_4K,FRED_0038,FRED,DIRECT_RETRIEVAL,4K,SUCCESS,4270,8,0.3085674801841378,7243146752,23746052096,True,False,False,usable_answer_line
FRED_0038_64K,FRED_0038,FRED,DIRECT_RETRIEVAL,64K,SUCCESS,64897,8,7.790831299498677,18697485824,23746052096,True,False,False,usable_answer_line
FRED_0038_82K,FRED_0038,FRED,DIRECT_RETRIEVAL,82K,SUCCESS,81789,8,11.251976858824492,21889445376,23746052096,True,False,False,usable_answer_line
FRED_0038_8K,FRED_0038,FRED,DIRECT_RETRIEVAL,8K,SUCCESS,8306,8,0.5951651483774185,8004048384,23746052096,True,False,False,usable_answer_line
FRED_0039_16K,FRED_0039,FRED,DIRECT_RETRIEVAL,16K,SUCCESS,16461,8,1.2097407849505544,9545854464,23746052096,True,False,False,usable_answer_line
FRED_0039_32K,FRED_0039,FRED,DIRECT_RETRIEVAL,32K,SUCCESS,32651,8,2.8312718011438847,12604281344,23746052096,True,False,False,usable_answer_line
FRED_0039_4K,FRED_0039,FRED,DIRECT_RETRIEVAL,4K,SUCCESS,4313,8,0.3128779260441661,7251448832,23746052096,True,False,False,usable_answer_line
FRED_0039_64K,FRED_0039,FRED,DIRECT_RETRIEVAL,64K,SUCCESS,65045,8,7.82229710649699,18725451264,23746052096,True,False,False,usable_answer_line
FRED_0039_82K,FRED_0039,FRED,DIRECT_RETRIEVAL,82K,SUCCESS,81753,8,11.237936304882169,21883233792,23746052096,True,False,False,usable_answer_line
FRED_0039_8K,FRED_0039,FRED,DIRECT_RETRIEVAL,8K,SUCCESS,8349,8,0.5890435483306646,8012174848,23746052096,True,False,False,usable_answer_line
FRED_0040_16K,FRED_0040,FRED,DIRECT_RETRIEVAL,16K,SUCCESS,16358,8,1.1688579432666302,9527058944,23746052096,True,False,False,usable_answer_line
FRED_0040_32K,FRED_0040,FRED,DIRECT_RETRIEVAL,32K,SUCCESS,32578,8,2.8216361813247204,12590487040,23746052096,True,False,False,usable_answer_line
FRED_0040_4K,FRED_0040,FRED,DIRECT_RETRIEVAL,4K,SUCCESS,4269,8,0.31340431794524193,7242959872,23746052096,True,False,False,usable_answer_line
FRED_0040_64K,FRED_0040,FRED,DIRECT_RETRIEVAL,64K,SUCCESS,64929,8,7.786485896445811,18703531520,23746052096,True,False,False,usable_answer_line
FRED_0040_82K,FRED_0040,FRED,DIRECT_RETRIEVAL,82K,SUCCESS,81775,8,11.235235156491399,21887029760,23746052096,True,False,False,usable_answer_line
FRED_0040_8K,FRED_0040,FRED,DIRECT_RETRIEVAL,8K,SUCCESS,8327,8,0.5986532187089324,8008018432,23746052096,True,False,False,usable_answer_line
FRED_0041_16K,FRED_0041,FRED,DIRECT_RETRIEVAL,16K,SUCCESS,16457,8,1.2091062283143401,9545164288,23746052096,True,False,False,usable_answer_line
FRED_0041_32K,FRED_0041,FRED,DIRECT_RETRIEVAL,32K,SUCCESS,32656,8,2.830038052983582,12605225472,23746052096,True,False,False,usable_answer_line
FRED_0041_4K,FRED_0041,FRED,DIRECT_RETRIEVAL,4K,SUCCESS,4291,8,0.3067368855699897,7247073280,23746052096,True,False,False,usable_answer_line
FRED_0041_64K,FRED_0041,FRED,DIRECT_RETRIEVAL,64K,SUCCESS,65002,8,7.791240071877837,18717324800,23746052096,True,False,False,usable_answer_line
FRED_0041_82K,FRED_0041,FRED,DIRECT_RETRIEVAL,82K,SUCCESS,81767,8,11.236648324877024,21885649408,23746052096,True,False,False,usable_answer_line
FRED_0041_8K,FRED_0041,FRED,DIRECT_RETRIEVAL,8K,SUCCESS,8300,8,0.590188411064446,8002914816,23746052096,True,False,False,usable_answer_line
FRED_0042_16K,FRED_0042,FRED,DIRECT_RETRIEVAL,16K,SUCCESS,16417,9,1.225026206113398,9536704000,23746052096,True,False,False,usable_answer_line
FRED_0042_32K,FRED_0042,FRED,DIRECT_RETRIEVAL,32K,SUCCESS,32605,9,2.846309907734394,12595588608,23746052096,True,False,False,usable_answer_line
FRED_0042_4K,FRED_0042,FRED,DIRECT_RETRIEVAL,4K,SUCCESS,4300,9,0.3267624005675316,7249631744,23746052096,True,False,False,usable_answer_line
FRED_0042_64K,FRED_0042,FRED,DIRECT_RETRIEVAL,64K,SUCCESS,64980,9,7.826400501653552,18713168384,23746052096,True,False,False,usable_answer_line
FRED_0042_82K,FRED_0042,FRED,DIRECT_RETRIEVAL,82K,SUCCESS,81736,9,11.290717264637351,21880300032,23746052096,True,False,False,usable_answer_line
FRED_0042_8K,FRED_0042,FRED,DIRECT_RETRIEVAL,8K,SUCCESS,8336,9,0.6076542166993022,8009718272,23746052096,True,False,False,usable_answer_line
FRED_0043_16K,FRED_0043,FRED,DIRECT_RETRIEVAL,16K,SUCCESS,16428,9,1.2220626007765532,9538781696,23746052096,True,False,False,usable_answer_line
FRED_0043_32K,FRED_0043,FRED,DIRECT_RETRIEVAL,32K,SUCCESS,32622,9,2.8469678601250052,12599389696,23746052096,True,False,False,usable_answer_line
FRED_0043_4K,FRED_0043,FRED,DIRECT_RETRIEVAL,4K,SUCCESS,4262,9,0.3178169885650277,7241651712,23746052096,True,False,False,usable_answer_line
FRED_0043_64K,FRED_0043,FRED,DIRECT_RETRIEVAL,64K,SUCCESS,64948,9,7.824085847474635,18707120640,23746052096,True,False,False,usable_answer_line
FRED_0043_82K,FRED_0043,FRED,DIRECT_RETRIEVAL,82K,SUCCESS,81724,9,11.273870902135968,21877113344,23746052096,True,False,False,usable_answer_line
FRED_0043_8K,FRED_0043,FRED,DIRECT_RETRIEVAL,8K,SUCCESS,8345,9,0.6062187477946281,8011419136,23746052096,True,False,False,usable_answer_line
FRED_0044_16K,FRED_0044,FRED,DIRECT_RETRIEVAL,16K,SUCCESS,16429,9,1.2197665516287088,9538971136,23746052096,True,False,False,usable_answer_line
FRED_0044_32K,FRED_0044,FRED,DIRECT_RETRIEVAL,32K,SUCCESS,32620,9,2.8476014100015163,12599077376,23746052096,True,False,False,usable_answer_line
FRED_0044_4K,FRED_0044,FRED,DIRECT_RETRIEVAL,4K,SUCCESS,4274,9,0.32341368217021227,7243894272,23746052096,True,False,False,usable_answer_line
FRED_0044_64K,FRED_0044,FRED,DIRECT_RETRIEVAL,64K,SUCCESS,64988,9,7.817424529232085,18714679808,23746052096,True,False,False,usable_answer_line
FRED_0044_82K,FRED_0044,FRED,DIRECT_RETRIEVAL,82K,SUCCESS,81792,9,11.314202974550426,21889962496,23746052096,True,False,False,usable_answer_line
FRED_0044_8K,FRED_0044,FRED,DIRECT_RETRIEVAL,8K,SUCCESS,8349,9,0.609101377427578,8012174848,23746052096,True,False,False,usable_answer_line
FRED_0045_16K,FRED_0045,FRED,DIRECT_RETRIEVAL,16K,SUCCESS,16384,8,1.170918601565063,9530466816,23746052096,True,False,False,usable_answer_line
FRED_0045_32K,FRED_0045,FRED,DIRECT_RETRIEVAL,32K,SUCCESS,32534,8,2.817303375340998,12582172160,23746052096,True,False,False,usable_answer_line
FRED_0045_4K,FRED_0045,FRED,DIRECT_RETRIEVAL,4K,SUCCESS,4235,8,0.31123469676822424,7236605952,23746052096,True,False,False,usable_answer_line
FRED_0045_64K,FRED_0045,FRED,DIRECT_RETRIEVAL,64K,SUCCESS,64923,8,7.785491636022925,18702397952,23746052096,True,False,False,usable_answer_line
FRED_0045_82K,FRED_0045,FRED,DIRECT_RETRIEVAL,82K,SUCCESS,81727,8,11.22285930160433,21877680640,23746052096,True,False,False,usable_answer_line
FRED_0045_8K,FRED_0045,FRED,DIRECT_RETRIEVAL,8K,SUCCESS,8296,8,0.6060298830270767,8002159104,23746052096,True,False,False,usable_answer_line
FRED_0046_16K,FRED_0046,FRED,RETRIEVAL_CALCULATION,16K,SUCCESS,16414,8,1.2090124851092696,9536136704,23746052096,True,False,False,usable_answer_line
FRED_0046_32K,FRED_0046,FRED,RETRIEVAL_CALCULATION,32K,SUCCESS,32609,8,2.8233193643391132,12597360128,23746052096,True,False,False,usable_answer_line
FRED_0046_4K,FRED_0046,FRED,RETRIEVAL_CALCULATION,4K,SUCCESS,4318,8,0.32180969789624214,7252147712,23746052096,True,False,False,usable_answer_line
FRED_0046_64K,FRED_0046,FRED,RETRIEVAL_CALCULATION,64K,SUCCESS,64989,8,7.7940696673467755,18714869248,23746052096,True,False,False,usable_answer_line
FRED_0046_82K,FRED_0046,FRED,RETRIEVAL_CALCULATION,82K,CUDA_OOM,81716,0,,20202110464,24652021760,False,,,
FRED_0046_8K,FRED_0046,FRED,RETRIEVAL_CALCULATION,8K,SUCCESS,8373,8,0.5978017877787352,8016709120,23746052096,True,False,False,usable_answer_line
FRED_0047_16K,FRED_0047,FRED,RETRIEVAL_CALCULATION,16K,SUCCESS,16434,8,1.2078089220449328,9539915264,23746052096,True,False,False,usable_answer_line
FRED_0047_32K,FRED_0047,FRED,RETRIEVAL_CALCULATION,32K,SUCCESS,32662,8,2.8333905851468444,12606359040,23746052096,True,False,False,usable_answer_line
FRED_0047_4K,FRED_0047,FRED,RETRIEVAL_CALCULATION,4K,SUCCESS,4317,8,0.3185014743357897,7252007936,23746052096,True,False,False,usable_answer_line
FRED_0047_64K,FRED_0047,FRED,RETRIEVAL_CALCULATION,64K,SUCCESS,64999,8,7.796022227033973,18716758528,23746052096,True,False,False,usable_answer_line
FRED_0047_82K,FRED_0047,FRED,RETRIEVAL_CALCULATION,82K,SUCCESS,81797,8,11.269202895462513,21890909696,23746052096,True,False,False,usable_answer_line
FRED_0047_8K,FRED_0047,FRED,RETRIEVAL_CALCULATION,8K,SUCCESS,8361,8,0.5959433130919933,8014441984,23746052096,True,False,False,usable_answer_line
FRED_0048_16K,FRED_0048,FRED,RETRIEVAL_CALCULATION,16K,SUCCESS,16481,8,1.2100861128419638,9549305344,23746052096,True,False,False,usable_answer_line
FRED_0048_32K,FRED_0048,FRED,RETRIEVAL_CALCULATION,32K,SUCCESS,32624,8,2.82332653272897,12599702016,23746052096,True,False,False,usable_answer_line
FRED_0048_4K,FRED_0048,FRED,RETRIEVAL_CALCULATION,4K,SUCCESS,4294,8,0.31221762485802174,7247633920,23746052096,True,False,False,usable_answer_line
FRED_0048_64K,FRED_0048,FRED,RETRIEVAL_CALCULATION,64K,SUCCESS,65019,8,7.803606905974448,18720537088,23746052096,True,False,False,usable_answer_line
FRED_0048_82K,FRED_0048,FRED,RETRIEVAL_CALCULATION,82K,SUCCESS,81724,8,11.234752175398171,21877113344,23746052096,True,False,False,usable_answer_line
FRED_0048_8K,FRED_0048,FRED,RETRIEVAL_CALCULATION,8K,SUCCESS,8381,8,0.5942038558423519,8018220544,23746052096,True,False,False,usable_answer_line
FRED_0049_16K,FRED_0049,FRED,RETRIEVAL_CALCULATION,16K,SUCCESS,16456,8,1.2079595681279898,9544991232,23746052096,True,False,False,usable_answer_line
FRED_0049_32K,FRED_0049,FRED,RETRIEVAL_CALCULATION,32K,SUCCESS,32616,8,2.823131823912263,12598452736,23746052096,True,False,False,usable_answer_line
FRED_0049_4K,FRED_0049,FRED,RETRIEVAL_CALCULATION,4K,SUCCESS,4291,8,0.31457038782536983,7247073280,23746052096,True,False,False,usable_answer_line
FRED_0049_64K,FRED_0049,FRED,RETRIEVAL_CALCULATION,64K,SUCCESS,64938,8,7.787205648608506,18705231360,23746052096,True,False,False,usable_answer_line
FRED_0049_82K,FRED_0049,FRED,RETRIEVAL_CALCULATION,82K,SUCCESS,81790,8,11.254012242890894,21889617408,23746052096,True,False,False,usable_answer_line
FRED_0049_8K,FRED_0049,FRED,RETRIEVAL_CALCULATION,8K,SUCCESS,8373,8,0.5978384185582399,8016709120,23746052096,True,False,False,usable_answer_line
FRED_0050_16K,FRED_0050,FRED,RETRIEVAL_CALCULATION,16K,SUCCESS,16402,8,1.2098996927961707,9533869568,23746052096,True,False,False,usable_answer_line
FRED_0050_32K,FRED_0050,FRED,RETRIEVAL_CALCULATION,32K,SUCCESS,32619,8,2.8258748231455684,12598921728,23746052096,True,False,False,usable_answer_line
FRED_0050_4K,FRED_0050,FRED,RETRIEVAL_CALCULATION,4K,SUCCESS,4307,8,0.31297001149505377,7250610176,23746052096,True,False,False,usable_answer_line
FRED_0050_64K,FRED_0050,FRED,RETRIEVAL_CALCULATION,64K,SUCCESS,65018,8,7.7945853834971786,18720347648,23746052096,True,False,False,usable_answer_line
FRED_0050_82K,FRED_0050,FRED,RETRIEVAL_CALCULATION,82K,SUCCESS,81755,8,11.258173911832273,21883578880,23746052096,True,False,False,usable_answer_line
FRED_0050_8K,FRED_0050,FRED,RETRIEVAL_CALCULATION,8K,SUCCESS,8370,8,0.5972112147137523,8016141824,23746052096,True,False,False,usable_answer_line
FRED_0051_16K,FRED_0051,FRED,RETRIEVAL_CALCULATION,16K,SUCCESS,16434,8,1.209289320744574,9539915264,21569208320,True,False,False,usable_answer_line
FRED_0051_32K,FRED_0051,FRED,RETRIEVAL_CALCULATION,32K,SUCCESS,32642,8,2.8323434833437204,12602580480,23746052096,True,False,False,usable_answer_line
FRED_0051_4K,FRED_0051,FRED,RETRIEVAL_CALCULATION,4K,SUCCESS,4298,8,0.30924894008785486,7249352192,23746052096,True,False,False,usable_answer_line
FRED_0051_64K,FRED_0051,FRED,RETRIEVAL_CALCULATION,64K,SUCCESS,65018,8,7.793768844567239,18720347648,23746052096,True,False,False,usable_answer_line
FRED_0051_82K,FRED_0051,FRED,RETRIEVAL_CALCULATION,82K,SUCCESS,81749,8,11.250288169831038,21882543616,23746052096,True,False,False,usable_answer_line
FRED_0051_8K,FRED_0051,FRED,RETRIEVAL_CALCULATION,8K,SUCCESS,8330,8,0.5904285684227943,8008584704,23746052096,True,False,False,usable_answer_line
FRED_0052_16K,FRED_0052,FRED,RETRIEVAL_CALCULATION,16K,SUCCESS,16415,8,1.2080323286354542,9536326144,23746052096,True,False,False,usable_answer_line
FRED_0052_32K,FRED_0052,FRED,RETRIEVAL_CALCULATION,32K,SUCCESS,32580,8,2.8231658153235912,12590864896,23746052096,True,False,False,usable_answer_line
FRED_0052_4K,FRED_0052,FRED,RETRIEVAL_CALCULATION,4K,SUCCESS,4302,8,0.31584311462938786,7249911296,23746052096,True,False,False,usable_answer_line
FRED_0052_64K,FRED_0052,FRED,RETRIEVAL_CALCULATION,64K,SUCCESS,64978,8,7.795439596287906,18712790528,23746052096,True,False,False,usable_answer_line
FRED_0052_82K,FRED_0052,FRED,RETRIEVAL_CALCULATION,82K,SUCCESS,81776,8,11.242268913425505,21887201792,23746052096,True,False,False,usable_answer_line
FRED_0052_8K,FRED_0052,FRED,RETRIEVAL_CALCULATION,8K,SUCCESS,8371,8,0.6017070654779673,8016331264,23746052096,True,False,False,usable_answer_line
FRED_0053_16K,FRED_0053,FRED,RETRIEVAL_CALCULATION,16K,SUCCESS,16462,8,1.2123177722096443,9546026496,23746052096,True,False,False,usable_answer_line
FRED_0053_32K,FRED_0053,FRED,RETRIEVAL_CALCULATION,32K,SUCCESS,32652,8,2.83263873308897,12604469760,23746052096,True,False,False,usable_answer_line
FRED_0053_4K,FRED_0053,FRED,RETRIEVAL_CALCULATION,4K,SUCCESS,4311,8,0.3125974899157882,7251169280,23746052096,True,False,False,usable_answer_line
FRED_0053_64K,FRED_0053,FRED,RETRIEVAL_CALCULATION,64K,SUCCESS,65006,8,7.782681136392057,18718080512,23746052096,True,False,False,usable_answer_line
FRED_0053_82K,FRED_0053,FRED,RETRIEVAL_CALCULATION,82K,SUCCESS,81772,8,11.239202227443457,21886511616,23746052096,True,False,False,usable_answer_line
FRED_0053_8K,FRED_0053,FRED,RETRIEVAL_CALCULATION,8K,SUCCESS,8350,8,0.5974139291793108,8012363264,23746052096,True,False,False,usable_answer_line
FRED_0054_16K,FRED_0054,FRED,RETRIEVAL_CALCULATION,16K,SUCCESS,16480,8,1.2098596403375268,9549132288,23746052096,True,False,False,usable_answer_line
FRED_0054_32K,FRED_0054,FRED,RETRIEVAL_CALCULATION,32K,SUCCESS,32667,8,2.829735848121345,12607304192,23746052096,True,False,False,usable_answer_line
FRED_0054_4K,FRED_0054,FRED,RETRIEVAL_CALCULATION,4K,SUCCESS,4293,8,0.3217888195067644,7247447040,23746052096,True,False,False,usable_answer_line
FRED_0054_64K,FRED_0054,FRED,RETRIEVAL_CALCULATION,64K,SUCCESS,65022,8,7.787214916199446,18721103360,23746052096,True,False,False,usable_answer_line
FRED_0054_82K,FRED_0054,FRED,RETRIEVAL_CALCULATION,82K,SUCCESS,81788,8,11.237592688761652,21889272320,23746052096,True,False,False,usable_answer_line
FRED_0054_8K,FRED_0054,FRED,RETRIEVAL_CALCULATION,8K,SUCCESS,8328,8,0.5966912750154734,8008206848,23746052096,True,False,False,usable_answer_line
FRED_0055_16K,FRED_0055,FRED,RETRIEVAL_CALCULATION,16K,SUCCESS,16476,8,1.213516072370112,9548442112,23746052096,True,False,False,usable_answer_line
FRED_0055_32K,FRED_0055,FRED,RETRIEVAL_CALCULATION,32K,SUCCESS,32620,8,2.8244680063799024,12599077376,23746052096,True,False,False,usable_answer_line
FRED_0055_4K,FRED_0055,FRED,RETRIEVAL_CALCULATION,4K,SUCCESS,4275,8,0.3123298464342952,7244081152,23746052096,True,False,False,usable_answer_line
FRED_0055_64K,FRED_0055,FRED,RETRIEVAL_CALCULATION,64K,SUCCESS,64973,8,7.7958257189020514,18711846400,23746052096,True,False,False,usable_answer_line
FRED_0055_82K,FRED_0055,FRED,RETRIEVAL_CALCULATION,82K,SUCCESS,81791,8,11.25776517111808,21889790464,23746052096,True,False,False,usable_answer_line
FRED_0055_8K,FRED_0055,FRED,RETRIEVAL_CALCULATION,8K,SUCCESS,8373,8,0.5970068108290434,8016709120,23746052096,True,False,False,usable_answer_line
FRED_0056_16K,FRED_0056,FRED,RETRIEVAL_CALCULATION,16K,SUCCESS,16464,8,1.2091646324843168,9546371584,23746052096,True,False,False,usable_answer_line
FRED_0056_32K,FRED_0056,FRED,RETRIEVAL_CALCULATION,32K,SUCCESS,32658,8,2.8311158353462815,12605603328,23746052096,True,False,False,usable_answer_line
FRED_0056_4K,FRED_0056,FRED,RETRIEVAL_CALCULATION,4K,SUCCESS,4319,8,0.31630334723740816,7252305920,23746052096,True,False,False,usable_answer_line
FRED_0056_64K,FRED_0056,FRED,RETRIEVAL_CALCULATION,64K,SUCCESS,64996,8,7.676414336077869,18719173120,20631781376,True,False,False,usable_answer_line
FRED_0056_82K,FRED_0056,FRED,RETRIEVAL_CALCULATION,82K,SUCCESS,81789,8,11.249038395471871,21889445376,23746052096,True,False,False,usable_answer_line
FRED_0056_8K,FRED_0056,FRED,RETRIEVAL_CALCULATION,8K,SUCCESS,8347,8,0.597955415956676,8011796992,23746052096,True,False,False,usable_answer_line
FRED_0057_16K,FRED_0057,FRED,RETRIEVAL_CALCULATION,16K,SUCCESS,16484,8,1.2203644094988704,9549822464,23746052096,True,False,False,usable_answer_line
FRED_0057_32K,FRED_0057,FRED,RETRIEVAL_CALCULATION,32K,SUCCESS,32649,8,2.83109194599092,12603903488,23746052096,True,False,False,usable_answer_line
FRED_0057_4K,FRED_0057,FRED,RETRIEVAL_CALCULATION,4K,SUCCESS,4331,8,0.3105485951527953,7254548480,23746052096,True,False,False,usable_answer_line
FRED_0057_64K,FRED_0057,FRED,RETRIEVAL_CALCULATION,64K,SUCCESS,64969,8,7.790430411696434,18711090688,23746052096,True,False,False,usable_answer_line
FRED_0057_82K,FRED_0057,FRED,RETRIEVAL_CALCULATION,82K,SUCCESS,81770,8,11.248230908997357,21886166528,23746052096,True,False,False,usable_answer_line
FRED_0057_8K,FRED_0057,FRED,RETRIEVAL_CALCULATION,8K,SUCCESS,8378,8,0.5967823248356581,8017653248,23746052096,True,False,False,usable_answer_line
FRED_0058_16K,FRED_0058,FRED,RETRIEVAL_CALCULATION,16K,SUCCESS,16417,8,1.2097934810444713,9536704000,23746052096,True,False,False,usable_answer_line
FRED_0058_32K,FRED_0058,FRED,RETRIEVAL_CALCULATION,32K,SUCCESS,32653,8,2.8356443382799625,12604659200,23746052096,True,False,False,usable_answer_line
FRED_0058_4K,FRED_0058,FRED,RETRIEVAL_CALCULATION,4K,SUCCESS,4282,8,0.3134322604164481,7245389312,23746052096,True,False,False,usable_answer_line
FRED_0058_64K,FRED_0058,FRED,RETRIEVAL_CALCULATION,64K,SUCCESS,64965,8,7.797465560957789,18710334976,23746052096,True,False,False,usable_answer_line
FRED_0058_82K,FRED_0058,FRED,RETRIEVAL_CALCULATION,82K,SUCCESS,81762,8,11.232130633667111,21884786176,23746052096,True,False,False,usable_answer_line
FRED_0058_8K,FRED_0058,FRED,RETRIEVAL_CALCULATION,8K,SUCCESS,8376,8,0.5805293349549174,8017275392,23746052096,True,False,False,usable_answer_line
FRED_0059_16K,FRED_0059,FRED,RETRIEVAL_CALCULATION,16K,SUCCESS,16429,8,1.2094984166324139,9538971136,23746052096,True,False,False,usable_answer_line
FRED_0059_32K,FRED_0059,FRED,RETRIEVAL_CALCULATION,32K,SUCCESS,32665,8,2.830069936811924,12606926336,23746052096,True,False,False,usable_answer_line
FRED_0059_4K,FRED_0059,FRED,RETRIEVAL_CALCULATION,4K,SUCCESS,4336,8,0.3149228459224105,7255482880,23746052096,True,False,False,usable_answer_line
FRED_0059_64K,FRED_0059,FRED,RETRIEVAL_CALCULATION,64K,SUCCESS,65033,8,7.813965509645641,18723184128,23746052096,True,False,False,usable_answer_line
FRED_0059_82K,FRED_0059,FRED,RETRIEVAL_CALCULATION,82K,SUCCESS,81768,8,11.230748118832707,21885821440,23746052096,True,False,False,usable_answer_line
FRED_0059_8K,FRED_0059,FRED,RETRIEVAL_CALCULATION,8K,SUCCESS,8350,8,0.5942813772708178,8012363264,23746052096,True,False,False,usable_answer_line
FRED_0060_16K,FRED_0060,FRED,RETRIEVAL_CALCULATION,16K,SUCCESS,16471,8,1.2125817006453872,9547579904,23746052096,True,False,False,usable_answer_line
FRED_0060_32K,FRED_0060,FRED,RETRIEVAL_CALCULATION,32K,SUCCESS,32609,8,2.824588345363736,12597360128,23746052096,True,False,False,usable_answer_line
FRED_0060_4K,FRED_0060,FRED,RETRIEVAL_CALCULATION,4K,SUCCESS,4327,8,0.31485442630946636,7253800960,23746052096,True,False,False,usable_answer_line
FRED_0060_64K,FRED_0060,FRED,RETRIEVAL_CALCULATION,64K,SUCCESS,65029,8,7.8163742469623685,18722428416,23746052096,True,False,False,usable_answer_line
FRED_0060_82K,FRED_0060,FRED,RETRIEVAL_CALCULATION,82K,SUCCESS,81713,8,11.253491031937301,21875035648,23746052096,True,False,False,usable_answer_line
FRED_0060_8K,FRED_0060,FRED,RETRIEVAL_CALCULATION,8K,SUCCESS,8366,8,0.5910308724269271,8015386112,23746052096,True,False,False,usable_answer_line
FRED_0061_16K,FRED_0061,FRED,RETRIEVAL_CALCULATION,16K,SUCCESS,16483,8,1.213199402205646,9549650432,23746052096,True,False,False,usable_answer_line
FRED_0061_32K,FRED_0061,FRED,RETRIEVAL_CALCULATION,32K,SUCCESS,32670,8,2.832227732054889,12607870464,23746052096,True,False,False,usable_answer_line
FRED_0061_4K,FRED_0061,FRED,RETRIEVAL_CALCULATION,4K,SUCCESS,4346,8,0.32143257185816765,7257351680,23746052096,True,False,False,usable_answer_line
FRED_0061_64K,FRED_0061,FRED,RETRIEVAL_CALCULATION,64K,SUCCESS,65033,8,7.818598943762481,18723184128,23746052096,True,False,False,usable_answer_line
FRED_0061_82K,FRED_0061,FRED,RETRIEVAL_CALCULATION,82K,SUCCESS,81775,8,11.264576942659914,21887029760,23746052096,True,False,False,usable_answer_line
FRED_0061_8K,FRED_0061,FRED,RETRIEVAL_CALCULATION,8K,SUCCESS,8328,8,0.5969763211905956,8008206848,23746052096,True,False,False,usable_answer_line
FRED_0062_16K,FRED_0062,FRED,RETRIEVAL_CALCULATION,16K,SUCCESS,16484,8,1.2123559406027198,9549822464,23746052096,True,False,False,usable_answer_line
FRED_0062_32K,FRED_0062,FRED,RETRIEVAL_CALCULATION,32K,SUCCESS,32632,8,2.8229259913787246,12600951296,23746052096,True,False,False,usable_answer_line
FRED_0062_4K,FRED_0062,FRED,RETRIEVAL_CALCULATION,4K,SUCCESS,4282,8,0.3025557929649949,7245389312,23746052096,True,False,False,usable_answer_line
FRED_0062_64K,FRED_0062,FRED,RETRIEVAL_CALCULATION,64K,SUCCESS,65007,8,7.796530805528164,18718269952,23746052096,True,False,False,usable_answer_line
FRED_0062_82K,FRED_0062,FRED,RETRIEVAL_CALCULATION,82K,SUCCESS,81787,8,11.258854143321514,21889100288,23746052096,True,False,False,usable_answer_line
FRED_0062_8K,FRED_0062,FRED,RETRIEVAL_CALCULATION,8K,SUCCESS,8394,8,0.5900184940546751,8020678144,23746052096,True,False,False,usable_answer_line
FRED_0063_16K,FRED_0063,FRED,RETRIEVAL_CALCULATION,16K,SUCCESS,16414,10,1.2375800414010882,9536136704,23746052096,True,False,False,usable_answer_line
FRED_0063_32K,FRED_0063,FRED,RETRIEVAL_CALCULATION,32K,SUCCESS,32611,8,2.8225535759702325,12597672448,23746052096,True,False,False,usable_answer_line
FRED_0063_4K,FRED_0063,FRED,RETRIEVAL_CALCULATION,4K,SUCCESS,4288,8,0.30719630513340235,7246510592,23746052096,True,False,False,usable_answer_line
FRED_0063_64K,FRED_0063,FRED,RETRIEVAL_CALCULATION,64K,SUCCESS,65009,8,7.793181974440813,18718647808,23746052096,True,False,False,usable_answer_line
FRED_0063_82K,FRED_0063,FRED,RETRIEVAL_CALCULATION,82K,SUCCESS,81732,8,11.235725655220449,21879609856,23746052096,True,False,False,usable_answer_line
FRED_0063_8K,FRED_0063,FRED,RETRIEVAL_CALCULATION,8K,SUCCESS,8317,8,0.5918249562382698,8006127104,23746052096,True,False,False,usable_answer_line
FRED_0064_16K,FRED_0064,FRED,RETRIEVAL_CALCULATION,16K,SUCCESS,16423,8,1.2215097909793258,9537837568,23746052096,True,False,False,usable_answer_line
FRED_0064_32K,FRED_0064,FRED,RETRIEVAL_CALCULATION,32K,SUCCESS,32574,8,2.818869207985699,12589729280,23746052096,True,False,False,usable_answer_line
FRED_0064_4K,FRED_0064,FRED,RETRIEVAL_CALCULATION,4K,SUCCESS,4256,8,0.311579710803926,7240858112,23746052096,True,False,False,usable_answer_line
FRED_0064_64K,FRED_0064,FRED,RETRIEVAL_CALCULATION,64K,SUCCESS,64960,8,7.788629833608866,18709387776,23746052096,True,False,False,usable_answer_line
FRED_0064_82K,FRED_0064,FRED,RETRIEVAL_CALCULATION,82K,SUCCESS,81735,8,11.267577103339136,21880128000,23746052096,True,False,False,usable_answer_line
FRED_0064_8K,FRED_0064,FRED,RETRIEVAL_CALCULATION,8K,SUCCESS,8298,8,0.5941577609628439,8002536960,23746052096,True,False,False,usable_answer_line
FRED_0065_16K,FRED_0065,FRED,RETRIEVAL_CALCULATION,16K,SUCCESS,16435,8,1.2065812898799777,9540104704,23746052096,True,False,False,usable_answer_line
FRED_0065_32K,FRED_0065,FRED,RETRIEVAL_CALCULATION,32K,SUCCESS,32657,8,2.832496798597276,12605414912,23746052096,True,False,False,usable_answer_line
FRED_0065_4K,FRED_0065,FRED,RETRIEVAL_CALCULATION,4K,SUCCESS,4279,8,0.3102562641724944,7244828672,23746052096,True,False,False,usable_answer_line
FRED_0065_64K,FRED_0065,FRED,RETRIEVAL_CALCULATION,64K,SUCCESS,64981,8,7.793495730496943,18713357824,23746052096,True,False,False,usable_answer_line
FRED_0065_82K,FRED_0065,FRED,RETRIEVAL_CALCULATION,82K,SUCCESS,81787,8,11.258307287469506,21889100288,23746052096,True,False,False,usable_answer_line
FRED_0065_8K,FRED_0065,FRED,RETRIEVAL_CALCULATION,8K,SUCCESS,8330,8,0.5971903530880809,8008584704,23746052096,True,False,False,usable_answer_line
FRED_0066_16K,FRED_0066,FRED,RETRIEVAL_CALCULATION,16K,SUCCESS,16403,8,1.2086603939533234,9534059008,23746052096,True,False,False,usable_answer_line
FRED_0066_32K,FRED_0066,FRED,RETRIEVAL_CALCULATION,32K,SUCCESS,32578,8,2.8226531660184264,12590487040,23746052096,True,False,False,usable_answer_line
FRED_0066_4K,FRED_0066,FRED,RETRIEVAL_CALCULATION,4K,SUCCESS,4316,8,0.3115542670711875,7251868160,23746052096,True,False,False,usable_answer_line
FRED_0066_64K,FRED_0066,FRED,RETRIEVAL_CALCULATION,64K,SUCCESS,65014,8,7.79503567609936,18719591936,23746052096,True,False,False,usable_answer_line
FRED_0066_82K,FRED_0066,FRED,RETRIEVAL_CALCULATION,82K,SUCCESS,81786,8,11.242630250751972,21888927232,23746052096,True,False,False,usable_answer_line
FRED_0066_8K,FRED_0066,FRED,RETRIEVAL_CALCULATION,8K,SUCCESS,8354,8,0.5972635522484779,8013118976,23746052096,True,False,False,usable_answer_line
FRED_0067_16K,FRED_0067,FRED,RETRIEVAL_CALCULATION,16K,SUCCESS,16408,8,1.2043087724596262,9535003136,22628270080,True,False,False,usable_answer_line
FRED_0067_32K,FRED_0067,FRED,RETRIEVAL_CALCULATION,32K,SUCCESS,32590,8,2.8292373847216368,12592754176,23746052096,True,False,False,usable_answer_line
FRED_0067_4K,FRED_0067,FRED,RETRIEVAL_CALCULATION,4K,SUCCESS,4312,8,0.31496297288686037,7251309056,23746052096,True,False,False,usable_answer_line
FRED_0067_64K,FRED_0067,FRED,RETRIEVAL_CALCULATION,64K,SUCCESS,65012,8,7.792279205285013,18719214080,23746052096,True,False,False,usable_answer_line
FRED_0067_82K,FRED_0067,FRED,RETRIEVAL_CALCULATION,82K,SUCCESS,81739,8,11.254459043033421,21880818176,23746052096,True,False,False,usable_answer_line
FRED_0067_8K,FRED_0067,FRED,RETRIEVAL_CALCULATION,8K,SUCCESS,8319,8,0.5948152877390385,8006504960,23746052096,True,False,False,usable_answer_line
FRED_0068_16K,FRED_0068,FRED,RETRIEVAL_CALCULATION,16K,SUCCESS,16411,8,1.2091070748865604,9535570432,23746052096,True,False,False,usable_answer_line
FRED_0068_32K,FRED_0068,FRED,RETRIEVAL_CALCULATION,32K,SUCCESS,32612,8,2.8249193830415606,12597828096,23746052096,True,False,False,usable_answer_line
FRED_0068_4K,FRED_0068,FRED,RETRIEVAL_CALCULATION,4K,SUCCESS,4282,8,0.3141077486798167,7245389312,22628270080,True,False,False,usable_answer_line
FRED_0068_64K,FRED_0068,FRED,RETRIEVAL_CALCULATION,64K,SUCCESS,64927,8,7.785802292637527,18703153664,23746052096,True,False,False,usable_answer_line
FRED_0068_82K,FRED_0068,FRED,RETRIEVAL_CALCULATION,82K,SUCCESS,81771,8,11.263497222214937,21886339584,23746052096,True,False,False,usable_answer_line
FRED_0068_8K,FRED_0068,FRED,RETRIEVAL_CALCULATION,8K,SUCCESS,8307,8,0.5899745710194111,8004237824,23746052096,True,False,False,usable_answer_line
FRED_0069_16K,FRED_0069,FRED,RETRIEVAL_CALCULATION,16K,SUCCESS,16438,8,1.2120215147733688,9540670976,23746052096,True,False,False,usable_answer_line
FRED_0069_32K,FRED_0069,FRED,RETRIEVAL_CALCULATION,32K,SUCCESS,32615,8,2.822564563713968,12598297088,23746052096,True,False,False,usable_answer_line
FRED_0069_4K,FRED_0069,FRED,RETRIEVAL_CALCULATION,4K,SUCCESS,4278,8,0.3024144321680069,7244641792,23746052096,True,False,False,usable_answer_line
FRED_0069_64K,FRED_0069,FRED,RETRIEVAL_CALCULATION,64K,SUCCESS,65009,8,7.791256412863731,18718647808,23746052096,True,False,False,usable_answer_line
FRED_0069_82K,FRED_0069,FRED,RETRIEVAL_CALCULATION,82K,SUCCESS,81753,8,11.247857852838933,21883233792,23746052096,True,False,False,usable_answer_line
FRED_0069_8K,FRED_0069,FRED,RETRIEVAL_CALCULATION,8K,SUCCESS,8370,8,0.5941840903833508,8016141824,23746052096,True,False,False,usable_answer_line
FRED_0070_16K,FRED_0070,FRED,RETRIEVAL_CALCULATION,16K,SUCCESS,16444,8,1.2067484697327018,9541804544,23746052096,True,False,False,usable_answer_line
FRED_0070_32K,FRED_0070,FRED,RETRIEVAL_CALCULATION,32K,SUCCESS,32624,8,2.828489925712347,12599702016,23746052096,True,False,False,usable_answer_line
FRED_0070_4K,FRED_0070,FRED,RETRIEVAL_CALCULATION,4K,SUCCESS,4290,8,0.31146793998777866,7246886400,23746052096,True,False,False,usable_answer_line
FRED_0070_64K,FRED_0070,FRED,RETRIEVAL_CALCULATION,64K,SUCCESS,64997,8,7.793442016467452,18716380672,23746052096,True,False,False,usable_answer_line
FRED_0070_82K,FRED_0070,FRED,RETRIEVAL_CALCULATION,82K,SUCCESS,81731,8,11.259181008674204,21879437824,23746052096,True,False,False,usable_answer_line
FRED_0070_8K,FRED_0070,FRED,RETRIEVAL_CALCULATION,8K,SUCCESS,8381,8,0.5941668385639787,8018220544,23746052096,True,False,False,usable_answer_line
FRED_0071_16K,FRED_0071,FRED,RETRIEVAL_CALCULATION,16K,SUCCESS,16461,8,1.2113427957519889,9545854464,23746052096,True,False,False,usable_answer_line
FRED_0071_32K,FRED_0071,FRED,RETRIEVAL_CALCULATION,32K,SUCCESS,32612,8,2.82265080884099,12597828096,23746052096,True,False,False,usable_answer_line
FRED_0071_4K,FRED_0071,FRED,RETRIEVAL_CALCULATION,4K,SUCCESS,4265,8,0.31092272233217955,7242212352,23746052096,True,False,False,usable_answer_line
FRED_0071_64K,FRED_0071,FRED,RETRIEVAL_CALCULATION,64K,SUCCESS,65011,8,7.802466371096671,18719025664,23746052096,True,False,False,usable_answer_line
FRED_0071_82K,FRED_0071,FRED,RETRIEVAL_CALCULATION,82K,SUCCESS,81748,8,11.245409357361495,21882370560,23746052096,True,False,False,usable_answer_line
FRED_0071_8K,FRED_0071,FRED,RETRIEVAL_CALCULATION,8K,SUCCESS,8379,8,0.5978786731138825,8017842688,23746052096,True,False,False,usable_answer_line
FRED_0072_16K,FRED_0072,FRED,RETRIEVAL_CALCULATION,16K,SUCCESS,16409,8,1.1957780178636312,9535192576,23746052096,True,False,False,usable_answer_line
FRED_0072_32K,FRED_0072,FRED,RETRIEVAL_CALCULATION,32K,SUCCESS,32626,8,2.8236511843279004,12600014336,23746052096,True,False,False,usable_answer_line
FRED_0072_4K,FRED_0072,FRED,RETRIEVAL_CALCULATION,4K,SUCCESS,4308,8,0.3120026784017682,7250749952,23746052096,True,False,False,usable_answer_line
FRED_0072_64K,FRED_0072,FRED,RETRIEVAL_CALCULATION,64K,SUCCESS,64973,8,7.784954725764692,18711846400,23746052096,True,False,False,usable_answer_line
FRED_0072_82K,FRED_0072,FRED,RETRIEVAL_CALCULATION,82K,SUCCESS,81795,8,11.274272978305817,21890531840,23746052096,True,False,False,usable_answer_line
FRED_0072_8K,FRED_0072,FRED,RETRIEVAL_CALCULATION,8K,SUCCESS,8345,8,0.5976651087403297,8011419136,23746052096,True,False,False,usable_answer_line
FRED_0073_16K,FRED_0073,FRED,RETRIEVAL_CALCULATION,16K,SUCCESS,16444,10,1.2419630205258727,9541804544,23746052096,True,False,False,usable_answer_line
FRED_0073_32K,FRED_0073,FRED,RETRIEVAL_CALCULATION,32K,SUCCESS,32612,8,2.8205387284979224,12597828096,23746052096,True,False,False,usable_answer_line
FRED_0073_4K,FRED_0073,FRED,RETRIEVAL_CALCULATION,4K,SUCCESS,4312,10,0.3312514815479517,7251309056,23746052096,True,False,False,usable_answer_line
FRED_0073_64K,FRED_0073,FRED,RETRIEVAL_CALCULATION,64K,SUCCESS,64964,8,7.8000702522695065,18710145536,23746052096,True,False,False,usable_answer_line
FRED_0073_82K,FRED_0073,FRED,RETRIEVAL_CALCULATION,82K,SUCCESS,81741,8,11.26555450167507,21881163264,23746052096,True,False,False,usable_answer_line
FRED_0073_8K,FRED_0073,FRED,RETRIEVAL_CALCULATION,8K,SUCCESS,8352,10,0.617919503711164,8012741120,23746052096,True,False,False,usable_answer_line
FRED_0074_16K,FRED_0074,FRED,TEMPORAL_VERSION,16K,SUCCESS,16409,8,1.2093719691038132,9535192576,23746052096,True,False,False,usable_answer_line
FRED_0074_32K,FRED_0074,FRED,TEMPORAL_VERSION,32K,SUCCESS,32655,8,2.8339887354522943,12605037056,23746052096,True,False,False,usable_answer_line
FRED_0074_4K,FRED_0074,FRED,TEMPORAL_VERSION,4K,SUCCESS,4290,8,0.3139431234449148,7246886400,23746052096,True,False,False,usable_answer_line
FRED_0074_64K,FRED_0074,FRED,TEMPORAL_VERSION,64K,SUCCESS,65045,8,7.807536038570106,18725451264,23746052096,True,False,False,usable_answer_line
FRED_0074_82K,FRED_0074,FRED,TEMPORAL_VERSION,82K,SUCCESS,81746,8,11.253422593697906,21882025472,23746052096,True,False,False,usable_answer_line
FRED_0074_8K,FRED_0074,FRED,TEMPORAL_VERSION,8K,SUCCESS,8353,8,0.6010126676410437,8012930560,23746052096,True,False,False,usable_answer_line
FRED_0075_16K,FRED_0075,FRED,TEMPORAL_VERSION,16K,SUCCESS,16431,7,1.1913117356598377,9539348992,23746052096,True,False,False,usable_answer_line
FRED_0075_32K,FRED_0075,FRED,TEMPORAL_VERSION,32K,SUCCESS,32573,7,2.7969990707933903,12589540864,23746052096,True,False,False,usable_answer_line
FRED_0075_4K,FRED_0075,FRED,TEMPORAL_VERSION,4K,SUCCESS,4233,7,0.30566386599093676,7236232192,23746052096,True,False,False,usable_answer_line
FRED_0075_64K,FRED_0075,FRED,TEMPORAL_VERSION,64K,SUCCESS,64948,7,7.743374314159155,18707120640,23746052096,True,False,False,usable_answer_line
FRED_0075_82K,FRED_0075,FRED,TEMPORAL_VERSION,82K,SUCCESS,81800,7,11.217804642394185,21891475968,23746052096,True,False,False,usable_answer_line
FRED_0075_8K,FRED_0075,FRED,TEMPORAL_VERSION,8K,SUCCESS,8284,9,0.6073869653046131,7999891968,23746052096,True,False,False,usable_answer_line
FRED_0076_16K,FRED_0076,FRED,TEMPORAL_VERSION,16K,SUCCESS,16422,7,1.190940042026341,9537648128,23746052096,True,False,False,usable_answer_line
FRED_0076_32K,FRED_0076,FRED,TEMPORAL_VERSION,32K,SUCCESS,32552,9,2.840654566884041,12585572864,23746052096,True,False,False,usable_answer_line
FRED_0076_4K,FRED_0076,FRED,TEMPORAL_VERSION,4K,SUCCESS,4238,7,0.2984627019613981,7237166592,23746052096,True,False,False,usable_answer_line
FRED_0076_64K,FRED_0076,FRED,TEMPORAL_VERSION,64K,SUCCESS,64967,7,7.757797219790518,18710712832,23746052096,True,False,False,usable_answer_line
FRED_0076_82K,FRED_0076,FRED,TEMPORAL_VERSION,82K,SUCCESS,81764,9,11.29023386258632,21885131264,23746052096,True,False,False,usable_answer_line
FRED_0076_8K,FRED_0076,FRED,TEMPORAL_VERSION,8K,SUCCESS,8334,7,0.5832832660526037,8009340416,23746052096,True,False,False,usable_answer_line
FRED_0077_16K,FRED_0077,FRED,TEMPORAL_VERSION,16K,SUCCESS,16463,8,1.2141759935766459,9546199552,23746052096,True,False,False,usable_answer_line
FRED_0077_32K,FRED_0077,FRED,TEMPORAL_VERSION,32K,SUCCESS,32661,8,2.833460451103747,12606170624,23746052096,True,False,False,usable_answer_line
FRED_0077_4K,FRED_0077,FRED,TEMPORAL_VERSION,4K,SUCCESS,4317,8,0.31357339303940535,7252007936,23746052096,True,False,False,usable_answer_line
FRED_0077_64K,FRED_0077,FRED,TEMPORAL_VERSION,64K,SUCCESS,65042,8,7.8132115649059415,18724883968,23746052096,True,False,False,usable_answer_line
FRED_0077_82K,FRED_0077,FRED,TEMPORAL_VERSION,82K,SUCCESS,81746,8,11.255290168337524,21882025472,23746052096,True,False,False,usable_answer_line
FRED_0077_8K,FRED_0077,FRED,TEMPORAL_VERSION,8K,SUCCESS,8318,8,0.5918093826621771,8006315520,23746052096,True,False,False,usable_answer_line
FRED_0078_16K,FRED_0078,FRED,TEMPORAL_VERSION,16K,SUCCESS,16431,7,1.1943345246836543,9539348992,23746052096,True,False,False,usable_answer_line
FRED_0078_32K,FRED_0078,FRED,TEMPORAL_VERSION,32K,SUCCESS,32580,9,2.842694193124771,12590864896,23746052096,True,False,False,usable_answer_line
FRED_0078_4K,FRED_0078,FRED,TEMPORAL_VERSION,4K,SUCCESS,4283,7,0.2963384333997965,7245576192,23746052096,True,False,False,usable_answer_line
FRED_0078_64K,FRED_0078,FRED,TEMPORAL_VERSION,64K,SUCCESS,64957,9,7.8207212360575795,18708821504,23746052096,True,False,False,usable_answer_line
FRED_0078_82K,FRED_0078,FRED,TEMPORAL_VERSION,82K,SUCCESS,81773,7,11.206238752231002,21886684672,23746052096,True,False,False,usable_answer_line
FRED_0078_8K,FRED_0078,FRED,TEMPORAL_VERSION,8K,SUCCESS,8295,9,0.6077162129804492,8001970688,23746052096,True,False,False,usable_answer_line
FRED_0079_16K,FRED_0079,FRED,TEMPORAL_VERSION,16K,SUCCESS,16399,7,1.1902851276099682,9533303296,23746052096,True,False,False,usable_answer_line
FRED_0079_32K,FRED_0079,FRED,TEMPORAL_VERSION,32K,SUCCESS,32617,7,2.8036748794838786,12598609408,23746052096,True,False,False,usable_answer_line
FRED_0079_4K,FRED_0079,FRED,TEMPORAL_VERSION,4K,SUCCESS,4278,7,0.3039229977875948,7244641792,23746052096,True,False,False,usable_answer_line
FRED_0079_64K,FRED_0079,FRED,TEMPORAL_VERSION,64K,SUCCESS,64964,9,7.8285450134426355,18710145536,23746052096,True,False,False,usable_answer_line
FRED_0079_82K,FRED_0079,FRED,TEMPORAL_VERSION,82K,SUCCESS,81759,7,11.193969641812146,21884269056,23746052096,True,False,False,usable_answer_line
FRED_0079_8K,FRED_0079,FRED,TEMPORAL_VERSION,8K,SUCCESS,8283,7,0.5819157166406512,7999703552,23746052096,True,False,False,usable_answer_line
FRED_0080_16K,FRED_0080,FRED,TEMPORAL_VERSION,16K,SUCCESS,16391,8,1.2181599047034979,9531791872,23746052096,True,False,False,usable_answer_line
FRED_0080_32K,FRED_0080,FRED,TEMPORAL_VERSION,32K,SUCCESS,32601,8,2.8261776193976402,12594832896,23746052096,True,False,False,usable_answer_line
FRED_0080_4K,FRED_0080,FRED,TEMPORAL_VERSION,4K,SUCCESS,4246,8,0.31129604019224644,7239624192,23746052096,True,False,False,usable_answer_line
FRED_0080_64K,FRED_0080,FRED,TEMPORAL_VERSION,64K,SUCCESS,64962,8,7.809668227098882,18709767680,23746052096,True,False,False,usable_answer_line
FRED_0080_82K,FRED_0080,FRED,TEMPORAL_VERSION,82K,SUCCESS,81753,8,11.25395684223622,21883233792,23746052096,True,False,False,usable_answer_line
FRED_0080_8K,FRED_0080,FRED,TEMPORAL_VERSION,8K,SUCCESS,8334,8,0.5947081474587321,8009340416,23746052096,True,False,False,usable_answer_line
FRED_0081_16K,FRED_0081,FRED,TEMPORAL_VERSION,16K,SUCCESS,16405,7,1.1977225802838802,9534436864,23746052096,True,False,False,usable_answer_line
FRED_0081_32K,FRED_0081,FRED,TEMPORAL_VERSION,32K,SUCCESS,32606,7,2.800577411428094,12595777024,23746052096,True,False,False,usable_answer_line
FRED_0081_4K,FRED_0081,FRED,TEMPORAL_VERSION,4K,SUCCESS,4246,9,0.31490360852330923,7239624192,23746052096,True,False,False,usable_answer_line
FRED_0081_64K,FRED_0081,FRED,TEMPORAL_VERSION,64K,SUCCESS,64966,9,7.826566282659769,18710523392,23746052096,True,False,False,usable_answer_line
FRED_0081_82K,FRED_0081,FRED,TEMPORAL_VERSION,82K,SUCCESS,81768,7,11.186177208088338,21885821440,23746052096,True,False,False,usable_answer_line
FRED_0081_8K,FRED_0081,FRED,TEMPORAL_VERSION,8K,SUCCESS,8301,7,0.5770995384082198,8003104256,23746052096,True,False,False,usable_answer_line
FRED_0082_16K,FRED_0082,FRED,TEMPORAL_VERSION,16K,SUCCESS,16440,8,1.2067525014281273,9541048832,23746052096,True,False,False,usable_answer_line
FRED_0082_32K,FRED_0082,FRED,TEMPORAL_VERSION,32K,SUCCESS,32596,8,2.82502659317106,12593887744,23746052096,True,False,False,usable_answer_line
FRED_0082_4K,FRED_0082,FRED,TEMPORAL_VERSION,4K,SUCCESS,4304,8,0.30714897345751524,7250190848,23746052096,True,False,False,usable_answer_line
FRED_0082_64K,FRED_0082,FRED,TEMPORAL_VERSION,64K,SUCCESS,65041,8,7.8052869364619255,18724695552,23746052096,True,False,False,usable_answer_line
FRED_0082_82K,FRED_0082,FRED,TEMPORAL_VERSION,82K,SUCCESS,81728,8,11.253201344050467,21878917632,23746052096,True,False,False,usable_answer_line
FRED_0082_8K,FRED_0082,FRED,TEMPORAL_VERSION,8K,SUCCESS,8311,8,0.5943851554766297,8004993536,23746052096,True,False,False,usable_answer_line
FRED_0083_16K,FRED_0083,FRED,TEMPORAL_VERSION,16K,SUCCESS,16412,8,1.2058231187984347,9535758848,23746052096,True,False,False,usable_answer_line
FRED_0083_32K,FRED_0083,FRED,TEMPORAL_VERSION,32K,SUCCESS,32652,8,2.8319538524374366,12604469760,23746052096,True,False,False,usable_answer_line
FRED_0083_4K,FRED_0083,FRED,TEMPORAL_VERSION,4K,SUCCESS,4279,8,0.3058365099132061,7244828672,23746052096,True,False,False,usable_answer_line
FRED_0083_64K,FRED_0083,FRED,TEMPORAL_VERSION,64K,SUCCESS,64991,8,7.7900954987853765,18715247104,23746052096,True,False,False,usable_answer_line
FRED_0083_82K,FRED_0083,FRED,TEMPORAL_VERSION,82K,SUCCESS,81777,8,11.23750540241599,21887374848,23746052096,True,False,False,usable_answer_line
FRED_0083_8K,FRED_0083,FRED,TEMPORAL_VERSION,8K,SUCCESS,8366,8,0.5947306398302317,8015386112,23746052096,True,False,False,usable_answer_line
FRED_0084_16K,FRED_0084,FRED,TEMPORAL_VERSION,16K,SUCCESS,16425,7,1.1898202309384942,9538215424,23746052096,True,False,False,usable_answer_line
FRED_0084_32K,FRED_0084,FRED,TEMPORAL_VERSION,32K,SUCCESS,32554,7,2.796991776674986,12585950720,23746052096,True,False,False,usable_answer_line
FRED_0084_4K,FRED_0084,FRED,TEMPORAL_VERSION,4K,SUCCESS,4279,7,0.2916690558195114,7244828672,23746052096,True,False,False,usable_answer_line
FRED_0084_64K,FRED_0084,FRED,TEMPORAL_VERSION,64K,SUCCESS,64970,9,7.827550500631332,18711279104,23746052096,True,False,False,usable_answer_line
FRED_0084_82K,FRED_0084,FRED,TEMPORAL_VERSION,82K,SUCCESS,81744,7,11.206007406115532,21881680384,23746052096,True,False,False,usable_answer_line
FRED_0084_8K,FRED_0084,FRED,TEMPORAL_VERSION,8K,SUCCESS,8346,7,0.5832103295251727,8011607552,23746052096,True,False,False,usable_answer_line
FRED_0085_16K,FRED_0085,FRED,TEMPORAL_VERSION,16K,SUCCESS,16426,7,1.1914803367108107,9538403840,23746052096,True,False,False,usable_answer_line
FRED_0085_32K,FRED_0085,FRED,TEMPORAL_VERSION,32K,SUCCESS,32609,7,2.8011882230639458,12597360128,23746052096,True,False,False,usable_answer_line
FRED_0085_4K,FRED_0085,FRED,TEMPORAL_VERSION,4K,SUCCESS,4294,7,0.2978586619719863,7247633920,23746052096,True,False,False,usable_answer_line
FRED_0085_64K,FRED_0085,FRED,TEMPORAL_VERSION,64K,SUCCESS,64940,7,7.744870290160179,18705609216,23746052096,True,False,False,usable_answer_line
FRED_0085_82K,FRED_0085,FRED,TEMPORAL_VERSION,82K,SUCCESS,81778,9,11.287471478804946,21887546880,23746052096,True,False,False,usable_answer_line
FRED_0085_8K,FRED_0085,FRED,TEMPORAL_VERSION,8K,SUCCESS,8321,9,0.603016871958971,8006884864,23746052096,True,False,False,usable_answer_line
FRED_0086_16K,FRED_0086,FRED,TEMPORAL_VERSION,16K,SUCCESS,16382,7,1.1563679492101073,9530204672,23746052096,True,False,False,usable_answer_line
FRED_0086_32K,FRED_0086,FRED,TEMPORAL_VERSION,32K,SUCCESS,32603,7,2.8142675068229437,12595210752,23746052096,True,False,False,usable_answer_line
FRED_0086_4K,FRED_0086,FRED,TEMPORAL_VERSION,4K,SUCCESS,4292,7,0.30717288609594107,7247260160,23746052096,True,False,False,usable_answer_line
FRED_0086_64K,FRED_0086,FRED,TEMPORAL_VERSION,64K,SUCCESS,64952,7,7.737896136008203,18707876352,23746052096,True,False,False,usable_answer_line
FRED_0086_82K,FRED_0086,FRED,TEMPORAL_VERSION,82K,SUCCESS,81794,7,11.2136759608984,21890342400,23746052096,True,False,False,usable_answer_line
FRED_0086_8K,FRED_0086,FRED,TEMPORAL_VERSION,8K,SUCCESS,8339,7,0.5799884870648384,8010285568,23746052096,True,False,False,usable_answer_line
FRED_0087_16K,FRED_0087,FRED,TEMPORAL_VERSION,16K,SUCCESS,16460,8,1.1974650574848056,9545681408,23746052096,True,False,False,usable_answer_line
FRED_0087_32K,FRED_0087,FRED,TEMPORAL_VERSION,32K,SUCCESS,32617,8,2.820679308846593,12598609408,23746052096,True,False,False,usable_answer_line
FRED_0087_4K,FRED_0087,FRED,TEMPORAL_VERSION,4K,SUCCESS,4318,8,0.3182322634384036,7252147712,23746052096,True,False,False,usable_answer_line
FRED_0087_64K,FRED_0087,FRED,TEMPORAL_VERSION,64K,SUCCESS,65046,8,7.810045773163438,18725639680,23746052096,True,False,False,usable_answer_line
FRED_0087_82K,FRED_0087,FRED,TEMPORAL_VERSION,82K,SUCCESS,81707,8,11.235374891199172,21873902080,23746052096,True,False,False,usable_answer_line
FRED_0087_8K,FRED_0087,FRED,TEMPORAL_VERSION,8K,SUCCESS,8318,8,0.5833461955189705,8006315520,23746052096,True,False,False,usable_answer_line
FRED_0088_16K,FRED_0088,FRED,TEMPORAL_VERSION,16K,SUCCESS,16430,9,1.2254603868350387,9539159552,23746052096,True,False,False,usable_answer_line
FRED_0088_32K,FRED_0088,FRED,TEMPORAL_VERSION,32K,SUCCESS,32629,9,2.847158819437027,12600483328,23746052096,True,False,False,usable_answer_line
FRED_0088_4K,FRED_0088,FRED,TEMPORAL_VERSION,4K,SUCCESS,4273,9,0.32579104229807854,7243707392,23746052096,True,False,False,usable_answer_line
FRED_0088_64K,FRED_0088,FRED,TEMPORAL_VERSION,64K,SUCCESS,64954,9,7.81649827491492,18708254208,23746052096,True,False,False,usable_answer_line
FRED_0088_82K,FRED_0088,FRED,TEMPORAL_VERSION,82K,SUCCESS,81735,9,11.312275444157422,21880128000,23746052096,True,False,False,usable_answer_line
FRED_0088_8K,FRED_0088,FRED,TEMPORAL_VERSION,8K,SUCCESS,8304,9,0.6020931079983711,8003670528,23746052096,True,False,False,usable_answer_line
FRED_0089_16K,FRED_0089,FRED,TEMPORAL_VERSION,16K,SUCCESS,16460,8,1.2122128456830978,9545681408,23746052096,True,False,False,usable_answer_line
FRED_0089_32K,FRED_0089,FRED,TEMPORAL_VERSION,32K,SUCCESS,32632,8,2.826245211996138,12600951296,23746052096,True,False,False,usable_answer_line
FRED_0089_4K,FRED_0089,FRED,TEMPORAL_VERSION,4K,SUCCESS,4303,8,0.31093903724104166,7250051072,23746052096,True,False,False,usable_answer_line
FRED_0089_64K,FRED_0089,FRED,TEMPORAL_VERSION,64K,SUCCESS,65020,8,7.80190129391849,18720725504,23746052096,True,False,False,usable_answer_line
FRED_0089_82K,FRED_0089,FRED,TEMPORAL_VERSION,82K,SUCCESS,81750,8,11.247179299592972,21889596928,23725080576,True,False,False,usable_answer_line
FRED_0089_8K,FRED_0089,FRED,TEMPORAL_VERSION,8K,SUCCESS,8337,8,0.6001132279634476,8009907712,23746052096,True,False,False,usable_answer_line
FRED_0090_16K,FRED_0090,FRED,ENTITY_UNIT_BINDING,16K,SUCCESS,16421,9,1.2201439253985882,9537459712,23746052096,True,False,False,usable_answer_line
FRED_0090_32K,FRED_0090,FRED,ENTITY_UNIT_BINDING,32K,SUCCESS,32590,9,2.84512441419065,12592754176,23746052096,True,False,False,usable_answer_line
FRED_0090_4K,FRED_0090,FRED,ENTITY_UNIT_BINDING,4K,SUCCESS,4249,9,0.3221713248640299,7239994368,23746052096,True,False,False,usable_answer_line
FRED_0090_64K,FRED_0090,FRED,ENTITY_UNIT_BINDING,64K,SUCCESS,64975,9,7.816421516239643,18712224256,23746052096,True,False,False,usable_answer_line
FRED_0090_82K,FRED_0090,FRED,ENTITY_UNIT_BINDING,82K,SUCCESS,81730,9,11.281690987758338,21879264768,23746052096,True,False,False,usable_answer_line
FRED_0090_8K,FRED_0090,FRED,ENTITY_UNIT_BINDING,8K,SUCCESS,8327,9,0.6094385534524918,8008018432,23746052096,True,False,False,usable_answer_line
FRED_0091_16K,FRED_0091,FRED,ENTITY_UNIT_BINDING,16K,SUCCESS,16424,8,1.2093103425577283,9538025984,20484980736,True,False,False,usable_answer_line
FRED_0091_32K,FRED_0091,FRED,ENTITY_UNIT_BINDING,32K,SUCCESS,32552,8,2.821756568737328,12585572864,23746052096,True,False,False,usable_answer_line
FRED_0091_4K,FRED_0091,FRED,ENTITY_UNIT_BINDING,4K,SUCCESS,4269,8,0.315442007035017,7242959872,23746052096,True,False,False,usable_answer_line
FRED_0091_64K,FRED_0091,FRED,ENTITY_UNIT_BINDING,64K,SUCCESS,64968,8,7.781152101233602,18710901248,23746052096,True,False,False,usable_answer_line
FRED_0091_82K,FRED_0091,FRED,ENTITY_UNIT_BINDING,82K,SUCCESS,81730,8,11.235020057298243,21879264768,23746052096,True,False,False,usable_answer_line
FRED_0091_8K,FRED_0091,FRED,ENTITY_UNIT_BINDING,8K,SUCCESS,8291,8,0.5923787951469421,8001214976,23746052096,True,False,False,usable_answer_line
FRED_0092_16K,FRED_0092,FRED,ENTITY_UNIT_BINDING,16K,SUCCESS,16454,8,1.210886389017105,9544646144,23746052096,True,False,False,usable_answer_line
FRED_0092_32K,FRED_0092,FRED,ENTITY_UNIT_BINDING,32K,SUCCESS,32649,8,2.8302147034555674,12603903488,23746052096,True,False,False,usable_answer_line
FRED_0092_4K,FRED_0092,FRED,ENTITY_UNIT_BINDING,4K,SUCCESS,4291,8,0.3158070305362344,7247073280,23746052096,True,False,False,usable_answer_line
FRED_0092_64K,FRED_0092,FRED,ENTITY_UNIT_BINDING,64K,SUCCESS,65016,8,7.793750841170549,18719969792,23746052096,True,False,False,usable_answer_line
FRED_0092_82K,FRED_0092,FRED,ENTITY_UNIT_BINDING,82K,SUCCESS,81748,8,11.256954015232623,21882370560,23746052096,True,False,False,usable_answer_line
FRED_0092_8K,FRED_0092,FRED,ENTITY_UNIT_BINDING,8K,SUCCESS,8349,8,0.5952402725815773,8012174848,23746052096,True,False,False,usable_answer_line
FRED_0093_16K,FRED_0093,FRED,ENTITY_UNIT_BINDING,16K,SUCCESS,16371,8,1.1682000467553735,9528762880,23746052096,True,False,False,usable_answer_line
FRED_0093_32K,FRED_0093,FRED,ENTITY_UNIT_BINDING,32K,SUCCESS,32581,8,2.8228486450389028,12591054336,23746052096,True,False,False,usable_answer_line
FRED_0093_4K,FRED_0093,FRED,ENTITY_UNIT_BINDING,4K,SUCCESS,4230,8,0.3095664856955409,7235671552,23746052096,True,False,False,usable_answer_line
FRED_0093_64K,FRED_0093,FRED,ENTITY_UNIT_BINDING,64K,SUCCESS,64943,8,7.78653606493026,18706176512,23746052096,True,False,False,usable_answer_line
FRED_0093_82K,FRED_0093,FRED,ENTITY_UNIT_BINDING,82K,SUCCESS,81764,8,11.241767451167107,21885131264,23746052096,True,False,False,usable_answer_line
FRED_0093_8K,FRED_0093,FRED,ENTITY_UNIT_BINDING,8K,SUCCESS,8265,8,0.598122151568532,7996605952,23746052096,True,False,False,usable_answer_line
FRED_0094_16K,FRED_0094,FRED,ENTITY_UNIT_BINDING,16K,SUCCESS,16414,7,1.1908858474344015,9536136704,23746052096,True,False,False,usable_answer_line
FRED_0094_32K,FRED_0094,FRED,ENTITY_UNIT_BINDING,32K,SUCCESS,32604,7,2.8013728000223637,12595399168,23746052096,True,False,False,usable_answer_line
FRED_0094_4K,FRED_0094,FRED,ENTITY_UNIT_BINDING,4K,SUCCESS,4259,7,0.29942688532173634,7241228288,23746052096,True,False,False,usable_answer_line
FRED_0094_64K,FRED_0094,FRED,ENTITY_UNIT_BINDING,64K,SUCCESS,64964,7,7.758512265980244,18710145536,23746052096,True,False,False,usable_answer_line
FRED_0094_82K,FRED_0094,FRED,ENTITY_UNIT_BINDING,82K,SUCCESS,81795,7,11.228772091679275,21890531840,23746052096,True,False,False,usable_answer_line
FRED_0094_8K,FRED_0094,FRED,ENTITY_UNIT_BINDING,8K,SUCCESS,8324,7,0.5887455120682716,8007451136,23746052096,True,False,False,usable_answer_line
FRED_0095_16K,FRED_0095,FRED,ENTITY_UNIT_BINDING,16K,SUCCESS,16378,9,1.1868797382339835,9529680384,23746052096,True,False,False,usable_answer_line
FRED_0095_32K,FRED_0095,FRED,ENTITY_UNIT_BINDING,32K,SUCCESS,32589,9,2.848924597725272,12592565760,23746052096,True,False,False,usable_answer_line
FRED_0095_4K,FRED_0095,FRED,ENTITY_UNIT_BINDING,4K,SUCCESS,4258,9,0.3192591108381748,7241104896,23746052096,True,False,False,usable_answer_line
FRED_0095_64K,FRED_0095,FRED,ENTITY_UNIT_BINDING,64K,SUCCESS,64962,9,7.829913686029613,18709767680,23746052096,True,False,False,usable_answer_line
FRED_0095_82K,FRED_0095,FRED,ENTITY_UNIT_BINDING,82K,SUCCESS,81795,9,11.31384763494134,21890531840,23746052096,True,False,False,usable_answer_line
FRED_0095_8K,FRED_0095,FRED,ENTITY_UNIT_BINDING,8K,SUCCESS,8329,9,0.6065043630078435,8008396288,23746052096,True,False,False,usable_answer_line
FRED_0096_16K,FRED_0096,FRED,ENTITY_UNIT_BINDING,16K,SUCCESS,16423,8,1.2122122328728437,9537837568,23746052096,True,False,False,usable_answer_line
FRED_0096_32K,FRED_0096,FRED,ENTITY_UNIT_BINDING,32K,SUCCESS,32599,8,2.8265434615314007,12594455040,23746052096,True,False,False,usable_answer_line
FRED_0096_4K,FRED_0096,FRED,ENTITY_UNIT_BINDING,4K,SUCCESS,4250,8,0.3148491885513067,7240117760,23746052096,True,False,False,usable_answer_line
FRED_0096_64K,FRED_0096,FRED,ENTITY_UNIT_BINDING,64K,SUCCESS,64963,8,7.792191260494292,18709957120,23746052096,True,False,False,usable_answer_line
FRED_0096_82K,FRED_0096,FRED,ENTITY_UNIT_BINDING,82K,SUCCESS,81744,8,11.23241211194545,21881680384,23746052096,True,False,False,usable_answer_line
FRED_0096_8K,FRED_0096,FRED,ENTITY_UNIT_BINDING,8K,SUCCESS,8273,8,0.5868092151358724,7997920768,23746052096,True,False,False,usable_answer_line
FRED_0097_16K,FRED_0097,FRED,ENTITY_UNIT_BINDING,16K,SUCCESS,16374,9,1.1831471985206008,9529156096,23746052096,True,False,False,usable_answer_line
FRED_0097_32K,FRED_0097,FRED,ENTITY_UNIT_BINDING,32K,SUCCESS,32609,9,2.847510582767427,12597360128,23746052096,True,False,False,usable_answer_line
FRED_0097_4K,FRED_0097,FRED,ENTITY_UNIT_BINDING,4K,SUCCESS,4219,9,0.32793499901890755,7233613824,23746052096,True,False,False,usable_answer_line
FRED_0097_64K,FRED_0097,FRED,ENTITY_UNIT_BINDING,64K,SUCCESS,64954,9,7.811869957484305,18708254208,23746052096,True,False,False,usable_answer_line
FRED_0097_82K,FRED_0097,FRED,ENTITY_UNIT_BINDING,82K,SUCCESS,81723,9,11.271328803151846,21876924928,23746052096,True,False,False,usable_answer_line
FRED_0097_8K,FRED_0097,FRED,ENTITY_UNIT_BINDING,8K,SUCCESS,8331,9,0.6107805166393518,8008774144,23746052096,True,False,False,usable_answer_line
FRED_0098_16K,FRED_0098,FRED,ENTITY_UNIT_BINDING,16K,SUCCESS,16428,7,1.1928538177162409,9538781696,23746052096,True,False,False,usable_answer_line
FRED_0098_32K,FRED_0098,FRED,ENTITY_UNIT_BINDING,32K,SUCCESS,32578,9,2.8569008242338896,12590487040,23746052096,True,False,False,usable_answer_line
FRED_0098_4K,FRED_0098,FRED,ENTITY_UNIT_BINDING,4K,SUCCESS,4259,7,0.2963443137705326,7241228288,23746052096,True,False,False,usable_answer_line
FRED_0098_64K,FRED_0098,FRED,ENTITY_UNIT_BINDING,64K,SUCCESS,64967,6,7.724114972166717,18710712832,23746052096,True,False,False,usable_answer_line
FRED_0098_82K,FRED_0098,FRED,ENTITY_UNIT_BINDING,82K,SUCCESS,81737,9,11.28814695123583,21880473088,23746052096,True,False,False,usable_answer_line
FRED_0098_8K,FRED_0098,FRED,ENTITY_UNIT_BINDING,8K,SUCCESS,8310,7,0.581129876896739,8004804096,21567111168,True,False,False,usable_answer_line
FRED_0099_16K,FRED_0099,FRED,ENTITY_UNIT_BINDING,16K,SUCCESS,16410,8,1.2093158978968859,9535380992,23746052096,True,False,False,usable_answer_line
FRED_0099_32K,FRED_0099,FRED,ENTITY_UNIT_BINDING,32K,SUCCESS,32558,8,2.8202825924381614,12586706432,23746052096,True,False,False,usable_answer_line
FRED_0099_4K,FRED_0099,FRED,ENTITY_UNIT_BINDING,4K,SUCCESS,4215,8,0.30568842124193907,7232866304,23746052096,True,False,False,usable_answer_line
FRED_0099_64K,FRED_0099,FRED,ENTITY_UNIT_BINDING,64K,SUCCESS,64960,8,7.785780673846602,18709387776,23746052096,True,False,False,usable_answer_line
FRED_0099_82K,FRED_0099,FRED,ENTITY_UNIT_BINDING,82K,SUCCESS,81729,8,11.236223512329161,21879092736,23746052096,True,False,False,usable_answer_line
FRED_0099_8K,FRED_0099,FRED,ENTITY_UNIT_BINDING,8K,SUCCESS,8280,8,0.5949684400111437,7999136256,23746052096,True,False,False,usable_answer_line
FRED_0100_16K,FRED_0100,FRED,ENTITY_UNIT_BINDING,16K,SUCCESS,16416,8,1.20495231077075,9536514560,23746052096,True,False,False,usable_answer_line
FRED_0100_32K,FRED_0100,FRED,ENTITY_UNIT_BINDING,32K,SUCCESS,32581,8,2.8214379651471972,12591054336,23746052096,True,False,False,usable_answer_line
FRED_0100_4K,FRED_0100,FRED,ENTITY_UNIT_BINDING,4K,SUCCESS,4281,8,0.31248163618147373,7245202432,23746052096,True,False,False,usable_answer_line
FRED_0100_64K,FRED_0100,FRED,ENTITY_UNIT_BINDING,64K,SUCCESS,64968,8,7.800508746877313,18710901248,23746052096,True,False,False,usable_answer_line
FRED_0100_82K,FRED_0100,FRED,ENTITY_UNIT_BINDING,82K,SUCCESS,81725,8,11.256796646863222,21877302784,23746052096,True,False,False,usable_answer_line
FRED_0100_8K,FRED_0100,FRED,ENTITY_UNIT_BINDING,8K,SUCCESS,8267,8,0.5946462918072939,7996934656,23746052096,True,False,False,usable_answer_line
FRED_0101_16K,FRED_0101,FRED,ENTITY_UNIT_BINDING,16K,SUCCESS,16441,8,1.2072686413303018,9541238272,23746052096,True,False,False,usable_answer_line
FRED_0101_32K,FRED_0101,FRED,ENTITY_UNIT_BINDING,32K,SUCCESS,32596,8,2.8239768128842115,12593887744,23746052096,True,False,False,usable_answer_line
FRED_0101_4K,FRED_0101,FRED,ENTITY_UNIT_BINDING,4K,SUCCESS,4306,8,0.3120704386383295,7250470400,23746052096,True,False,False,usable_answer_line
FRED_0101_64K,FRED_0101,FRED,ENTITY_UNIT_BINDING,64K,SUCCESS,64967,8,7.7923812391236424,18710712832,23746052096,True,False,False,usable_answer_line
FRED_0101_82K,FRED_0101,FRED,ENTITY_UNIT_BINDING,82K,SUCCESS,81763,8,11.245446359738708,21884959232,23746052096,True,False,False,usable_answer_line
FRED_0101_8K,FRED_0101,FRED,ENTITY_UNIT_BINDING,8K,SUCCESS,8343,8,0.5971311293542385,8011041280,23746052096,True,False,False,usable_answer_line
FRED_0102_16K,FRED_0102,FRED,ENTITY_UNIT_BINDING,16K,SUCCESS,16351,8,1.1707255840301514,9525060096,23746052096,True,False,False,usable_answer_line
FRED_0102_32K,FRED_0102,FRED,ENTITY_UNIT_BINDING,32K,SUCCESS,32542,8,2.816868456080556,12583683584,23746052096,True,False,False,usable_answer_line
FRED_0102_4K,FRED_0102,FRED,ENTITY_UNIT_BINDING,4K,SUCCESS,4242,8,0.30620989110320807,7237914112,23746052096,True,False,False,usable_answer_line
FRED_0102_64K,FRED_0102,FRED,ENTITY_UNIT_BINDING,64K,SUCCESS,64960,8,7.791761361062527,18709387776,23746052096,True,False,False,usable_answer_line
FRED_0102_82K,FRED_0102,FRED,ENTITY_UNIT_BINDING,82K,SUCCESS,81781,8,11.238417252898216,21888065024,23746052096,True,False,False,usable_answer_line
FRED_0102_8K,FRED_0102,FRED,ENTITY_UNIT_BINDING,8K,SUCCESS,8295,8,0.5965663185343146,8001970688,23746052096,True,False,False,usable_answer_line
FRED_0103_16K,FRED_0103,FRED,ENTITY_UNIT_BINDING,16K,SUCCESS,16371,8,1.168732101097703,9528762880,23746052096,True,False,False,usable_answer_line
FRED_0103_32K,FRED_0103,FRED,ENTITY_UNIT_BINDING,32K,SUCCESS,32535,8,2.8192585110664368,12582361600,23746052096,True,False,False,usable_answer_line
FRED_0103_4K,FRED_0103,FRED,ENTITY_UNIT_BINDING,4K,SUCCESS,4232,8,0.30595469288527966,7236045312,23746052096,True,False,False,usable_answer_line
FRED_0103_64K,FRED_0103,FRED,ENTITY_UNIT_BINDING,64K,SUCCESS,64904,8,7.79052821546793,18698807808,23746052096,True,False,False,usable_answer_line
FRED_0103_82K,FRED_0103,FRED,ENTITY_UNIT_BINDING,82K,SUCCESS,81730,8,11.244723631069064,21879264768,23746052096,True,False,False,usable_answer_line
FRED_0103_8K,FRED_0103,FRED,ENTITY_UNIT_BINDING,8K,SUCCESS,8326,8,0.5937592359259725,8007828992,23746052096,True,False,False,usable_answer_line
FRED_0104_16K,FRED_0104,FRED,ENTITY_UNIT_BINDING,16K,SUCCESS,16371,8,1.1790563017129898,9528762880,23746052096,True,False,False,usable_answer_line
FRED_0104_32K,FRED_0104,FRED,ENTITY_UNIT_BINDING,32K,SUCCESS,32586,8,2.8259706068784,12591998464,23746052096,True,False,False,usable_answer_line
FRED_0104_4K,FRED_0104,FRED,ENTITY_UNIT_BINDING,4K,SUCCESS,4226,8,0.31266093626618385,7234924032,23746052096,True,False,False,usable_answer_line
FRED_0104_64K,FRED_0104,FRED,ENTITY_UNIT_BINDING,64K,SUCCESS,64894,8,7.771134750917554,18696916480,23746052096,True,False,False,usable_answer_line
FRED_0104_82K,FRED_0104,FRED,ENTITY_UNIT_BINDING,82K,SUCCESS,81772,8,11.2641164297238,21886511616,23746052096,True,False,False,usable_answer_line
FRED_0104_8K,FRED_0104,FRED,ENTITY_UNIT_BINDING,8K,SUCCESS,8267,8,0.5903547760099173,7996934656,23746052096,True,False,False,usable_answer_line
FRED_0105_16K,FRED_0105,FRED,ENTITY_UNIT_BINDING,16K,SUCCESS,16415,8,1.2099028434604406,9536326144,23746052096,True,False,False,usable_answer_line
FRED_0105_32K,FRED_0105,FRED,ENTITY_UNIT_BINDING,32K,SUCCESS,32595,8,2.824980217963457,12593699328,23746052096,True,False,False,usable_answer_line
FRED_0105_4K,FRED_0105,FRED,ENTITY_UNIT_BINDING,4K,SUCCESS,4273,8,0.313247743062675,7243707392,23746052096,True,False,False,usable_answer_line
FRED_0105_64K,FRED_0105,FRED,ENTITY_UNIT_BINDING,64K,SUCCESS,64906,8,7.77673025149852,18699185664,23746052096,True,False,False,usable_answer_line
FRED_0105_82K,FRED_0105,FRED,ENTITY_UNIT_BINDING,82K,SUCCESS,81726,8,11.247517018578947,21877491200,23746052096,True,False,False,usable_answer_line
FRED_0105_8K,FRED_0105,FRED,ENTITY_UNIT_BINDING,8K,SUCCESS,8288,8,0.5973935341462493,8000647680,23746052096,True,False,False,usable_answer_line
FRED_0106_16K,FRED_0106,FRED,UNANSWERABLE,16K,SUCCESS,16366,8,1.1691052354872227,9528107520,23746052096,True,False,False,usable_answer_line
FRED_0106_32K,FRED_0106,FRED,UNANSWERABLE,32K,SUCCESS,32596,8,2.823041221126914,12593887744,23746052096,True,False,False,usable_answer_line
FRED_0106_4K,FRED_0106,FRED,UNANSWERABLE,4K,SUCCESS,4268,10,0.328588156029582,7242772992,23746052096,True,False,False,usable_answer_line
FRED_0106_64K,FRED_0106,FRED,UNANSWERABLE,64K,SUCCESS,64997,8,7.795365800149739,18716380672,23746052096,True,False,False,usable_answer_line
FRED_0106_82K,FRED_0106,FRED,UNANSWERABLE,82K,SUCCESS,81741,8,11.24298795312643,21881163264,23746052096,True,False,False,usable_answer_line
FRED_0106_8K,FRED_0106,FRED,UNANSWERABLE,8K,SUCCESS,8334,10,0.6101984586566687,8009340416,23746052096,True,False,False,usable_answer_line
FRED_0107_16K,FRED_0107,FRED,UNANSWERABLE,16K,SUCCESS,16383,8,1.1804041285067797,9530335744,23746052096,True,False,False,usable_answer_line
FRED_0107_32K,FRED_0107,FRED,UNANSWERABLE,32K,SUCCESS,32585,8,2.8277855860069394,12591810048,23746052096,True,False,False,usable_answer_line
FRED_0107_4K,FRED_0107,FRED,UNANSWERABLE,4K,SUCCESS,4255,8,0.3140711197629571,7240734720,23746052096,True,False,False,usable_answer_line
FRED_0107_64K,FRED_0107,FRED,UNANSWERABLE,64K,SUCCESS,64980,8,7.78932168148458,18713168384,23746052096,True,False,False,usable_answer_line
FRED_0107_82K,FRED_0107,FRED,UNANSWERABLE,82K,SUCCESS,81782,8,11.254724364727736,21888237056,23746052096,True,False,False,usable_answer_line
FRED_0107_8K,FRED_0107,FRED,UNANSWERABLE,8K,SUCCESS,8330,8,0.596571858972311,8008584704,23746052096,True,False,False,usable_answer_line
FRED_0108_16K,FRED_0108,FRED,UNANSWERABLE,16K,SUCCESS,16387,8,1.2046003602445126,9531036160,23746052096,True,False,False,usable_answer_line
FRED_0108_32K,FRED_0108,FRED,UNANSWERABLE,32K,SUCCESS,32616,8,2.8241936955600977,12598452736,23746052096,True,False,False,usable_answer_line
FRED_0108_4K,FRED_0108,FRED,UNANSWERABLE,4K,SUCCESS,4262,10,0.3337282808497548,7241651712,23746052096,True,False,False,usable_answer_line
FRED_0108_64K,FRED_0108,FRED,UNANSWERABLE,64K,SUCCESS,64993,8,7.796600317582488,18715624960,23746052096,True,False,False,usable_answer_line
FRED_0108_82K,FRED_0108,FRED,UNANSWERABLE,82K,SUCCESS,81713,8,11.259446401149035,21875035648,23746052096,True,False,False,usable_answer_line
FRED_0108_8K,FRED_0108,FRED,UNANSWERABLE,8K,SUCCESS,8295,10,0.618088036775589,8001970688,23746052096,True,False,False,usable_answer_line
FRED_0109_16K,FRED_0109,FRED,UNANSWERABLE,16K,SUCCESS,16420,10,1.240893724374473,9537270272,23746052096,True,False,False,usable_answer_line
FRED_0109_32K,FRED_0109,FRED,UNANSWERABLE,32K,SUCCESS,32612,10,2.8705542096868157,12597828096,23746052096,True,False,False,usable_answer_line
FRED_0109_4K,FRED_0109,FRED,UNANSWERABLE,4K,SUCCESS,4261,10,0.33722116611897945,7241475072,23746052096,True,False,False,usable_answer_line
FRED_0109_64K,FRED_0109,FRED,UNANSWERABLE,64K,SUCCESS,64984,8,7.799908430315554,18713924096,23746052096,True,False,False,usable_answer_line
FRED_0109_82K,FRED_0109,FRED,UNANSWERABLE,82K,SUCCESS,81724,10,11.342443933710456,21877113344,23746052096,True,False,False,usable_answer_line
FRED_0109_8K,FRED_0109,FRED,UNANSWERABLE,8K,SUCCESS,8331,10,0.6226453259587288,8008774144,23746052096,True,False,False,usable_answer_line
FRED_0110_16K,FRED_0110,FRED,UNANSWERABLE,16K,SUCCESS,16412,10,1.2298090802505612,9535758848,23746052096,True,False,False,usable_answer_line
FRED_0110_32K,FRED_0110,FRED,UNANSWERABLE,32K,SUCCESS,32625,10,2.869168335571885,12599858688,23746052096,True,False,False,usable_answer_line
FRED_0110_4K,FRED_0110,FRED,UNANSWERABLE,4K,SUCCESS,4266,10,0.3359908936545253,7242399232,23746052096,True,False,False,usable_answer_line
FRED_0110_64K,FRED_0110,FRED,UNANSWERABLE,64K,SUCCESS,64976,8,7.792296933941543,18712412672,23746052096,True,False,False,usable_answer_line
FRED_0110_82K,FRED_0110,FRED,UNANSWERABLE,82K,SUCCESS,81750,10,11.326492261141539,21882715648,23746052096,True,False,False,usable_answer_line
FRED_0110_8K,FRED_0110,FRED,UNANSWERABLE,8K,SUCCESS,8311,10,0.6202666386961937,8004993536,23746052096,True,False,False,usable_answer_line
FRED_0111_16K,FRED_0111,FRED,UNANSWERABLE,16K,SUCCESS,16368,10,1.2016397034749389,9528369664,23746052096,True,False,False,usable_answer_line
FRED_0111_32K,FRED_0111,FRED,UNANSWERABLE,32K,SUCCESS,32598,10,2.868565478362143,12594265600,23746052096,True,False,False,usable_answer_line
FRED_0111_4K,FRED_0111,FRED,UNANSWERABLE,4K,SUCCESS,4284,10,0.3290006574243307,7245763072,23746052096,True,False,False,usable_answer_line
FRED_0111_64K,FRED_0111,FRED,UNANSWERABLE,64K,SUCCESS,65002,8,7.787074079737067,18717324800,23746052096,True,False,False,usable_answer_line
FRED_0111_82K,FRED_0111,FRED,UNANSWERABLE,82K,SUCCESS,81740,8,11.232915798202157,21880990208,23746052096,True,False,False,usable_answer_line
FRED_0111_8K,FRED_0111,FRED,UNANSWERABLE,8K,SUCCESS,8277,10,0.6172034768387675,7998578176,23746052096,True,False,False,usable_answer_line
FRED_0112_16K,FRED_0112,FRED,UNANSWERABLE,16K,SUCCESS,16370,10,1.2004482671618462,9528631808,23746052096,True,False,False,usable_answer_line
FRED_0112_32K,FRED_0112,FRED,UNANSWERABLE,32K,SUCCESS,32628,10,2.868348899297416,12600326656,23746052096,True,False,False,usable_answer_line
FRED_0112_4K,FRED_0112,FRED,UNANSWERABLE,4K,SUCCESS,4290,10,0.33431645296514034,7246886400,23746052096,True,False,False,usable_answer_line
FRED_0112_64K,FRED_0112,FRED,UNANSWERABLE,64K,SUCCESS,64951,8,7.781225075013936,18707687936,23746052096,True,False,False,usable_answer_line
FRED_0112_82K,FRED_0112,FRED,UNANSWERABLE,82K,SUCCESS,81797,8,11.267569196410477,21890909696,23746052096,True,False,False,usable_answer_line
FRED_0112_8K,FRED_0112,FRED,UNANSWERABLE,8K,SUCCESS,8309,10,0.6170613206923008,8004615680,23746052096,True,False,False,usable_answer_line
FRED_0113_16K,FRED_0113,FRED,UNANSWERABLE,16K,SUCCESS,16422,10,1.246324555017054,9537648128,23746052096,True,False,False,usable_answer_line
FRED_0113_32K,FRED_0113,FRED,UNANSWERABLE,32K,SUCCESS,32617,8,2.823774785734713,12598609408,23746052096,True,False,False,usable_answer_line
FRED_0113_4K,FRED_0113,FRED,UNANSWERABLE,4K,SUCCESS,4257,10,0.33802591264247894,7240981504,23746052096,True,False,False,usable_answer_line
FRED_0113_64K,FRED_0113,FRED,UNANSWERABLE,64K,SUCCESS,64999,8,7.801720301620662,18716758528,23746052096,True,False,False,usable_answer_line
FRED_0113_82K,FRED_0113,FRED,UNANSWERABLE,82K,SUCCESS,81731,8,11.241712384857237,21879437824,23746052096,True,False,False,usable_answer_line
FRED_0113_8K,FRED_0113,FRED,UNANSWERABLE,8K,SUCCESS,8321,10,0.6223749332129955,8006884864,23746052096,True,False,False,usable_answer_line
FRED_0114_16K,FRED_0114,FRED,UNANSWERABLE,16K,SUCCESS,16383,10,1.2006674436852336,9530335744,23746052096,True,False,False,usable_answer_line
FRED_0114_32K,FRED_0114,FRED,UNANSWERABLE,32K,SUCCESS,32593,10,2.870153049007058,12593321472,23746052096,True,False,False,usable_answer_line
FRED_0114_4K,FRED_0114,FRED,UNANSWERABLE,4K,SUCCESS,4241,10,0.3363615917041898,7237727232,23746052096,True,False,False,usable_answer_line
FRED_0114_64K,FRED_0114,FRED,UNANSWERABLE,64K,SUCCESS,65009,8,7.789470694027841,18718647808,23746052096,True,False,False,usable_answer_line
FRED_0114_82K,FRED_0114,FRED,UNANSWERABLE,82K,SUCCESS,81759,8,11.264437647536397,21884269056,23746052096,True,False,False,usable_answer_line
FRED_0114_8K,FRED_0114,FRED,UNANSWERABLE,8K,SUCCESS,8288,10,0.6133303353562951,8000647680,23746052096,True,False,False,usable_answer_line
FRED_0115_16K,FRED_0115,FRED,UNANSWERABLE,16K,SUCCESS,16388,8,1.2102573392912745,9531224576,23746052096,True,False,False,usable_answer_line
FRED_0115_32K,FRED_0115,FRED,UNANSWERABLE,32K,SUCCESS,32580,8,2.8209095960482955,12590864896,23725080576,True,False,False,usable_answer_line
FRED_0115_4K,FRED_0115,FRED,UNANSWERABLE,4K,SUCCESS,4257,10,0.33769400604069233,7240981504,23746052096,True,False,False,usable_answer_line
FRED_0115_64K,FRED_0115,FRED,UNANSWERABLE,64K,SUCCESS,64964,8,7.7849133694544435,18710145536,23746052096,True,False,False,usable_answer_line
FRED_0115_82K,FRED_0115,FRED,UNANSWERABLE,82K,SUCCESS,81723,8,11.247324228286743,21876924928,23746052096,True,False,False,usable_answer_line
FRED_0115_8K,FRED_0115,FRED,UNANSWERABLE,8K,SUCCESS,8312,10,0.623489685356617,8005181952,23746052096,True,False,False,usable_answer_line
FRED_0116_16K,FRED_0116,FRED,UNANSWERABLE,16K,SUCCESS,16376,10,1.200464190915227,9529418240,23746052096,True,False,False,usable_answer_line
FRED_0116_32K,FRED_0116,FRED,UNANSWERABLE,32K,SUCCESS,32562,8,2.823251343332231,12587462144,23746052096,True,False,False,usable_answer_line
FRED_0116_4K,FRED_0116,FRED,UNANSWERABLE,4K,SUCCESS,4258,10,0.33380196522921324,7241104896,23746052096,True,False,False,usable_answer_line
FRED_0116_64K,FRED_0116,FRED,UNANSWERABLE,64K,SUCCESS,65013,8,7.783123535104096,18719403520,23746052096,True,False,False,usable_answer_line
FRED_0116_82K,FRED_0116,FRED,UNANSWERABLE,82K,SUCCESS,81798,8,11.266869629733264,21891098112,23746052096,True,False,False,usable_answer_line
FRED_0116_8K,FRED_0116,FRED,UNANSWERABLE,8K,SUCCESS,8332,10,0.6215914525091648,8008962560,23746052096,True,False,False,usable_answer_line
FRED_0117_16K,FRED_0117,FRED,UNANSWERABLE,16K,SUCCESS,16426,10,1.2389734471216798,9538403840,23746052096,True,False,False,usable_answer_line
FRED_0117_32K,FRED_0117,FRED,UNANSWERABLE,32K,SUCCESS,32573,10,2.8758664447814226,12589540864,23746052096,True,False,False,usable_answer_line
FRED_0117_4K,FRED_0117,FRED,UNANSWERABLE,4K,SUCCESS,4265,10,0.3317575715482235,7242212352,23746052096,True,False,False,usable_answer_line
FRED_0117_64K,FRED_0117,FRED,UNANSWERABLE,64K,SUCCESS,64951,8,7.782914989627898,18707687936,23746052096,True,False,False,usable_answer_line
FRED_0117_82K,FRED_0117,FRED,UNANSWERABLE,82K,SUCCESS,81794,8,11.274539276957512,21890342400,23746052096,True,False,False,usable_answer_line
FRED_0117_8K,FRED_0117,FRED,UNANSWERABLE,8K,SUCCESS,8329,10,0.6183847617357969,8008396288,23746052096,True,False,False,usable_answer_line
FRED_0118_16K,FRED_0118,FRED,UNANSWERABLE,16K,SUCCESS,16423,8,1.204169798642397,9537837568,23746052096,True,False,False,usable_answer_line
FRED_0118_32K,FRED_0118,FRED,UNANSWERABLE,32K,SUCCESS,32565,10,2.866181871853769,12588029440,23746052096,True,False,False,usable_answer_line
FRED_0118_4K,FRED_0118,FRED,UNANSWERABLE,4K,SUCCESS,4262,10,0.33405954763293266,7241651712,23746052096,True,False,False,usable_answer_line
FRED_0118_64K,FRED_0118,FRED,UNANSWERABLE,64K,SUCCESS,65012,8,7.789826116524637,18719214080,23746052096,True,False,False,usable_answer_line
FRED_0118_82K,FRED_0118,FRED,UNANSWERABLE,82K,SUCCESS,81732,8,11.260151529684663,21879609856,23746052096,True,False,False,usable_answer_line
FRED_0118_8K,FRED_0118,FRED,UNANSWERABLE,8K,SUCCESS,8327,10,0.6192834572866559,8008018432,23746052096,True,False,False,usable_answer_line
FRED_0119_16K,FRED_0119,FRED,UNANSWERABLE,16K,SUCCESS,16419,10,1.2525423066690564,9537081856,23746052096,True,False,False,usable_answer_line
FRED_0119_32K,FRED_0119,FRED,UNANSWERABLE,32K,SUCCESS,32625,10,2.8760485649108887,12599858688,23746052096,True,False,False,usable_answer_line
FRED_0119_4K,FRED_0119,FRED,UNANSWERABLE,4K,SUCCESS,4283,10,0.3304080106317997,7245576192,23746052096,True,False,False,usable_answer_line
FRED_0119_64K,FRED_0119,FRED,UNANSWERABLE,64K,SUCCESS,65012,8,7.7926828460767865,18719214080,23746052096,True,False,False,usable_answer_line
FRED_0119_82K,FRED_0119,FRED,UNANSWERABLE,82K,SUCCESS,81778,8,11.250959879718721,21887546880,23746052096,True,False,False,usable_answer_line
FRED_0119_8K,FRED_0119,FRED,UNANSWERABLE,8K,SUCCESS,8290,10,0.6168590523302555,8001025536,23746052096,True,False,False,usable_answer_line
FRED_0120_16K,FRED_0120,FRED,UNANSWERABLE,16K,SUCCESS,16419,8,1.2113474998623133,9537081856,23746052096,True,False,False,usable_answer_line
FRED_0120_32K,FRED_0120,FRED,UNANSWERABLE,32K,SUCCESS,32588,10,2.8673482183367014,12592376320,23746052096,True,False,False,usable_answer_line
FRED_0120_4K,FRED_0120,FRED,UNANSWERABLE,4K,SUCCESS,4270,10,0.3369787409901619,7243146752,23746052096,True,False,False,usable_answer_line
FRED_0120_64K,FRED_0120,FRED,UNANSWERABLE,64K,SUCCESS,65001,8,7.806552373804152,18717136384,23746052096,True,False,False,usable_answer_line
FRED_0120_82K,FRED_0120,FRED,UNANSWERABLE,82K,SUCCESS,81759,8,11.247112665325403,21884269056,23746052096,True,False,False,usable_answer_line
FRED_0120_8K,FRED_0120,FRED,UNANSWERABLE,8K,SUCCESS,8325,10,0.6166737321764231,8007640576,23746052096,True,False,False,usable_answer_line
FRED_0121_16K,FRED_0121,FRED,UNANSWERABLE,16K,SUCCESS,16387,10,1.2394878510385752,9531036160,23746052096,True,False,False,usable_answer_line
FRED_0121_32K,FRED_0121,FRED,UNANSWERABLE,32K,SUCCESS,32620,8,2.828081900253892,12599077376,23746052096,True,False,False,usable_answer_line
FRED_0121_4K,FRED_0121,FRED,UNANSWERABLE,4K,SUCCESS,4290,10,0.3376906272023916,7246886400,23746052096,True,False,False,usable_answer_line
FRED_0121_64K,FRED_0121,FRED,UNANSWERABLE,64K,SUCCESS,65016,8,7.793971718288958,18719969792,23746052096,True,False,False,usable_answer_line
FRED_0121_82K,FRED_0121,FRED,UNANSWERABLE,82K,SUCCESS,81772,8,11.240752691403031,21886511616,23746052096,True,False,False,usable_answer_line
FRED_0121_8K,FRED_0121,FRED,UNANSWERABLE,8K,SUCCESS,8305,10,0.6176497023552656,8003859968,23746052096,True,False,False,usable_answer_line
FRED_0122_16K,FRED_0122,FRED,UNANSWERABLE,16K,SUCCESS,16434,10,1.2535805320367217,9539915264,23746052096,True,False,False,usable_answer_line
FRED_0122_32K,FRED_0122,FRED,UNANSWERABLE,32K,SUCCESS,32560,8,2.8226787680760026,12587084288,23746052096,True,False,False,usable_answer_line
FRED_0122_4K,FRED_0122,FRED,UNANSWERABLE,4K,SUCCESS,4251,10,0.3403238393366337,7240241152,23746052096,True,False,False,usable_answer_line
FRED_0122_64K,FRED_0122,FRED,UNANSWERABLE,64K,SUCCESS,64995,8,7.788495355285704,18716002816,23746052096,True,False,False,usable_answer_line
FRED_0122_82K,FRED_0122,FRED,UNANSWERABLE,82K,SUCCESS,81791,8,11.25580024253577,21889790464,23746052096,True,False,False,usable_answer_line
FRED_0122_8K,FRED_0122,FRED,UNANSWERABLE,8K,SUCCESS,8324,10,0.6188053321093321,8007451136,23746052096,True,False,False,usable_answer_line
FRED_0123_16K,FRED_0123,FRED,UNANSWERABLE,16K,SUCCESS,16404,8,1.2083722613751888,9534247424,23746052096,True,False,False,usable_answer_line
FRED_0123_32K,FRED_0123,FRED,UNANSWERABLE,32K,SUCCESS,32625,8,2.826723277568817,12599858688,23746052096,True,False,False,usable_answer_line
FRED_0123_4K,FRED_0123,FRED,UNANSWERABLE,4K,SUCCESS,4288,10,0.33669635746628046,7246510592,23746052096,True,False,False,usable_answer_line
FRED_0123_64K,FRED_0123,FRED,UNANSWERABLE,64K,SUCCESS,64996,8,7.803085193969309,18716191232,23746052096,True,False,False,usable_answer_line
FRED_0123_82K,FRED_0123,FRED,UNANSWERABLE,82K,SUCCESS,81773,8,11.258152329362929,21886684672,23746052096,True,False,False,usable_answer_line
FRED_0123_8K,FRED_0123,FRED,UNANSWERABLE,8K,SUCCESS,8329,10,0.6147896004840732,8008396288,23746052096,True,False,False,usable_answer_line
FRED_0124_16K,FRED_0124,FRED,UNANSWERABLE,16K,SUCCESS,16431,10,1.2386362133547664,9539348992,23746052096,True,False,False,usable_answer_line
FRED_0124_32K,FRED_0124,FRED,UNANSWERABLE,32K,SUCCESS,32628,10,2.869170361198485,12600326656,23746052096,True,False,False,usable_answer_line
FRED_0124_4K,FRED_0124,FRED,UNANSWERABLE,4K,SUCCESS,4286,10,0.3376532532274723,7246136832,23746052096,True,False,False,usable_answer_line
FRED_0124_64K,FRED_0124,FRED,UNANSWERABLE,64K,SUCCESS,64967,8,7.795392868109047,18710712832,23746052096,True,False,False,usable_answer_line
FRED_0124_82K,FRED_0124,FRED,UNANSWERABLE,82K,SUCCESS,81777,8,11.25607358571142,21887374848,23746052096,True,False,False,usable_answer_line
FRED_0124_8K,FRED_0124,FRED,UNANSWERABLE,8K,SUCCESS,8311,10,0.6224935473874211,8004993536,23746052096,True,False,False,usable_answer_line
FRED_0125_16K,FRED_0125,FRED,UNANSWERABLE,16K,SUCCESS,16433,8,1.2131246710196137,9539726848,23746052096,True,False,False,usable_answer_line
FRED_0125_32K,FRED_0125,FRED,UNANSWERABLE,32K,SUCCESS,32607,8,2.8260357342660427,12595966464,23746052096,True,False,False,usable_answer_line
FRED_0125_4K,FRED_0125,FRED,UNANSWERABLE,4K,SUCCESS,4284,10,0.32977213244885206,7245763072,23746052096,True,False,False,usable_answer_line
FRED_0125_64K,FRED_0125,FRED,UNANSWERABLE,64K,SUCCESS,64963,8,7.794315193779767,18709957120,23746052096,True,False,False,usable_answer_line
FRED_0125_82K,FRED_0125,FRED,UNANSWERABLE,82K,SUCCESS,81795,8,11.268393612466753,21890531840,23746052096,True,False,False,usable_answer_line
FRED_0125_8K,FRED_0125,FRED,UNANSWERABLE,8K,SUCCESS,8277,10,0.6200522342696786,7998578176,23746052096,True,False,False,usable_answer_line
SEC_0001_16K,SEC_0001,SEC,DIRECT_RETRIEVAL,16K,SUCCESS,16471,11,1.2604392794892192,9547579904,23746052096,True,False,False,usable_answer_line
SEC_0001_32K,SEC_0001,SEC,DIRECT_RETRIEVAL,32K,SUCCESS,32748,11,2.9032588955014944,12624001536,23746052096,True,False,False,usable_answer_line
SEC_0001_4K,SEC_0001,SEC,DIRECT_RETRIEVAL,4K,SUCCESS,4313,9,0.32683036755770445,7251448832,23746052096,True,False,False,usable_answer_line
SEC_0001_64K,SEC_0001,SEC,DIRECT_RETRIEVAL,64K,SUCCESS,65307,9,7.885322509333491,18774958592,23746052096,True,False,False,usable_answer_line
SEC_0001_82K,SEC_0001,SEC,DIRECT_RETRIEVAL,82K,SUCCESS,81669,9,11.279387092217803,21866722816,23746052096,True,False,False,usable_answer_line
SEC_0001_8K,SEC_0001,SEC,DIRECT_RETRIEVAL,8K,SUCCESS,8323,9,0.6013613436371088,8007262720,23746052096,True,False,False,usable_answer_line
SEC_0002_16K,SEC_0002,SEC,DIRECT_RETRIEVAL,16K,SUCCESS,16450,11,1.2664927374571562,9543955968,23746052096,True,False,False,usable_answer_line
SEC_0002_32K,SEC_0002,SEC,DIRECT_RETRIEVAL,32K,SUCCESS,32720,9,2.8597248578444123,12618695168,23746052096,True,False,False,usable_answer_line
SEC_0002_4K,SEC_0002,SEC,DIRECT_RETRIEVAL,4K,SUCCESS,4292,11,0.34786833357065916,7247260160,23746052096,True,False,False,usable_answer_line
SEC_0002_64K,SEC_0002,SEC,DIRECT_RETRIEVAL,64K,SUCCESS,65236,9,7.8764407355338335,18762263040,23746052096,True,False,False,usable_answer_line
SEC_0002_82K,SEC_0002,SEC,DIRECT_RETRIEVAL,82K,SUCCESS,81698,9,11.295417220331728,21872201216,23746052096,True,False,False,usable_answer_line
SEC_0002_8K,SEC_0002,SEC,DIRECT_RETRIEVAL,8K,SUCCESS,8305,9,0.6159242689609528,8003859968,23746052096,True,False,False,usable_answer_line
SEC_0003_16K,SEC_0003,SEC,DIRECT_RETRIEVAL,16K,SUCCESS,16454,9,1.22540383040905,9544646144,23746052096,True,False,False,usable_answer_line
SEC_0003_32K,SEC_0003,SEC,DIRECT_RETRIEVAL,32K,SUCCESS,32751,9,2.8593792309984565,12624359936,23746052096,True,False,False,usable_answer_line
SEC_0003_4K,SEC_0003,SEC,DIRECT_RETRIEVAL,4K,SUCCESS,4323,10,0.3325275182723999,7253053440,23746052096,True,False,False,usable_answer_line
SEC_0003_64K,SEC_0003,SEC,DIRECT_RETRIEVAL,64K,SUCCESS,65341,9,7.885156183503568,18781382144,23746052096,True,False,False,usable_answer_line
SEC_0003_82K,SEC_0003,SEC,DIRECT_RETRIEVAL,82K,SUCCESS,81785,9,11.285792503505945,21888755200,23746052096,True,False,False,usable_answer_line
SEC_0003_8K,SEC_0003,SEC,DIRECT_RETRIEVAL,8K,SUCCESS,8373,9,0.6104056276381016,8016709120,23746052096,True,False,False,usable_answer_line
SEC_0004_16K,SEC_0004,SEC,DIRECT_RETRIEVAL,16K,SUCCESS,16480,9,1.2223372785374522,9549132288,23746052096,True,False,False,usable_answer_line
SEC_0004_32K,SEC_0004,SEC,DIRECT_RETRIEVAL,32K,SUCCESS,32770,11,2.942600076086819,12626767360,23746052096,True,False,False,usable_answer_line
SEC_0004_4K,SEC_0004,SEC,DIRECT_RETRIEVAL,4K,SUCCESS,4269,9,0.3238801220431924,7242959872,23746052096,True,False,False,usable_answer_line
SEC_0004_64K,SEC_0004,SEC,DIRECT_RETRIEVAL,64K,SUCCESS,65207,9,7.870110689662397,18756061696,23746052096,True,False,False,usable_answer_line
SEC_0004_82K,SEC_0004,SEC,DIRECT_RETRIEVAL,82K,SUCCESS,81663,9,11.25478077866137,21865587200,23746052096,True,False,False,usable_answer_line
SEC_0004_8K,SEC_0004,SEC,DIRECT_RETRIEVAL,8K,SUCCESS,8328,9,0.6111392844468355,8008206848,23746052096,True,False,False,usable_answer_line
SEC_0005_16K,SEC_0005,SEC,DIRECT_RETRIEVAL,16K,SUCCESS,16502,9,1.2287426758557558,9552928256,23746052096,True,False,False,usable_answer_line
SEC_0005_32K,SEC_0005,SEC,DIRECT_RETRIEVAL,32K,SUCCESS,32687,11,2.899697973392904,12612078080,23746052096,True,False,False,usable_answer_line
SEC_0005_4K,SEC_0005,SEC,DIRECT_RETRIEVAL,4K,SUCCESS,4216,11,0.3440375132486224,7233053184,23746052096,True,False,False,usable_answer_line
SEC_0005_64K,SEC_0005,SEC,DIRECT_RETRIEVAL,64K,SUCCESS,65322,11,7.951703162863851,18777792000,23746052096,True,False,False,usable_answer_line
SEC_0005_82K,SEC_0005,SEC,DIRECT_RETRIEVAL,82K,SUCCESS,81708,11,11.348216746002436,21874090496,23746052096,True,False,False,usable_answer_line
SEC_0005_8K,SEC_0005,SEC,DIRECT_RETRIEVAL,8K,SUCCESS,8273,11,0.6288578184321523,7997920768,23746052096,True,False,False,usable_answer_line
SEC_0006_16K,SEC_0006,SEC,ENTITY_UNIT_BINDING,16K,SUCCESS,16514,11,1.2631376953795552,9555033600,23746052096,True,False,False,usable_answer_line
SEC_0006_32K,SEC_0006,SEC,ENTITY_UNIT_BINDING,32K,SUCCESS,32778,11,2.944243811070919,12628278784,23746052096,True,False,False,usable_answer_line
SEC_0006_4K,SEC_0006,SEC,ENTITY_UNIT_BINDING,4K,SUCCESS,4311,11,0.339421016164124,7251169280,23746052096,True,False,False,usable_answer_line
SEC_0006_64K,SEC_0006,SEC,ENTITY_UNIT_BINDING,64K,SUCCESS,65323,11,7.959616327658296,18777981440,23746052096,True,False,False,usable_answer_line
SEC_0006_82K,SEC_0006,SEC,ENTITY_UNIT_BINDING,82K,SUCCESS,81708,11,11.36198656167835,21874090496,23746052096,True,False,False,usable_answer_line
SEC_0006_8K,SEC_0006,SEC,ENTITY_UNIT_BINDING,8K,SUCCESS,8358,11,0.6371403746306896,8013874688,23746052096,True,False,False,usable_answer_line
SEC_0007_16K,SEC_0007,SEC,ENTITY_UNIT_BINDING,16K,SUCCESS,16425,9,1.2222518175840378,9538215424,23746052096,True,False,False,usable_answer_line
SEC_0007_32K,SEC_0007,SEC,ENTITY_UNIT_BINDING,32K,SUCCESS,32776,11,2.9402308790013194,12627900928,23746052096,True,False,False,usable_answer_line
SEC_0007_4K,SEC_0007,SEC,ENTITY_UNIT_BINDING,4K,SUCCESS,4212,11,0.3510059267282486,7232305664,23746052096,True,False,False,usable_answer_line
SEC_0007_64K,SEC_0007,SEC,ENTITY_UNIT_BINDING,64K,SUCCESS,65314,11,7.966312359087169,18776280576,23746052096,True,False,False,usable_answer_line
SEC_0007_82K,SEC_0007,SEC,ENTITY_UNIT_BINDING,82K,SUCCESS,81788,11,11.382051549851894,21889272320,23746052096,True,False,False,usable_answer_line
SEC_0007_8K,SEC_0007,SEC,ENTITY_UNIT_BINDING,8K,SUCCESS,8373,11,0.6356356414034963,8016709120,23746052096,True,False,False,usable_answer_line
SEC_0008_16K,SEC_0008,SEC,ENTITY_UNIT_BINDING,16K,SUCCESS,16474,9,1.2225828729569912,9548097024,23746052096,True,False,False,usable_answer_line
SEC_0008_32K,SEC_0008,SEC,ENTITY_UNIT_BINDING,32K,SUCCESS,32786,11,2.944073310121894,12629790208,23746052096,True,False,False,usable_answer_line
SEC_0008_4K,SEC_0008,SEC,ENTITY_UNIT_BINDING,4K,SUCCESS,4311,11,0.3438194477930665,7251169280,23746052096,True,False,False,usable_answer_line
SEC_0008_64K,SEC_0008,SEC,ENTITY_UNIT_BINDING,64K,SUCCESS,65228,11,7.940072488039732,18760882688,23746052096,True,False,False,usable_answer_line
SEC_0008_82K,SEC_0008,SEC,ENTITY_UNIT_BINDING,82K,SUCCESS,81689,11,11.36429418809712,21870501376,23746052096,True,False,False,usable_answer_line
SEC_0008_8K,SEC_0008,SEC,ENTITY_UNIT_BINDING,8K,SUCCESS,8329,9,0.6097212508320808,8008396288,23746052096,True,False,False,usable_answer_line
SEC_0009_16K,SEC_0009,SEC,RETRIEVAL_CALCULATION,16K,SUCCESS,16441,8,1.2064109575003386,9541238272,23746052096,True,False,False,usable_answer_line
SEC_0009_32K,SEC_0009,SEC,RETRIEVAL_CALCULATION,32K,SUCCESS,32785,8,2.8735174033790827,12629601792,23746052096,True,False,False,usable_answer_line
SEC_0009_4K,SEC_0009,SEC,RETRIEVAL_CALCULATION,4K,SUCCESS,4299,8,0.3161600800231099,7249491968,23746052096,True,False,False,usable_answer_line
SEC_0009_64K,SEC_0009,SEC,RETRIEVAL_CALCULATION,64K,SUCCESS,65308,8,7.863484690897167,18775147008,23746052096,True,False,False,usable_answer_line
SEC_0009_82K,SEC_0009,SEC,RETRIEVAL_CALCULATION,82K,SUCCESS,81733,8,11.258010366931558,21879782912,23746052096,True,False,False,usable_answer_line
SEC_0009_8K,SEC_0009,SEC,RETRIEVAL_CALCULATION,8K,SUCCESS,8322,8,0.595798053778708,8007073280,23746052096,True,False,False,usable_answer_line
SEC_0010_16K,SEC_0010,SEC,RETRIEVAL_CALCULATION,16K,SUCCESS,16474,8,1.2125789131969213,9548097024,23746052096,True,False,False,usable_answer_line
SEC_0010_32K,SEC_0010,SEC,RETRIEVAL_CALCULATION,32K,SUCCESS,32689,8,2.831275532953441,12612431360,23746052096,True,False,False,usable_answer_line
SEC_0010_4K,SEC_0010,SEC,RETRIEVAL_CALCULATION,4K,SUCCESS,4254,8,0.31227074563503265,7240611328,23746052096,True,False,False,usable_answer_line
SEC_0010_64K,SEC_0010,SEC,RETRIEVAL_CALCULATION,64K,SUCCESS,65305,8,7.846643410623074,18774580736,23746052096,True,False,False,usable_answer_line
SEC_0010_82K,SEC_0010,SEC,RETRIEVAL_CALCULATION,82K,SUCCESS,81754,8,11.250349980778992,21883405824,23746052096,True,False,False,usable_answer_line
SEC_0010_8K,SEC_0010,SEC,RETRIEVAL_CALCULATION,8K,SUCCESS,8387,8,0.6047067735344172,8019356160,23746052096,True,False,False,usable_answer_line
SEC_0011_16K,SEC_0011,SEC,RETRIEVAL_CALCULATION,16K,SUCCESS,16470,8,1.225287008099258,9547406848,23746052096,True,False,False,usable_answer_line
SEC_0011_32K,SEC_0011,SEC,RETRIEVAL_CALCULATION,32K,SUCCESS,32801,8,2.867107986472547,12632624640,20484980736,True,False,False,usable_answer_line
SEC_0011_4K,SEC_0011,SEC,RETRIEVAL_CALCULATION,4K,SUCCESS,4226,8,0.31176472268998623,7234924032,23746052096,True,False,False,usable_answer_line
SEC_0011_64K,SEC_0011,SEC,RETRIEVAL_CALCULATION,64K,SUCCESS,65258,8,7.854556613601744,18766059008,23746052096,True,False,False,usable_answer_line
SEC_0011_82K,SEC_0011,SEC,RETRIEVAL_CALCULATION,82K,SUCCESS,81686,8,11.232534843496978,21869934080,23746052096,True,False,False,usable_answer_line
SEC_0011_8K,SEC_0011,SEC,RETRIEVAL_CALCULATION,8K,SUCCESS,8328,8,0.5942950760945678,8008206848,23746052096,True,False,False,usable_answer_line
SEC_0012_16K,SEC_0012,SEC,RETRIEVAL_CALCULATION,16K,SUCCESS,16430,8,1.202675525099039,9539159552,23746052096,True,False,False,usable_answer_line
SEC_0012_32K,SEC_0012,SEC,RETRIEVAL_CALCULATION,32K,SUCCESS,32743,8,2.8408350525423884,12623405568,23746052096,True,False,False,usable_answer_line
SEC_0012_4K,SEC_0012,SEC,RETRIEVAL_CALCULATION,4K,SUCCESS,4215,8,0.3093688692897558,7232866304,23746052096,True,False,False,usable_answer_line
SEC_0012_64K,SEC_0012,SEC,RETRIEVAL_CALCULATION,64K,SUCCESS,65326,8,7.85335389059037,18778547712,23746052096,True,False,False,usable_answer_line
SEC_0012_82K,SEC_0012,SEC,RETRIEVAL_CALCULATION,82K,SUCCESS,81716,8,11.235982164740562,21875601920,23746052096,True,False,False,usable_answer_line
SEC_0012_8K,SEC_0012,SEC,RETRIEVAL_CALCULATION,8K,SUCCESS,8389,8,0.5964095257222652,8019734016,23746052096,True,False,False,usable_answer_line
SEC_0013_16K,SEC_0013,SEC,RETRIEVAL_CALCULATION,16K,SUCCESS,16524,8,1.2161222202703357,9557676544,21569208320,True,False,False,usable_answer_line
SEC_0013_32K,SEC_0013,SEC,RETRIEVAL_CALCULATION,32K,SUCCESS,32696,8,2.8287029014900327,12614519296,23746052096,True,False,False,usable_answer_line
SEC_0013_4K,SEC_0013,SEC,RETRIEVAL_CALCULATION,4K,SUCCESS,4228,8,0.3066363772377372,7235297792,23746052096,True,False,False,usable_answer_line
SEC_0013_64K,SEC_0013,SEC,RETRIEVAL_CALCULATION,64K,SUCCESS,65243,8,7.842047090642154,18763471360,23746052096,True,False,False,usable_answer_line
SEC_0013_82K,SEC_0013,SEC,RETRIEVAL_CALCULATION,82K,SUCCESS,81750,8,11.236749376170337,21882715648,23746052096,True,False,False,usable_answer_line
SEC_0013_8K,SEC_0013,SEC,RETRIEVAL_CALCULATION,8K,SUCCESS,8395,8,0.5861068284139037,8020867584,23746052096,True,False,False,usable_answer_line
SEC_0014_16K,SEC_0014,SEC,RETRIEVAL_CALCULATION,16K,SUCCESS,16440,10,1.2409466784447432,9541048832,22628270080,True,False,False,usable_answer_line
SEC_0014_32K,SEC_0014,SEC,RETRIEVAL_CALCULATION,32K,SUCCESS,32747,10,2.8811647249385715,12623882752,23746052096,True,False,False,usable_answer_line
SEC_0014_4K,SEC_0014,SEC,RETRIEVAL_CALCULATION,4K,SUCCESS,4303,10,0.33752441592514515,7250051072,23746052096,True,False,False,usable_answer_line
SEC_0014_64K,SEC_0014,SEC,RETRIEVAL_CALCULATION,64K,SUCCESS,65285,8,7.858240015804768,18770802176,23746052096,True,False,False,usable_answer_line
SEC_0014_82K,SEC_0014,SEC,RETRIEVAL_CALCULATION,82K,SUCCESS,81726,8,11.248419797047973,21877491200,23746052096,True,False,False,usable_answer_line
SEC_0014_8K,SEC_0014,SEC,RETRIEVAL_CALCULATION,8K,SUCCESS,8321,10,0.6182013601064682,8006884864,23746052096,True,False,False,usable_answer_line
SEC_0015_16K,SEC_0015,SEC,RETRIEVAL_CALCULATION,16K,SUCCESS,16464,8,1.2117211250588298,9546371584,23746052096,True,False,False,usable_answer_line
SEC_0015_32K,SEC_0015,SEC,RETRIEVAL_CALCULATION,32K,SUCCESS,32796,8,2.876050278544426,12631679488,23746052096,True,False,False,usable_answer_line
SEC_0015_4K,SEC_0015,SEC,RETRIEVAL_CALCULATION,4K,SUCCESS,4254,10,0.34132637176662683,7240611328,23746052096,True,False,False,usable_answer_line
SEC_0015_64K,SEC_0015,SEC,RETRIEVAL_CALCULATION,64K,SUCCESS,65327,8,7.855422109365463,18778737152,23746052096,True,False,False,usable_answer_line
SEC_0015_82K,SEC_0015,SEC,RETRIEVAL_CALCULATION,82K,SUCCESS,81755,8,11.236647134646773,21883578880,23746052096,True,False,False,usable_answer_line
SEC_0015_8K,SEC_0015,SEC,RETRIEVAL_CALCULATION,8K,SUCCESS,8392,8,0.598027809523046,8020300288,23746052096,True,False,False,usable_answer_line
SEC_0016_16K,SEC_0016,SEC,RETRIEVAL_CALCULATION,16K,SUCCESS,16506,10,1.2441855939105153,9553618432,23746052096,True,False,False,usable_answer_line
SEC_0016_32K,SEC_0016,SEC,RETRIEVAL_CALCULATION,32K,SUCCESS,32742,10,2.883159882389009,12622220800,23746052096,True,False,False,usable_answer_line
SEC_0016_4K,SEC_0016,SEC,RETRIEVAL_CALCULATION,4K,SUCCESS,4267,10,0.34399707708507776,7242586112,23746052096,True,False,False,usable_answer_line
SEC_0016_64K,SEC_0016,SEC,RETRIEVAL_CALCULATION,64K,SUCCESS,65328,10,7.924813404679298,18778925568,23746052096,True,False,False,usable_answer_line
SEC_0016_82K,SEC_0016,SEC,RETRIEVAL_CALCULATION,82K,SUCCESS,81681,10,11.336579573340714,21868989952,23746052096,True,False,False,usable_answer_line
SEC_0016_8K,SEC_0016,SEC,RETRIEVAL_CALCULATION,8K,SUCCESS,8299,8,0.5991208273917437,8002726400,23746052096,True,False,False,usable_answer_line
SEC_0017_16K,SEC_0017,SEC,TEMPORAL_VERSION,16K,SUCCESS,16509,9,1.2273417375981808,9554136576,23746052096,True,False,False,usable_answer_line
SEC_0017_32K,SEC_0017,SEC,TEMPORAL_VERSION,32K,SUCCESS,32782,11,2.9445529337972403,12629034496,23746052096,True,False,False,usable_answer_line
SEC_0017_4K,SEC_0017,SEC,TEMPORAL_VERSION,4K,SUCCESS,4222,9,0.31975952442735434,7234174464,23746052096,True,False,False,usable_answer_line
SEC_0017_64K,SEC_0017,SEC,TEMPORAL_VERSION,64K,SUCCESS,65269,11,7.945087566971779,18767957504,23746052096,True,False,False,usable_answer_line
SEC_0017_82K,SEC_0017,SEC,TEMPORAL_VERSION,82K,SUCCESS,81793,11,11.3910255683586,21890153984,23746052096,True,False,False,usable_answer_line
SEC_0017_8K,SEC_0017,SEC,TEMPORAL_VERSION,8K,SUCCESS,8373,11,0.6373687637969851,8016709120,23746052096,True,False,False,usable_answer_line
SEC_0018_16K,SEC_0018,SEC,TEMPORAL_VERSION,16K,SUCCESS,16401,11,1.2539661498740315,9533681152,23746052096,True,False,False,usable_answer_line
SEC_0018_32K,SEC_0018,SEC,TEMPORAL_VERSION,32K,SUCCESS,32774,11,2.9452872248366475,12627523072,23746052096,True,False,False,usable_answer_line
SEC_0018_4K,SEC_0018,SEC,TEMPORAL_VERSION,4K,SUCCESS,4207,9,0.32890695985406637,7231371264,23746052096,True,False,False,usable_answer_line
SEC_0018_64K,SEC_0018,SEC,TEMPORAL_VERSION,64K,SUCCESS,65302,11,7.959252027794719,18774013440,23746052096,True,False,False,usable_answer_line
SEC_0018_82K,SEC_0018,SEC,TEMPORAL_VERSION,82K,SUCCESS,81718,11,11.34927231632173,21875979776,23746052096,True,False,False,usable_answer_line
SEC_0018_8K,SEC_0018,SEC,TEMPORAL_VERSION,8K,SUCCESS,8277,9,0.6068525882437825,7998578176,23746052096,True,False,False,usable_answer_line
SEC_0019_16K,SEC_0019,SEC,TEMPORAL_VERSION,16K,SUCCESS,16483,11,1.259860529564321,9549650432,23746052096,True,False,False,usable_answer_line
SEC_0019_32K,SEC_0019,SEC,TEMPORAL_VERSION,32K,SUCCESS,32815,11,2.9437811225652695,12635269632,23746052096,True,False,False,usable_answer_line
SEC_0019_4K,SEC_0019,SEC,TEMPORAL_VERSION,4K,SUCCESS,4348,11,0.35019202530384064,7257725440,23746052096,True,False,False,usable_answer_line
SEC_0019_64K,SEC_0019,SEC,TEMPORAL_VERSION,64K,SUCCESS,65284,11,7.958969354629517,18770612736,23746052096,True,False,False,usable_answer_line
SEC_0019_82K,SEC_0019,SEC,TEMPORAL_VERSION,82K,SUCCESS,81705,11,11.371465758420527,21873524224,23746052096,True,False,False,usable_answer_line
SEC_0019_8K,SEC_0019,SEC,TEMPORAL_VERSION,8K,SUCCESS,8343,11,0.6352478209882975,8011041280,23746052096,True,False,False,usable_answer_line
SEC_0020_16K,SEC_0020,SEC,TEMPORAL_VERSION,16K,SUCCESS,16496,11,1.260767912492156,9551892992,23746052096,True,False,False,usable_answer_line
SEC_0020_32K,SEC_0020,SEC,TEMPORAL_VERSION,32K,SUCCESS,32836,11,2.9478325890377164,12639238656,23746052096,True,False,False,usable_answer_line
SEC_0020_4K,SEC_0020,SEC,TEMPORAL_VERSION,4K,SUCCESS,4357,11,0.3534850971773267,7259409408,23746052096,True,False,False,usable_answer_line
SEC_0020_64K,SEC_0020,SEC,TEMPORAL_VERSION,64K,SUCCESS,65345,11,7.958038359880447,18782139904,23746052096,True,False,False,usable_answer_line
SEC_0020_82K,SEC_0020,SEC,TEMPORAL_VERSION,82K,SUCCESS,81732,11,11.380171312950552,21879609856,23746052096,True,False,False,usable_answer_line
SEC_0020_8K,SEC_0020,SEC,TEMPORAL_VERSION,8K,SUCCESS,8426,11,0.636021657846868,8026723840,23746052096,True,False,False,usable_answer_line
SEC_0021_16K,SEC_0021,SEC,UNANSWERABLE,16K,SUCCESS,16417,10,1.240140175446868,9536704000,23746052096,True,False,False,usable_answer_line
SEC_0021_32K,SEC_0021,SEC,UNANSWERABLE,32K,SUCCESS,32723,10,2.8802051013335586,12619176448,23746052096,True,False,False,usable_answer_line
SEC_0021_4K,SEC_0021,SEC,UNANSWERABLE,4K,SUCCESS,4289,10,0.3355113686993718,7246699520,23746052096,True,False,False,usable_answer_line
SEC_0021_64K,SEC_0021,SEC,UNANSWERABLE,64K,SUCCESS,65228,9,7.871865279972553,18760882688,23746052096,True,False,False,usable_answer_line
SEC_0021_82K,SEC_0021,SEC,UNANSWERABLE,82K,SUCCESS,81730,11,11.382728983648121,21879264768,23746052096,True,False,False,usable_answer_line
SEC_0021_8K,SEC_0021,SEC,UNANSWERABLE,8K,SUCCESS,8376,10,0.6191002186387777,8017275392,23746052096,True,False,False,usable_answer_line
SEC_0022_16K,SEC_0022,SEC,UNANSWERABLE,16K,SUCCESS,16409,10,1.2401418695226312,9535192576,23746052096,True,False,False,usable_answer_line
SEC_0022_32K,SEC_0022,SEC,UNANSWERABLE,32K,SUCCESS,32759,10,2.8836517753079534,12625314304,23746052096,True,False,False,usable_answer_line
SEC_0022_4K,SEC_0022,SEC,UNANSWERABLE,4K,SUCCESS,4234,10,0.329707863740623,7236419072,23746052096,True,False,False,usable_answer_line
SEC_0022_64K,SEC_0022,SEC,UNANSWERABLE,64K,SUCCESS,65297,11,7.970616208389401,18773069312,23746052096,True,False,False,usable_answer_line
SEC_0022_82K,SEC_0022,SEC,UNANSWERABLE,82K,SUCCESS,81755,11,11.371279889717698,21883578880,23746052096,True,False,False,usable_answer_line
SEC_0022_8K,SEC_0022,SEC,UNANSWERABLE,8K,SUCCESS,8284,10,0.6184276882559061,7999891968,23746052096,True,False,False,usable_answer_line
SEC_0023_16K,SEC_0023,SEC,UNANSWERABLE,16K,SUCCESS,16500,10,1.2449655290693045,9552583168,23746052096,True,False,False,usable_answer_line
SEC_0023_32K,SEC_0023,SEC,UNANSWERABLE,32K,SUCCESS,32711,10,2.880511987954378,12617490944,23746052096,True,False,False,usable_answer_line
SEC_0023_4K,SEC_0023,SEC,UNANSWERABLE,4K,SUCCESS,4258,10,0.3369933804497123,7241104896,23746052096,True,False,False,usable_answer_line
SEC_0023_64K,SEC_0023,SEC,UNANSWERABLE,64K,SUCCESS,65318,11,7.950405000708997,18777036288,23746052096,True,False,False,usable_answer_line
SEC_0023_82K,SEC_0023,SEC,UNANSWERABLE,82K,SUCCESS,81783,9,11.309021705761552,21888410112,23746052096,True,False,False,usable_answer_line
SEC_0023_8K,SEC_0023,SEC,UNANSWERABLE,8K,SUCCESS,8372,10,0.6197304576635361,8016519680,23746052096,True,False,False,usable_answer_line
SEC_0024_16K,SEC_0024,SEC,UNANSWERABLE,16K,SUCCESS,16471,10,1.2294727200642228,9547579904,23746052096,True,False,False,usable_answer_line
SEC_0024_32K,SEC_0024,SEC,UNANSWERABLE,32K,SUCCESS,32694,10,2.874548670835793,12614247936,23746052096,True,False,False,usable_answer_line
SEC_0024_4K,SEC_0024,SEC,UNANSWERABLE,4K,SUCCESS,4284,10,0.3323082262650132,7245763072,23746052096,True,False,False,usable_answer_line
SEC_0024_64K,SEC_0024,SEC,UNANSWERABLE,64K,SUCCESS,65301,11,7.962681315839291,18773825024,23746052096,True,False,False,usable_answer_line
SEC_0024_82K,SEC_0024,SEC,UNANSWERABLE,82K,SUCCESS,81779,11,11.384818693622947,21887719936,23746052096,True,False,False,usable_answer_line
SEC_0024_8K,SEC_0024,SEC,UNANSWERABLE,8K,SUCCESS,8285,10,0.6197923785075545,8000081408,23746052096,True,False,False,usable_answer_line
SEC_0025_16K,SEC_0025,SEC,UNANSWERABLE,16K,SUCCESS,16404,10,1.238398676738143,9534247424,23746052096,True,False,False,usable_answer_line
SEC_0025_32K,SEC_0025,SEC,UNANSWERABLE,32K,SUCCESS,32751,10,2.8854699162766337,12624359936,23746052096,True,False,False,usable_answer_line
SEC_0025_4K,SEC_0025,SEC,UNANSWERABLE,4K,SUCCESS,4288,10,0.34433012641966343,7246510592,23746052096,True,False,False,usable_answer_line
SEC_0025_64K,SEC_0025,SEC,UNANSWERABLE,64K,SUCCESS,65299,11,7.959815454669297,18773447168,23746052096,True,False,False,usable_answer_line
SEC_0025_82K,SEC_0025,SEC,UNANSWERABLE,82K,SUCCESS,81707,11,11.378519175574183,21873902080,23746052096,True,False,False,usable_answer_line
SEC_0025_8K,SEC_0025,SEC,UNANSWERABLE,8K,SUCCESS,8327,10,0.622637658379972,8008018432,23746052096,True,False,False,usable_answer_line
SEC_0026_16K,SEC_0026,SEC,DIRECT_RETRIEVAL,16K,SUCCESS,16456,11,1.2572758002206683,9544991232,23746052096,True,False,False,usable_answer_line
SEC_0026_32K,SEC_0026,SEC,DIRECT_RETRIEVAL,32K,SUCCESS,32773,11,2.9405122976750135,12627334656,23746052096,True,False,False,usable_answer_line
SEC_0026_4K,SEC_0026,SEC,DIRECT_RETRIEVAL,4K,SUCCESS,4257,11,0.3472716538235545,7240981504,23746052096,True,False,False,usable_answer_line
SEC_0026_64K,SEC_0026,SEC,DIRECT_RETRIEVAL,64K,SUCCESS,65367,9,7.897141605615616,18787334656,23746052096,True,False,False,usable_answer_line
SEC_0026_82K,SEC_0026,SEC,DIRECT_RETRIEVAL,82K,SUCCESS,81742,11,11.377965566702187,21881335296,23746052096,True,False,False,usable_answer_line
SEC_0026_8K,SEC_0026,SEC,DIRECT_RETRIEVAL,8K,SUCCESS,8380,9,0.6108106086030602,8018031104,23746052096,True,False,False,usable_answer_line
SEC_0027_16K,SEC_0027,SEC,DIRECT_RETRIEVAL,16K,SUCCESS,16511,11,1.2563500506803393,9554481664,23746052096,True,False,False,usable_answer_line
SEC_0027_32K,SEC_0027,SEC,DIRECT_RETRIEVAL,32K,SUCCESS,32736,11,2.9028762336820364,12621259264,23746052096,True,False,False,usable_answer_line
SEC_0027_4K,SEC_0027,SEC,DIRECT_RETRIEVAL,4K,SUCCESS,4212,11,0.3381493929773569,7232305664,23746052096,True,False,False,usable_answer_line
SEC_0027_64K,SEC_0027,SEC,DIRECT_RETRIEVAL,64K,SUCCESS,65223,11,7.953998842276633,18760020480,23746052096,True,False,False,usable_answer_line
SEC_0027_82K,SEC_0027,SEC,DIRECT_RETRIEVAL,82K,SUCCESS,81760,11,11.383175330236554,21884441088,23746052096,True,False,False,usable_answer_line
SEC_0027_8K,SEC_0027,SEC,DIRECT_RETRIEVAL,8K,SUCCESS,8366,11,0.6354938605800271,8015386112,23746052096,True,False,False,usable_answer_line
SEC_0028_16K,SEC_0028,SEC,DIRECT_RETRIEVAL,16K,SUCCESS,16434,11,1.2575417635962367,9539915264,23746052096,True,False,False,usable_answer_line
SEC_0028_32K,SEC_0028,SEC,DIRECT_RETRIEVAL,32K,SUCCESS,32786,11,2.9401927813887596,12629790208,23746052096,True,False,False,usable_answer_line
SEC_0028_4K,SEC_0028,SEC,DIRECT_RETRIEVAL,4K,SUCCESS,4245,11,0.3456107536330819,7239500800,23746052096,True,False,False,usable_answer_line
SEC_0028_64K,SEC_0028,SEC,DIRECT_RETRIEVAL,64K,SUCCESS,65285,11,7.95617525652051,18770802176,23746052096,True,False,False,usable_answer_line
SEC_0028_82K,SEC_0028,SEC,DIRECT_RETRIEVAL,82K,SUCCESS,81671,11,11.362313475459814,21867100672,23746052096,True,False,False,usable_answer_line
SEC_0028_8K,SEC_0028,SEC,DIRECT_RETRIEVAL,8K,SUCCESS,8278,11,0.6347953472286463,7998758400,23746052096,True,False,False,usable_answer_line
SEC_0029_16K,SEC_0029,SEC,DIRECT_RETRIEVAL,16K,SUCCESS,16421,11,1.2637398485094309,9537459712,23746052096,True,False,False,usable_answer_line
SEC_0029_32K,SEC_0029,SEC,DIRECT_RETRIEVAL,32K,SUCCESS,32723,11,2.9033704409375787,12619176448,23746052096,True,False,False,usable_answer_line
SEC_0029_4K,SEC_0029,SEC,DIRECT_RETRIEVAL,4K,SUCCESS,4319,9,0.32847333420068026,7252305920,23746052096,True,False,False,usable_answer_line
SEC_0029_64K,SEC_0029,SEC,DIRECT_RETRIEVAL,64K,SUCCESS,65296,11,7.958648066967726,18772879872,23746052096,True,False,False,usable_answer_line
SEC_0029_82K,SEC_0029,SEC,DIRECT_RETRIEVAL,82K,SUCCESS,81733,11,11.399327103979886,21879782912,23746052096,True,False,False,usable_answer_line
SEC_0029_8K,SEC_0029,SEC,DIRECT_RETRIEVAL,8K,SUCCESS,8386,9,0.6077183745801449,8019166720,23746052096,True,False,False,usable_answer_line
SEC_0030_16K,SEC_0030,SEC,DIRECT_RETRIEVAL,16K,SUCCESS,16478,11,1.2541496371850371,9548787200,23746052096,True,False,False,usable_answer_line
SEC_0030_32K,SEC_0030,SEC,DIRECT_RETRIEVAL,32K,SUCCESS,32728,11,2.9042240837588906,12619977216,23746052096,True,False,False,usable_answer_line
SEC_0030_4K,SEC_0030,SEC,DIRECT_RETRIEVAL,4K,SUCCESS,4287,9,0.3170736404135823,7246323712,23746052096,True,False,False,usable_answer_line
SEC_0030_64K,SEC_0030,SEC,DIRECT_RETRIEVAL,64K,SUCCESS,65341,11,7.964139834977686,18781382144,23746052096,True,False,False,usable_answer_line
SEC_0030_82K,SEC_0030,SEC,DIRECT_RETRIEVAL,82K,SUCCESS,81671,11,11.367636455222964,21867100672,23746052096,True,False,False,usable_answer_line
SEC_0030_8K,SEC_0030,SEC,DIRECT_RETRIEVAL,8K,SUCCESS,8379,11,0.6335220336914062,8017842688,23746052096,True,False,False,usable_answer_line
SEC_0031_16K,SEC_0031,SEC,DIRECT_RETRIEVAL,16K,SUCCESS,16523,9,1.242407649755478,9556734464,23746052096,True,False,False,usable_answer_line
SEC_0031_32K,SEC_0031,SEC,DIRECT_RETRIEVAL,32K,SUCCESS,32693,11,2.89968479052186,12614112768,23746052096,True,False,False,usable_answer_line
SEC_0031_4K,SEC_0031,SEC,DIRECT_RETRIEVAL,4K,SUCCESS,4232,11,0.3452824102714658,7236045312,23746052096,True,False,False,usable_answer_line
SEC_0031_64K,SEC_0031,SEC,DIRECT_RETRIEVAL,64K,SUCCESS,65332,11,7.94931451510638,18779681280,23746052096,True,False,False,usable_answer_line
SEC_0031_82K,SEC_0031,SEC,DIRECT_RETRIEVAL,82K,SUCCESS,81769,11,11.381153525784612,21885994496,23746052096,True,False,False,usable_answer_line
SEC_0031_8K,SEC_0031,SEC,DIRECT_RETRIEVAL,8K,SUCCESS,8293,9,0.6073887683451176,8001592832,23746052096,True,False,False,usable_answer_line
SEC_0032_16K,SEC_0032,SEC,DIRECT_RETRIEVAL,16K,SUCCESS,16512,9,1.2294988203793764,9554653696,23746052096,True,False,False,usable_answer_line
SEC_0032_32K,SEC_0032,SEC,DIRECT_RETRIEVAL,32K,SUCCESS,32795,11,2.9390415539965034,12631491072,23746052096,True,False,False,usable_answer_line
SEC_0032_4K,SEC_0032,SEC,DIRECT_RETRIEVAL,4K,SUCCESS,4229,9,0.31694275606423616,7235484672,23746052096,True,False,False,usable_answer_line
SEC_0032_64K,SEC_0032,SEC,DIRECT_RETRIEVAL,64K,SUCCESS,65327,9,7.885575648397207,18778737152,23746052096,True,False,False,usable_answer_line
SEC_0032_82K,SEC_0032,SEC,DIRECT_RETRIEVAL,82K,SUCCESS,81753,9,11.290719863958657,21883233792,23746052096,True,False,False,usable_answer_line
SEC_0032_8K,SEC_0032,SEC,DIRECT_RETRIEVAL,8K,SUCCESS,8318,11,0.6334109688177705,8006315520,23746052096,True,False,False,usable_answer_line
SEC_0033_16K,SEC_0033,SEC,DIRECT_RETRIEVAL,16K,SUCCESS,16504,9,1.2277249684557319,9553273344,23746052096,True,False,False,usable_answer_line
SEC_0033_32K,SEC_0033,SEC,DIRECT_RETRIEVAL,32K,SUCCESS,32735,11,2.9074076265096664,12621099520,23746052096,True,False,False,usable_answer_line
SEC_0033_4K,SEC_0033,SEC,DIRECT_RETRIEVAL,4K,SUCCESS,4286,11,0.35306691098958254,7246136832,23746052096,True,False,False,usable_answer_line
SEC_0033_64K,SEC_0033,SEC,DIRECT_RETRIEVAL,64K,SUCCESS,65314,11,7.964640533551574,18776280576,23746052096,True,False,False,usable_answer_line
SEC_0033_82K,SEC_0033,SEC,DIRECT_RETRIEVAL,82K,SUCCESS,81741,11,11.387235059402883,21881163264,23746052096,True,False,False,usable_answer_line
SEC_0033_8K,SEC_0033,SEC,DIRECT_RETRIEVAL,8K,SUCCESS,8386,9,0.6106631048023701,8019166720,23746052096,True,False,False,usable_answer_line
SEC_0034_16K,SEC_0034,SEC,DIRECT_RETRIEVAL,16K,SUCCESS,16427,11,1.253548128530383,9538593280,23746052096,True,False,False,usable_answer_line
SEC_0034_32K,SEC_0034,SEC,DIRECT_RETRIEVAL,32K,SUCCESS,32774,11,2.9416551142930984,12627523072,23746052096,True,False,False,usable_answer_line
SEC_0034_4K,SEC_0034,SEC,DIRECT_RETRIEVAL,4K,SUCCESS,4254,11,0.34167714323848486,7240611328,23746052096,True,False,False,usable_answer_line
SEC_0034_64K,SEC_0034,SEC,DIRECT_RETRIEVAL,64K,SUCCESS,65259,11,7.950068309903145,18766232064,23746052096,True,False,False,usable_answer_line
SEC_0034_82K,SEC_0034,SEC,DIRECT_RETRIEVAL,82K,SUCCESS,81682,9,11.272616727277637,21869178368,23746052096,True,False,False,usable_answer_line
SEC_0034_8K,SEC_0034,SEC,DIRECT_RETRIEVAL,8K,SUCCESS,8322,11,0.6300389403477311,8007073280,23746052096,True,False,False,usable_answer_line
SEC_0035_16K,SEC_0035,SEC,DIRECT_RETRIEVAL,16K,SUCCESS,16495,11,1.2597218714654446,9551720960,23746052096,True,False,False,usable_answer_line
SEC_0035_32K,SEC_0035,SEC,DIRECT_RETRIEVAL,32K,SUCCESS,32789,11,2.9383806632831693,12630357504,23746052096,True,False,False,usable_answer_line
SEC_0035_4K,SEC_0035,SEC,DIRECT_RETRIEVAL,4K,SUCCESS,4216,8,0.3105201292783022,7233053184,23746052096,True,False,False,usable_answer_line
SEC_0035_64K,SEC_0035,SEC,DIRECT_RETRIEVAL,64K,SUCCESS,65298,11,7.961195606738329,18773257728,23746052096,True,False,False,usable_answer_line
SEC_0035_82K,SEC_0035,SEC,DIRECT_RETRIEVAL,82K,SUCCESS,81724,11,11.37516120634973,21877113344,23746052096,True,False,False,usable_answer_line
SEC_0035_8K,SEC_0035,SEC,DIRECT_RETRIEVAL,8K,SUCCESS,8314,11,0.6302876984700561,8005559808,23746052096,True,False,False,usable_answer_line
SEC_0036_16K,SEC_0036,SEC,DIRECT_RETRIEVAL,16K,SUCCESS,16449,9,1.2296835342422128,9543783936,23746052096,True,False,False,usable_answer_line
SEC_0036_32K,SEC_0036,SEC,DIRECT_RETRIEVAL,32K,SUCCESS,32750,9,2.8568116668611765,12624240128,23746052096,True,False,False,usable_answer_line
SEC_0036_4K,SEC_0036,SEC,DIRECT_RETRIEVAL,4K,SUCCESS,4322,9,0.32509783655405045,7252866560,23746052096,True,False,False,usable_answer_line
SEC_0036_64K,SEC_0036,SEC,DIRECT_RETRIEVAL,64K,SUCCESS,65316,9,7.894854326732457,18776658432,23746052096,True,False,False,usable_answer_line
SEC_0036_82K,SEC_0036,SEC,DIRECT_RETRIEVAL,82K,SUCCESS,81705,9,11.298047269694507,21873524224,23746052096,True,False,False,usable_answer_line
SEC_0036_8K,SEC_0036,SEC,DIRECT_RETRIEVAL,8K,SUCCESS,8353,9,0.6057278057560325,8012930560,23746052096,True,False,False,usable_answer_line
SEC_0037_16K,SEC_0037,SEC,DIRECT_RETRIEVAL,16K,SUCCESS,16492,11,1.257759197615087,9551202816,23746052096,True,False,False,usable_answer_line
SEC_0037_32K,SEC_0037,SEC,DIRECT_RETRIEVAL,32K,SUCCESS,32772,11,2.9365697987377644,12627145216,23746052096,True,False,False,usable_answer_line
SEC_0037_4K,SEC_0037,SEC,DIRECT_RETRIEVAL,4K,SUCCESS,4226,11,0.34317268896847963,7234924032,23746052096,True,False,False,usable_answer_line
SEC_0037_64K,SEC_0037,SEC,DIRECT_RETRIEVAL,64K,SUCCESS,65309,11,7.961331970058382,18775336448,23746052096,True,False,False,usable_answer_line
SEC_0037_82K,SEC_0037,SEC,DIRECT_RETRIEVAL,82K,SUCCESS,81665,11,11.361635202541947,21865967104,23746052096,True,False,False,usable_answer_line
SEC_0037_8K,SEC_0037,SEC,DIRECT_RETRIEVAL,8K,SUCCESS,8298,9,0.6075578890740871,8002536960,23746052096,True,False,False,usable_answer_line
SEC_0038_16K,SEC_0038,SEC,DIRECT_RETRIEVAL,16K,SUCCESS,16518,9,1.232398678548634,9555789312,23746052096,True,False,False,usable_answer_line
SEC_0038_32K,SEC_0038,SEC,DIRECT_RETRIEVAL,32K,SUCCESS,32776,9,2.8944779820740223,12627900928,23746052096,True,False,False,usable_answer_line
SEC_0038_4K,SEC_0038,SEC,DIRECT_RETRIEVAL,4K,SUCCESS,4233,9,0.3236809028312564,7236232192,23746052096,True,False,False,usable_answer_line
SEC_0038_64K,SEC_0038,SEC,DIRECT_RETRIEVAL,64K,SUCCESS,65227,9,7.870245236903429,18760710656,23746052096,True,False,False,usable_answer_line
SEC_0038_82K,SEC_0038,SEC,DIRECT_RETRIEVAL,82K,SUCCESS,81696,9,11.273150442168117,21871823360,23746052096,True,False,False,usable_answer_line
SEC_0038_8K,SEC_0038,SEC,DIRECT_RETRIEVAL,8K,SUCCESS,8361,9,0.6085199592635036,8014441984,23746052096,True,False,False,usable_answer_line
SEC_0039_16K,SEC_0039,SEC,DIRECT_RETRIEVAL,16K,SUCCESS,16498,9,1.224951984360814,9552238080,23746052096,True,False,False,usable_answer_line
SEC_0039_32K,SEC_0039,SEC,DIRECT_RETRIEVAL,32K,SUCCESS,32732,10,2.8887622533366084,12620618240,23746052096,True,False,False,usable_answer_line
SEC_0039_4K,SEC_0039,SEC,DIRECT_RETRIEVAL,4K,SUCCESS,4217,9,0.3228468969464302,7233240064,23746052096,True,False,False,usable_answer_line
SEC_0039_64K,SEC_0039,SEC,DIRECT_RETRIEVAL,64K,SUCCESS,65316,9,7.884108289144933,18776658432,23746052096,True,False,False,usable_answer_line
SEC_0039_82K,SEC_0039,SEC,DIRECT_RETRIEVAL,82K,SUCCESS,81694,11,11.378608588129282,21871445504,23746052096,True,False,False,usable_answer_line
SEC_0039_8K,SEC_0039,SEC,DIRECT_RETRIEVAL,8K,SUCCESS,8343,9,0.6068345168605447,8011041280,23746052096,True,False,False,usable_answer_line
SEC_0040_16K,SEC_0040,SEC,DIRECT_RETRIEVAL,16K,SUCCESS,16526,11,1.2670341227203608,9557300736,23746052096,True,False,False,usable_answer_line
SEC_0040_32K,SEC_0040,SEC,DIRECT_RETRIEVAL,32K,SUCCESS,32716,11,2.901886978186667,12618086912,23746052096,True,False,False,usable_answer_line
SEC_0040_4K,SEC_0040,SEC,DIRECT_RETRIEVAL,4K,SUCCESS,4312,11,0.34966553188860416,7251309056,23746052096,True,False,False,usable_answer_line
SEC_0040_64K,SEC_0040,SEC,DIRECT_RETRIEVAL,64K,SUCCESS,65234,11,7.9588998621329665,18761917952,23746052096,True,False,False,usable_answer_line
SEC_0040_82K,SEC_0040,SEC,DIRECT_RETRIEVAL,82K,SUCCESS,81698,9,11.287882988341153,21872201216,23746052096,True,False,False,usable_answer_line
SEC_0040_8K,SEC_0040,SEC,DIRECT_RETRIEVAL,8K,SUCCESS,8284,11,0.6262533217668533,7999891968,23746052096,True,False,False,usable_answer_line
SEC_0041_16K,SEC_0041,SEC,DIRECT_RETRIEVAL,16K,SUCCESS,16522,11,1.2628049151971936,9556545024,23746052096,True,False,False,usable_answer_line
SEC_0041_32K,SEC_0041,SEC,DIRECT_RETRIEVAL,32K,SUCCESS,32750,11,2.9058716129511595,12624240128,23746052096,True,False,False,usable_answer_line
SEC_0041_4K,SEC_0041,SEC,DIRECT_RETRIEVAL,4K,SUCCESS,4311,11,0.3490163730457425,7251169280,23746052096,True,False,False,usable_answer_line
SEC_0041_64K,SEC_0041,SEC,DIRECT_RETRIEVAL,64K,SUCCESS,65243,11,7.959482237696648,18763471360,23746052096,True,False,False,usable_answer_line
SEC_0041_82K,SEC_0041,SEC,DIRECT_RETRIEVAL,82K,SUCCESS,81700,11,11.348909987136722,21872579072,23746052096,True,False,False,usable_answer_line
SEC_0041_8K,SEC_0041,SEC,DIRECT_RETRIEVAL,8K,SUCCESS,8340,11,0.6396554438397288,8010473984,23746052096,True,False,False,usable_answer_line
SEC_0042_16K,SEC_0042,SEC,DIRECT_RETRIEVAL,16K,SUCCESS,16513,11,1.2630441300570965,9554845184,23746052096,True,False,False,usable_answer_line
SEC_0042_32K,SEC_0042,SEC,DIRECT_RETRIEVAL,32K,SUCCESS,32689,11,2.895345412194729,12612431360,23746052096,True,False,False,usable_answer_line
SEC_0042_4K,SEC_0042,SEC,DIRECT_RETRIEVAL,4K,SUCCESS,4206,11,0.34340163972228765,7231184384,23746052096,True,False,False,usable_answer_line
SEC_0042_64K,SEC_0042,SEC,DIRECT_RETRIEVAL,64K,SUCCESS,65250,11,7.9433271354064345,18764678656,23746052096,True,False,False,usable_answer_line
SEC_0042_82K,SEC_0042,SEC,DIRECT_RETRIEVAL,82K,SUCCESS,81723,9,11.279727765358984,21876924928,23746052096,True,False,False,usable_answer_line
SEC_0042_8K,SEC_0042,SEC,DIRECT_RETRIEVAL,8K,SUCCESS,8309,9,0.606534656137228,8004615680,23746052096,True,False,False,usable_answer_line
SEC_0043_16K,SEC_0043,SEC,DIRECT_RETRIEVAL,16K,SUCCESS,16482,9,1.2257906645536423,9549477376,23746052096,True,False,False,usable_answer_line
SEC_0043_32K,SEC_0043,SEC,DIRECT_RETRIEVAL,32K,SUCCESS,32799,11,2.940543699078262,12632246784,23746052096,True,False,False,usable_answer_line
SEC_0043_4K,SEC_0043,SEC,DIRECT_RETRIEVAL,4K,SUCCESS,4327,9,0.32303307205438614,7253800960,23746052096,True,False,False,usable_answer_line
SEC_0043_64K,SEC_0043,SEC,DIRECT_RETRIEVAL,64K,SUCCESS,65245,11,7.952970703132451,18763816448,23746052096,True,False,False,usable_answer_line
SEC_0043_82K,SEC_0043,SEC,DIRECT_RETRIEVAL,82K,SUCCESS,81670,11,11.356319738551974,21866911232,23746052096,True,False,False,usable_answer_line
SEC_0043_8K,SEC_0043,SEC,DIRECT_RETRIEVAL,8K,SUCCESS,8381,9,0.6054637348279357,8019156480,20631781376,True,False,False,usable_answer_line
SEC_0044_16K,SEC_0044,SEC,DIRECT_RETRIEVAL,16K,SUCCESS,16406,9,1.2216487042605877,9534625280,23746052096,True,False,False,usable_answer_line
SEC_0044_32K,SEC_0044,SEC,DIRECT_RETRIEVAL,32K,SUCCESS,32765,9,2.8636200772598386,12626030080,23746052096,True,False,False,usable_answer_line
SEC_0044_4K,SEC_0044,SEC,DIRECT_RETRIEVAL,4K,SUCCESS,4213,11,0.3444174537435174,7232492544,23746052096,True,False,False,usable_answer_line
SEC_0044_64K,SEC_0044,SEC,DIRECT_RETRIEVAL,64K,SUCCESS,65230,9,7.882536089979112,18761227776,23746052096,True,False,False,usable_answer_line
SEC_0044_82K,SEC_0044,SEC,DIRECT_RETRIEVAL,82K,SUCCESS,81689,9,11.275930856354535,21870501376,23746052096,True,False,False,usable_answer_line
SEC_0044_8K,SEC_0044,SEC,DIRECT_RETRIEVAL,8K,SUCCESS,8331,9,0.606831188313663,8008774144,23746052096,True,False,False,usable_answer_line
SEC_0045_16K,SEC_0045,SEC,DIRECT_RETRIEVAL,16K,SUCCESS,16477,9,1.2225513979792595,9548615168,23746052096,True,False,False,usable_answer_line
SEC_0045_32K,SEC_0045,SEC,DIRECT_RETRIEVAL,32K,SUCCESS,32797,9,2.8961286451667547,12631868928,23746052096,True,False,False,usable_answer_line
SEC_0045_4K,SEC_0045,SEC,DIRECT_RETRIEVAL,4K,SUCCESS,4319,9,0.32868651766330004,7252305920,23746052096,True,False,False,usable_answer_line
SEC_0045_64K,SEC_0045,SEC,DIRECT_RETRIEVAL,64K,SUCCESS,65338,9,7.886131399311125,18780814848,23746052096,True,False,False,usable_answer_line
SEC_0045_82K,SEC_0045,SEC,DIRECT_RETRIEVAL,82K,SUCCESS,81707,9,11.27818130236119,21873902080,23746052096,True,False,False,usable_answer_line
SEC_0045_8K,SEC_0045,SEC,DIRECT_RETRIEVAL,8K,SUCCESS,8348,11,0.6348246345296502,8011985408,23746052096,True,False,False,usable_answer_line
SEC_0046_16K,SEC_0046,SEC,RETRIEVAL_CALCULATION,16K,SUCCESS,16490,8,1.2125453064218163,9550857728,23746052096,True,False,False,usable_answer_line
SEC_0046_32K,SEC_0046,SEC,RETRIEVAL_CALCULATION,32K,SUCCESS,32678,8,2.8345385501161218,12609381888,23746052096,True,False,False,usable_answer_line
SEC_0046_4K,SEC_0046,SEC,RETRIEVAL_CALCULATION,4K,SUCCESS,4260,8,0.314204441383481,7241351680,23746052096,True,False,False,usable_answer_line
SEC_0046_64K,SEC_0046,SEC,RETRIEVAL_CALCULATION,64K,SUCCESS,65320,8,7.8593492321670055,18777414144,23746052096,True,False,False,usable_answer_line
SEC_0046_82K,SEC_0046,SEC,RETRIEVAL_CALCULATION,82K,SUCCESS,81775,8,11.267278314568102,21887029760,23746052096,True,False,False,usable_answer_line
SEC_0046_8K,SEC_0046,SEC,RETRIEVAL_CALCULATION,8K,SUCCESS,8387,8,0.6027935612946749,8019356160,23746052096,True,False,False,usable_answer_line
SEC_0047_16K,SEC_0047,SEC,RETRIEVAL_CALCULATION,16K,SUCCESS,16443,11,1.2429057750850916,9541616128,23746052096,True,False,False,usable_answer_line
SEC_0047_32K,SEC_0047,SEC,RETRIEVAL_CALCULATION,32K,SUCCESS,32736,8,2.8353327475488186,12621259264,23746052096,True,False,False,usable_answer_line
SEC_0047_4K,SEC_0047,SEC,RETRIEVAL_CALCULATION,4K,SUCCESS,4330,10,0.3455857550725341,7254361600,23746052096,True,False,False,usable_answer_line
SEC_0047_64K,SEC_0047,SEC,RETRIEVAL_CALCULATION,64K,SUCCESS,65260,8,7.836061151698232,18766404096,23746052096,True,False,False,usable_answer_line
SEC_0047_82K,SEC_0047,SEC,RETRIEVAL_CALCULATION,82K,SUCCESS,81704,8,11.227864872664213,21873334784,23746052096,True,False,False,usable_answer_line
SEC_0047_8K,SEC_0047,SEC,RETRIEVAL_CALCULATION,8K,SUCCESS,8373,8,0.5938877621665597,8016709120,23746052096,True,False,False,usable_answer_line
SEC_0048_16K,SEC_0048,SEC,RETRIEVAL_CALCULATION,16K,SUCCESS,16442,8,1.209075746126473,9541426688,23746052096,True,False,False,usable_answer_line
SEC_0048_32K,SEC_0048,SEC,RETRIEVAL_CALCULATION,32K,SUCCESS,32755,8,2.83547090459615,12624837120,23746052096,True,False,False,usable_answer_line
SEC_0048_4K,SEC_0048,SEC,RETRIEVAL_CALCULATION,4K,SUCCESS,4300,8,0.32002932485193014,7249631744,23746052096,True,False,False,usable_answer_line
SEC_0048_64K,SEC_0048,SEC,RETRIEVAL_CALCULATION,64K,SUCCESS,65268,8,7.836468840949237,18767784448,23746052096,True,False,False,usable_answer_line
SEC_0048_82K,SEC_0048,SEC,RETRIEVAL_CALCULATION,82K,SUCCESS,81687,8,11.230590322986245,21870123520,23746052096,True,False,False,usable_answer_line
SEC_0048_8K,SEC_0048,SEC,RETRIEVAL_CALCULATION,8K,SUCCESS,8343,8,0.59757518209517,8011041280,23746052096,True,False,False,usable_answer_line
SEC_0049_16K,SEC_0049,SEC,RETRIEVAL_CALCULATION,16K,SUCCESS,16431,10,1.2390928864479065,9539348992,23746052096,True,False,False,usable_answer_line
SEC_0049_32K,SEC_0049,SEC,RETRIEVAL_CALCULATION,32K,SUCCESS,32799,10,2.925676462240517,12632246784,23746052096,True,False,False,usable_answer_line
SEC_0049_4K,SEC_0049,SEC,RETRIEVAL_CALCULATION,4K,SUCCESS,4265,10,0.33545479737222195,7242212352,23746052096,True,False,False,usable_answer_line
SEC_0049_64K,SEC_0049,SEC,RETRIEVAL_CALCULATION,64K,SUCCESS,65329,10,7.926121906377375,18779115008,23746052096,True,False,False,usable_answer_line
SEC_0049_82K,SEC_0049,SEC,RETRIEVAL_CALCULATION,82K,SUCCESS,81746,10,11.340518657118082,21882025472,23746052096,True,False,False,usable_answer_line
SEC_0049_8K,SEC_0049,SEC,RETRIEVAL_CALCULATION,8K,SUCCESS,8364,9,0.6120398556813598,8015008256,23746052096,True,False,False,usable_answer_line
SEC_0050_16K,SEC_0050,SEC,RETRIEVAL_CALCULATION,16K,SUCCESS,16448,11,1.257671914063394,9543608832,23746052096,True,False,False,usable_answer_line
SEC_0050_32K,SEC_0050,SEC,RETRIEVAL_CALCULATION,32K,SUCCESS,32793,8,2.870087224058807,12631113216,23746052096,True,False,False,usable_answer_line
SEC_0050_4K,SEC_0050,SEC,RETRIEVAL_CALCULATION,4K,SUCCESS,4335,8,0.32296872325241566,7255296000,23704109056,True,False,False,usable_answer_line
SEC_0050_64K,SEC_0050,SEC,RETRIEVAL_CALCULATION,64K,SUCCESS,65274,8,7.857502315193415,18768819712,23746052096,True,False,False,usable_answer_line
SEC_0050_82K,SEC_0050,SEC,RETRIEVAL_CALCULATION,82K,SUCCESS,81657,8,11.236775343306363,21864453632,23746052096,True,False,False,usable_answer_line
SEC_0050_8K,SEC_0050,SEC,RETRIEVAL_CALCULATION,8K,SUCCESS,8329,11,0.6347628589719534,8008396288,23746052096,True,False,False,usable_answer_line
SEC_0051_16K,SEC_0051,SEC,RETRIEVAL_CALCULATION,16K,SUCCESS,16471,8,1.21023921482265,9547579904,23746052096,True,False,False,usable_answer_line
SEC_0051_32K,SEC_0051,SEC,RETRIEVAL_CALCULATION,32K,SUCCESS,32794,8,2.8709068689495325,12631301632,23746052096,True,False,False,usable_answer_line
SEC_0051_4K,SEC_0051,SEC,RETRIEVAL_CALCULATION,4K,SUCCESS,4329,8,0.3126656338572502,7254174720,23746052096,True,False,False,usable_answer_line
SEC_0051_64K,SEC_0051,SEC,RETRIEVAL_CALCULATION,64K,SUCCESS,65302,8,7.851560316979885,18774013440,23746052096,True,False,False,usable_answer_line
SEC_0051_82K,SEC_0051,SEC,RETRIEVAL_CALCULATION,82K,SUCCESS,81759,8,11.258986773900688,21884269056,23746052096,True,False,False,usable_answer_line
SEC_0051_8K,SEC_0051,SEC,RETRIEVAL_CALCULATION,8K,SUCCESS,8348,8,0.5955817392095923,8011985408,23746052096,True,False,False,usable_answer_line
SEC_0052_16K,SEC_0052,SEC,RETRIEVAL_CALCULATION,16K,SUCCESS,16488,9,1.2334888195618987,9550512640,23746052096,True,False,False,usable_answer_line
SEC_0052_32K,SEC_0052,SEC,RETRIEVAL_CALCULATION,32K,SUCCESS,32779,8,2.868673602119088,12628468224,23746052096,True,False,False,usable_answer_line
SEC_0052_4K,SEC_0052,SEC,RETRIEVAL_CALCULATION,4K,SUCCESS,4333,8,0.3117905845865607,7254922240,23746052096,True,False,False,usable_answer_line
SEC_0052_64K,SEC_0052,SEC,RETRIEVAL_CALCULATION,64K,SUCCESS,65339,8,7.845354034565389,18781004288,23746052096,True,False,False,usable_answer_line
SEC_0052_82K,SEC_0052,SEC,RETRIEVAL_CALCULATION,82K,SUCCESS,81774,8,11.25142888724804,21886856704,23746052096,True,False,False,usable_answer_line
SEC_0052_8K,SEC_0052,SEC,RETRIEVAL_CALCULATION,8K,SUCCESS,8404,8,0.598507952876389,8022567424,23746052096,True,False,False,usable_answer_line
SEC_0053_16K,SEC_0053,SEC,RETRIEVAL_CALCULATION,16K,SUCCESS,16535,10,1.2441174099221826,9559001600,23746052096,True,False,False,usable_answer_line
SEC_0053_32K,SEC_0053,SEC,RETRIEVAL_CALCULATION,32K,SUCCESS,32795,10,2.919302314519882,12631491072,23746052096,True,False,False,usable_answer_line
SEC_0053_4K,SEC_0053,SEC,RETRIEVAL_CALCULATION,4K,SUCCESS,4246,8,0.31524449121207,7239624192,23746052096,True,False,False,usable_answer_line
SEC_0053_64K,SEC_0053,SEC,RETRIEVAL_CALCULATION,64K,SUCCESS,65257,8,7.8387125274166465,18765886976,23746052096,True,False,False,usable_answer_line
SEC_0053_82K,SEC_0053,SEC,RETRIEVAL_CALCULATION,82K,SUCCESS,81759,8,11.255943397060037,21884269056,23746052096,True,False,False,usable_answer_line
SEC_0053_8K,SEC_0053,SEC,RETRIEVAL_CALCULATION,8K,SUCCESS,8329,8,0.5933670969679952,8008396288,23746052096,True,False,False,usable_answer_line
SEC_0054_16K,SEC_0054,SEC,RETRIEVAL_CALCULATION,16K,SUCCESS,16510,10,1.2426624204963446,9554308608,23746052096,True,False,False,usable_answer_line
SEC_0054_32K,SEC_0054,SEC,RETRIEVAL_CALCULATION,32K,SUCCESS,32780,11,2.9423034209758043,12628656640,23746052096,True,False,False,usable_answer_line
SEC_0054_4K,SEC_0054,SEC,RETRIEVAL_CALCULATION,4K,SUCCESS,4285,11,0.3517937436699867,7245949952,23746052096,True,False,False,usable_answer_line
SEC_0054_64K,SEC_0054,SEC,RETRIEVAL_CALCULATION,64K,SUCCESS,65359,10,7.933222586289048,18784784896,23746052096,True,False,False,usable_answer_line
SEC_0054_82K,SEC_0054,SEC,RETRIEVAL_CALCULATION,82K,SUCCESS,81774,10,11.348084923811257,21886856704,23746052096,True,False,False,usable_answer_line
SEC_0054_8K,SEC_0054,SEC,RETRIEVAL_CALCULATION,8K,SUCCESS,8406,10,0.6251867823302746,8022945280,23746052096,True,False,False,usable_answer_line
SEC_0055_16K,SEC_0055,SEC,RETRIEVAL_CALCULATION,16K,SUCCESS,16430,10,1.2272040275856853,9539159552,23746052096,True,False,False,usable_answer_line
SEC_0055_32K,SEC_0055,SEC,RETRIEVAL_CALCULATION,32K,SUCCESS,32696,10,2.876183389686048,12614519296,23746052096,True,False,False,usable_answer_line
SEC_0055_4K,SEC_0055,SEC,RETRIEVAL_CALCULATION,4K,SUCCESS,4331,8,0.31120752170681953,7254548480,23746052096,True,False,False,usable_answer_line
SEC_0055_64K,SEC_0055,SEC,RETRIEVAL_CALCULATION,64K,SUCCESS,65338,10,7.921869690530002,18780814848,23746052096,True,False,False,usable_answer_line
SEC_0055_82K,SEC_0055,SEC,RETRIEVAL_CALCULATION,82K,SUCCESS,81746,10,11.337531064637005,21882025472,23746052096,True,False,False,usable_answer_line
SEC_0055_8K,SEC_0055,SEC,RETRIEVAL_CALCULATION,8K,SUCCESS,8292,8,0.5948272300884128,8001403392,23746052096,True,False,False,usable_answer_line
SEC_0056_16K,SEC_0056,SEC,RETRIEVAL_CALCULATION,16K,SUCCESS,16459,8,1.2086746152490377,9545509376,23746052096,True,False,False,usable_answer_line
SEC_0056_32K,SEC_0056,SEC,RETRIEVAL_CALCULATION,32K,SUCCESS,32774,8,2.8784952964633703,12627523072,23746052096,True,False,False,usable_answer_line
SEC_0056_4K,SEC_0056,SEC,RETRIEVAL_CALCULATION,4K,SUCCESS,4252,10,0.3347696512937546,7240364544,23746052096,True,False,False,usable_answer_line
SEC_0056_64K,SEC_0056,SEC,RETRIEVAL_CALCULATION,64K,SUCCESS,65261,8,7.838111530058086,18766577152,23746052096,True,False,False,usable_answer_line
SEC_0056_82K,SEC_0056,SEC,RETRIEVAL_CALCULATION,82K,SUCCESS,81696,8,11.217480145394802,21871823360,23746052096,True,False,False,usable_answer_line
SEC_0056_8K,SEC_0056,SEC,RETRIEVAL_CALCULATION,8K,SUCCESS,8355,8,0.5975753553211689,8013308416,23746052096,True,False,False,usable_answer_line
SEC_0057_16K,SEC_0057,SEC,RETRIEVAL_CALCULATION,16K,SUCCESS,16434,8,1.2072461023926735,9539915264,23746052096,True,False,False,usable_answer_line
SEC_0057_32K,SEC_0057,SEC,RETRIEVAL_CALCULATION,32K,SUCCESS,32715,8,2.8365663094446063,12617968128,23746052096,True,False,False,usable_answer_line
SEC_0057_4K,SEC_0057,SEC,RETRIEVAL_CALCULATION,4K,SUCCESS,4336,11,0.3454855661839247,7255482880,23746052096,True,False,False,usable_answer_line
SEC_0057_64K,SEC_0057,SEC,RETRIEVAL_CALCULATION,64K,SUCCESS,65294,8,7.850157544016838,18772502016,23746052096,True,False,False,usable_answer_line
SEC_0057_82K,SEC_0057,SEC,RETRIEVAL_CALCULATION,82K,SUCCESS,81661,8,11.224611923098564,21865209344,23746052096,True,False,False,usable_answer_line
SEC_0057_8K,SEC_0057,SEC,RETRIEVAL_CALCULATION,8K,SUCCESS,8323,11,0.634402533993125,8007262720,23746052096,True,False,False,usable_answer_line
SEC_0058_16K,SEC_0058,SEC,RETRIEVAL_CALCULATION,16K,SUCCESS,16468,10,1.239595522172749,9547061760,23746052096,True,False,False,usable_answer_line
SEC_0058_32K,SEC_0058,SEC,RETRIEVAL_CALCULATION,32K,SUCCESS,32754,10,2.879493920132518,12624717312,23746052096,True,False,False,usable_answer_line
SEC_0058_4K,SEC_0058,SEC,RETRIEVAL_CALCULATION,4K,SUCCESS,4333,10,0.33945070765912533,7254922240,23746052096,True,False,False,usable_answer_line
SEC_0058_64K,SEC_0058,SEC,RETRIEVAL_CALCULATION,64K,SUCCESS,65288,10,7.934325183741748,18771368448,23746052096,True,False,False,usable_answer_line
SEC_0058_82K,SEC_0058,SEC,RETRIEVAL_CALCULATION,82K,SUCCESS,81765,10,11.345825258642435,21885304320,23746052096,True,False,False,usable_answer_line
SEC_0058_8K,SEC_0058,SEC,RETRIEVAL_CALCULATION,8K,SUCCESS,8295,10,0.6160175399854779,8001970688,23746052096,True,False,False,usable_answer_line
SEC_0059_16K,SEC_0059,SEC,RETRIEVAL_CALCULATION,16K,SUCCESS,16469,10,1.240831925533712,9547234816,23746052096,True,False,False,usable_answer_line
SEC_0059_32K,SEC_0059,SEC,RETRIEVAL_CALCULATION,32K,SUCCESS,32704,11,2.901867588981986,12616653312,23746052096,True,False,False,usable_answer_line
SEC_0059_4K,SEC_0059,SEC,RETRIEVAL_CALCULATION,4K,SUCCESS,4334,10,0.34189909789711237,7255109120,23746052096,True,False,False,usable_answer_line
SEC_0059_64K,SEC_0059,SEC,RETRIEVAL_CALCULATION,64K,SUCCESS,65340,8,7.8455160623416305,18781192704,23746052096,True,False,False,usable_answer_line
SEC_0059_82K,SEC_0059,SEC,RETRIEVAL_CALCULATION,82K,SUCCESS,81775,9,11.288791495375335,21887029760,23746052096,True,False,False,usable_answer_line
SEC_0059_8K,SEC_0059,SEC,RETRIEVAL_CALCULATION,8K,SUCCESS,8334,10,0.6043874071910977,8009340416,23746052096,True,False,False,usable_answer_line
SEC_0060_16K,SEC_0060,SEC,RETRIEVAL_CALCULATION,16K,SUCCESS,16496,8,1.218896041624248,9551892992,23746052096,True,False,False,usable_answer_line
SEC_0060_32K,SEC_0060,SEC,RETRIEVAL_CALCULATION,32K,SUCCESS,32799,8,2.873438355512917,12632246784,23746052096,True,False,False,usable_answer_line
SEC_0060_4K,SEC_0060,SEC,RETRIEVAL_CALCULATION,4K,SUCCESS,4331,8,0.3143592830747366,7254548480,23746052096,True,False,False,usable_answer_line
SEC_0060_64K,SEC_0060,SEC,RETRIEVAL_CALCULATION,64K,SUCCESS,65304,10,7.917159838601947,18774391296,23746052096,True,False,False,usable_answer_line
SEC_0060_82K,SEC_0060,SEC,RETRIEVAL_CALCULATION,82K,SUCCESS,81755,8,11.247909447178245,21883578880,23746052096,True,False,False,usable_answer_line
SEC_0060_8K,SEC_0060,SEC,RETRIEVAL_CALCULATION,8K,SUCCESS,8390,8,0.6104624653235078,8019922432,23746052096,True,False,False,usable_answer_line
SEC_0061_16K,SEC_0061,SEC,RETRIEVAL_CALCULATION,16K,SUCCESS,16452,10,1.240241595543921,9544301056,23746052096,True,False,False,usable_answer_line
SEC_0061_32K,SEC_0061,SEC,RETRIEVAL_CALCULATION,32K,SUCCESS,32774,8,2.875311174429953,12627523072,23746052096,True,False,False,usable_answer_line
SEC_0061_4K,SEC_0061,SEC,RETRIEVAL_CALCULATION,4K,SUCCESS,4331,8,0.30946925189346075,7254548480,23746052096,True,False,False,usable_answer_line
SEC_0061_64K,SEC_0061,SEC,RETRIEVAL_CALCULATION,64K,SUCCESS,65302,10,7.916646935045719,18774013440,23746052096,True,False,False,usable_answer_line
SEC_0061_82K,SEC_0061,SEC,RETRIEVAL_CALCULATION,82K,SUCCESS,81696,10,11.316643261350691,21871823360,23746052096,True,False,False,usable_answer_line
SEC_0061_8K,SEC_0061,SEC,RETRIEVAL_CALCULATION,8K,SUCCESS,8345,8,0.5974900489673018,8011419136,23746052096,True,False,False,usable_answer_line
SEC_0062_16K,SEC_0062,SEC,RETRIEVAL_CALCULATION,16K,SUCCESS,16463,10,1.243416073732078,9546199552,23746052096,True,False,False,usable_answer_line
SEC_0062_32K,SEC_0062,SEC,RETRIEVAL_CALCULATION,32K,SUCCESS,32798,8,2.874392433091998,12632057344,23746052096,True,False,False,usable_answer_line
SEC_0062_4K,SEC_0062,SEC,RETRIEVAL_CALCULATION,4K,SUCCESS,4230,8,0.3133387379348278,7235671552,23746052096,True,False,False,usable_answer_line
SEC_0062_64K,SEC_0062,SEC,RETRIEVAL_CALCULATION,64K,SUCCESS,65296,8,7.849556840956211,18772879872,23746052096,True,False,False,usable_answer_line
SEC_0062_82K,SEC_0062,SEC,RETRIEVAL_CALCULATION,82K,SUCCESS,81771,8,11.236685688607395,21886339584,23746052096,True,False,False,usable_answer_line
SEC_0062_8K,SEC_0062,SEC,RETRIEVAL_CALCULATION,8K,SUCCESS,8322,8,0.5971541460603476,8007073280,23746052096,True,False,False,usable_answer_line
SEC_0063_16K,SEC_0063,SEC,RETRIEVAL_CALCULATION,16K,SUCCESS,16529,8,1.2161215767264366,9557868032,23746052096,True,False,False,usable_answer_line
SEC_0063_32K,SEC_0063,SEC,RETRIEVAL_CALCULATION,32K,SUCCESS,32804,8,2.8694969983771443,12633190912,23746052096,True,False,False,usable_answer_line
SEC_0063_4K,SEC_0063,SEC,RETRIEVAL_CALCULATION,4K,SUCCESS,4227,8,0.30943991616368294,7235110912,23746052096,True,False,False,usable_answer_line
SEC_0063_64K,SEC_0063,SEC,RETRIEVAL_CALCULATION,64K,SUCCESS,65318,10,7.9260777765884995,18777036288,23746052096,True,False,False,usable_answer_line
SEC_0063_82K,SEC_0063,SEC,RETRIEVAL_CALCULATION,82K,SUCCESS,81755,8,11.261254843324423,21883578880,23746052096,True,False,False,usable_answer_line
SEC_0063_8K,SEC_0063,SEC,RETRIEVAL_CALCULATION,8K,SUCCESS,8293,8,0.5947294738143682,8001592832,23746052096,True,False,False,usable_answer_line
SEC_0064_16K,SEC_0064,SEC,RETRIEVAL_CALCULATION,16K,SUCCESS,16481,8,1.2055795472115278,9549305344,23746052096,True,False,False,usable_answer_line
SEC_0064_32K,SEC_0064,SEC,RETRIEVAL_CALCULATION,32K,SUCCESS,32727,8,2.8367746993899345,12619817472,23746052096,True,False,False,usable_answer_line
SEC_0064_4K,SEC_0064,SEC,RETRIEVAL_CALCULATION,4K,SUCCESS,4337,8,0.32284597121179104,7255669760,23746052096,True,False,False,usable_answer_line
SEC_0064_64K,SEC_0064,SEC,RETRIEVAL_CALCULATION,64K,SUCCESS,65349,10,7.934580107219517,18782895616,23746052096,True,False,False,usable_answer_line
SEC_0064_82K,SEC_0064,SEC,RETRIEVAL_CALCULATION,82K,CUDA_OOM,81779,0,,20213312000,24270340096,False,,,
SEC_0064_8K,SEC_0064,SEC,RETRIEVAL_CALCULATION,8K,SUCCESS,8366,8,0.5973640773445368,8015386112,23746052096,True,False,False,usable_answer_line
SEC_0065_16K,SEC_0065,SEC,RETRIEVAL_CALCULATION,16K,SUCCESS,16535,8,1.2167405560612679,9559001600,23746052096,True,False,False,usable_answer_line
SEC_0065_32K,SEC_0065,SEC,RETRIEVAL_CALCULATION,32K,SUCCESS,32745,8,2.8356576142832637,12623644160,23746052096,True,False,False,usable_answer_line
SEC_0065_4K,SEC_0065,SEC,RETRIEVAL_CALCULATION,4K,SUCCESS,4336,10,0.3422116842120886,7255482880,23746052096,True,False,False,usable_answer_line
SEC_0065_64K,SEC_0065,SEC,RETRIEVAL_CALCULATION,64K,SUCCESS,65326,8,7.857633277773857,18778547712,23746052096,True,False,False,usable_answer_line
SEC_0065_82K,SEC_0065,SEC,RETRIEVAL_CALCULATION,82K,SUCCESS,81673,11,11.373468189500272,21867478528,23746052096,True,False,False,usable_answer_line
SEC_0065_8K,SEC_0065,SEC,RETRIEVAL_CALCULATION,8K,SUCCESS,8348,8,0.5911181047558784,8011985408,23746052096,True,False,False,usable_answer_line
SEC_0066_16K,SEC_0066,SEC,RETRIEVAL_CALCULATION,16K,SUCCESS,16537,8,1.2196809835731983,9559379456,23746052096,True,False,False,usable_answer_line
SEC_0066_32K,SEC_0066,SEC,RETRIEVAL_CALCULATION,32K,SUCCESS,32752,8,2.8457339880988,12624478720,23746052096,True,False,False,usable_answer_line
SEC_0066_4K,SEC_0066,SEC,RETRIEVAL_CALCULATION,4K,SUCCESS,4309,8,0.31893376260995865,7250889728,23746052096,True,False,False,usable_answer_line
SEC_0066_64K,SEC_0066,SEC,RETRIEVAL_CALCULATION,64K,SUCCESS,65331,8,7.8459760854020715,18779492864,23746052096,True,False,False,usable_answer_line
SEC_0066_82K,SEC_0066,SEC,RETRIEVAL_CALCULATION,82K,SUCCESS,81697,8,11.25448284111917,21872012800,23746052096,True,False,False,usable_answer_line
SEC_0066_8K,SEC_0066,SEC,RETRIEVAL_CALCULATION,8K,SUCCESS,8328,8,0.5908603267744184,8008206848,23746052096,True,False,False,usable_answer_line
SEC_0067_16K,SEC_0067,SEC,RETRIEVAL_CALCULATION,16K,SUCCESS,16444,8,1.2107140645384789,9541804544,23746052096,True,False,False,usable_answer_line
SEC_0067_32K,SEC_0067,SEC,RETRIEVAL_CALCULATION,32K,SUCCESS,32767,8,2.8347286749631166,12626268672,23746052096,True,False,False,usable_answer_line
SEC_0067_4K,SEC_0067,SEC,RETRIEVAL_CALCULATION,4K,SUCCESS,4250,8,0.30895067006349564,7240117760,23746052096,True,False,False,usable_answer_line
SEC_0067_64K,SEC_0067,SEC,RETRIEVAL_CALCULATION,64K,SUCCESS,65310,8,7.83679655008018,18775524864,23746052096,True,False,False,usable_answer_line
SEC_0067_82K,SEC_0067,SEC,RETRIEVAL_CALCULATION,82K,SUCCESS,81718,8,11.235151783563197,21875979776,23746052096,True,False,False,usable_answer_line
SEC_0067_8K,SEC_0067,SEC,RETRIEVAL_CALCULATION,8K,SUCCESS,8385,8,0.6002809638157487,8018978304,23746052096,True,False,False,usable_answer_line
SEC_0068_16K,SEC_0068,SEC,RETRIEVAL_CALCULATION,16K,SUCCESS,16508,8,1.2094184579327703,9553963520,23746052096,True,False,False,usable_answer_line
SEC_0068_32K,SEC_0068,SEC,RETRIEVAL_CALCULATION,32K,SUCCESS,32783,11,2.940476377494633,12629223936,23746052096,True,False,False,usable_answer_line
SEC_0068_4K,SEC_0068,SEC,RETRIEVAL_CALCULATION,4K,SUCCESS,4290,8,0.31454772409051657,7246886400,23746052096,True,False,False,usable_answer_line
SEC_0068_64K,SEC_0068,SEC,RETRIEVAL_CALCULATION,64K,SUCCESS,65323,8,7.859915163367987,18777981440,23746052096,True,False,False,usable_answer_line
SEC_0068_82K,SEC_0068,SEC,RETRIEVAL_CALCULATION,82K,SUCCESS,81737,8,11.245677812024951,21880473088,23746052096,True,False,False,usable_answer_line
SEC_0068_8K,SEC_0068,SEC,RETRIEVAL_CALCULATION,8K,SUCCESS,8402,8,0.5915113966912031,8022189568,23746052096,True,False,False,usable_answer_line
SEC_0069_16K,SEC_0069,SEC,RETRIEVAL_CALCULATION,16K,SUCCESS,16512,8,1.2182666724547744,9554653696,23746052096,True,False,False,usable_answer_line
SEC_0069_32K,SEC_0069,SEC,RETRIEVAL_CALCULATION,32K,SUCCESS,32798,8,2.8779967185109854,12632057344,23746052096,True,False,False,usable_answer_line
SEC_0069_4K,SEC_0069,SEC,RETRIEVAL_CALCULATION,4K,SUCCESS,4295,8,0.31730613857507706,7247820800,23746052096,True,False,False,usable_answer_line
SEC_0069_64K,SEC_0069,SEC,RETRIEVAL_CALCULATION,64K,SUCCESS,65318,8,7.848731607198715,18777036288,23746052096,True,False,False,usable_answer_line
SEC_0069_82K,SEC_0069,SEC,RETRIEVAL_CALCULATION,82K,SUCCESS,81674,8,11.24058104492724,21867666944,23746052096,True,False,False,usable_answer_line
SEC_0069_8K,SEC_0069,SEC,RETRIEVAL_CALCULATION,8K,SUCCESS,8392,8,0.5925181303173304,8020300288,23746052096,True,False,False,usable_answer_line
SEC_0070_16K,SEC_0070,SEC,RETRIEVAL_CALCULATION,16K,SUCCESS,16538,8,1.217740316875279,9559567872,23746052096,True,False,False,usable_answer_line
SEC_0070_32K,SEC_0070,SEC,RETRIEVAL_CALCULATION,32K,SUCCESS,32805,8,2.88045993167907,12633380352,23746052096,True,False,False,usable_answer_line
SEC_0070_4K,SEC_0070,SEC,RETRIEVAL_CALCULATION,4K,SUCCESS,4331,8,0.3115053456276655,7254548480,23746052096,True,False,False,usable_answer_line
SEC_0070_64K,SEC_0070,SEC,RETRIEVAL_CALCULATION,64K,SUCCESS,65342,8,7.8499461626634,18781570560,23746052096,True,False,False,usable_answer_line
SEC_0070_82K,SEC_0070,SEC,RETRIEVAL_CALCULATION,82K,SUCCESS,81770,8,11.248533298261464,21886166528,23746052096,True,False,False,usable_answer_line
SEC_0070_8K,SEC_0070,SEC,RETRIEVAL_CALCULATION,8K,SUCCESS,8399,8,0.5953988274559379,8021623296,23746052096,True,False,False,usable_answer_line
SEC_0071_16K,SEC_0071,SEC,RETRIEVAL_CALCULATION,16K,SUCCESS,16456,10,1.241809212602675,9544991232,23746052096,True,False,False,usable_answer_line
SEC_0071_32K,SEC_0071,SEC,RETRIEVAL_CALCULATION,32K,SUCCESS,32715,8,2.8333337297663093,12617968128,23746052096,True,False,False,usable_answer_line
SEC_0071_4K,SEC_0071,SEC,RETRIEVAL_CALCULATION,4K,SUCCESS,4311,8,0.30980671755969524,7251169280,23746052096,True,False,False,usable_answer_line
SEC_0071_64K,SEC_0071,SEC,RETRIEVAL_CALCULATION,64K,SUCCESS,65346,8,7.87743410654366,18782328320,23746052096,True,False,False,usable_answer_line
SEC_0071_82K,SEC_0071,SEC,RETRIEVAL_CALCULATION,82K,SUCCESS,81755,8,11.25507028773427,21883578880,23746052096,True,False,False,usable_answer_line
SEC_0071_8K,SEC_0071,SEC,RETRIEVAL_CALCULATION,8K,SUCCESS,8398,8,0.5955094648525119,8021433856,23746052096,True,False,False,usable_answer_line
SEC_0072_16K,SEC_0072,SEC,RETRIEVAL_CALCULATION,16K,SUCCESS,16538,10,1.2440150119364262,9559567872,23746052096,True,False,False,usable_answer_line
SEC_0072_32K,SEC_0072,SEC,RETRIEVAL_CALCULATION,32K,SUCCESS,32788,11,2.937685312703252,12630168064,23746052096,True,False,False,usable_answer_line
SEC_0072_4K,SEC_0072,SEC,RETRIEVAL_CALCULATION,4K,SUCCESS,4245,11,0.3531159861013293,7238474752,21588082688,True,False,False,usable_answer_line
SEC_0072_64K,SEC_0072,SEC,RETRIEVAL_CALCULATION,64K,SUCCESS,65355,8,7.852947557345033,18784029184,23746052096,True,False,False,usable_answer_line
SEC_0072_82K,SEC_0072,SEC,RETRIEVAL_CALCULATION,82K,SUCCESS,81737,8,11.254995514638722,21880473088,23746052096,True,False,False,usable_answer_line
SEC_0072_8K,SEC_0072,SEC,RETRIEVAL_CALCULATION,8K,SUCCESS,8359,8,0.5973937157541513,8014064128,23746052096,True,False,False,usable_answer_line
SEC_0073_16K,SEC_0073,SEC,RETRIEVAL_CALCULATION,16K,SUCCESS,16543,10,1.244809715077281,9560513024,23746052096,True,False,False,usable_answer_line
SEC_0073_32K,SEC_0073,SEC,RETRIEVAL_CALCULATION,32K,SUCCESS,32743,8,2.815151294693351,12623917568,20631781376,True,False,False,usable_answer_line
SEC_0073_4K,SEC_0073,SEC,RETRIEVAL_CALCULATION,4K,SUCCESS,4340,8,0.3155919015407562,7256230400,23746052096,True,False,False,usable_answer_line
SEC_0073_64K,SEC_0073,SEC,RETRIEVAL_CALCULATION,64K,SUCCESS,65303,10,7.92181808128953,18774202880,23746052096,True,False,False,usable_answer_line
SEC_0073_82K,SEC_0073,SEC,RETRIEVAL_CALCULATION,82K,SUCCESS,81694,10,11.334769770503044,21871445504,23746052096,True,False,False,usable_answer_line
SEC_0073_8K,SEC_0073,SEC,RETRIEVAL_CALCULATION,8K,SUCCESS,8411,8,0.5998146180063486,8023890432,23746052096,True,False,False,usable_answer_line
SEC_0074_16K,SEC_0074,SEC,RETRIEVAL_CALCULATION,16K,SUCCESS,16472,10,1.2441464066505432,9547751936,23746052096,True,False,False,usable_answer_line
SEC_0074_32K,SEC_0074,SEC,RETRIEVAL_CALCULATION,32K,SUCCESS,32763,10,2.8825823720544577,12625791488,23746052096,True,False,False,usable_answer_line
SEC_0074_4K,SEC_0074,SEC,RETRIEVAL_CALCULATION,4K,SUCCESS,4323,8,0.31508646346628666,7253053440,23746052096,True,False,False,usable_answer_line
SEC_0074_64K,SEC_0074,SEC,RETRIEVAL_CALCULATION,64K,SUCCESS,65347,10,7.929024016484618,18782517760,23746052096,True,False,False,usable_answer_line
SEC_0074_82K,SEC_0074,SEC,RETRIEVAL_CALCULATION,82K,SUCCESS,81707,10,11.31969259120524,21873902080,23746052096,True,False,False,usable_answer_line
SEC_0074_8K,SEC_0074,SEC,RETRIEVAL_CALCULATION,8K,SUCCESS,8414,8,0.5994718326255679,8024456704,23746052096,True,False,False,usable_answer_line
SEC_0075_16K,SEC_0075,SEC,RETRIEVAL_CALCULATION,16K,SUCCESS,16446,10,1.2417468521744013,9542182400,23746052096,True,False,False,usable_answer_line
SEC_0075_32K,SEC_0075,SEC,RETRIEVAL_CALCULATION,32K,SUCCESS,32743,8,2.836115075275302,12623405568,23746052096,True,False,False,usable_answer_line
SEC_0075_4K,SEC_0075,SEC,RETRIEVAL_CALCULATION,4K,SUCCESS,4291,10,0.3367327991873026,7247073280,23746052096,True,False,False,usable_answer_line
SEC_0075_64K,SEC_0075,SEC,RETRIEVAL_CALCULATION,64K,SUCCESS,65276,8,7.830121874809265,18769164800,23746052096,True,False,False,usable_answer_line
SEC_0075_82K,SEC_0075,SEC,RETRIEVAL_CALCULATION,82K,SUCCESS,81725,10,11.330861234106123,21877302784,23746052096,True,False,False,usable_answer_line
SEC_0075_8K,SEC_0075,SEC,RETRIEVAL_CALCULATION,8K,SUCCESS,8393,8,0.6001823842525482,8020489728,23746052096,True,False,False,usable_answer_line
SEC_0076_16K,SEC_0076,SEC,RETRIEVAL_CALCULATION,16K,SUCCESS,16512,10,1.245685113593936,9554653696,23746052096,True,False,False,usable_answer_line
SEC_0076_32K,SEC_0076,SEC,RETRIEVAL_CALCULATION,32K,SUCCESS,32774,10,2.9165124017745256,12627523072,23746052096,True,False,False,usable_answer_line
SEC_0076_4K,SEC_0076,SEC,RETRIEVAL_CALCULATION,4K,SUCCESS,4331,8,0.31388138327747583,7254548480,23746052096,True,False,False,usable_answer_line
SEC_0076_64K,SEC_0076,SEC,RETRIEVAL_CALCULATION,64K,SUCCESS,65300,8,7.844938405789435,18773635584,23746052096,True,False,False,usable_answer_line
SEC_0076_82K,SEC_0076,SEC,RETRIEVAL_CALCULATION,82K,SUCCESS,81793,8,11.255991999991238,21890153984,23746052096,True,False,False,usable_answer_line
SEC_0076_8K,SEC_0076,SEC,RETRIEVAL_CALCULATION,8K,SUCCESS,8398,8,0.5996781010180712,8021433856,23746052096,True,False,False,usable_answer_line
SEC_0077_16K,SEC_0077,SEC,RETRIEVAL_CALCULATION,16K,SUCCESS,16511,10,1.2431068569421768,9554481664,23746052096,True,False,False,usable_answer_line
SEC_0077_32K,SEC_0077,SEC,RETRIEVAL_CALCULATION,32K,SUCCESS,32740,8,2.8333808975294232,12621900288,23746052096,True,False,False,usable_answer_line
SEC_0077_4K,SEC_0077,SEC,RETRIEVAL_CALCULATION,4K,SUCCESS,4243,8,0.30960161704570055,7238100992,23746052096,True,False,False,usable_answer_line
SEC_0077_64K,SEC_0077,SEC,RETRIEVAL_CALCULATION,64K,SUCCESS,65345,10,7.928442422300577,18782139904,23746052096,True,False,False,usable_answer_line
SEC_0077_82K,SEC_0077,SEC,RETRIEVAL_CALCULATION,82K,SUCCESS,81751,10,11.33454931806773,21882888704,23746052096,True,False,False,usable_answer_line
SEC_0077_8K,SEC_0077,SEC,RETRIEVAL_CALCULATION,8K,SUCCESS,8315,8,0.6000215336680412,8005749248,23746052096,True,False,False,usable_answer_line
SEC_0078_16K,SEC_0078,SEC,TEMPORAL_VERSION,16K,SUCCESS,16491,11,1.267618214711547,9551030784,23746052096,True,False,False,usable_answer_line
SEC_0078_32K,SEC_0078,SEC,TEMPORAL_VERSION,32K,SUCCESS,32743,11,2.9030881142243743,12623405568,23746052096,True,False,False,usable_answer_line
SEC_0078_4K,SEC_0078,SEC,TEMPORAL_VERSION,4K,SUCCESS,4252,11,0.34057836048305035,7240364544,23746052096,True,False,False,usable_answer_line
SEC_0078_64K,SEC_0078,SEC,TEMPORAL_VERSION,64K,SUCCESS,65212,11,7.94265922345221,18757005824,23746052096,True,False,False,usable_answer_line
SEC_0078_82K,SEC_0078,SEC,TEMPORAL_VERSION,82K,SUCCESS,81699,11,11.365288414992392,21872390656,23746052096,True,False,False,usable_answer_line
SEC_0078_8K,SEC_0078,SEC,TEMPORAL_VERSION,8K,SUCCESS,8331,9,0.6088820016011596,8008774144,23746052096,True,False,False,usable_answer_line
SEC_0079_16K,SEC_0079,SEC,TEMPORAL_VERSION,16K,SUCCESS,16419,9,1.2229438126087189,9537081856,23746052096,True,False,False,usable_answer_line
SEC_0079_32K,SEC_0079,SEC,TEMPORAL_VERSION,32K,SUCCESS,32751,10,2.882319785654545,12624359936,23746052096,True,False,False,usable_answer_line
SEC_0079_4K,SEC_0079,SEC,TEMPORAL_VERSION,4K,SUCCESS,4300,11,0.3508826671168208,7249631744,23746052096,True,False,False,usable_answer_line
SEC_0079_64K,SEC_0079,SEC,TEMPORAL_VERSION,64K,SUCCESS,65319,11,7.964624051935971,18777225728,23746052096,True,False,False,usable_answer_line
SEC_0079_82K,SEC_0079,SEC,TEMPORAL_VERSION,82K,SUCCESS,81791,11,11.37800514884293,21889790464,23746052096,True,False,False,usable_answer_line
SEC_0079_8K,SEC_0079,SEC,TEMPORAL_VERSION,8K,SUCCESS,8299,9,0.6106811333447695,8002726400,23746052096,True,False,False,usable_answer_line
SEC_0080_16K,SEC_0080,SEC,TEMPORAL_VERSION,16K,SUCCESS,16507,8,1.2104308437556028,9553791488,23746052096,True,False,False,usable_answer_line
SEC_0080_32K,SEC_0080,SEC,TEMPORAL_VERSION,32K,SUCCESS,32776,10,2.916977190412581,12627900928,23746052096,True,False,False,usable_answer_line
SEC_0080_4K,SEC_0080,SEC,TEMPORAL_VERSION,4K,SUCCESS,4303,8,0.314420442096889,7250051072,23746052096,True,False,False,usable_answer_line
SEC_0080_64K,SEC_0080,SEC,TEMPORAL_VERSION,64K,SUCCESS,65313,10,7.912144845351577,18776092160,23746052096,True,False,False,usable_answer_line
SEC_0080_82K,SEC_0080,SEC,TEMPORAL_VERSION,82K,SUCCESS,81663,11,11.354164626449347,21865587200,23746052096,True,False,False,usable_answer_line
SEC_0080_8K,SEC_0080,SEC,TEMPORAL_VERSION,8K,SUCCESS,8326,8,0.5973174665123224,8007828992,23746052096,True,False,False,usable_answer_line
SEC_0081_16K,SEC_0081,SEC,TEMPORAL_VERSION,16K,SUCCESS,16421,9,1.2257638154551387,9537459712,23746052096,True,False,False,usable_answer_line
SEC_0081_32K,SEC_0081,SEC,TEMPORAL_VERSION,32K,SUCCESS,32749,11,2.906157422810793,12624121344,23746052096,True,False,False,usable_answer_line
SEC_0081_4K,SEC_0081,SEC,TEMPORAL_VERSION,4K,SUCCESS,4310,11,0.3552971454337239,7251029504,23746052096,True,False,False,usable_answer_line
SEC_0081_64K,SEC_0081,SEC,TEMPORAL_VERSION,64K,SUCCESS,65306,11,7.963721849955618,18774769152,23746052096,True,False,False,usable_answer_line
SEC_0081_82K,SEC_0081,SEC,TEMPORAL_VERSION,82K,SUCCESS,81796,11,11.399050668813288,21890720256,23746052096,True,False,False,usable_answer_line
SEC_0081_8K,SEC_0081,SEC,TEMPORAL_VERSION,8K,SUCCESS,8271,9,0.6085960231721401,7997592064,23746052096,True,False,False,usable_answer_line
SEC_0082_16K,SEC_0082,SEC,TEMPORAL_VERSION,16K,SUCCESS,16511,9,1.2259706621989608,9554481664,23746052096,True,False,False,usable_answer_line
SEC_0082_32K,SEC_0082,SEC,TEMPORAL_VERSION,32K,SUCCESS,32675,11,2.906774180009961,12608815616,23746052096,True,False,False,usable_answer_line
SEC_0082_4K,SEC_0082,SEC,TEMPORAL_VERSION,4K,SUCCESS,4308,11,0.3527228645980358,7250749952,23746052096,True,False,False,usable_answer_line
SEC_0082_64K,SEC_0082,SEC,TEMPORAL_VERSION,64K,SUCCESS,65260,9,7.878984805196524,18766404096,23746052096,True,False,False,usable_answer_line
SEC_0082_82K,SEC_0082,SEC,TEMPORAL_VERSION,82K,SUCCESS,81683,11,11.355430329218507,21869367808,23746052096,True,False,False,usable_answer_line
SEC_0082_8K,SEC_0082,SEC,TEMPORAL_VERSION,8K,SUCCESS,8300,9,0.5973057672381401,8002914816,23746052096,True,False,False,usable_answer_line
SEC_0083_16K,SEC_0083,SEC,TEMPORAL_VERSION,16K,SUCCESS,16452,11,1.2444801544770598,9544301056,23746052096,True,False,False,usable_answer_line
SEC_0083_32K,SEC_0083,SEC,TEMPORAL_VERSION,32K,SUCCESS,32787,11,2.943856201134622,12629979648,23746052096,True,False,False,usable_answer_line
SEC_0083_4K,SEC_0083,SEC,TEMPORAL_VERSION,4K,SUCCESS,4300,11,0.343818923458457,7249631744,23746052096,True,False,False,usable_answer_line
SEC_0083_64K,SEC_0083,SEC,TEMPORAL_VERSION,64K,SUCCESS,65305,11,7.968115598894656,18774580736,23746052096,True,False,False,usable_answer_line
SEC_0083_82K,SEC_0083,SEC,TEMPORAL_VERSION,82K,SUCCESS,81715,11,11.378372183069587,21875413504,23746052096,True,False,False,usable_answer_line
SEC_0083_8K,SEC_0083,SEC,TEMPORAL_VERSION,8K,SUCCESS,8351,11,0.630346029996872,8012552704,23746052096,True,False,False,usable_answer_line
SEC_0084_16K,SEC_0084,SEC,TEMPORAL_VERSION,16K,SUCCESS,16463,9,1.2262354791164398,9546199552,23746052096,True,False,False,usable_answer_line
SEC_0084_32K,SEC_0084,SEC,TEMPORAL_VERSION,32K,SUCCESS,32721,9,2.8575170738622546,12618855936,23746052096,True,False,False,usable_answer_line
SEC_0084_4K,SEC_0084,SEC,TEMPORAL_VERSION,4K,SUCCESS,4252,11,0.34518966637551785,7240364544,23746052096,True,False,False,usable_answer_line
SEC_0084_64K,SEC_0084,SEC,TEMPORAL_VERSION,64K,SUCCESS,65292,9,7.877305211499333,18772124160,23746052096,True,False,False,usable_answer_line
SEC_0084_82K,SEC_0084,SEC,TEMPORAL_VERSION,82K,SUCCESS,81679,9,11.287783246487379,21868612096,23746052096,True,False,False,usable_answer_line
SEC_0084_8K,SEC_0084,SEC,TEMPORAL_VERSION,8K,SUCCESS,8378,9,0.60619992390275,8017653248,23746052096,True,False,False,usable_answer_line
SEC_0085_16K,SEC_0085,SEC,TEMPORAL_VERSION,16K,SUCCESS,16479,11,1.2608571527525783,9548960256,23746052096,True,False,False,usable_answer_line
SEC_0085_32K,SEC_0085,SEC,TEMPORAL_VERSION,32K,SUCCESS,32787,9,2.898662763647735,12629979648,23746052096,True,False,False,usable_answer_line
SEC_0085_4K,SEC_0085,SEC,TEMPORAL_VERSION,4K,SUCCESS,4268,11,0.346275863237679,7242772992,23746052096,True,False,False,usable_answer_line
SEC_0085_64K,SEC_0085,SEC,TEMPORAL_VERSION,64K,SUCCESS,65231,11,7.948715723119676,18761400832,23746052096,True,False,False,usable_answer_line
SEC_0085_82K,SEC_0085,SEC,TEMPORAL_VERSION,82K,SUCCESS,81700,11,11.349268742837012,21872579072,23746052096,True,False,False,usable_answer_line
SEC_0085_8K,SEC_0085,SEC,TEMPORAL_VERSION,8K,SUCCESS,8273,9,0.6005830271169543,7997920768,23746052096,True,False,False,usable_answer_line
SEC_0086_16K,SEC_0086,SEC,TEMPORAL_VERSION,16K,SUCCESS,16473,11,1.257190691307187,9547924992,23746052096,True,False,False,usable_answer_line
SEC_0086_32K,SEC_0086,SEC,TEMPORAL_VERSION,32K,SUCCESS,32816,11,2.938400167040527,12635458048,23746052096,True,False,False,usable_answer_line
SEC_0086_4K,SEC_0086,SEC,TEMPORAL_VERSION,4K,SUCCESS,4243,11,0.35451878886669874,7238100992,23746052096,True,False,False,usable_answer_line
SEC_0086_64K,SEC_0086,SEC,TEMPORAL_VERSION,64K,SUCCESS,65354,11,7.97337819263339,18783839744,23746052096,True,False,False,usable_answer_line
SEC_0086_82K,SEC_0086,SEC,TEMPORAL_VERSION,82K,SUCCESS,81658,11,11.35449876729399,21864642048,23746052096,True,False,False,usable_answer_line
SEC_0086_8K,SEC_0086,SEC,TEMPORAL_VERSION,8K,SUCCESS,8378,11,0.6356817157939076,8017653248,23746052096,True,False,False,usable_answer_line
SEC_0087_16K,SEC_0087,SEC,TEMPORAL_VERSION,16K,SUCCESS,16542,8,1.2139177042990923,9560323584,23746052096,True,False,False,usable_answer_line
SEC_0087_32K,SEC_0087,SEC,TEMPORAL_VERSION,32K,SUCCESS,32717,10,2.8796250512823462,12618214912,23746052096,True,False,False,usable_answer_line
SEC_0087_4K,SEC_0087,SEC,TEMPORAL_VERSION,4K,SUCCESS,4330,8,0.3121668202802539,7254361600,23746052096,True,False,False,usable_answer_line
SEC_0087_64K,SEC_0087,SEC,TEMPORAL_VERSION,64K,SUCCESS,65282,11,7.959123125299811,18770234880,23746052096,True,False,False,usable_answer_line
SEC_0087_82K,SEC_0087,SEC,TEMPORAL_VERSION,82K,SUCCESS,81755,10,11.334567276760936,21883578880,23746052096,True,False,False,usable_answer_line
SEC_0087_8K,SEC_0087,SEC,TEMPORAL_VERSION,8K,SUCCESS,8408,8,0.5979307349771261,8023323136,23746052096,True,False,False,usable_answer_line
SEC_0088_16K,SEC_0088,SEC,TEMPORAL_VERSION,16K,SUCCESS,16549,11,1.264351132325828,9561646592,23746052096,True,False,False,usable_answer_line
SEC_0088_32K,SEC_0088,SEC,TEMPORAL_VERSION,32K,SUCCESS,32807,11,2.9423495223745704,12633758208,23746052096,True,False,False,usable_answer_line
SEC_0088_4K,SEC_0088,SEC,TEMPORAL_VERSION,4K,SUCCESS,4342,11,0.3504310017451644,7256604160,23746052096,True,False,False,usable_answer_line
SEC_0088_64K,SEC_0088,SEC,TEMPORAL_VERSION,64K,SUCCESS,65357,11,7.968024160712957,18784407040,23746052096,True,False,False,usable_answer_line
SEC_0088_82K,SEC_0088,SEC,TEMPORAL_VERSION,82K,SUCCESS,81738,11,11.380397339351475,21880645120,23746052096,True,False,False,usable_answer_line
SEC_0088_8K,SEC_0088,SEC,TEMPORAL_VERSION,8K,SUCCESS,8420,11,0.6379378149285913,8025590272,23746052096,True,False,False,usable_answer_line
SEC_0089_16K,SEC_0089,SEC,TEMPORAL_VERSION,16K,SUCCESS,16506,11,1.2586967423558235,9553618432,23746052096,True,False,False,usable_answer_line
SEC_0089_32K,SEC_0089,SEC,TEMPORAL_VERSION,32K,SUCCESS,32750,11,2.905083328485489,12624240128,23746052096,True,False,False,usable_answer_line
SEC_0089_4K,SEC_0089,SEC,TEMPORAL_VERSION,4K,SUCCESS,4255,11,0.3471295703202486,7240734720,23746052096,True,False,False,usable_answer_line
SEC_0089_64K,SEC_0089,SEC,TEMPORAL_VERSION,64K,SUCCESS,65280,11,7.955181049183011,18769854976,23746052096,True,False,False,usable_answer_line
SEC_0089_82K,SEC_0089,SEC,TEMPORAL_VERSION,82K,SUCCESS,81725,11,11.379507400095463,21877302784,23746052096,True,False,False,usable_answer_line
SEC_0089_8K,SEC_0089,SEC,TEMPORAL_VERSION,8K,SUCCESS,8395,11,0.6424483507871628,8020867584,23746052096,True,False,False,usable_answer_line
SEC_0090_16K,SEC_0090,SEC,TEMPORAL_VERSION,16K,SUCCESS,16532,11,1.2658063676208258,9558434304,23746052096,True,False,False,usable_answer_line
SEC_0090_32K,SEC_0090,SEC,TEMPORAL_VERSION,32K,SUCCESS,32733,11,2.8971737027168274,12622929408,20631781376,True,False,False,usable_answer_line
SEC_0090_4K,SEC_0090,SEC,TEMPORAL_VERSION,4K,SUCCESS,4347,11,0.34751189313828945,7257538560,23746052096,True,False,False,usable_answer_line
SEC_0090_64K,SEC_0090,SEC,TEMPORAL_VERSION,64K,SUCCESS,65306,11,7.971560075879097,18774769152,23746052096,True,False,False,usable_answer_line
SEC_0090_82K,SEC_0090,SEC,TEMPORAL_VERSION,82K,SUCCESS,81667,11,11.347493723034859,21866344960,23746052096,True,False,False,usable_answer_line
SEC_0090_8K,SEC_0090,SEC,TEMPORAL_VERSION,8K,SUCCESS,8407,11,0.6357718221843243,8023134720,23746052096,True,False,False,usable_answer_line
SEC_0091_16K,SEC_0091,SEC,TEMPORAL_VERSION,16K,SUCCESS,16466,9,1.2288187388330698,9546716672,23746052096,True,False,False,usable_answer_line
SEC_0091_32K,SEC_0091,SEC,TEMPORAL_VERSION,32K,SUCCESS,32800,11,2.9405401684343815,12632435200,23746052096,True,False,False,usable_answer_line
SEC_0091_4K,SEC_0091,SEC,TEMPORAL_VERSION,4K,SUCCESS,4241,9,0.3223431669175625,7237727232,23746052096,True,False,False,usable_answer_line
SEC_0091_64K,SEC_0091,SEC,TEMPORAL_VERSION,64K,SUCCESS,65350,11,7.971648598089814,18783084032,23746052096,True,False,False,usable_answer_line
SEC_0091_82K,SEC_0091,SEC,TEMPORAL_VERSION,82K,SUCCESS,81800,11,11.472289951518178,21891475968,23746052096,True,False,False,usable_answer_line
SEC_0091_8K,SEC_0091,SEC,TEMPORAL_VERSION,8K,SUCCESS,8304,11,0.6273276228457689,8003670528,23746052096,True,False,False,usable_answer_line
SEC_0092_16K,SEC_0092,SEC,TEMPORAL_VERSION,16K,SUCCESS,16397,8,1.208822668530047,9532925440,23746052096,True,False,False,usable_answer_line
SEC_0092_32K,SEC_0092,SEC,TEMPORAL_VERSION,32K,SUCCESS,32715,8,2.835067084990442,12617968128,23746052096,True,False,False,usable_answer_line
SEC_0092_4K,SEC_0092,SEC,TEMPORAL_VERSION,4K,SUCCESS,4227,10,0.33911902364343405,7235110912,23746052096,True,False,False,usable_answer_line
SEC_0092_64K,SEC_0092,SEC,TEMPORAL_VERSION,64K,SUCCESS,65318,8,7.855273803696036,18777036288,23746052096,True,False,False,usable_answer_line
SEC_0092_82K,SEC_0092,SEC,TEMPORAL_VERSION,82K,SUCCESS,81699,8,11.229077067226171,21872390656,23746052096,True,False,False,usable_answer_line
SEC_0092_8K,SEC_0092,SEC,TEMPORAL_VERSION,8K,SUCCESS,8345,8,0.5959534654393792,8011419136,23746052096,True,False,False,usable_answer_line
SEC_0093_16K,SEC_0093,SEC,TEMPORAL_VERSION,16K,SUCCESS,16511,11,1.2593711744993925,9554481664,23746052096,True,False,False,usable_answer_line
SEC_0093_32K,SEC_0093,SEC,TEMPORAL_VERSION,32K,SUCCESS,32796,11,2.941097181290388,12631679488,23746052096,True,False,False,usable_answer_line
SEC_0093_4K,SEC_0093,SEC,TEMPORAL_VERSION,4K,SUCCESS,4281,9,0.3252710159868002,7245202432,23746052096,True,False,False,usable_answer_line
SEC_0093_64K,SEC_0093,SEC,TEMPORAL_VERSION,64K,SUCCESS,65323,9,7.887380042113364,18777981440,23746052096,True,False,False,usable_answer_line
SEC_0093_82K,SEC_0093,SEC,TEMPORAL_VERSION,82K,SUCCESS,81757,9,11.290780995041132,21883923968,23746052096,True,False,False,usable_answer_line
SEC_0093_8K,SEC_0093,SEC,TEMPORAL_VERSION,8K,SUCCESS,8337,9,0.609594726935029,8009907712,23746052096,True,False,False,usable_answer_line
SEC_0094_16K,SEC_0094,SEC,ENTITY_UNIT_BINDING,16K,SUCCESS,16417,11,1.2533349385485053,9536704000,23746052096,True,False,False,usable_answer_line
SEC_0094_32K,SEC_0094,SEC,ENTITY_UNIT_BINDING,32K,SUCCESS,32756,11,2.9020902635529637,12624955904,23746052096,True,False,False,usable_answer_line
SEC_0094_4K,SEC_0094,SEC,ENTITY_UNIT_BINDING,4K,SUCCESS,4230,9,0.32144306506961584,7236122112,20631781376,True,False,False,usable_answer_line
SEC_0094_64K,SEC_0094,SEC,ENTITY_UNIT_BINDING,64K,SUCCESS,65325,11,7.957657583989203,18778359296,23746052096,True,False,False,usable_answer_line
SEC_0094_82K,SEC_0094,SEC,ENTITY_UNIT_BINDING,82K,SUCCESS,81746,11,11.371066452935338,21882025472,23746052096,True,False,False,usable_answer_line
SEC_0094_8K,SEC_0094,SEC,ENTITY_UNIT_BINDING,8K,SUCCESS,8355,11,0.632046876475215,8013308416,23746052096,True,False,False,usable_answer_line
SEC_0095_16K,SEC_0095,SEC,ENTITY_UNIT_BINDING,16K,SUCCESS,16420,9,1.2222004933282733,9537270272,23746052096,True,False,False,usable_answer_line
SEC_0095_32K,SEC_0095,SEC,ENTITY_UNIT_BINDING,32K,SUCCESS,32678,11,2.8987389132380486,12609381888,23746052096,True,False,False,usable_answer_line
SEC_0095_4K,SEC_0095,SEC,ENTITY_UNIT_BINDING,4K,SUCCESS,4229,11,0.3351584328338504,7235484672,23746052096,True,False,False,usable_answer_line
SEC_0095_64K,SEC_0095,SEC,ENTITY_UNIT_BINDING,64K,SUCCESS,65320,11,7.9482270404696465,18777414144,23746052096,True,False,False,usable_answer_line
SEC_0095_82K,SEC_0095,SEC,ENTITY_UNIT_BINDING,82K,SUCCESS,81747,11,11.394059823825955,21882198528,23746052096,True,False,False,usable_answer_line
SEC_0095_8K,SEC_0095,SEC,ENTITY_UNIT_BINDING,8K,SUCCESS,8325,11,0.6332238269969821,8007640576,23746052096,True,False,False,usable_answer_line
SEC_0096_16K,SEC_0096,SEC,ENTITY_UNIT_BINDING,16K,SUCCESS,16419,11,1.2534900652244687,9537081856,23746052096,True,False,False,usable_answer_line
SEC_0096_32K,SEC_0096,SEC,ENTITY_UNIT_BINDING,32K,SUCCESS,32795,11,2.939012134447694,12631491072,23746052096,True,False,False,usable_answer_line
SEC_0096_4K,SEC_0096,SEC,ENTITY_UNIT_BINDING,4K,SUCCESS,4283,11,0.34439578279852867,7245576192,23746052096,True,False,False,usable_answer_line
SEC_0096_64K,SEC_0096,SEC,ENTITY_UNIT_BINDING,64K,SUCCESS,65276,9,7.865377393551171,18769164800,23725080576,True,False,False,usable_answer_line
SEC_0096_82K,SEC_0096,SEC,ENTITY_UNIT_BINDING,82K,SUCCESS,81771,9,11.294378377497196,21886339584,23746052096,True,False,False,usable_answer_line
SEC_0096_8K,SEC_0096,SEC,ENTITY_UNIT_BINDING,8K,SUCCESS,8382,11,0.6356866797432303,8018408960,23746052096,True,False,False,usable_answer_line
SEC_0097_16K,SEC_0097,SEC,ENTITY_UNIT_BINDING,16K,SUCCESS,16470,11,1.2585769733414054,9547406848,23746052096,True,False,False,usable_answer_line
SEC_0097_32K,SEC_0097,SEC,ENTITY_UNIT_BINDING,32K,SUCCESS,32774,11,2.9385295789688826,12627523072,23746052096,True,False,False,usable_answer_line
SEC_0097_4K,SEC_0097,SEC,ENTITY_UNIT_BINDING,4K,SUCCESS,4226,11,0.34787701815366745,7234924032,23746052096,True,False,False,usable_answer_line
SEC_0097_64K,SEC_0097,SEC,ENTITY_UNIT_BINDING,64K,SUCCESS,65223,11,7.947866905480623,18760020480,23746052096,True,False,False,usable_answer_line
SEC_0097_82K,SEC_0097,SEC,ENTITY_UNIT_BINDING,82K,SUCCESS,81707,11,11.368916946463287,21873902080,23746052096,True,False,False,usable_answer_line
SEC_0097_8K,SEC_0097,SEC,ENTITY_UNIT_BINDING,8K,SUCCESS,8374,9,0.6102747097611427,8016897536,23746052096,True,False,False,usable_answer_line
SEC_0098_16K,SEC_0098,SEC,ENTITY_UNIT_BINDING,16K,SUCCESS,16495,11,1.2673474829643965,9551720960,23746052096,True,False,False,usable_answer_line
SEC_0098_32K,SEC_0098,SEC,ENTITY_UNIT_BINDING,32K,SUCCESS,32778,11,2.938978271558881,12628278784,23746052096,True,False,False,usable_answer_line
SEC_0098_4K,SEC_0098,SEC,ENTITY_UNIT_BINDING,4K,SUCCESS,4227,11,0.3416612669825554,7235110912,23746052096,True,False,False,usable_answer_line
SEC_0098_64K,SEC_0098,SEC,ENTITY_UNIT_BINDING,64K,SUCCESS,65316,11,7.9554349752143025,18776658432,23746052096,True,False,False,usable_answer_line
SEC_0098_82K,SEC_0098,SEC,ENTITY_UNIT_BINDING,82K,SUCCESS,81744,11,11.37552496790886,21881680384,23746052096,True,False,False,usable_answer_line
SEC_0098_8K,SEC_0098,SEC,ENTITY_UNIT_BINDING,8K,SUCCESS,8272,11,0.6407768959179521,7997755904,23746052096,True,False,False,usable_answer_line
SEC_0099_16K,SEC_0099,SEC,ENTITY_UNIT_BINDING,16K,SUCCESS,16507,11,1.2592089539393783,9553791488,23746052096,True,False,False,usable_answer_line
SEC_0099_32K,SEC_0099,SEC,ENTITY_UNIT_BINDING,32K,SUCCESS,32690,9,2.86227660626173,12612607488,23746052096,True,False,False,usable_answer_line
SEC_0099_4K,SEC_0099,SEC,ENTITY_UNIT_BINDING,4K,SUCCESS,4284,11,0.3518462646752596,7245763072,23746052096,True,False,False,usable_answer_line
SEC_0099_64K,SEC_0099,SEC,ENTITY_UNIT_BINDING,64K,SUCCESS,65236,11,7.94806108251214,18762263040,23746052096,True,False,False,usable_answer_line
SEC_0099_82K,SEC_0099,SEC,ENTITY_UNIT_BINDING,82K,SUCCESS,81707,11,11.371936230920255,21873902080,23746052096,True,False,False,usable_answer_line
SEC_0099_8K,SEC_0099,SEC,ENTITY_UNIT_BINDING,8K,SUCCESS,8373,11,0.6342251347377896,8016709120,23746052096,True,False,False,usable_answer_line
SEC_0100_16K,SEC_0100,SEC,ENTITY_UNIT_BINDING,16K,SUCCESS,16513,11,1.2596706170588732,9554845184,23746052096,True,False,False,usable_answer_line
SEC_0100_32K,SEC_0100,SEC,ENTITY_UNIT_BINDING,32K,SUCCESS,32736,11,2.9023759197443724,12621259264,23746052096,True,False,False,usable_answer_line
SEC_0100_4K,SEC_0100,SEC,ENTITY_UNIT_BINDING,4K,SUCCESS,4287,11,0.34719819482415915,7246323712,23746052096,True,False,False,usable_answer_line
SEC_0100_64K,SEC_0100,SEC,ENTITY_UNIT_BINDING,64K,SUCCESS,65269,11,7.94065847620368,18767957504,23746052096,True,False,False,usable_answer_line
SEC_0100_82K,SEC_0100,SEC,ENTITY_UNIT_BINDING,82K,SUCCESS,81800,11,11.389236962422729,21891475968,23746052096,True,False,False,usable_answer_line
SEC_0100_8K,SEC_0100,SEC,ENTITY_UNIT_BINDING,8K,SUCCESS,8322,11,0.6351684611290693,8007073280,23746052096,True,False,False,usable_answer_line
SEC_0101_16K,SEC_0101,SEC,ENTITY_UNIT_BINDING,16K,SUCCESS,16446,11,1.2563916286453605,9542182400,23746052096,True,False,False,usable_answer_line
SEC_0101_32K,SEC_0101,SEC,ENTITY_UNIT_BINDING,32K,SUCCESS,32764,11,2.903876466676593,12625910272,23746052096,True,False,False,usable_answer_line
SEC_0101_4K,SEC_0101,SEC,ENTITY_UNIT_BINDING,4K,SUCCESS,4206,11,0.3452388634905219,7231184384,23746052096,True,False,False,usable_answer_line
SEC_0101_64K,SEC_0101,SEC,ENTITY_UNIT_BINDING,64K,SUCCESS,65244,11,7.940907718613744,18763643392,23746052096,True,False,False,usable_answer_line
SEC_0101_82K,SEC_0101,SEC,ENTITY_UNIT_BINDING,82K,SUCCESS,81724,11,11.36258879955858,21877113344,23746052096,True,False,False,usable_answer_line
SEC_0101_8K,SEC_0101,SEC,ENTITY_UNIT_BINDING,8K,SUCCESS,8341,11,0.6334553463384509,8010663424,23746052096,True,False,False,usable_answer_line
SEC_0102_16K,SEC_0102,SEC,ENTITY_UNIT_BINDING,16K,SUCCESS,16453,11,1.25947221275419,9544474112,23746052096,True,False,False,usable_answer_line
SEC_0102_32K,SEC_0102,SEC,ENTITY_UNIT_BINDING,32K,SUCCESS,32710,11,2.903034300543368,12617371136,23746052096,True,False,False,usable_answer_line
SEC_0102_4K,SEC_0102,SEC,ENTITY_UNIT_BINDING,4K,SUCCESS,4253,11,0.35242620576173067,7240487936,23746052096,True,False,False,usable_answer_line
SEC_0102_64K,SEC_0102,SEC,ENTITY_UNIT_BINDING,64K,SUCCESS,65224,11,7.951248249039054,18760192512,23746052096,True,False,False,usable_answer_line
SEC_0102_82K,SEC_0102,SEC,ENTITY_UNIT_BINDING,82K,SUCCESS,81675,11,11.359590327367187,21867856384,23746052096,True,False,False,usable_answer_line
SEC_0102_8K,SEC_0102,SEC,ENTITY_UNIT_BINDING,8K,SUCCESS,8269,11,0.6348508037626743,7997263360,23746052096,True,False,False,usable_answer_line
SEC_0103_16K,SEC_0103,SEC,ENTITY_UNIT_BINDING,16K,SUCCESS,16507,9,1.2371460162103176,9553791488,23746052096,True,False,False,usable_answer_line
SEC_0103_32K,SEC_0103,SEC,ENTITY_UNIT_BINDING,32K,SUCCESS,32774,11,2.9433018071576953,12627523072,23746052096,True,False,False,usable_answer_line
SEC_0103_4K,SEC_0103,SEC,ENTITY_UNIT_BINDING,4K,SUCCESS,4301,11,0.35687616374343634,7249771520,23746052096,True,False,False,usable_answer_line
SEC_0103_64K,SEC_0103,SEC,ENTITY_UNIT_BINDING,64K,SUCCESS,65276,11,7.941255965270102,18769164800,23746052096,True,False,False,usable_answer_line
SEC_0103_82K,SEC_0103,SEC,ENTITY_UNIT_BINDING,82K,SUCCESS,81782,11,11.371047710999846,21888237056,23746052096,True,False,False,usable_answer_line
SEC_0103_8K,SEC_0103,SEC,ENTITY_UNIT_BINDING,8K,SUCCESS,8374,11,0.633717811666429,8016897536,23746052096,True,False,False,usable_answer_line
SEC_0104_16K,SEC_0104,SEC,ENTITY_UNIT_BINDING,16K,SUCCESS,16506,9,1.2286854945123196,9553618432,23746052096,True,False,False,usable_answer_line
SEC_0104_32K,SEC_0104,SEC,ENTITY_UNIT_BINDING,32K,SUCCESS,32734,9,2.8571422081440687,12620938752,23746052096,True,False,False,usable_answer_line
SEC_0104_4K,SEC_0104,SEC,ENTITY_UNIT_BINDING,4K,SUCCESS,4305,11,0.35058365669101477,7250330624,23746052096,True,False,False,usable_answer_line
SEC_0104_64K,SEC_0104,SEC,ENTITY_UNIT_BINDING,64K,SUCCESS,65232,11,7.9502361519262195,18761572864,23746052096,True,False,False,usable_answer_line
SEC_0104_82K,SEC_0104,SEC,ENTITY_UNIT_BINDING,82K,SUCCESS,81781,11,11.382077992893755,21888065024,23746052096,True,False,False,usable_answer_line
SEC_0104_8K,SEC_0104,SEC,ENTITY_UNIT_BINDING,8K,SUCCESS,8284,9,0.6046569626778364,7999891968,23746052096,True,False,False,usable_answer_line
SEC_0105_16K,SEC_0105,SEC,ENTITY_UNIT_BINDING,16K,SUCCESS,16512,9,1.2283678883686662,9554653696,23746052096,True,False,False,usable_answer_line
SEC_0105_32K,SEC_0105,SEC,ENTITY_UNIT_BINDING,32K,SUCCESS,32729,9,2.8600615691393614,12620137984,23746052096,True,False,False,usable_answer_line
SEC_0105_4K,SEC_0105,SEC,ENTITY_UNIT_BINDING,4K,SUCCESS,4253,9,0.3297187555581331,7240487936,23746052096,True,False,False,usable_answer_line
SEC_0105_64K,SEC_0105,SEC,ENTITY_UNIT_BINDING,64K,SUCCESS,65275,9,7.873898770660162,18768992768,23746052096,True,False,False,usable_answer_line
SEC_0105_82K,SEC_0105,SEC,ENTITY_UNIT_BINDING,82K,SUCCESS,81736,9,11.294043053872883,21880300032,23746052096,True,False,False,usable_answer_line
SEC_0105_8K,SEC_0105,SEC,ENTITY_UNIT_BINDING,8K,SUCCESS,8371,9,0.6116083255037665,8016331264,23746052096,True,False,False,usable_answer_line
SEC_0106_16K,SEC_0106,SEC,UNANSWERABLE,16K,SUCCESS,16437,10,1.2409234652295709,9540482560,23746052096,True,False,False,usable_answer_line
SEC_0106_32K,SEC_0106,SEC,UNANSWERABLE,32K,SUCCESS,32671,11,2.9116824688389897,12608059904,23746052096,True,False,False,usable_answer_line
SEC_0106_4K,SEC_0106,SEC,UNANSWERABLE,4K,SUCCESS,4307,10,0.34577300027012825,7250610176,23746052096,True,False,False,usable_answer_line
SEC_0106_64K,SEC_0106,SEC,UNANSWERABLE,64K,SUCCESS,65290,11,7.962006837129593,18771746304,23746052096,True,False,False,usable_answer_line
SEC_0106_82K,SEC_0106,SEC,UNANSWERABLE,82K,SUCCESS,81766,11,11.373154646717012,21885476352,23746052096,True,False,False,usable_answer_line
SEC_0106_8K,SEC_0106,SEC,UNANSWERABLE,8K,SUCCESS,8313,10,0.6172952763736248,8005371392,23746052096,True,False,False,usable_answer_line
SEC_0107_16K,SEC_0107,SEC,UNANSWERABLE,16K,SUCCESS,16520,10,1.2474436555057764,9556167168,23746052096,True,False,False,usable_answer_line
SEC_0107_32K,SEC_0107,SEC,UNANSWERABLE,32K,SUCCESS,32787,10,2.917877096682787,12629979648,23746052096,True,False,False,usable_answer_line
SEC_0107_4K,SEC_0107,SEC,UNANSWERABLE,4K,SUCCESS,4272,10,0.33390968665480614,7243520512,23746052096,True,False,False,usable_answer_line
SEC_0107_64K,SEC_0107,SEC,UNANSWERABLE,64K,SUCCESS,65241,9,7.880706835538149,18763126272,23746052096,True,False,False,usable_answer_line
SEC_0107_82K,SEC_0107,SEC,UNANSWERABLE,82K,SUCCESS,81744,11,11.376422480680048,21881680384,23746052096,True,False,False,usable_answer_line
SEC_0107_8K,SEC_0107,SEC,UNANSWERABLE,8K,SUCCESS,8386,10,0.6237445259466767,8019166720,23746052096,True,False,False,usable_answer_line
SEC_0108_16K,SEC_0108,SEC,UNANSWERABLE,16K,SUCCESS,16452,9,1.225531194359064,9544301056,23746052096,True,False,False,usable_answer_line
SEC_0108_32K,SEC_0108,SEC,UNANSWERABLE,32K,SUCCESS,32765,11,2.9179188571870327,12626030080,23746052096,True,False,False,usable_answer_line
SEC_0108_4K,SEC_0108,SEC,UNANSWERABLE,4K,SUCCESS,4232,10,0.33650428894907236,7236045312,23746052096,True,False,False,usable_answer_line
SEC_0108_64K,SEC_0108,SEC,UNANSWERABLE,64K,SUCCESS,65309,9,7.88710053358227,18775336448,23746052096,True,False,False,usable_answer_line
SEC_0108_82K,SEC_0108,SEC,UNANSWERABLE,82K,SUCCESS,81730,11,11.381126846186817,21879264768,23746052096,True,False,False,usable_answer_line
SEC_0108_8K,SEC_0108,SEC,UNANSWERABLE,8K,SUCCESS,8310,10,0.616845571435988,8004804096,23746052096,True,False,False,usable_answer_line
SEC_0109_16K,SEC_0109,SEC,UNANSWERABLE,16K,SUCCESS,16517,10,1.2476750928908587,9555600896,23746052096,True,False,False,usable_answer_line
SEC_0109_32K,SEC_0109,SEC,UNANSWERABLE,32K,SUCCESS,32703,11,2.9020350920036435,12615469568,23746052096,True,False,False,usable_answer_line
SEC_0109_4K,SEC_0109,SEC,UNANSWERABLE,4K,SUCCESS,4255,10,0.3358367569744587,7240734720,23746052096,True,False,False,usable_answer_line
SEC_0109_64K,SEC_0109,SEC,UNANSWERABLE,64K,SUCCESS,65252,6,7.767003764398396,18765023744,23725080576,True,False,False,usable_answer_line
SEC_0109_82K,SEC_0109,SEC,UNANSWERABLE,82K,SUCCESS,81681,11,11.36098412796855,21868989952,23746052096,True,False,False,usable_answer_line
SEC_0109_8K,SEC_0109,SEC,UNANSWERABLE,8K,SUCCESS,8380,10,0.6200750768184662,8018031104,23746052096,True,False,False,usable_answer_line
SEC_0110_16K,SEC_0110,SEC,UNANSWERABLE,16K,SUCCESS,16454,10,1.2434024214744568,9544646144,23746052096,True,False,False,usable_answer_line
SEC_0110_32K,SEC_0110,SEC,UNANSWERABLE,32K,SUCCESS,32764,10,2.8801746517419815,12625910272,23746052096,True,False,False,usable_answer_line
SEC_0110_4K,SEC_0110,SEC,UNANSWERABLE,4K,SUCCESS,4206,10,0.33323204703629017,7231184384,23746052096,True,False,False,usable_answer_line
SEC_0110_64K,SEC_0110,SEC,UNANSWERABLE,64K,SUCCESS,65241,9,7.875511834397912,18763126272,23746052096,True,False,False,usable_answer_line
SEC_0110_82K,SEC_0110,SEC,UNANSWERABLE,82K,SUCCESS,81775,11,11.376261764205992,21887029760,23746052096,True,False,False,usable_answer_line
SEC_0110_8K,SEC_0110,SEC,UNANSWERABLE,8K,SUCCESS,8364,10,0.623474151827395,8015008256,23746052096,True,False,False,usable_answer_line
SEC_0111_16K,SEC_0111,SEC,UNANSWERABLE,16K,SUCCESS,16496,10,1.2441233033314347,9551892992,23746052096,True,False,False,usable_answer_line
SEC_0111_32K,SEC_0111,SEC,UNANSWERABLE,32K,SUCCESS,32760,6,2.788093245588243,12625433088,23746052096,True,False,False,usable_answer_line
SEC_0111_4K,SEC_0111,SEC,UNANSWERABLE,4K,SUCCESS,4284,10,0.3313385145738721,7245763072,20631781376,True,False,False,usable_answer_line
SEC_0111_64K,SEC_0111,SEC,UNANSWERABLE,64K,SUCCESS,65299,11,7.933045578189194,18773447168,22628270080,True,False,False,usable_answer_line
SEC_0111_82K,SEC_0111,SEC,UNANSWERABLE,82K,SUCCESS,81727,11,11.367224846966565,21877680640,23746052096,True,False,False,usable_answer_line
SEC_0111_8K,SEC_0111,SEC,UNANSWERABLE,8K,SUCCESS,8283,10,0.6259042071178555,7999703552,23746052096,True,False,False,usable_answer_line
SEC_0112_16K,SEC_0112,SEC,UNANSWERABLE,16K,SUCCESS,16501,10,1.244808199815452,9552756224,23746052096,True,False,False,usable_answer_line
SEC_0112_32K,SEC_0112,SEC,UNANSWERABLE,32K,SUCCESS,32694,11,2.8991471007466316,12614247936,23746052096,True,False,False,usable_answer_line
SEC_0112_4K,SEC_0112,SEC,UNANSWERABLE,4K,SUCCESS,4243,10,0.3326551476493478,7238100992,23746052096,True,False,False,usable_answer_line
SEC_0112_64K,SEC_0112,SEC,UNANSWERABLE,64K,SUCCESS,65229,11,7.950878066010773,18761055744,23746052096,True,False,False,usable_answer_line
SEC_0112_82K,SEC_0112,SEC,UNANSWERABLE,82K,SUCCESS,81799,12,11.440902940928936,21891287552,23746052096,True,False,False,usable_answer_line
SEC_0112_8K,SEC_0112,SEC,UNANSWERABLE,8K,SUCCESS,8359,10,0.6185512216761708,8014064128,23746052096,True,False,False,usable_answer_line
SEC_0113_16K,SEC_0113,SEC,UNANSWERABLE,16K,SUCCESS,16401,10,1.2430668212473392,9533681152,20484980736,True,False,False,usable_answer_line
SEC_0113_32K,SEC_0113,SEC,UNANSWERABLE,32K,SUCCESS,32709,10,2.882520167157054,12617252352,23746052096,True,False,False,usable_answer_line
SEC_0113_4K,SEC_0113,SEC,UNANSWERABLE,4K,SUCCESS,4267,10,0.3389251185581088,7242586112,23746052096,True,False,False,usable_answer_line
SEC_0113_64K,SEC_0113,SEC,UNANSWERABLE,64K,SUCCESS,65256,10,7.916741384193301,18765713920,23746052096,True,False,False,usable_answer_line
SEC_0113_82K,SEC_0113,SEC,UNANSWERABLE,82K,SUCCESS,81764,6,11.156753401271999,21885131264,23746052096,True,False,False,usable_answer_line
SEC_0113_8K,SEC_0113,SEC,UNANSWERABLE,8K,SUCCESS,8372,10,0.6341603519394994,8016519680,23746052096,True,False,False,usable_answer_line
SEC_0114_16K,SEC_0114,SEC,UNANSWERABLE,16K,SUCCESS,16506,9,1.2246888540685177,9553618432,23746052096,True,False,False,usable_answer_line
SEC_0114_32K,SEC_0114,SEC,UNANSWERABLE,32K,SUCCESS,32676,9,2.855005856603384,12609004032,23746052096,True,False,False,usable_answer_line
SEC_0114_4K,SEC_0114,SEC,UNANSWERABLE,4K,SUCCESS,4283,10,0.33620702661573887,7245576192,23746052096,True,False,False,usable_answer_line
SEC_0114_64K,SEC_0114,SEC,UNANSWERABLE,64K,SUCCESS,65267,9,7.874670456163585,18767612416,23746052096,True,False,False,usable_answer_line
SEC_0114_82K,SEC_0114,SEC,UNANSWERABLE,82K,SUCCESS,81756,11,11.389732983894646,21883750912,23746052096,True,False,False,usable_answer_line
SEC_0114_8K,SEC_0114,SEC,UNANSWERABLE,8K,SUCCESS,8278,10,0.6155869057402015,7998758400,23746052096,True,False,False,usable_answer_line
SEC_0115_16K,SEC_0115,SEC,UNANSWERABLE,16K,SUCCESS,16448,10,1.239713242277503,9543608832,23746052096,True,False,False,usable_answer_line
SEC_0115_32K,SEC_0115,SEC,UNANSWERABLE,32K,SUCCESS,32700,9,2.855019628070295,12615062016,23746052096,True,False,False,usable_answer_line
SEC_0115_4K,SEC_0115,SEC,UNANSWERABLE,4K,SUCCESS,4230,10,0.3327995780855417,7235671552,23746052096,True,False,False,usable_answer_line
SEC_0115_64K,SEC_0115,SEC,UNANSWERABLE,64K,SUCCESS,65225,9,7.8793903244659305,18760365568,23746052096,True,False,False,usable_answer_line
SEC_0115_82K,SEC_0115,SEC,UNANSWERABLE,82K,SUCCESS,81718,9,11.271846548654139,21875979776,23746052096,True,False,False,usable_answer_line
SEC_0115_8K,SEC_0115,SEC,UNANSWERABLE,8K,SUCCESS,8272,10,0.6195327313616872,7997755904,23746052096,True,False,False,usable_answer_line
SEC_0116_16K,SEC_0116,SEC,UNANSWERABLE,16K,SUCCESS,16506,10,1.2443720400333405,9553618432,23746052096,True,False,False,usable_answer_line
SEC_0116_32K,SEC_0116,SEC,UNANSWERABLE,32K,SUCCESS,32679,11,2.90042407438159,12609571328,23746052096,True,False,False,usable_answer_line
SEC_0116_4K,SEC_0116,SEC,UNANSWERABLE,4K,SUCCESS,4308,10,0.3417825624346733,7250749952,23746052096,True,False,False,usable_answer_line
SEC_0116_64K,SEC_0116,SEC,UNANSWERABLE,64K,SUCCESS,65298,11,7.962839604355395,18773257728,23746052096,True,False,False,usable_answer_line
SEC_0116_82K,SEC_0116,SEC,UNANSWERABLE,82K,SUCCESS,81750,11,11.381302069872618,21882715648,23746052096,True,False,False,usable_answer_line
SEC_0116_8K,SEC_0116,SEC,UNANSWERABLE,8K,SUCCESS,8342,10,0.617339757271111,8010851840,23746052096,True,False,False,usable_answer_line
SEC_0117_16K,SEC_0117,SEC,UNANSWERABLE,16K,SUCCESS,16471,10,1.2436805814504623,9547579904,22628270080,True,False,False,usable_answer_line
SEC_0117_32K,SEC_0117,SEC,UNANSWERABLE,32K,SUCCESS,32776,10,2.9176069274544716,12627900928,23746052096,True,False,False,usable_answer_line
SEC_0117_4K,SEC_0117,SEC,UNANSWERABLE,4K,SUCCESS,4302,10,0.3370441673323512,7249911296,23746052096,True,False,False,usable_answer_line
SEC_0117_64K,SEC_0117,SEC,UNANSWERABLE,64K,SUCCESS,65312,11,7.951864447444677,18775902720,23746052096,True,False,False,usable_answer_line
SEC_0117_82K,SEC_0117,SEC,UNANSWERABLE,82K,SUCCESS,81729,11,11.374537256546319,21879092736,23746052096,True,False,False,usable_answer_line
SEC_0117_8K,SEC_0117,SEC,UNANSWERABLE,8K,SUCCESS,8361,10,0.6230062451213598,8014441984,23746052096,True,False,False,usable_answer_line
SEC_0118_16K,SEC_0118,SEC,UNANSWERABLE,16K,SUCCESS,16395,10,1.2508126329630613,9532547584,23746052096,True,False,False,usable_answer_line
SEC_0118_32K,SEC_0118,SEC,UNANSWERABLE,32K,SUCCESS,32744,11,2.9042906081303954,12623524352,23746052096,True,False,False,usable_answer_line
SEC_0118_4K,SEC_0118,SEC,UNANSWERABLE,4K,SUCCESS,4301,10,0.3423594767227769,7249771520,23746052096,True,False,False,usable_answer_line
SEC_0118_64K,SEC_0118,SEC,UNANSWERABLE,64K,SUCCESS,65204,11,7.932268220931292,18755494400,23746052096,True,False,False,usable_answer_line
SEC_0118_82K,SEC_0118,SEC,UNANSWERABLE,82K,SUCCESS,81782,11,11.37389515619725,21888237056,23746052096,True,False,False,usable_answer_line
SEC_0118_8K,SEC_0118,SEC,UNANSWERABLE,8K,SUCCESS,8331,10,0.6167797222733498,8008774144,23746052096,True,False,False,usable_answer_line
SEC_0119_16K,SEC_0119,SEC,UNANSWERABLE,16K,SUCCESS,16407,10,1.2395816156640649,9534814720,23746052096,True,False,False,usable_answer_line
SEC_0119_32K,SEC_0119,SEC,UNANSWERABLE,32K,SUCCESS,32742,10,2.880204643122852,12622220800,23746052096,True,False,False,usable_answer_line
SEC_0119_4K,SEC_0119,SEC,UNANSWERABLE,4K,SUCCESS,4299,10,0.3322431733831763,7249491968,23746052096,True,False,False,usable_answer_line
SEC_0119_64K,SEC_0119,SEC,UNANSWERABLE,64K,SUCCESS,65291,6,7.776509778574109,18771935744,23746052096,True,False,False,usable_answer_line
SEC_0119_82K,SEC_0119,SEC,UNANSWERABLE,82K,SUCCESS,81760,11,11.366923188790679,21884441088,23746052096,True,False,False,usable_answer_line
SEC_0119_8K,SEC_0119,SEC,UNANSWERABLE,8K,SUCCESS,8322,10,0.6253789570182562,8007073280,23746052096,True,False,False,usable_answer_line
SEC_0120_16K,SEC_0120,SEC,UNANSWERABLE,16K,SUCCESS,16486,10,1.2435536058619618,9550167552,23746052096,True,False,False,usable_answer_line
SEC_0120_32K,SEC_0120,SEC,UNANSWERABLE,32K,SUCCESS,32682,9,2.8522037155926228,12610137600,23746052096,True,False,False,usable_answer_line
SEC_0120_4K,SEC_0120,SEC,UNANSWERABLE,4K,SUCCESS,4300,10,0.3369667949154973,7249631744,23746052096,True,False,False,usable_answer_line
SEC_0120_64K,SEC_0120,SEC,UNANSWERABLE,64K,SUCCESS,65216,11,7.946219977922738,18758810112,23746052096,True,False,False,usable_answer_line
SEC_0120_82K,SEC_0120,SEC,UNANSWERABLE,82K,SUCCESS,81767,9,11.271447830833495,21885649408,23746052096,True,False,False,usable_answer_line
SEC_0120_8K,SEC_0120,SEC,UNANSWERABLE,8K,SUCCESS,8276,10,0.6145445313304663,7998413312,23746052096,True,False,False,usable_answer_line
SEC_0121_16K,SEC_0121,SEC,UNANSWERABLE,16K,SUCCESS,16438,10,1.2409306718036532,9540670976,23746052096,True,False,False,usable_answer_line
SEC_0121_32K,SEC_0121,SEC,UNANSWERABLE,32K,SUCCESS,32782,11,2.9389748107641935,12629034496,23746052096,True,False,False,usable_answer_line
SEC_0121_4K,SEC_0121,SEC,UNANSWERABLE,4K,SUCCESS,4234,10,0.340627359226346,7236419072,23746052096,True,False,False,usable_answer_line
SEC_0121_64K,SEC_0121,SEC,UNANSWERABLE,64K,SUCCESS,65276,11,7.938172590918839,18769164800,23746052096,True,False,False,usable_answer_line
SEC_0121_82K,SEC_0121,SEC,UNANSWERABLE,82K,SUCCESS,81704,11,11.35482594370842,21873334784,23746052096,True,False,False,usable_answer_line
SEC_0121_8K,SEC_0121,SEC,UNANSWERABLE,8K,SUCCESS,8377,10,0.6228018859401345,8017464832,23746052096,True,False,False,usable_answer_line
SEC_0122_16K,SEC_0122,SEC,UNANSWERABLE,16K,SUCCESS,16425,10,1.2414857912808657,9538215424,23746052096,True,False,False,usable_answer_line
SEC_0122_32K,SEC_0122,SEC,UNANSWERABLE,32K,SUCCESS,32748,10,2.891008274629712,12624001536,23746052096,True,False,False,usable_answer_line
SEC_0122_4K,SEC_0122,SEC,UNANSWERABLE,4K,SUCCESS,4279,10,0.3300296012312174,7244828672,23746052096,True,False,False,usable_answer_line
SEC_0122_64K,SEC_0122,SEC,UNANSWERABLE,64K,SUCCESS,65243,11,7.949132565408945,18763471360,23746052096,True,False,False,usable_answer_line
SEC_0122_82K,SEC_0122,SEC,UNANSWERABLE,82K,SUCCESS,81773,11,11.387427208945155,21886684672,23746052096,True,False,False,usable_answer_line
SEC_0122_8K,SEC_0122,SEC,UNANSWERABLE,8K,SUCCESS,8282,10,0.6166056618094444,7999514112,23746052096,True,False,False,usable_answer_line
SEC_0123_16K,SEC_0123,SEC,UNANSWERABLE,16K,SUCCESS,16418,10,1.2410848904401064,9536892416,23746052096,True,False,False,usable_answer_line
SEC_0123_32K,SEC_0123,SEC,UNANSWERABLE,32K,SUCCESS,32770,11,2.9397906213998795,12626767360,23746052096,True,False,False,usable_answer_line
SEC_0123_4K,SEC_0123,SEC,UNANSWERABLE,4K,SUCCESS,4278,10,0.32909112330526114,7244641792,23746052096,True,False,False,usable_answer_line
SEC_0123_64K,SEC_0123,SEC,UNANSWERABLE,64K,SUCCESS,65212,11,7.934103822335601,18757005824,23746052096,True,False,False,usable_answer_line
SEC_0123_82K,SEC_0123,SEC,UNANSWERABLE,82K,SUCCESS,81651,11,11.355437696911395,21863320064,23746052096,True,False,False,usable_answer_line
SEC_0123_8K,SEC_0123,SEC,UNANSWERABLE,8K,SUCCESS,8382,10,0.6227914215996861,8018408960,23746052096,True,False,False,usable_answer_line
SEC_0124_16K,SEC_0124,SEC,UNANSWERABLE,16K,SUCCESS,16406,10,1.240340543910861,9534625280,23746052096,True,False,False,usable_answer_line
SEC_0124_32K,SEC_0124,SEC,UNANSWERABLE,32K,SUCCESS,32733,11,2.9025244377553463,12620779008,23746052096,True,False,False,usable_answer_line
SEC_0124_4K,SEC_0124,SEC,UNANSWERABLE,4K,SUCCESS,4260,10,0.33113081846386194,7241351680,23746052096,True,False,False,usable_answer_line
SEC_0124_64K,SEC_0124,SEC,UNANSWERABLE,64K,SUCCESS,65308,11,7.951592532917857,18775147008,23746052096,True,False,False,usable_answer_line
SEC_0124_82K,SEC_0124,SEC,UNANSWERABLE,82K,SUCCESS,81672,11,11.375564916990697,21867289088,23746052096,True,False,False,usable_answer_line
SEC_0124_8K,SEC_0124,SEC,UNANSWERABLE,8K,SUCCESS,8358,10,0.6136760069057345,8013874688,23746052096,True,False,False,usable_answer_line
SEC_0125_16K,SEC_0125,SEC,UNANSWERABLE,16K,SUCCESS,16445,9,1.2310050493106246,9541993984,23746052096,True,False,False,usable_answer_line
SEC_0125_32K,SEC_0125,SEC,UNANSWERABLE,32K,SUCCESS,32755,11,2.9092453233897686,12624837120,23746052096,True,False,False,usable_answer_line
SEC_0125_4K,SEC_0125,SEC,UNANSWERABLE,4K,SUCCESS,4300,10,0.3263639975339174,7249631744,23746052096,True,False,False,usable_answer_line
SEC_0125_64K,SEC_0125,SEC,UNANSWERABLE,64K,SUCCESS,65290,9,7.887200967408717,18771746304,23746052096,True,False,False,usable_answer_line
SEC_0125_82K,SEC_0125,SEC,UNANSWERABLE,82K,SUCCESS,81732,9,11.293350684456527,21879609856,23746052096,True,False,False,usable_answer_line
SEC_0125_8K,SEC_0125,SEC,UNANSWERABLE,8K,SUCCESS,8363,10,0.6160771083086729,8014819840,23746052096,True,False,False,usable_answer_line
