abstention_correct,answer_correct,answer_line_valid,answerable,context_length_label,domain,error_type,evidence_correct,execution_order_index,generated_tokens_count,generated_tokens_per_second,generation_latency_seconds,gold_answer,gold_answer_normalized,gold_evidence_display_ids,gold_evidence_ids,grading_rule_used,hallucination,input_tokens,instance_id,matched_context_record,matched_context_value,matched_distractor_type,needs_semantic_review,normalized_gold_answer,normalized_model_answer,parse_failure_reason,parsed_answer,parsed_selected_evidence,peak_allocated_vram_bytes,peak_reserved_vram_bytes,question,question_family_id,question_type,raw_output_text,review_reason,manual_adjudication,original_answer_correct,original_hallucination,original_error_type,final_answer_correct,final_hallucination,final_error_type,adjudication_method,adjudication_reason
True,True,True,True,64K,FDA,CORRECT,,0,6,0.7794257918882889,7.697974666021764,TABLET,TABLET,['R89F59D6895'],['FDA-ANDA075999-006-product-dosage-form-a7cba6df'],answer_only_exact_match,False,65032,FDA_0003_64K,"{'canonical_record_id': 'FDA-ANDA075961-002-product-dosage-form-3a32f494', 'display_id': 'R842273FF7D', 'distractor_type': 'WRONG_ENTITY', 'is_gold_or_equivalent': False, 'record_value': 'TABLET'}",TABLET,WRONG_ENTITY,False,tablet,tablet,,TABLET,,18722994688,21321744384,"Using only the Drugs@FDA records supplied in the context, what DOSAGE FORM is listed for product number 006 under FDA application ANDA075999 (brand name ""LISINOPRIL"", active ingredient LISINOPRIL)? Answer with the dosage form exactly as recorded.",FDA_0003,DIRECT_RETRIEVAL,ANSWER: TABLET,,False,True,False,CORRECT,True,False,CORRECT,,
True,True,True,True,4K,CLINICAL_TRIALS,CORRECT,,1,6,20.251051912241945,0.2962809056043625,226,226.0,['R3E85812DF7'],['CT-NCT02408120-enrollment-count-8faccd69'],answer_only_exact_match,False,4229,CT_0003_4K,"{'canonical_record_id': 'CT-NCT02408120-enrollment-count-8faccd69', 'display_id': 'R3E85812DF7', 'distractor_type': None, 'is_gold_or_equivalent': True, 'record_value': '226.0'}",226.0,,False,226,226,,226,,7235484672,21321744384,"Using only the ClinicalTrials.gov records supplied in the context, what enrollment count is reported for trial NCT02408120 (""Benefits of Insulin Supplementation for Correction of Hyperglycemia in Patients With Type 2 Diabetes"")? Report the actual number of participants as an integer.",CT_0003,DIRECT_RETRIEVAL,ANSWER: 226,,False,True,False,CORRECT,True,False,CORRECT,,
True,True,True,True,4K,FDA,CORRECT,,2,7,22.738677995126757,0.30784551333636045,100MG,100MG,['RDD82BB12F5'],['FDA-ANDA090428-003-strength-LOSARTAN-POTASSIUM-0-73ee1961'],answer_only_exact_match,False,4255,FDA_0008_4K,"{'canonical_record_id': 'FDA-ANDA090428-003-strength-LOSARTAN-POTASSIUM-0-73ee1961', 'display_id': 'RDD82BB12F5', 'distractor_type': None, 'is_gold_or_equivalent': True, 'record_value': '100MG'}",100MG,,False,100mg,100mg,,100MG,,7240343552,21321744384,"Using only the Drugs@FDA records supplied in the context, what is the listed strength of LOSARTAN POTASSIUM in product number 003 under FDA application ANDA090428 (dosage form TABLET, route ORAL)? Report the strength string exactly as recorded.",FDA_0008,ENTITY_UNIT_BINDING,ANSWER: 100MG,,False,True,False,CORRECT,True,False,CORRECT,,
True,False,True,True,32K,SEC,UNSUPPORTED_VALUE,,3,8,2.7857470606046335,2.871761084534228,5.93%,5.93,"['RB1AFF6F2F5', 'R8C100B55A6']","['SEC-0000104169-OperatingIncomeLoss-USD-CY2011-0000104169-14-000019-ab2642b5', 'SEC-0000104169-Revenues-USD-CY2011-0000104169-14-000019-50faff09']",answer_not_matched_to_context_value,True,32786,SEC_0009_32K,,,,False,5.93,0.07,,0.07,,12629790208,21321744384,"Using only the SEC XBRL company-facts records supplied in the context, calculate WALMART INC.'s (CIK 0000104169) operating margin for the annual XBRL frame CY2011. Divide us-gaap:OperatingIncomeLoss by Revenues for that same company and frame, both in USD, multiply by 100, and round to two decimal places.",SEC_0009,RETRIEVAL_CALCULATION,ANSWER: 0.07,,False,False,True,UNSUPPORTED_VALUE,False,True,UNSUPPORTED_VALUE,,
True,True,True,True,64K,SEC,CORRECT,,4,11,1.3844719311996725,7.945267615839839,"-16,276,000,000",-16276000000.0,['R39ABB404FD'],['SEC-0000789019-NetCashProvidedByUsedInF-USD-CY2021Q3-0001564590-22-035087-306cc7fc'],answer_only_exact_match,False,65280,SEC_0017_64K,"{'canonical_record_id': 'SEC-0000789019-NetCashProvidedByUsedInF-USD-CY2021Q3-0001564590-22-035087-306cc7fc', 'display_id': 'R39ABB404FD', 'distractor_type': None, 'is_gold_or_equivalent': True, 'record_value': '-16276000000.0'}",-16276000000.0,,False,-16276000000.0,-16276000000.0,,-16276000000.0,,18769854976,21323841536,"Using only the SEC XBRL company-facts records supplied in the context, what did MICROSOFT CORPORATION (CIK 0000789019) report for us-gaap:NetCashProvidedByUsedInFinancingActivities for the single quarterly XBRL frame CY2021Q3, in USD? Report the quarterly figure exactly.",SEC_0017,TEMPORAL_VERSION,ANSWER: -16276000000.0,,False,True,False,CORRECT,True,False,CORRECT,,
True,False,True,True,32K,CLINICAL_TRIALS,WRONG_ENTITY,,5,9,3.144274515093743,2.862345497123897,ACTIVE_COMPARATOR,ACTIVE_COMPARATOR,['RB0734CF34D'],['CT-NCT01340300-arm-type-Control-3-fc797906'],answer_matches_context_distractor_value,False,32715,CT_0006_32K,"{'canonical_record_id': 'CT-NCT02301780-arm-type-Control-Group-0-d8f7c1c8', 'display_id': 'R1D5E1122A7', 'distractor_type': 'WRONG_ENTITY', 'is_gold_or_equivalent': False, 'record_value': 'PLACEBO_COMPARATOR'}",PLACEBO_COMPARATOR,WRONG_ENTITY,False,active_comparator,placebo_comparator,,PLACEBO_COMPARATOR,,12619414016,21323841536,"Using only the ClinicalTrials.gov records supplied in the context, what is the arm-group TYPE of the arm labelled ""Control"" in trial NCT01340300 (""Exercise and Metformin in Colorectal and Breast Cancer Survivors"")? Answer with the ClinicalTrials.gov arm type value (for example EXPERIMENTAL, ACTIVE_COMPARATOR, PLACEBO_COMPARATOR, SHAM_COMPARATOR, NO_INTERVENTION or OTHER).",CT_0006,ENTITY_UNIT_BINDING,ANSWER: PLACEBO_COMPARATOR,,False,False,False,WRONG_ENTITY,False,False,WRONG_ENTITY,,
False,False,True,False,4K,CLINICAL_TRIALS,FAILED_TO_ABSTAIN,,6,11,32.016060996744194,0.3435775563120842,,INSUFFICIENT_EVIDENCE,[],[],unanswerable_instance_factual_answer,True,4227,CT_0024_4K,"{'canonical_record_id': 'CT-NCT06097390-study-last-update-posted-709747d7', 'display_id': 'R5AA8DDDD54', 'distractor_type': 'WRONG_FIELD', 'is_gold_or_equivalent': False, 'record_value': '2025-07-17'}",2025-07-17,WRONG_FIELD,False,INSUFFICIENT_EVIDENCE,2025-07-17,,2025-07-17,,7235110912,21323841536,"Using only the ClinicalTrials.gov records supplied in the context, what is the date on which results were first posted for trial NCT06097390 (""A Research Study Looking at New Protein-based Tablets in Healthy Men - Oral Formulation III"")?",CT_0024,UNANSWERABLE,ANSWER: 2025-07-17,,False,False,True,FAILED_TO_ABSTAIN,False,True,FAILED_TO_ABSTAIN,,
True,True,True,True,32K,FRED,CORRECT,,7,8,2.837300631977492,2.8195813689380884,1.770,1.77,['R402DBA2483'],['FRED-WGS10YR-2015-01-30-latest-bd2bd66f'],answer_only_exact_match,False,32592,FRED_0008_32K,"{'canonical_record_id': 'FRED-WGS10YR-2015-01-30-latest-bd2bd66f', 'display_id': 'R402DBA2483', 'distractor_type': None, 'is_gold_or_equivalent': True, 'record_value': '1.77'}",1.77,,False,1.77,1.77,,1.77,,12593132032,21323841536,"Using only the FRED records supplied in the context, report the value of FRED series WGS10YR (""Market Yield on U.S. Treasury Securities at 10-Year Constant Maturity""), measured in Percent, not seasonally adjusted, weekly frequency for United States on the observation dated 2015-01-30. Report the value for series WGS10YR exactly.",FRED_0008,ENTITY_UNIT_BINDING,ANSWER: 1.77,,False,True,False,CORRECT,True,False,CORRECT,,
True,True,True,True,8K,SEC,CORRECT,,8,9,14.814385509380385,0.6075176047161222,"63,937,000,000",63937000000.0,['R2940A33ABA'],['SEC-0000200406-GrossProfit-USD-CY2025-0000200406-26-000016-de0a564d'],answer_only_exact_match,False,8310,SEC_0002_8K,"{'canonical_record_id': 'SEC-0000200406-GrossProfit-USD-CY2025-0000200406-26-000016-de0a564d', 'display_id': 'R2940A33ABA', 'distractor_type': None, 'is_gold_or_equivalent': True, 'record_value': '63937000000.0'}",63937000000.0,,False,63937000000.0,63937000000.0,,63937000000,,8004804096,21323841536,"Using only the SEC XBRL company-facts records supplied in the context, what value did Johnson & Johnson (CIK 0000200406) report for the us-gaap concept ""GrossProfit"" (Gross Profit) for the annual XBRL frame CY2025, in USD? Report the exact reported figure.",SEC_0002,DIRECT_RETRIEVAL,ANSWER: 63937000000,,False,True,False,CORRECT,True,False,CORRECT,,
True,False,True,True,4K,FRED,CALCULATION_ERROR,,9,8,25.420003630797247,0.31471277959644794,1.38,1.38,"['R8990F7BC23', 'RC63C1F3E93']","['FRED-DGS10-2021-03-01-latest-d3e46d51', 'FRED-FEDFUNDS-2021-03-01-latest-1bc0daea']",calculation_answer_matches_context_operand_or_value,False,4276,FRED_0013_4K,"{'canonical_record_id': 'FRED-DGS10-2021-03-01-latest-d3e46d51', 'display_id': 'R8990F7BC23', 'distractor_type': None, 'is_gold_or_equivalent': True, 'record_value': '1.45'}",1.45,,False,1.38,1.45,,1.45,,7244268032,21323841536,"Using only the FRED records supplied in the context, subtract the value of FRED series FEDFUNDS (""Federal Funds Effective Rate""), measured in Percent, not seasonally adjusted, monthly frequency from the value of FRED series DGS10 (""Market Yield on U.S. Treasury Securities at 10-Year Constant Maturity""), measured in Percent, not seasonally adjusted, daily frequency, both for the observation dated 2021-03-01 and both taken from the most recent vintage. Report the difference in Percent, rounded to two decimal places.",FRED_0013,RETRIEVAL_CALCULATION,ANSWER: 1.45,,False,False,False,CALCULATION_ERROR,False,False,CALCULATION_ERROR,,
False,False,True,False,64K,CLINICAL_TRIALS,FAILED_TO_ABSTAIN,,10,11,1.3909473103206067,7.908279428258538,,INSUFFICIENT_EVIDENCE,[],[],unanswerable_instance_factual_answer,True,65153,CT_0021_64K,"{'canonical_record_id': 'CT-NCT02339493-study-last-update-posted-df46f3ec', 'display_id': 'R656998F596', 'distractor_type': 'WRONG_FIELD', 'is_gold_or_equivalent': False, 'record_value': '2018-10-31'}",2018-10-31,WRONG_FIELD,False,INSUFFICIENT_EVIDENCE,2018-10-31,,2018-10-31,,18745859584,21323841536,"Using only the ClinicalTrials.gov records supplied in the context, what is the date on which results were first posted for trial NCT02339493 (""Electronic Alerts for Stroke Prevention in Patients With Atrial Fibrillation or Atrial Flutter"")?",CT_0021,UNANSWERABLE,ANSWER: 2018-10-31,,False,False,True,FAILED_TO_ABSTAIN,False,True,FAILED_TO_ABSTAIN,,
True,False,True,True,32K,CLINICAL_TRIALS,UNSUPPORTED_VALUE,,11,6,2.155263147200874,2.7838827976956964,715,715.0,"['R49BD6ECB64', 'R4B2CDBA6AD']","['CT-NCT03310021-study-start-date-79bbb709', 'CT-NCT03310021-study-primary-completion-a3ba8a2e']",answer_not_matched_to_context_value,True,32743,CT_0013_32K,,,,False,715,109,,109,,12623098368,21323841536,"Using only the ClinicalTrials.gov records supplied in the context, calculate the number of calendar days between the study start date and the primary completion date of trial NCT03310021 (""A Healthy Volunteer Pharmacokinetics (PK)/Pharmacodynamics (PD), Safety and Tolerability Study of Andexanet in Healthy Japanese and Caucasian Subjects""). Report a whole number of days. Use the primary completion date, not the overall study completion date and not the last update posted date.",CT_0013,RETRIEVAL_CALCULATION,ANSWER: 109,,False,False,True,UNSUPPORTED_VALUE,False,True,UNSUPPORTED_VALUE,,
False,False,True,False,64K,SEC,FAILED_TO_ABSTAIN,,12,11,1.3896367002294259,7.915737975388765,,INSUFFICIENT_EVIDENCE,[],[],unanswerable_instance_factual_answer,True,65197,SEC_0024_64K,"{'canonical_record_id': 'SEC-0000789019-OperatingExpenses-USD-2013-07-01-2013-09-30-0001193125-13-409855-d4f293a3', 'display_id': 'R8AE3C23070', 'distractor_type': 'OTHER_SAME_DOMAIN', 'is_gold_or_equivalent': False, 'record_value': '7081000000.0'}",7081000000.0,OTHER_SAME_DOMAIN,False,INSUFFICIENT_EVIDENCE,7081000000.0,,7081000000.0,,18754172416,21323841536,"Using only the SEC XBRL company-facts records supplied in the context, what value did PFIZER INC (CIK 0000078003) report for the us-gaap concept ""OperatingExpenses"" (Operating Expenses) for the annual XBRL frame CY2023?",SEC_0024,UNANSWERABLE,ANSWER: 7081000000.0,,False,False,True,FAILED_TO_ABSTAIN,False,True,FAILED_TO_ABSTAIN,,
True,True,True,True,32K,SEC,CORRECT,,13,11,3.753147833503674,2.9308730931952596,"14,527,000,000",14527000000.0,['R2502756E9E'],['SEC-0000320193-IncomeTaxExpenseBenefit-USD-CY2021-0000320193-23-000106-b260dbee'],answer_only_exact_match,False,32775,SEC_0007_32K,"{'canonical_record_id': 'SEC-0000320193-IncomeTaxExpenseBenefit-USD-2020-09-27-2021-09-25-0000320193-21-000105-c5bad546', 'display_id': 'RF900BCEDCD', 'distractor_type': 'WRONG_PERIOD', 'is_gold_or_equivalent': False, 'record_value': '14527000000.0'}",14527000000.0,WRONG_PERIOD,False,14527000000.0,14527000000.0,,14527000000.0,,12627712512,21323841536,"Using only the SEC XBRL company-facts records supplied in the context, what value did Apple Inc. (CIK 0000320193) report for us-gaap:IncomeTaxExpenseBenefit for the annual XBRL frame CY2021, in USD? Report the exact value for that filer.",SEC_0007,ENTITY_UNIT_BINDING,ANSWER: 14527000000.0,,False,True,False,CORRECT,True,False,CORRECT,,
True,True,True,False,16K,FRED,CORRECT,,14,10,8.344260653601049,1.198428526520729,,INSUFFICIENT_EVIDENCE,[],[],answer_only_exact_match,False,16379,FRED_0021_16K,,,,False,INSUFFICIENT_EVIDENCE,INSUFFICIENT_EVIDENCE,,INSUFFICIENT_EVIDENCE,,9530098176,21323841536,"Using only the FRED records supplied in the context, what value does FRED report for FRED series DGS10 (""Market Yield on U.S. Treasury Securities at 10-Year Constant Maturity""), measured in Percent, not seasonally adjusted, daily frequency, for the observation dated 2009-09-07?",FRED_0021,UNANSWERABLE,ANSWER: INSUFFICIENT_EVIDENCE,,False,True,False,CORRECT,True,False,CORRECT,,
True,False,True,True,32K,FRED,UNSUPPORTED_VALUE,,15,8,2.8400574620406567,2.816844414919615,0.00%,0.0,"['RE02842316A', 'RBF93AF1F4B']","['FRED-ILUR-2026-06-01-latest-4d52d8ef', 'FRED-ILUR-2026-05-01-latest-d51617d6']",answer_not_matched_to_context_value,True,32593,FRED_0012_32K,,,,False,0.0,0.05,,0.05,,12593321472,21323841536,"Using only the FRED records supplied in the context, calculate the percentage change in FRED series ILUR (""Unemployment Rate""), measured in Percent, seasonally adjusted, monthly frequency between the observation dated 2026-05-01 and the observation dated 2026-06-01. Use both values from the most recent vintage, apply ((value_2026-06-01 - value_2026-05-01) / value_2026-05-01) * 100, and round to two decimal places.",FRED_0012,RETRIEVAL_CALCULATION,ANSWER: 0.05,,False,False,True,UNSUPPORTED_VALUE,False,True,UNSUPPORTED_VALUE,,
True,False,True,True,8K,SEC,WRONG_ENTITY,,16,11,17.331279324054577,0.6346905957907438,"-15,999,000,000",-15999000000.0,['RDA0BE3F7B6'],['SEC-0000078003-NetCashProvidedByUsedInF-USD-CY2012-0000078003-15-000014-5a37c69c'],answer_matches_context_distractor_value,False,8334,SEC_0008_8K,"{'canonical_record_id': 'SEC-0000200406-NetCashProvidedByUsedInF-USD-CY2012-0000200406-15-000004-83f267bd', 'display_id': 'R9D2D4AC90A', 'distractor_type': 'WRONG_ENTITY', 'is_gold_or_equivalent': False, 'record_value': '-20562000000.0'}",-20562000000.0,WRONG_ENTITY,False,-15999000000.0,-20562000000.0,,-20562000000.0,,8009340416,21323841536,"Using only the SEC XBRL company-facts records supplied in the context, what value did PFIZER INC (CIK 0000078003) report for us-gaap:NetCashProvidedByUsedInFinancingActivities for the annual XBRL frame CY2012, in USD? Report the exact value for that filer.",SEC_0008,ENTITY_UNIT_BINDING,ANSWER: -20562000000.0,,False,False,False,WRONG_ENTITY,False,False,WRONG_ENTITY,,
True,True,True,True,64K,SEC,CORRECT,,17,11,1.385330082709828,7.940345869399607,"10,151,000,000",10151000000.0,['R93E3DF4118'],['SEC-0000078003-NetCashProvidedByUsedInO-USD-2016-01-01-2016-10-02-0000078003-17-000049-12a9492c'],answer_only_exact_match,False,65294,SEC_0019_64K,"{'canonical_record_id': 'SEC-0000078003-NetCashProvidedByUsedInO-USD-2016-01-01-2016-10-02-0000078003-17-000049-12a9492c', 'display_id': 'R93E3DF4118', 'distractor_type': None, 'is_gold_or_equivalent': True, 'record_value': '10151000000.0'}",10151000000.0,,False,10151000000.0,10151000000.0,,10151000000.0,,18772502016,24538775552,"Using only the SEC XBRL company-facts records supplied in the context, what value did PFIZER INC (CIK 0000078003) report for us-gaap:NetCashProvidedByUsedInOperatingActivities for the period ending 2016-10-02 in the MOST RECENTLY FILED version of that fact — accession 0000078003-17-000049, form 10-Q, filed 2017-11-09 — in USD? Report the exact value from that version.",SEC_0019,TEMPORAL_VERSION,ANSWER: 10151000000.0,,False,True,False,CORRECT,True,False,CORRECT,,
True,True,True,True,64K,FRED,CORRECT,,18,8,1.0284958932600587,7.778348997235298,1.770,1.77,['R402DBA2483'],['FRED-WGS10YR-2015-01-30-latest-bd2bd66f'],answer_only_exact_match,False,64980,FRED_0008_64K,"{'canonical_record_id': 'FRED-WGS10YR-2015-01-30-latest-bd2bd66f', 'display_id': 'R402DBA2483', 'distractor_type': None, 'is_gold_or_equivalent': True, 'record_value': '1.77'}",1.77,,False,1.77,1.77,,1.77,,18713168384,24538775552,"Using only the FRED records supplied in the context, report the value of FRED series WGS10YR (""Market Yield on U.S. Treasury Securities at 10-Year Constant Maturity""), measured in Percent, not seasonally adjusted, weekly frequency for United States on the observation dated 2015-01-30. Report the value for series WGS10YR exactly.",FRED_0008,ENTITY_UNIT_BINDING,ANSWER: 1.77,,False,True,False,CORRECT,True,False,CORRECT,,
True,True,True,True,8K,FDA,CORRECT,,19,11,17.319178915526983,0.6351340357214212,2018-08-24,2018-08-24,['R9FBFBD62FA'],['FDA-ANDA209306-submission-ORIG-1-0b1fd305'],answer_only_exact_match,False,8328,FDA_0018_8K,"{'canonical_record_id': 'FDA-ANDA209306-submission-ORIG-1-0b1fd305', 'display_id': 'R9FBFBD62FA', 'distractor_type': None, 'is_gold_or_equivalent': True, 'record_value': '2018-08-24'}",2018-08-24,,False,2018-08-24,2018-08-24,,2018-08-24,,8008206848,24538775552,"Using only the Drugs@FDA records supplied in the context, what is the submission status date of the ORIGINAL submission (submission type ORIG) for FDA application ANDA209306 (sponsor: LUPIN)? Answer in YYYY-MM-DD form.",FDA_0018,TEMPORAL_VERSION,ANSWER: 2018-08-24,,False,True,False,CORRECT,True,False,CORRECT,,
True,False,True,True,64K,FDA,UNSUPPORTED_VALUE,,20,6,0.7770274419492637,7.72173500712961,3,3.0,"['R84E3920385', 'RA919FF4E94', 'R072387E691']","['FDA-ANDA217066-001-product-dosage-form-c729e56e', 'FDA-ANDA217066-002-product-dosage-form-61bdc384', 'FDA-ANDA217066-003-product-dosage-form-8625f203']",answer_not_matched_to_context_value,True,65009,FDA_0012_64K,,,,False,3,7,,7,,18718647808,24538775552,"Using only the Drugs@FDA records supplied in the context, how many distinct product entries are listed under FDA application ANDA217066 (sponsor: ZYDUS PHARMS)? Count the products belonging to that application number only, and answer with an integer.",FDA_0012,RETRIEVAL_CALCULATION,ANSWER: 7,,False,False,True,UNSUPPORTED_VALUE,False,True,UNSUPPORTED_VALUE,,
True,True,True,True,64K,FDA,CORRECT,,21,6,0.7751820961159025,7.740116844885051,5,5.0,"['R0BD4A74409', 'RE6D7B20123', 'R2931E659B5', 'R5E58A20C63', 'RC69FDCD8A4']","['FDA-NDA020357-001-product-dosage-form-fe6fb84a', 'FDA-NDA020357-002-product-dosage-form-d7f949e9', 'FDA-NDA020357-003-product-dosage-form-25562254', 'FDA-NDA020357-004-product-dosage-form-a4545c89', 'FDA-NDA020357-005-product-dosage-form-e52eba89']",answer_only_exact_match,False,65039,FDA_0013_64K,,,,False,5,5,,5,,18724317696,24538775552,"Using only the Drugs@FDA records supplied in the context, how many distinct product entries are listed under FDA application NDA020357 (sponsor: EMD SERONO INC)? Count the products belonging to that application number only, and answer with an integer.",FDA_0013,RETRIEVAL_CALCULATION,ANSWER: 5,,False,True,False,CORRECT,True,False,CORRECT,,
True,True,True,True,8K,CLINICAL_TRIALS,CORRECT,,22,8,13.137584091138736,0.6089399652555585,ACTIVE_COMPARATOR,ACTIVE_COMPARATOR,['RB0734CF34D'],['CT-NCT01340300-arm-type-Control-3-fc797906'],answer_only_exact_match,False,8382,CT_0006_8K,"{'canonical_record_id': 'CT-NCT01794143-arm-type-Sulfonylurea-glimepiride-0-27e19498', 'display_id': 'R0B02B9D90F', 'distractor_type': 'WRONG_ENTITY', 'is_gold_or_equivalent': False, 'record_value': 'ACTIVE_COMPARATOR'}",ACTIVE_COMPARATOR,WRONG_ENTITY,False,active_comparator,active_comparator,,ACTIVE_COMPARATOR,,8018408960,24538775552,"Using only the ClinicalTrials.gov records supplied in the context, what is the arm-group TYPE of the arm labelled ""Control"" in trial NCT01340300 (""Exercise and Metformin in Colorectal and Breast Cancer Survivors"")? Answer with the ClinicalTrials.gov arm type value (for example EXPERIMENTAL, ACTIVE_COMPARATOR, PLACEBO_COMPARATOR, SHAM_COMPARATOR, NO_INTERVENTION or OTHER).",CT_0006,ENTITY_UNIT_BINDING,ANSWER: ACTIVE_COMPARATOR,,False,True,False,CORRECT,True,False,CORRECT,,
True,True,True,True,64K,FDA,CORRECT,,23,7,0.9017777780023766,7.76244455203414,100MG,100MG,['RDD82BB12F5'],['FDA-ANDA090428-003-strength-LOSARTAN-POTASSIUM-0-73ee1961'],answer_only_exact_match,False,65075,FDA_0008_64K,"{'canonical_record_id': 'FDA-ANDA090790-003-strength-LOSARTAN-POTASSIUM-0-24a9e319', 'display_id': 'RCDF47CC723', 'distractor_type': 'WRONG_ENTITY', 'is_gold_or_equivalent': False, 'record_value': '100MG'}",100MG,WRONG_ENTITY,False,100mg,100mg,,100MG,,18731119104,24538775552,"Using only the Drugs@FDA records supplied in the context, what is the listed strength of LOSARTAN POTASSIUM in product number 003 under FDA application ANDA090428 (dosage form TABLET, route ORAL)? Report the strength string exactly as recorded.",FDA_0008,ENTITY_UNIT_BINDING,ANSWER: 100MG,,False,True,False,CORRECT,True,False,CORRECT,,
True,True,True,False,8K,SEC,CORRECT,,24,10,16.051453517011318,0.6229965398088098,,INSUFFICIENT_EVIDENCE,[],[],answer_only_exact_match,False,8372,SEC_0021_8K,,,,False,INSUFFICIENT_EVIDENCE,INSUFFICIENT_EVIDENCE,,INSUFFICIENT_EVIDENCE,,8016519680,24538775552,"Using only the SEC XBRL company-facts records supplied in the context, what value did JPMORGAN CHASE & CO (CIK 0000019617) report for the us-gaap concept ""SellingGeneralAndAdministrativeExpense"" (Selling, General and Administrative Expense) for the annual XBRL frame CY2023?",SEC_0021,UNANSWERABLE,ANSWER: INSUFFICIENT_EVIDENCE,,False,True,False,CORRECT,True,False,CORRECT,,
False,False,True,True,32K,SEC,UNNECESSARY_ABSTENTION,,25,10,3.4778400102952234,2.8753479085862637,47.90%,47.9,"['R56B40CFAAF', 'RD05F499C85']","['SEC-0000320193-CostOfGoodsAndServicesSo-USD-CY2008-0001193125-10-238044-75b6ee2e', 'SEC-0000320193-CostOfGoodsAndServicesSo-USD-CY2007-0001193125-10-012091-a8a3cea9']",answerable_instance_unnecessary_abstention,False,32720,SEC_0014_32K,,,,False,47.9,INSUFFICIENT_EVIDENCE,,INSUFFICIENT_EVIDENCE,,12620071424,24538775552,"Using only the SEC XBRL company-facts records supplied in the context, calculate the year-over-year percentage change in Apple Inc.'s (CIK 0000320193) reported us-gaap:CostOfGoodsAndServicesSold from annual XBRL frame CY2007 to annual XBRL frame CY2008, both in USD. Use ((current - previous) / previous) * 100 and round to two decimal places.",SEC_0014,RETRIEVAL_CALCULATION,ANSWER: INSUFFICIENT_EVIDENCE,,False,False,False,UNNECESSARY_ABSTENTION,False,False,UNNECESSARY_ABSTENTION,,
True,True,True,True,4K,SEC,CORRECT,,26,11,32.58189654362679,0.33761079516261816,"81,770,000,000",81770000000.0,['R1ECF323D42'],['SEC-0000104169-CostOfRevenue-USD-CY2011Q2-0000104169-13-000011-eef68e4b'],answer_only_exact_match,False,4205,SEC_0018_4K,"{'canonical_record_id': 'SEC-0000104169-CostOfRevenue-USD-CY2011Q2-0000104169-13-000011-eef68e4b', 'display_id': 'R1ECF323D42', 'distractor_type': None, 'is_gold_or_equivalent': True, 'record_value': '81770000000.0'}",81770000000.0,,False,81770000000.0,81770000000.0,,81770000000.0,,7230997504,24538775552,"Using only the SEC XBRL company-facts records supplied in the context, what did WALMART INC. (CIK 0000104169) report for us-gaap:CostOfRevenue for the single quarterly XBRL frame CY2011Q2, in USD? Report the quarterly figure exactly.",SEC_0018,TEMPORAL_VERSION,ANSWER: 81770000000.0,,False,True,False,CORRECT,True,False,CORRECT,,
True,False,True,True,64K,FRED,WRONG_VERSION,,27,7,0.9031778460369894,7.750411539338529,"144,120",144120.0,['R6932521F27'],['FRED-PAYEMS-2021-03-01-2021-04-29-4117a714'],answer_matches_context_distractor_value,False,64949,FRED_0017_64K,"{'canonical_record_id': 'FRED-PAYEMS-2021-03-01-2023-09-28-eea436c4', 'display_id': 'R7B932E7ABE', 'distractor_type': 'WRONG_VERSION', 'is_gold_or_equivalent': False, 'record_value': '144328.0'}",144328.0,WRONG_VERSION,False,144120.0,144328.0,,144328,,18707310080,24538775552,"Using only the FRED/ALFRED records supplied in the context, what value did FRED series PAYEMS (""All Employees, Total Nonfarm""), measured in Thousands of Persons, seasonally adjusted, monthly frequency show for the observation dated 2021-03-01 **as of the vintage date 2021-04-29**? Report the value from that vintage exactly.",FRED_0017,TEMPORAL_VERSION,ANSWER: 144328,,False,False,False,WRONG_VERSION,False,False,WRONG_VERSION,,
True,True,True,True,32K,FDA,CORRECT,,28,7,2.4947279580136636,2.8059171652421355,100MG,100MG,['RDD82BB12F5'],['FDA-ANDA090428-003-strength-LOSARTAN-POTASSIUM-0-73ee1961'],answer_only_exact_match,False,32645,FDA_0008_32K,"{'canonical_record_id': 'FDA-ANDA090790-003-strength-LOSARTAN-POTASSIUM-0-24a9e319', 'display_id': 'RCDF47CC723', 'distractor_type': 'WRONG_ENTITY', 'is_gold_or_equivalent': False, 'record_value': '100MG'}",100MG,WRONG_ENTITY,False,100mg,100mg,,100MG,,12603147776,24538775552,"Using only the Drugs@FDA records supplied in the context, what is the listed strength of LOSARTAN POTASSIUM in product number 003 under FDA application ANDA090428 (dosage form TABLET, route ORAL)? Report the strength string exactly as recorded.",FDA_0008,ENTITY_UNIT_BINDING,ANSWER: 100MG,,False,True,False,CORRECT,True,False,CORRECT,,
True,False,True,True,64K,FRED,WRONG_VERSION,,29,9,1.150936923771434,7.819716106168926,"23,425.910",23425.91,['RD422EFDAFC'],['FRED-GDP-2021-04-01-latest-10e82080'],answer_matches_context_distractor_value,False,64965,FRED_0002_64K,"{'canonical_record_id': 'FRED-GDP-2021-04-01-2022-06-29-a70778c0', 'display_id': 'R87A9D8E2D5', 'distractor_type': 'WRONG_VERSION', 'is_gold_or_equivalent': False, 'record_value': '22740.959'}",22740.959,WRONG_VERSION,False,23425.91,22740.959,,22740.959,,18710334976,24538775552,"Using only the FRED records supplied in the context, what value does the most recent vintage report for FRED series GDP (""Gross Domestic Product""), measured in Billions of Dollars, seasonally adjusted annual rate, quarterly frequency, for the observation dated 2021-04-01 (the quarter beginning 2021-04-01)? Report the currently published figure exactly.",FRED_0002,DIRECT_RETRIEVAL,ANSWER: 22740.959,,False,False,False,WRONG_VERSION,False,False,WRONG_VERSION,,
True,True,True,True,4K,SEC,CORRECT,,30,9,27.42442353373123,0.3281746283173561,"115,856,000,000",115856000000.0,['R03C463E874'],['SEC-0000789019-GrossProfit-USD-CY2021-0000950170-23-035122-2d2a9c88'],answer_only_exact_match,False,4280,SEC_0004_4K,"{'canonical_record_id': 'SEC-0000789019-GrossProfit-USD-CY2021-0000950170-23-035122-2d2a9c88', 'display_id': 'R03C463E874', 'distractor_type': None, 'is_gold_or_equivalent': True, 'record_value': '115856000000.0'}",115856000000.0,,False,115856000000.0,115856000000.0,,115856000000,,7245015552,24538775552,"Using only the SEC XBRL company-facts records supplied in the context, what value did MICROSOFT CORPORATION (CIK 0000789019) report for the us-gaap concept ""GrossProfit"" (Gross Profit) for the annual XBRL frame CY2021, in USD? Report the exact reported figure.",SEC_0004,DIRECT_RETRIEVAL,ANSWER: 115856000000,,False,True,False,CORRECT,True,False,CORRECT,,
True,True,True,False,16K,SEC,CORRECT,,31,10,8.02388919400741,1.2462784266099334,,INSUFFICIENT_EVIDENCE,[],[],answer_only_exact_match,False,16493,SEC_0024_16K,,,,False,INSUFFICIENT_EVIDENCE,INSUFFICIENT_EVIDENCE,,INSUFFICIENT_EVIDENCE,,9551064576,24538775552,"Using only the SEC XBRL company-facts records supplied in the context, what value did PFIZER INC (CIK 0000078003) report for the us-gaap concept ""OperatingExpenses"" (Operating Expenses) for the annual XBRL frame CY2023?",SEC_0024,UNANSWERABLE,ANSWER: INSUFFICIENT_EVIDENCE,,False,True,False,CORRECT,True,False,CORRECT,,
True,False,True,True,8K,CLINICAL_TRIALS,UNSUPPORTED_VALUE,,32,7,11.978168604147635,0.5843965159729123,"3,998",3998.0,"['RC48798EA45', 'R8682197BF1']","['CT-NCT00329628-enrollment-count-6e4800ae', 'CT-NCT00395772-enrollment-count-b6090196']",answer_not_matched_to_context_value,True,8333,CT_0011_8K,,,,False,3998,4433,,4433,,8009152000,24538775552,"Using only the ClinicalTrials.gov records supplied in the context, subtract the enrollment count of trial NCT00395772 from the enrollment count of trial NCT00329628. Report the difference as an integer number of participants.",CT_0011,RETRIEVAL_CALCULATION,ANSWER: 4433,,False,False,True,UNSUPPORTED_VALUE,False,True,UNSUPPORTED_VALUE,,
True,False,True,True,16K,FRED,UNSUPPORTED_VALUE,,33,8,6.679388652191662,1.1977144042029977,0.00%,0.0,"['RE02842316A', 'RBF93AF1F4B']","['FRED-ILUR-2026-06-01-latest-4d52d8ef', 'FRED-ILUR-2026-05-01-latest-d51617d6']",answer_not_matched_to_context_value,True,16451,FRED_0012_16K,,,,False,0.0,0.05,,0.05,,9543129600,24538775552,"Using only the FRED records supplied in the context, calculate the percentage change in FRED series ILUR (""Unemployment Rate""), measured in Percent, seasonally adjusted, monthly frequency between the observation dated 2026-05-01 and the observation dated 2026-06-01. Use both values from the most recent vintage, apply ((value_2026-06-01 - value_2026-05-01) / value_2026-05-01) * 100, and round to two decimal places.",FRED_0012,RETRIEVAL_CALCULATION,ANSWER: 0.05,,False,False,True,UNSUPPORTED_VALUE,False,True,UNSUPPORTED_VALUE,,
True,False,True,True,64K,SEC,WRONG_PERIOD,,34,9,1.142921352560786,7.874557579867542,"15,119,000,000",15119000000.0,['R1735E360E5'],['SEC-0000200406-NetIncomeLoss-USD-CY2019-0000200406-22-000022-bef780ea'],answer_matches_context_distractor_value,False,65262,SEC_0005_64K,"{'canonical_record_id': 'SEC-0000200406-NetIncomeLoss-USD-CY2019Q4-0000200406-20-000010-df09c9a1', 'display_id': 'R39F37359C3', 'distractor_type': 'WRONG_PERIOD', 'is_gold_or_equivalent': False, 'record_value': '4010000000.0'}",4010000000.0,WRONG_PERIOD,False,15119000000.0,4010000000.0,,4010000000,,18769698304,24538775552,"Using only the SEC XBRL company-facts records supplied in the context, what value did Johnson & Johnson (CIK 0000200406) report for the us-gaap concept ""NetIncomeLoss"" (Net Income (Loss) Attributable to Parent) for the annual XBRL frame CY2019, in USD? Report the exact reported figure.",SEC_0005,DIRECT_RETRIEVAL,ANSWER: 4010000000,,False,False,False,WRONG_PERIOD,False,False,WRONG_PERIOD,,
True,True,True,False,16K,SEC,CORRECT,,35,10,8.03808656850615,1.2440771711990237,,INSUFFICIENT_EVIDENCE,[],[],answer_only_exact_match,False,16513,SEC_0021_16K,,,,False,INSUFFICIENT_EVIDENCE,INSUFFICIENT_EVIDENCE,,INSUFFICIENT_EVIDENCE,,9554845184,24538775552,"Using only the SEC XBRL company-facts records supplied in the context, what value did JPMORGAN CHASE & CO (CIK 0000019617) report for the us-gaap concept ""SellingGeneralAndAdministrativeExpense"" (Selling, General and Administrative Expense) for the annual XBRL frame CY2023?",SEC_0021,UNANSWERABLE,ANSWER: INSUFFICIENT_EVIDENCE,,False,True,False,CORRECT,True,False,CORRECT,,
True,True,True,True,8K,FRED,CORRECT,,36,8,13.578822318837007,0.5891527123749256,1.770,1.77,['R402DBA2483'],['FRED-WGS10YR-2015-01-30-latest-bd2bd66f'],answer_only_exact_match,False,8278,FRED_0008_8K,"{'canonical_record_id': 'FRED-WGS10YR-2015-01-30-latest-bd2bd66f', 'display_id': 'R402DBA2483', 'distractor_type': None, 'is_gold_or_equivalent': True, 'record_value': '1.77'}",1.77,,False,1.77,1.77,,1.77,,7998758400,24538775552,"Using only the FRED records supplied in the context, report the value of FRED series WGS10YR (""Market Yield on U.S. Treasury Securities at 10-Year Constant Maturity""), measured in Percent, not seasonally adjusted, weekly frequency for United States on the observation dated 2015-01-30. Report the value for series WGS10YR exactly.",FRED_0008,ENTITY_UNIT_BINDING,ANSWER: 1.77,,False,True,False,CORRECT,True,False,CORRECT,,
True,False,True,True,64K,FRED,WRONG_VERSION,,37,7,0.9052899743120645,7.7323290864005685,"150,895",150895.0,['RD6965D00CC'],['FRED-PAYEMS-2020-03-01-latest-c12aef71'],answer_matches_context_distractor_value,False,64954,FRED_0001_64K,"{'canonical_record_id': 'FRED-PAYEMS-2020-03-01-2021-07-29-d2d81e29', 'display_id': 'RB73A3B2B51', 'distractor_type': 'WRONG_VERSION', 'is_gold_or_equivalent': False, 'record_value': '150840.0'}",150840.0,WRONG_VERSION,False,150895.0,150840.0,,150840,,18708254208,24538775552,"Using only the FRED records supplied in the context, what value does the most recent vintage report for FRED series PAYEMS (""All Employees, Total Nonfarm""), measured in Thousands of Persons, seasonally adjusted, monthly frequency, for the observation dated 2020-03-01 (the month beginning 2020-03-01)? Report the currently published figure exactly.",FRED_0001,DIRECT_RETRIEVAL,ANSWER: 150840,,False,False,False,WRONG_VERSION,False,False,WRONG_VERSION,,
False,False,True,False,64K,SEC,FAILED_TO_ABSTAIN,,38,11,1.3829186320983544,7.954191768541932,,INSUFFICIENT_EVIDENCE,[],[],unanswerable_instance_factual_answer,True,65317,SEC_0023_64K,"{'canonical_record_id': 'SEC-0000104169-AccountsPayableCurrent-USD-CY2019Q3I-0000104169-20-000076-f285344f', 'display_id': 'RFD367B31DC', 'distractor_type': 'OTHER_SAME_DOMAIN', 'is_gold_or_equivalent': False, 'record_value': '49750000000.0'}",49750000000.0,OTHER_SAME_DOMAIN,False,INSUFFICIENT_EVIDENCE,49750000000.0,,49750000000.0,,18776847872,24538775552,"Using only the SEC XBRL company-facts records supplied in the context, what value did COCA COLA CO (CIK 0000021344) report for the us-gaap concept ""AccountsPayableCurrent"" (Accounts Payable, Current) for the annual XBRL frame CY2023?",SEC_0023,UNANSWERABLE,ANSWER: 49750000000.0,,False,False,True,FAILED_TO_ABSTAIN,False,True,FAILED_TO_ABSTAIN,,
True,False,True,True,64K,FRED,WRONG_PERIOD,,39,8,1.0272103802047154,7.788083292543888,0.00%,0.0,"['R3E5085F05A', 'R6C077CB494']","['FRED-FEDFUNDS-2026-07-01-latest-6a874bce', 'FRED-FEDFUNDS-2026-06-01-latest-45f7e874']",answer_matches_context_distractor_value,False,64962,FRED_0016_64K,"{'canonical_record_id': 'FRED-FEDFUNDS-2021-04-01-latest-c1a240d0', 'display_id': 'R1AD0952F37', 'distractor_type': 'WRONG_PERIOD', 'is_gold_or_equivalent': False, 'record_value': '0.07'}",0.07,WRONG_PERIOD,False,0.0,0.07,,0.07,,18709767680,24538775552,"Using only the FRED records supplied in the context, calculate the percentage change in FRED series FEDFUNDS (""Federal Funds Effective Rate""), measured in Percent, not seasonally adjusted, monthly frequency between the observation dated 2026-06-01 and the observation dated 2026-07-01. Use both values from the most recent vintage, apply ((value_2026-07-01 - value_2026-06-01) / value_2026-06-01) * 100, and round to two decimal places.",FRED_0016,RETRIEVAL_CALCULATION,ANSWER: 0.07,,False,False,False,WRONG_PERIOD,False,False,WRONG_PERIOD,,
True,False,True,True,64K,FDA,UNSUPPORTED_VALUE,,40,6,0.7761279165886417,7.73068442940712,2,2.0,"['RE31B0B0542', 'R747FC5A273']","['FDA-ANDA062098-001-product-dosage-form-cdb5f275', 'FDA-ANDA062098-002-product-dosage-form-cd94a34d']",answer_not_matched_to_context_value,True,65071,FDA_0011_64K,,,,False,2,1,,1,,18730363392,24538775552,"Using only the Drugs@FDA records supplied in the context, how many distinct product entries are listed under FDA application ANDA062098 (sponsor: APOTHECON)? Count the products belonging to that application number only, and answer with an integer.",FDA_0011,RETRIEVAL_CALCULATION,ANSWER: 1,,False,False,True,UNSUPPORTED_VALUE,False,True,UNSUPPORTED_VALUE,,
False,False,True,False,64K,CLINICAL_TRIALS,FAILED_TO_ABSTAIN,,41,11,1.3870409737096259,7.930551590397954,,INSUFFICIENT_EVIDENCE,[],[],unanswerable_instance_factual_answer,True,65155,CT_0022_64K,"{'canonical_record_id': 'CT-NCT03535883-study-last-update-posted-7b553849', 'display_id': 'R0DF1B2AAB8', 'distractor_type': 'WRONG_FIELD', 'is_gold_or_equivalent': False, 'record_value': '2023-10-13'}",2023-10-13,WRONG_FIELD,False,INSUFFICIENT_EVIDENCE,2023-10-13,,2023-10-13,,18746237440,24538775552,"Using only the ClinicalTrials.gov records supplied in the context, what is the date on which results were first posted for trial NCT03535883 (""The Safety of Thoracentesis, Tunneled Pleural Catheter, and Chest Tubes in Patients Taking Novel Oral Anti-Coagulants"")?",CT_0022,UNANSWERABLE,ANSWER: 2023-10-13,,False,False,True,FAILED_TO_ABSTAIN,False,True,FAILED_TO_ABSTAIN,,
True,False,True,True,16K,FRED,UNSUPPORTED_VALUE,,42,8,6.62696009739388,1.2071900060400367,0.20,0.2,"['R75737FED94', 'R341AE87A95']","['FRED-UNRATE-2016-10-01-latest-7e2b14d4', 'FRED-UNRATENSA-2016-10-01-latest-7b5afdb3']",answer_not_matched_to_context_value,True,16401,FRED_0015_16K,,,,False,0.2,0.4,,0.40,,9533681152,24538775552,"Using only the FRED records supplied in the context, subtract the value of FRED series UNRATENSA (""Unemployment Rate""), measured in Percent, not seasonally adjusted, monthly frequency from the value of FRED series UNRATE (""Unemployment Rate""), measured in Percent, seasonally adjusted, monthly frequency, both for the observation dated 2016-10-01 and both taken from the most recent vintage. Report the difference in Percent, rounded to two decimal places.",FRED_0015,RETRIEVAL_CALCULATION,ANSWER: 0.40,,False,False,True,UNSUPPORTED_VALUE,False,True,UNSUPPORTED_VALUE,,
True,True,True,True,4K,CLINICAL_TRIALS,CORRECT,,43,8,25.421701042538285,0.3146917661651969,ACTIVE_COMPARATOR,ACTIVE_COMPARATOR,['R65A0259312'],['CT-NCT01584232-arm-type-Insulin-glargine-OAM-1-7f7a037d'],answer_only_exact_match,False,4271,CT_0009_4K,"{'canonical_record_id': 'CT-NCT06323174-arm-type-Cagrisema-Dose-1-2-5d5ada32', 'display_id': 'R74F322581D', 'distractor_type': 'WRONG_ENTITY', 'is_gold_or_equivalent': False, 'record_value': 'ACTIVE_COMPARATOR'}",ACTIVE_COMPARATOR,WRONG_ENTITY,False,active_comparator,active_comparator,,ACTIVE_COMPARATOR,,7243624448,24538775552,"Using only the ClinicalTrials.gov records supplied in the context, what is the arm-group TYPE of the arm labelled ""Insulin glargine + OAM"" in trial NCT01584232 (""A Study of Dulaglutide in Japanese Participants With Type 2 Diabetes Mellitus"")? Answer with the ClinicalTrials.gov arm type value (for example EXPERIMENTAL, ACTIVE_COMPARATOR, PLACEBO_COMPARATOR, SHAM_COMPARATOR, NO_INTERVENTION or OTHER).",CT_0009,ENTITY_UNIT_BINDING,ANSWER: ACTIVE_COMPARATOR,,False,True,False,CORRECT,True,False,CORRECT,,
False,False,True,False,8K,CLINICAL_TRIALS,FAILED_TO_ABSTAIN,,44,11,17.32722349667824,0.6348391594365239,,INSUFFICIENT_EVIDENCE,[],[],unanswerable_instance_factual_answer,True,8311,CT_0024_8K,"{'canonical_record_id': 'CT-NCT06097390-study-first-posted-date-6794dbb5', 'display_id': 'RCD7EF3AF14', 'distractor_type': 'WRONG_FIELD', 'is_gold_or_equivalent': False, 'record_value': '2023-10-24'}",2023-10-24,WRONG_FIELD,False,INSUFFICIENT_EVIDENCE,2023-10-24,,2023-10-24,,8004993536,24538775552,"Using only the ClinicalTrials.gov records supplied in the context, what is the date on which results were first posted for trial NCT06097390 (""A Research Study Looking at New Protein-based Tablets in Healthy Men - Oral Formulation III"")?",CT_0024,UNANSWERABLE,ANSWER: 2023-10-24,,False,False,True,FAILED_TO_ABSTAIN,False,True,FAILED_TO_ABSTAIN,,
True,True,True,True,8K,FDA,CORRECT,,45,7,11.973444931134338,0.5846270676702261,40MG,40MG,['R879DA27DB9'],['FDA-ANDA091352-003-strength-OMEPRAZOLE-0-2a6b2002'],answer_only_exact_match,False,8353,FDA_0006_8K,"{'canonical_record_id': 'FDA-ANDA091352-003-strength-OMEPRAZOLE-0-2a6b2002', 'display_id': 'R879DA27DB9', 'distractor_type': None, 'is_gold_or_equivalent': True, 'record_value': '40MG'}",40MG,,False,40mg,40mg,,40MG,,8013570560,24538775552,"Using only the Drugs@FDA records supplied in the context, what is the listed strength of OMEPRAZOLE in product number 003 under FDA application ANDA091352 (dosage form CAPSULE, DELAYED REL PELLETS, route ORAL)? Report the strength string exactly as recorded.",FDA_0006,ENTITY_UNIT_BINDING,ANSWER: 40MG,,False,True,False,CORRECT,True,False,CORRECT,,
True,False,True,True,16K,FRED,UNSUPPORTED_VALUE,,46,8,6.612884566646568,1.2097595110535622,0.00%,0.0,"['R3E5085F05A', 'R6C077CB494']","['FRED-FEDFUNDS-2026-07-01-latest-6a874bce', 'FRED-FEDFUNDS-2026-06-01-latest-45f7e874']",answer_not_matched_to_context_value,True,16422,FRED_0016_16K,,,,False,0.0,0.03,,0.03,,9537648128,24538775552,"Using only the FRED records supplied in the context, calculate the percentage change in FRED series FEDFUNDS (""Federal Funds Effective Rate""), measured in Percent, not seasonally adjusted, monthly frequency between the observation dated 2026-06-01 and the observation dated 2026-07-01. Use both values from the most recent vintage, apply ((value_2026-07-01 - value_2026-06-01) / value_2026-06-01) * 100, and round to two decimal places.",FRED_0016,RETRIEVAL_CALCULATION,ANSWER: 0.03,,False,False,True,UNSUPPORTED_VALUE,False,True,UNSUPPORTED_VALUE,,
True,False,True,True,4K,FRED,WRONG_UNIT,,47,9,28.56548459635953,0.3150655459612608,"19,478.893",19478.893,['RB8F86F5A81'],['FRED-GDPC1-2021-07-01-2022-06-29-07175b9f'],answer_matches_context_distractor_value,False,4249,FRED_0020_4K,"{'canonical_record_id': 'FRED-GDP-2021-07-01-2025-03-27-086776f9', 'display_id': 'R1E646B9691', 'distractor_type': 'WRONG_UNIT', 'is_gold_or_equivalent': False, 'record_value': '23921.991'}",23921.991,WRONG_UNIT,False,19478.893,23921.991,,23921.991,,7239222272,24538775552,"Using only the FRED/ALFRED records supplied in the context, what value did FRED series GDPC1 (""Gross Domestic Product""), measured in Billions of Chained 2017 Dollars, seasonally adjusted annual rate, quarterly frequency show for the observation dated 2021-07-01 **as of the vintage date 2022-06-29**? Report the value from that vintage exactly.",FRED_0020,TEMPORAL_VERSION,ANSWER: 23921.991,,False,False,False,WRONG_UNIT,False,False,WRONG_UNIT,,
True,True,True,False,8K,SEC,CORRECT,,48,10,16.098518049325847,0.6211751895025373,,INSUFFICIENT_EVIDENCE,[],[],answer_only_exact_match,False,8295,SEC_0024_8K,,,,False,INSUFFICIENT_EVIDENCE,INSUFFICIENT_EVIDENCE,,INSUFFICIENT_EVIDENCE,,8001970688,24538775552,"Using only the SEC XBRL company-facts records supplied in the context, what value did PFIZER INC (CIK 0000078003) report for the us-gaap concept ""OperatingExpenses"" (Operating Expenses) for the annual XBRL frame CY2023?",SEC_0024,UNANSWERABLE,ANSWER: INSUFFICIENT_EVIDENCE,,False,True,False,CORRECT,True,False,CORRECT,,
True,True,True,False,16K,FRED,CORRECT,,49,10,8.056700823203904,1.2412028471007943,,INSUFFICIENT_EVIDENCE,[],[],answer_only_exact_match,False,16417,FRED_0024_16K,,,,False,INSUFFICIENT_EVIDENCE,INSUFFICIENT_EVIDENCE,,INSUFFICIENT_EVIDENCE,,9536704000,24538775552,"Using only the FRED records supplied in the context, what value does FRED report for FRED series UNRATENSA (""Unemployment Rate""), measured in Percent, not seasonally adjusted, monthly frequency, for the observation dated 2025-10-01?",FRED_0024,UNANSWERABLE,ANSWER: INSUFFICIENT_EVIDENCE,,False,True,False,CORRECT,True,False,CORRECT,,
True,False,True,True,16K,FDA,WRONG_PERIOD,,50,11,8.75580657210623,1.2563091600313783,2013-12-30,2013-12-30,['RAE3543605D'],['FDA-ANDA091431-submission-ORIG-1-7b0a53ff'],answer_matches_context_distractor_value,False,16436,FDA_0020_16K,"{'canonical_record_id': 'FDA-ANDA091431-submission-SUPPL-1-e53fec82', 'display_id': 'R74DB6AB053', 'distractor_type': 'WRONG_PERIOD', 'is_gold_or_equivalent': False, 'record_value': '2016-01-04'}",2016-01-04,WRONG_PERIOD,False,2013-12-30,2016-01-04,,2016-01-04,,9540293120,24538775552,"Using only the Drugs@FDA records supplied in the context, what is the submission status date of the ORIGINAL submission (submission type ORIG) for FDA application ANDA091431 (sponsor: HERITAGE)? Answer in YYYY-MM-DD form.",FDA_0020,TEMPORAL_VERSION,ANSWER: 2016-01-04,,False,False,False,WRONG_PERIOD,False,False,WRONG_PERIOD,,
True,False,True,True,8K,FDA,UNSUPPORTED_VALUE,,51,9,14.804979928982343,0.607903559692204,8.9286,8.9286,"['RAC4081090E', 'R56A8395EE3']","['FDA-NDA022456-001-strength-SODIUM-BICARBONATE-2-fdc88186', 'FDA-NDA213593-001-strength-SODIUM-BICARBONATE-1-c8e317f3']",answer_not_matched_to_context_value,True,8298,FDA_0016_8K,,,,False,8.9286,0.75,,0.7500,,8002536960,24538775552,"Using only the Drugs@FDA records supplied in the context, divide the SODIUM BICARBONATE strength of product 001 under application NDA022456 by the SODIUM BICARBONATE strength of product 001 under application NDA213593. Both strengths are expressed in MG; report the dimensionless ratio rounded to four decimal places.",FDA_0016,RETRIEVAL_CALCULATION,ANSWER: 0.7500,,False,False,True,UNSUPPORTED_VALUE,False,True,UNSUPPORTED_VALUE,,
True,False,True,True,32K,SEC,UNSUPPORTED_VALUE,,52,8,2.822307490472122,2.8345600282773376,27.84%,27.84,"['R06322807EE', 'R76E085F168']","['SEC-0000320193-OperatingIncomeLoss-USD-CY2016-0000320193-18-000145-107a0986', 'SEC-0000320193-Revenues-USD-CY2016-0000320193-18-000145-d7aab193']",answer_not_matched_to_context_value,True,32704,SEC_0010_32K,,,,False,27.84,12.3,,12.30,,12617964032,24538775552,"Using only the SEC XBRL company-facts records supplied in the context, calculate Apple Inc.'s (CIK 0000320193) operating margin for the annual XBRL frame CY2016. Divide us-gaap:OperatingIncomeLoss by Revenues for that same company and frame, both in USD, multiply by 100, and round to two decimal places.",SEC_0010,RETRIEVAL_CALCULATION,ANSWER: 12.30,,False,False,True,UNSUPPORTED_VALUE,False,True,UNSUPPORTED_VALUE,,
True,True,True,True,4K,FDA,CORRECT,,53,7,23.498311241318792,0.2978937476873398,40MG,40MG,['R879DA27DB9'],['FDA-ANDA091352-003-strength-OMEPRAZOLE-0-2a6b2002'],answer_only_exact_match,False,4268,FDA_0006_4K,"{'canonical_record_id': 'FDA-ANDA091352-003-strength-OMEPRAZOLE-0-2a6b2002', 'display_id': 'R879DA27DB9', 'distractor_type': None, 'is_gold_or_equivalent': True, 'record_value': '40MG'}",40MG,,False,40mg,40mg,,40MG,,7243346432,24538775552,"Using only the Drugs@FDA records supplied in the context, what is the listed strength of OMEPRAZOLE in product number 003 under FDA application ANDA091352 (dosage form CAPSULE, DELAYED REL PELLETS, route ORAL)? Report the strength string exactly as recorded.",FDA_0006,ENTITY_UNIT_BINDING,ANSWER: 40MG,,False,True,False,CORRECT,True,False,CORRECT,,
True,True,True,True,16K,FDA,CORRECT,,54,6,5.082331838051931,1.180560457520187,2,2.0,"['R2CEE60A0A9', 'R8D2B7063AB']","['FDA-ANDA205695-001-product-dosage-form-4f3d7427', 'FDA-ANDA205695-002-product-dosage-form-75631b38']",answer_only_exact_match,False,16438,FDA_0010_16K,,,,False,2,2,,2,,9540670976,24538775552,"Using only the Drugs@FDA records supplied in the context, how many distinct product entries are listed under FDA application ANDA205695 (sponsor: ANBISON LAB)? Count the products belonging to that application number only, and answer with an integer.",FDA_0010,RETRIEVAL_CALCULATION,ANSWER: 2,,False,True,False,CORRECT,True,False,CORRECT,,
True,True,True,True,4K,FRED,CORRECT,,55,9,27.468726255679545,0.32764533441513777,"149,952",149952.0,['RE223301F8A'],['FRED-PAYNSA-2020-03-01-latest-01e51bbe'],answer_only_exact_match,False,4288,FRED_0006_4K,"{'canonical_record_id': 'FRED-PAYNSA-2020-03-01-latest-01e51bbe', 'display_id': 'RE223301F8A', 'distractor_type': None, 'is_gold_or_equivalent': True, 'record_value': '149952.0'}",149952.0,,False,149952.0,149952.0,,149952.0,,7246510592,24538775552,"Using only the FRED records supplied in the context, report the value of FRED series PAYNSA (""All Employees, Total Nonfarm""), measured in Thousands of Persons, not seasonally adjusted, monthly frequency for United States on the observation dated 2020-03-01. Report the value for series PAYNSA exactly.",FRED_0006,ENTITY_UNIT_BINDING,ANSWER: 149952.0,,False,True,False,CORRECT,True,False,CORRECT,,
True,False,True,True,8K,SEC,UNSUPPORTED_VALUE,,56,8,13.31363149680406,0.6008878946304321,20.68%,20.68,"['R16E78A33FF', 'R6CAD9B6C1D']","['SEC-0000021344-OperatingIncomeLoss-USD-CY2016-0000021344-19-000039-4f858bb1', 'SEC-0000021344-Revenues-USD-CY2016-0000021344-19-000039-dcf26950']",answer_not_matched_to_context_value,True,8388,SEC_0012_8K,,,,False,20.68,11.3,,11.30,,8019544576,24538775552,"Using only the SEC XBRL company-facts records supplied in the context, calculate COCA COLA CO's (CIK 0000021344) operating margin for the annual XBRL frame CY2016. Divide us-gaap:OperatingIncomeLoss by Revenues for that same company and frame, both in USD, multiply by 100, and round to two decimal places.",SEC_0012,RETRIEVAL_CALCULATION,ANSWER: 11.30,,False,False,True,UNSUPPORTED_VALUE,False,True,UNSUPPORTED_VALUE,,
True,False,True,True,64K,SEC,UNSUPPORTED_VALUE,,57,8,1.0214918961478716,7.83168229740113,79.70%,79.7,"['R884C5EA5EC', 'R632A487479']","['SEC-0000078003-IncomeTaxExpenseBenefit-USD-CY2022-0000078003-25-000054-fa42f8ee', 'SEC-0000078003-IncomeTaxExpenseBenefit-USD-CY2021-0000078003-24-000039-1c983e4e']",answer_not_matched_to_context_value,True,65250,SEC_0013_64K,,,,False,79.7,-11.11,,-11.11,,18769593856,24538775552,"Using only the SEC XBRL company-facts records supplied in the context, calculate the year-over-year percentage change in PFIZER INC's (CIK 0000078003) reported us-gaap:IncomeTaxExpenseBenefit from annual XBRL frame CY2021 to annual XBRL frame CY2022, both in USD. Use ((current - previous) / previous) * 100 and round to two decimal places.",SEC_0013,RETRIEVAL_CALCULATION,ANSWER: -11.11,,False,False,True,UNSUPPORTED_VALUE,False,True,UNSUPPORTED_VALUE,,
True,False,True,True,16K,FRED,WRONG_VERSION,,58,8,6.62145524593234,1.2081936225295067,256.192,256.192,['RC7F25391A0'],['FRED-CPIAUCSL-2020-04-01-2021-04-29-84ebc6c4'],answer_matches_context_distractor_value,False,16427,FRED_0018_16K,"{'canonical_record_id': 'FRED-CPIAUCSL-2020-04-01-2022-06-29-71ca12bb', 'display_id': 'R40CA1BE887', 'distractor_type': 'WRONG_VERSION', 'is_gold_or_equivalent': False, 'record_value': '256.094'}",256.094,WRONG_VERSION,False,256.192,256.094,,256.094,,9538593280,24538775552,"Using only the FRED/ALFRED records supplied in the context, what value did FRED series CPIAUCSL (""Consumer Price Index for All Urban Consumers: All Items in U.S. City Average""), measured in Index 1982-1984=100, seasonally adjusted, monthly frequency show for the observation dated 2020-04-01 **as of the vintage date 2021-04-29**? Report the value from that vintage exactly.",FRED_0018,TEMPORAL_VERSION,ANSWER: 256.094,,False,False,False,WRONG_VERSION,False,False,WRONG_VERSION,,
True,True,True,True,4K,FRED,CORRECT,,59,8,25.85089179349126,0.30946708004921675,3.700,3.7,['R75234B9BCB'],['FRED-UNRATE-2023-05-01-2023-09-28-d4e57b23'],answer_only_exact_match,False,4241,FRED_0019_4K,"{'canonical_record_id': 'FRED-ILUR-2019-10-01-latest-ea5ddd14', 'display_id': 'REA449DC8AD', 'distractor_type': 'NEAR_MATCH_VALUE', 'is_gold_or_equivalent': False, 'record_value': '3.7'}",3.7,NEAR_MATCH_VALUE,False,3.7,3.7,,3.7,,7237727232,24538775552,"Using only the FRED/ALFRED records supplied in the context, what value did FRED series UNRATE (""Unemployment Rate""), measured in Percent, seasonally adjusted, monthly frequency show for the observation dated 2023-05-01 **as of the vintage date 2023-09-28**? Report the value from that vintage exactly.",FRED_0019,TEMPORAL_VERSION,ANSWER: 3.7,,False,True,False,CORRECT,True,False,CORRECT,,
True,True,True,True,8K,FDA,CORRECT,,60,11,17.330378695673716,0.6347235795110464,2013-12-30,2013-12-30,['RAE3543605D'],['FDA-ANDA091431-submission-ORIG-1-7b0a53ff'],answer_only_exact_match,False,8268,FDA_0020_8K,"{'canonical_record_id': 'FDA-NDA020829-submission-SUPPL-66-b977cdde', 'display_id': 'RFD1EAB5439', 'distractor_type': 'WRONG_ENTITY', 'is_gold_or_equivalent': False, 'record_value': '2013-12-30'}",2013-12-30,WRONG_ENTITY,False,2013-12-30,2013-12-30,,2013-12-30,,7996869120,24538775552,"Using only the Drugs@FDA records supplied in the context, what is the submission status date of the ORIGINAL submission (submission type ORIG) for FDA application ANDA091431 (sponsor: HERITAGE)? Answer in YYYY-MM-DD form.",FDA_0020,TEMPORAL_VERSION,ANSWER: 2013-12-30,,False,True,False,CORRECT,True,False,CORRECT,,
True,True,True,False,16K,FRED,CORRECT,,61,10,8.063202950082253,1.2402019472792745,,INSUFFICIENT_EVIDENCE,[],[],answer_only_exact_match,False,16410,FRED_0023_16K,,,,False,INSUFFICIENT_EVIDENCE,INSUFFICIENT_EVIDENCE,,INSUFFICIENT_EVIDENCE,,9535380992,24538775552,"Using only the FRED records supplied in the context, what value does FRED report for FRED series CPIAUCSL (""Consumer Price Index for All Urban Consumers: All Items in U.S. City Average""), measured in Index 1982-1984=100, seasonally adjusted, monthly frequency, for the observation dated 2025-10-01?",FRED_0023,UNANSWERABLE,ANSWER: INSUFFICIENT_EVIDENCE,,False,True,False,CORRECT,True,False,CORRECT,,
False,False,True,False,32K,FDA,FAILED_TO_ABSTAIN,,62,6,2.162257164848982,2.7748780753463507,,INSUFFICIENT_EVIDENCE,[],[],unanswerable_instance_factual_answer,True,32598,FDA_0025_32K,"{'canonical_record_id': 'FDA-ANDA205187-002-product-route-2a4538fb', 'display_id': 'R773E17FD26', 'distractor_type': 'OTHER_SAME_DOMAIN', 'is_gold_or_equivalent': False, 'record_value': 'ORAL'}",ORAL,OTHER_SAME_DOMAIN,False,INSUFFICIENT_EVIDENCE,oral,,ORAL,,12594265600,24538775552,"Using only the Drugs@FDA records supplied in the context, what is the route of administration for product number 002 under FDA application ANDA216516 (brand name ""SITAGLIPTIN AND METFORMIN HYDROCHLORIDE"")?",FDA_0025,UNANSWERABLE,ANSWER: ORAL,,False,False,True,FAILED_TO_ABSTAIN,False,True,FAILED_TO_ABSTAIN,,
False,False,True,False,64K,FRED,FAILED_TO_ABSTAIN,,63,8,1.0286857453094018,7.776913441717625,,INSUFFICIENT_EVIDENCE,[],[],unanswerable_instance_factual_answer,True,64917,FRED_0022_64K,"{'canonical_record_id': 'FRED-ILUR-1998-02-01-latest-28b40fee', 'display_id': 'R8F0EA22770', 'distractor_type': 'WRONG_PERIOD', 'is_gold_or_equivalent': False, 'record_value': '4.7'}",4.7,WRONG_PERIOD,False,INSUFFICIENT_EVIDENCE,4.7,,4.7,,18701264384,24538775552,"Using only the FRED records supplied in the context, what value does FRED report for FRED series ILUR (""Unemployment Rate""), measured in Percent, seasonally adjusted, monthly frequency, for the observation dated 2025-10-01?",FRED_0022,UNANSWERABLE,ANSWER: 4.7,,False,False,True,FAILED_TO_ABSTAIN,False,True,FAILED_TO_ABSTAIN,,
True,True,True,True,64K,FDA,CORRECT,,64,6,0.7755145396654892,7.736798851750791,2,2.0,"['R2CEE60A0A9', 'R8D2B7063AB']","['FDA-ANDA205695-001-product-dosage-form-4f3d7427', 'FDA-ANDA205695-002-product-dosage-form-75631b38']",answer_only_exact_match,False,65064,FDA_0010_64K,,,,False,2,2,,2,,18729040384,24538775552,"Using only the Drugs@FDA records supplied in the context, how many distinct product entries are listed under FDA application ANDA205695 (sponsor: ANBISON LAB)? Count the products belonging to that application number only, and answer with an integer.",FDA_0010,RETRIEVAL_CALCULATION,ANSWER: 2,,False,True,False,CORRECT,True,False,CORRECT,,
True,False,True,True,16K,SEC,WRONG_ENTITY,,65,11,8.781926467146128,1.2525725467130542,"-15,999,000,000",-15999000000.0,['RDA0BE3F7B6'],['SEC-0000078003-NetCashProvidedByUsedInF-USD-CY2012-0000078003-15-000014-5a37c69c'],answer_matches_context_distractor_value,False,16481,SEC_0008_16K,"{'canonical_record_id': 'SEC-0000789019-NetCashProvidedByUsedInF-USD-CY2012-0001193125-13-310206-fda2970b', 'display_id': 'R6AB308EBBA', 'distractor_type': 'WRONG_ENTITY', 'is_gold_or_equivalent': False, 'record_value': '-9408000000.0'}",-9408000000.0,WRONG_ENTITY,False,-15999000000.0,-9408000000.0,,-9408000000.0,,9548797440,24538775552,"Using only the SEC XBRL company-facts records supplied in the context, what value did PFIZER INC (CIK 0000078003) report for us-gaap:NetCashProvidedByUsedInFinancingActivities for the annual XBRL frame CY2012, in USD? Report the exact value for that filer.",SEC_0008,ENTITY_UNIT_BINDING,ANSWER: -9408000000.0,,False,False,False,WRONG_ENTITY,False,False,WRONG_ENTITY,,
True,True,True,True,4K,FRED,CORRECT,,66,8,25.687126497104007,0.3114400515332818,0.20,0.2,"['R75737FED94', 'R341AE87A95']","['FRED-UNRATE-2016-10-01-latest-7e2b14d4', 'FRED-UNRATENSA-2016-10-01-latest-7b5afdb3']",answer_only_exact_match,False,4289,FRED_0015_4K,,,,False,0.2,0.2,,0.2,,7246699520,24538775552,"Using only the FRED records supplied in the context, subtract the value of FRED series UNRATENSA (""Unemployment Rate""), measured in Percent, not seasonally adjusted, monthly frequency from the value of FRED series UNRATE (""Unemployment Rate""), measured in Percent, seasonally adjusted, monthly frequency, both for the observation dated 2016-10-01 and both taken from the most recent vintage. Report the difference in Percent, rounded to two decimal places.",FRED_0015,RETRIEVAL_CALCULATION,ANSWER: 0.2,,False,True,False,CORRECT,True,False,CORRECT,,
True,False,True,True,8K,SEC,UNSUPPORTED_VALUE,,67,8,13.3777800955724,0.5980065409094095,79.70%,79.7,"['R884C5EA5EC', 'R632A487479']","['SEC-0000078003-IncomeTaxExpenseBenefit-USD-CY2022-0000078003-25-000054-fa42f8ee', 'SEC-0000078003-IncomeTaxExpenseBenefit-USD-CY2021-0000078003-24-000039-1c983e4e']",answer_not_matched_to_context_value,True,8297,SEC_0013_8K,,,,False,79.7,-21.21,,-21.21,,8002348544,24538775552,"Using only the SEC XBRL company-facts records supplied in the context, calculate the year-over-year percentage change in PFIZER INC's (CIK 0000078003) reported us-gaap:IncomeTaxExpenseBenefit from annual XBRL frame CY2021 to annual XBRL frame CY2022, both in USD. Use ((current - previous) / previous) * 100 and round to two decimal places.",SEC_0013,RETRIEVAL_CALCULATION,ANSWER: -21.21,,False,False,True,UNSUPPORTED_VALUE,False,True,UNSUPPORTED_VALUE,,
True,False,True,True,8K,FRED,UNSUPPORTED_VALUE,,68,8,13.413053455979876,0.5964339161291718,0.00%,0.0,"['R3E5085F05A', 'R6C077CB494']","['FRED-FEDFUNDS-2026-07-01-latest-6a874bce', 'FRED-FEDFUNDS-2026-06-01-latest-45f7e874']",answer_not_matched_to_context_value,True,8357,FRED_0016_8K,,,,False,0.0,0.03,,0.03,,8014133760,24538775552,"Using only the FRED records supplied in the context, calculate the percentage change in FRED series FEDFUNDS (""Federal Funds Effective Rate""), measured in Percent, not seasonally adjusted, monthly frequency between the observation dated 2026-06-01 and the observation dated 2026-07-01. Use both values from the most recent vintage, apply ((value_2026-07-01 - value_2026-06-01) / value_2026-06-01) * 100, and round to two decimal places.",FRED_0016,RETRIEVAL_CALCULATION,ANSWER: 0.03,,False,False,True,UNSUPPORTED_VALUE,False,True,UNSUPPORTED_VALUE,,
True,False,True,True,8K,FRED,WRONG_VERSION,,69,8,13.42735092019673,0.5957988323643804,298.786,298.786,['RDD544BBD97'],['FRED-CPIAUCSL-2022-11-01-latest-8c203ccd'],answer_matches_context_distractor_value,False,8323,FRED_0003_8K,"{'canonical_record_id': 'FRED-CPIAUCSL-2022-11-01-2023-09-28-fc02f3f5', 'display_id': 'R9D97918629', 'distractor_type': 'WRONG_VERSION', 'is_gold_or_equivalent': False, 'record_value': '298.598'}",298.598,WRONG_VERSION,False,298.786,298.598,,298.598,,8007262720,24538775552,"Using only the FRED records supplied in the context, what value does the most recent vintage report for FRED series CPIAUCSL (""Consumer Price Index for All Urban Consumers: All Items in U.S. City Average""), measured in Index 1982-1984=100, seasonally adjusted, monthly frequency, for the observation dated 2022-11-01 (the month beginning 2022-11-01)? Report the currently published figure exactly.",FRED_0003,DIRECT_RETRIEVAL,ANSWER: 298.598,,False,False,False,WRONG_VERSION,False,False,WRONG_VERSION,,
True,True,True,True,32K,CLINICAL_TRIALS,CORRECT,,70,6,2.15709611047297,2.7815172309055924,226,226.0,['R3E85812DF7'],['CT-NCT02408120-enrollment-count-8faccd69'],answer_only_exact_match,False,32641,CT_0003_32K,"{'canonical_record_id': 'CT-NCT02408120-enrollment-count-8faccd69', 'display_id': 'R3E85812DF7', 'distractor_type': None, 'is_gold_or_equivalent': True, 'record_value': '226.0'}",226.0,,False,226,226,,226,,12602392064,24538775552,"Using only the ClinicalTrials.gov records supplied in the context, what enrollment count is reported for trial NCT02408120 (""Benefits of Insulin Supplementation for Correction of Hyperglycemia in Patients With Type 2 Diabetes"")? Report the actual number of participants as an integer.",CT_0003,DIRECT_RETRIEVAL,ANSWER: 226,,False,True,False,CORRECT,True,False,CORRECT,,
True,True,True,True,64K,SEC,CORRECT,,71,11,1.3830844187826885,7.9532383205369115,"-15,999,000,000",-15999000000.0,['RDA0BE3F7B6'],['SEC-0000078003-NetCashProvidedByUsedInF-USD-CY2012-0000078003-15-000014-5a37c69c'],answer_only_exact_match,False,65325,SEC_0008_64K,"{'canonical_record_id': 'SEC-0000078003-NetCashProvidedByUsedInF-USD-2012-01-01-2012-12-31-0000078003-13-000006-c21bd5c6', 'display_id': 'R4BDD9C8B9A', 'distractor_type': 'WRONG_PERIOD', 'is_gold_or_equivalent': False, 'record_value': '-15999000000.0'}",-15999000000.0,WRONG_PERIOD,False,-15999000000.0,-15999000000.0,,-15999000000.0,,18778359296,24538775552,"Using only the SEC XBRL company-facts records supplied in the context, what value did PFIZER INC (CIK 0000078003) report for us-gaap:NetCashProvidedByUsedInFinancingActivities for the annual XBRL frame CY2012, in USD? Report the exact value for that filer.",SEC_0008,ENTITY_UNIT_BINDING,ANSWER: -15999000000.0,,False,True,False,CORRECT,True,False,CORRECT,,
True,False,True,True,4K,SEC,WRONG_ENTITY,,72,11,31.406355754038646,0.3502475768327713,"-15,999,000,000",-15999000000.0,['RDA0BE3F7B6'],['SEC-0000078003-NetCashProvidedByUsedInF-USD-CY2012-0000078003-15-000014-5a37c69c'],answer_matches_context_distractor_value,False,4311,SEC_0008_4K,"{'canonical_record_id': 'SEC-0000789019-NetCashProvidedByUsedInF-USD-CY2012-0001193125-13-310206-fda2970b', 'display_id': 'R6AB308EBBA', 'distractor_type': 'WRONG_ENTITY', 'is_gold_or_equivalent': False, 'record_value': '-9408000000.0'}",-9408000000.0,WRONG_ENTITY,False,-15999000000.0,-9408000000.0,,-9408000000.0,,7250810880,24538775552,"Using only the SEC XBRL company-facts records supplied in the context, what value did PFIZER INC (CIK 0000078003) report for us-gaap:NetCashProvidedByUsedInFinancingActivities for the annual XBRL frame CY2012, in USD? Report the exact value for that filer.",SEC_0008,ENTITY_UNIT_BINDING,ANSWER: -9408000000.0,,False,False,False,WRONG_ENTITY,False,False,WRONG_ENTITY,,
True,False,True,True,16K,FRED,UNSUPPORTED_VALUE,,73,8,6.592658605070618,1.213470995426178,0.21%,0.21,"['RA2C8DBEEC0', 'RE9533D1E1E']","['FRED-WGS10YR-2026-07-31-latest-b0603637', 'FRED-WGS10YR-2026-07-24-latest-4def8320']",answer_not_matched_to_context_value,True,16443,FRED_0010_16K,,,,False,0.21,0.05,,0.05,,9541616128,24538775552,"Using only the FRED records supplied in the context, calculate the percentage change in FRED series WGS10YR (""Market Yield on U.S. Treasury Securities at 10-Year Constant Maturity""), measured in Percent, not seasonally adjusted, weekly frequency between the observation dated 2026-07-24 and the observation dated 2026-07-31. Use both values from the most recent vintage, apply ((value_2026-07-31 - value_2026-07-24) / value_2026-07-24) * 100, and round to two decimal places.",FRED_0010,RETRIEVAL_CALCULATION,ANSWER: 0.05,,False,False,True,UNSUPPORTED_VALUE,False,True,UNSUPPORTED_VALUE,,
True,True,True,True,16K,SEC,CORRECT,,74,11,8.728889601465513,1.260183196514845,"10,151,000,000",10151000000.0,['R93E3DF4118'],['SEC-0000078003-NetCashProvidedByUsedInO-USD-2016-01-01-2016-10-02-0000078003-17-000049-12a9492c'],answer_only_exact_match,False,16477,SEC_0019_16K,"{'canonical_record_id': 'SEC-0000078003-NetCashProvidedByUsedInO-USD-2016-01-01-2016-10-02-0000078003-17-000049-12a9492c', 'display_id': 'R93E3DF4118', 'distractor_type': None, 'is_gold_or_equivalent': True, 'record_value': '10151000000.0'}",10151000000.0,,False,10151000000.0,10151000000.0,,10151000000.0,,9548041728,24538775552,"Using only the SEC XBRL company-facts records supplied in the context, what value did PFIZER INC (CIK 0000078003) report for us-gaap:NetCashProvidedByUsedInOperatingActivities for the period ending 2016-10-02 in the MOST RECENTLY FILED version of that fact — accession 0000078003-17-000049, form 10-Q, filed 2017-11-09 — in USD? Report the exact value from that version.",SEC_0019,TEMPORAL_VERSION,ANSWER: 10151000000.0,,False,True,False,CORRECT,True,False,CORRECT,,
True,True,True,True,8K,CLINICAL_TRIALS,CORRECT,,75,6,10.584036708508373,0.5668914578855038,226,226.0,['R3E85812DF7'],['CT-NCT02408120-enrollment-count-8faccd69'],answer_only_exact_match,False,8340,CT_0003_8K,"{'canonical_record_id': 'CT-NCT02408120-enrollment-count-8faccd69', 'display_id': 'R3E85812DF7', 'distractor_type': None, 'is_gold_or_equivalent': True, 'record_value': '226.0'}",226.0,,False,226,226,,226,,8010473984,24538775552,"Using only the ClinicalTrials.gov records supplied in the context, what enrollment count is reported for trial NCT02408120 (""Benefits of Insulin Supplementation for Correction of Hyperglycemia in Patients With Type 2 Diabetes"")? Report the actual number of participants as an integer.",CT_0003,DIRECT_RETRIEVAL,ANSWER: 226,,False,True,False,CORRECT,True,False,CORRECT,,
True,False,True,True,64K,FRED,WRONG_PERIOD,,76,8,1.0289688871951232,7.774773464538157,3.260,3.26,['R9388092F79'],['FRED-DGS10-2022-09-01-latest-ee1793fc'],answer_matches_context_distractor_value,False,64953,FRED_0007_64K,"{'canonical_record_id': 'FRED-DGS10-2022-11-17-latest-93d77a5c', 'display_id': 'R8BBC5C13E3', 'distractor_type': 'WRONG_PERIOD', 'is_gold_or_equivalent': False, 'record_value': '3.77'}",3.77,WRONG_PERIOD,False,3.26,3.77,,3.77,,18708065792,24538775552,"Using only the FRED records supplied in the context, report the value of FRED series DGS10 (""Market Yield on U.S. Treasury Securities at 10-Year Constant Maturity""), measured in Percent, not seasonally adjusted, daily frequency for United States on the observation dated 2022-09-01. Report the value for series DGS10 exactly.",FRED_0007,ENTITY_UNIT_BINDING,ANSWER: 3.77,,False,False,False,WRONG_PERIOD,False,False,WRONG_PERIOD,,
False,False,True,False,32K,CLINICAL_TRIALS,FAILED_TO_ABSTAIN,,77,11,3.7982952346807037,2.89603606890887,,INSUFFICIENT_EVIDENCE,[],[],unanswerable_instance_factual_answer,True,32690,CT_0021_32K,"{'canonical_record_id': 'CT-NCT02339493-study-first-posted-date-c38697fd', 'display_id': 'RA9D366EFB3', 'distractor_type': 'WRONG_FIELD', 'is_gold_or_equivalent': False, 'record_value': '2015-01-15'}",2015-01-15,WRONG_FIELD,False,INSUFFICIENT_EVIDENCE,2015-01-15,,2015-01-15,,12613565952,24538775552,"Using only the ClinicalTrials.gov records supplied in the context, what is the date on which results were first posted for trial NCT02339493 (""Electronic Alerts for Stroke Prevention in Patients With Atrial Fibrillation or Atrial Flutter"")?",CT_0021,UNANSWERABLE,ANSWER: 2015-01-15,,False,False,True,FAILED_TO_ABSTAIN,False,True,FAILED_TO_ABSTAIN,,
True,False,True,True,32K,SEC,UNSUPPORTED_VALUE,,78,8,2.8124178144645606,2.8445275658741593,79.70%,79.7,"['R884C5EA5EC', 'R632A487479']","['SEC-0000078003-IncomeTaxExpenseBenefit-USD-CY2022-0000078003-25-000054-fa42f8ee', 'SEC-0000078003-IncomeTaxExpenseBenefit-USD-CY2021-0000078003-24-000039-1c983e4e']",answer_not_matched_to_context_value,True,32714,SEC_0013_32K,,,,False,79.7,-33.33,,-33.33,,12619281920,24538775552,"Using only the SEC XBRL company-facts records supplied in the context, calculate the year-over-year percentage change in PFIZER INC's (CIK 0000078003) reported us-gaap:IncomeTaxExpenseBenefit from annual XBRL frame CY2021 to annual XBRL frame CY2022, both in USD. Use ((current - previous) / previous) * 100 and round to two decimal places.",SEC_0013,RETRIEVAL_CALCULATION,ANSWER: -33.33,,False,False,True,UNSUPPORTED_VALUE,False,True,UNSUPPORTED_VALUE,,
True,True,True,True,32K,FDA,CORRECT,,79,6,2.1616499075427362,2.775657602585852,TABLET,TABLET,['R33016BA5E7'],['FDA-ANDA080353-001-product-dosage-form-32e8d29a'],answer_only_exact_match,False,32608,FDA_0002_32K,"{'canonical_record_id': 'FDA-ANDA076593-002-product-dosage-form-66043a0a', 'display_id': 'R9EBF8995F2', 'distractor_type': 'WRONG_ENTITY', 'is_gold_or_equivalent': False, 'record_value': 'TABLET'}",TABLET,WRONG_ENTITY,False,tablet,tablet,,TABLET,,12600349184,24538775552,"Using only the Drugs@FDA records supplied in the context, what DOSAGE FORM is listed for product number 001 under FDA application ANDA080353 (brand name ""PREDNISONE"", active ingredient PREDNISONE)? Answer with the dosage form exactly as recorded.",FDA_0002,DIRECT_RETRIEVAL,ANSWER: TABLET,,False,True,False,CORRECT,True,False,CORRECT,,
True,True,True,True,32K,CLINICAL_TRIALS,CORRECT,,80,7,2.4903797675481756,2.8108162824064493,EXPERIMENTAL,EXPERIMENTAL,['R3B3A2C955C'],['CT-NCT04089865-arm-type-Oral-Tranexamic-Acid-TXA-0-b38e9f5b'],answer_only_exact_match,False,32741,CT_0008_32K,"{'canonical_record_id': 'CT-NCT01059825-arm-type-Ertugliflozin-25-mg-4-0900d15e', 'display_id': 'R2053846715', 'distractor_type': 'WRONG_ENTITY', 'is_gold_or_equivalent': False, 'record_value': 'EXPERIMENTAL'}",EXPERIMENTAL,WRONG_ENTITY,False,experimental,experimental,,EXPERIMENTAL,,12622835200,24538775552,"Using only the ClinicalTrials.gov records supplied in the context, what is the arm-group TYPE of the arm labelled ""Oral Tranexamic Acid (TXA)"" in trial NCT04089865 (""Oral Versus Intravenous Tranexamic Acid"")? Answer with the ClinicalTrials.gov arm type value (for example EXPERIMENTAL, ACTIVE_COMPARATOR, PLACEBO_COMPARATOR, SHAM_COMPARATOR, NO_INTERVENTION or OTHER).",CT_0008,ENTITY_UNIT_BINDING,ANSWER: EXPERIMENTAL,,False,True,False,CORRECT,True,False,CORRECT,,
True,True,True,False,4K,SEC,CORRECT,,81,10,29.68635307335788,0.3368551190942526,,INSUFFICIENT_EVIDENCE,[],[],answer_only_exact_match,False,4281,SEC_0024_4K,,,,False,INSUFFICIENT_EVIDENCE,INSUFFICIENT_EVIDENCE,,INSUFFICIENT_EVIDENCE,,7245202432,24538775552,"Using only the SEC XBRL company-facts records supplied in the context, what value did PFIZER INC (CIK 0000078003) report for the us-gaap concept ""OperatingExpenses"" (Operating Expenses) for the annual XBRL frame CY2023?",SEC_0024,UNANSWERABLE,ANSWER: INSUFFICIENT_EVIDENCE,,False,True,False,CORRECT,True,False,CORRECT,,
True,False,True,True,8K,FDA,UNSUPPORTED_VALUE,,82,8,13.366847733435229,0.598495633341372,4.0000,4.0,"['R11114F96D0', 'R0A3D977AD9']","['FDA-NDA205003-003-strength-PERINDOPRIL-ARGININE-1-c5a3b50b', 'FDA-NDA205003-001-strength-PERINDOPRIL-ARGININE-1-5d26e2a3']",answer_not_matched_to_context_value,True,8335,FDA_0014_8K,,,,False,4.0,3.5,,3.5,,8009529856,24538775552,"Using only the Drugs@FDA records supplied in the context, divide the PERINDOPRIL ARGININE strength of product 003 under application NDA205003 by the PERINDOPRIL ARGININE strength of product 001 under application NDA205003. Both strengths are expressed in MG; report the dimensionless ratio rounded to four decimal places.",FDA_0014,RETRIEVAL_CALCULATION,ANSWER: 3.5,,False,False,True,UNSUPPORTED_VALUE,False,True,UNSUPPORTED_VALUE,,
True,True,True,True,4K,CLINICAL_TRIALS,CORRECT,,83,8,25.46409063798346,0.3141679046675563,ACTIVE_COMPARATOR,ACTIVE_COMPARATOR,['RB0734CF34D'],['CT-NCT01340300-arm-type-Control-3-fc797906'],answer_only_exact_match,False,4300,CT_0006_4K,"{'canonical_record_id': 'CT-NCT01228227-arm-type-ROSUVASTATIN-0-6931b5c2', 'display_id': 'RD7347784D3', 'distractor_type': 'WRONG_ENTITY', 'is_gold_or_equivalent': False, 'record_value': 'ACTIVE_COMPARATOR'}",ACTIVE_COMPARATOR,WRONG_ENTITY,False,active_comparator,active_comparator,,ACTIVE_COMPARATOR,,7248755200,24538775552,"Using only the ClinicalTrials.gov records supplied in the context, what is the arm-group TYPE of the arm labelled ""Control"" in trial NCT01340300 (""Exercise and Metformin in Colorectal and Breast Cancer Survivors"")? Answer with the ClinicalTrials.gov arm type value (for example EXPERIMENTAL, ACTIVE_COMPARATOR, PLACEBO_COMPARATOR, SHAM_COMPARATOR, NO_INTERVENTION or OTHER).",CT_0006,ENTITY_UNIT_BINDING,ANSWER: ACTIVE_COMPARATOR,,False,True,False,CORRECT,True,False,CORRECT,,
True,True,True,True,4K,CLINICAL_TRIALS,CORRECT,,84,11,31.44242819807129,0.34984575398266315,2018-11-26,2018-11-26,['R425CD7386B'],['CT-NCT02178722-study-primary-completion-b6031bc6'],answer_only_exact_match,False,4299,CT_0020_4K,"{'canonical_record_id': 'CT-NCT02178722-study-primary-completion-b6031bc6', 'display_id': 'R425CD7386B', 'distractor_type': None, 'is_gold_or_equivalent': True, 'record_value': '2018-11-26'}",2018-11-26,,False,2018-11-26,2018-11-26,,2018-11-26,,7248568320,24538775552,"Using only the ClinicalTrials.gov records supplied in the context, what is the PRIMARY COMPLETION DATE of trial NCT02178722 (""Study to Explore the Safety, Tolerability and Efficacy of MK-3475 in Combination With INCB024360 in Participants With Selected Cancers"")? Answer in YYYY-MM-DD form.",CT_0020,ENTITY_UNIT_BINDING,ANSWER: 2018-11-26,,False,True,False,CORRECT,True,False,CORRECT,,
True,True,True,True,4K,CLINICAL_TRIALS,CORRECT,,85,9,27.532924838060083,0.3268813630566001,PLACEBO_COMPARATOR,PLACEBO_COMPARATOR,['R3A6D2D6B08'],['CT-NCT01728636-arm-type-Placebo-1-34edfc87'],answer_only_exact_match,False,4282,CT_0007_4K,"{'canonical_record_id': 'CT-NCT01728636-arm-type-Placebo-1-34edfc87', 'display_id': 'R3A6D2D6B08', 'distractor_type': None, 'is_gold_or_equivalent': True, 'record_value': 'PLACEBO_COMPARATOR'}",PLACEBO_COMPARATOR,,False,placebo_comparator,placebo_comparator,,PLACEBO_COMPARATOR,,7245389312,24538775552,"Using only the ClinicalTrials.gov records supplied in the context, what is the arm-group TYPE of the arm labelled ""Placebo"" in trial NCT01728636 (""The Use of Tranexamic Acid to Reduce Perioperative Blood Loss During High Risk Spine Fusion Surgery"")? Answer with the ClinicalTrials.gov arm type value (for example EXPERIMENTAL, ACTIVE_COMPARATOR, PLACEBO_COMPARATOR, SHAM_COMPARATOR, NO_INTERVENTION or OTHER).",CT_0007,ENTITY_UNIT_BINDING,ANSWER: PLACEBO_COMPARATOR,,False,True,False,CORRECT,True,False,CORRECT,,
True,False,True,True,64K,SEC,WRONG_ENTITY,,86,9,1.1414760751162498,7.884527933783829,"63,937,000,000",63937000000.0,['R2940A33ABA'],['SEC-0000200406-GrossProfit-USD-CY2025-0000200406-26-000016-de0a564d'],answer_matches_context_distractor_value,False,65287,SEC_0002_64K,"{'canonical_record_id': 'SEC-0000789019-GrossProfit-USD-CY2025-0001193125-26-323660-33d7e0fa', 'display_id': 'R134D819763', 'distractor_type': 'WRONG_ENTITY', 'is_gold_or_equivalent': False, 'record_value': '193893000000.0'}",193893000000.0,WRONG_ENTITY,False,63937000000.0,193893000000.0,,193893000000,,18771180032,24538775552,"Using only the SEC XBRL company-facts records supplied in the context, what value did Johnson & Johnson (CIK 0000200406) report for the us-gaap concept ""GrossProfit"" (Gross Profit) for the annual XBRL frame CY2025, in USD? Report the exact reported figure.",SEC_0002,DIRECT_RETRIEVAL,ANSWER: 193893000000,,False,False,False,WRONG_ENTITY,False,False,WRONG_ENTITY,,
True,False,True,True,64K,SEC,UNSUPPORTED_VALUE,,87,8,1.0210843617871799,7.834808072075248,5.93%,5.93,"['RB1AFF6F2F5', 'R8C100B55A6']","['SEC-0000104169-OperatingIncomeLoss-USD-CY2011-0000104169-14-000019-ab2642b5', 'SEC-0000104169-Revenues-USD-CY2011-0000104169-14-000019-50faff09']",answer_not_matched_to_context_value,True,65320,SEC_0009_64K,,,,False,5.93,0.0,,0.00,,18777414144,24538775552,"Using only the SEC XBRL company-facts records supplied in the context, calculate WALMART INC.'s (CIK 0000104169) operating margin for the annual XBRL frame CY2011. Divide us-gaap:OperatingIncomeLoss by Revenues for that same company and frame, both in USD, multiply by 100, and round to two decimal places.",SEC_0009,RETRIEVAL_CALCULATION,ANSWER: 0.00,,False,False,True,UNSUPPORTED_VALUE,False,True,UNSUPPORTED_VALUE,,
True,False,True,True,16K,FRED,UNSUPPORTED_VALUE,,88,8,6.613099673092362,1.2097201608121395,-0.42%,-0.42,"['RE116E620FA', 'R06580795E0']","['FRED-CPIAUCSL-2026-06-01-latest-b06e0481', 'FRED-CPIAUCSL-2026-05-01-latest-f8e9c0e7']",answer_not_matched_to_context_value,True,16450,FRED_0011_16K,,,,False,-0.42,0.03,,0.03,,9542940160,24538775552,"Using only the FRED records supplied in the context, calculate the percentage change in FRED series CPIAUCSL (""Consumer Price Index for All Urban Consumers: All Items in U.S. City Average""), measured in Index 1982-1984=100, seasonally adjusted, monthly frequency between the observation dated 2026-05-01 and the observation dated 2026-06-01. Use both values from the most recent vintage, apply ((value_2026-06-01 - value_2026-05-01) / value_2026-05-01) * 100, and round to two decimal places.",FRED_0011,RETRIEVAL_CALCULATION,ANSWER: 0.03,,False,False,True,UNSUPPORTED_VALUE,False,True,UNSUPPORTED_VALUE,,
True,True,True,True,32K,CLINICAL_TRIALS,CORRECT,,89,8,2.822625853490598,2.8342403192073107,ACTIVE_COMPARATOR,ACTIVE_COMPARATOR,['R65A0259312'],['CT-NCT01584232-arm-type-Insulin-glargine-OAM-1-7f7a037d'],answer_only_exact_match,False,32748,CT_0009_32K,"{'canonical_record_id': 'CT-NCT01800435-arm-type-aPCC-aPCC-TXA-0-0a87d233', 'display_id': 'RDA13E838FE', 'distractor_type': 'WRONG_ENTITY', 'is_gold_or_equivalent': False, 'record_value': 'ACTIVE_COMPARATOR'}",ACTIVE_COMPARATOR,WRONG_ENTITY,False,active_comparator,active_comparator,,ACTIVE_COMPARATOR,,12623755776,24538775552,"Using only the ClinicalTrials.gov records supplied in the context, what is the arm-group TYPE of the arm labelled ""Insulin glargine + OAM"" in trial NCT01584232 (""A Study of Dulaglutide in Japanese Participants With Type 2 Diabetes Mellitus"")? Answer with the ClinicalTrials.gov arm type value (for example EXPERIMENTAL, ACTIVE_COMPARATOR, PLACEBO_COMPARATOR, SHAM_COMPARATOR, NO_INTERVENTION or OTHER).",CT_0009,ENTITY_UNIT_BINDING,ANSWER: ACTIVE_COMPARATOR,,False,True,False,CORRECT,True,False,CORRECT,,
True,True,True,True,8K,FDA,CORRECT,,90,6,10.523846148636494,0.570133762434125,TABLET,TABLET,['R2BE1FCB810'],['FDA-ANDA070469-001-product-dosage-form-e9aaf9f1'],answer_only_exact_match,False,8306,FDA_0001_8K,"{'canonical_record_id': 'FDA-ANDA075593-004-product-dosage-form-3d2852d9', 'display_id': 'RC361058024', 'distractor_type': 'WRONG_ENTITY', 'is_gold_or_equivalent': False, 'record_value': 'TABLET'}",TABLET,WRONG_ENTITY,False,tablet,tablet,,TABLET,,8004048384,24538775552,"Using only the Drugs@FDA records supplied in the context, what DOSAGE FORM is listed for product number 001 under FDA application ANDA070469 (brand name ""IBUPROHM"", active ingredient IBUPROFEN)? Answer with the dosage form exactly as recorded.",FDA_0001,DIRECT_RETRIEVAL,ANSWER: TABLET,,False,True,False,CORRECT,True,False,CORRECT,,
True,False,True,True,64K,CLINICAL_TRIALS,WRONG_FIELD,,91,6,0.773817940383792,7.753761817701161,24,24.0,['R900B293DCB'],['CT-NCT02262793-enrollment-count-5fd11e40'],answer_matches_context_distractor_value,False,65143,CT_0001_64K,"{'canonical_record_id': 'CT-NCT02262793-arms-count-0de0d371', 'display_id': 'R919E67A764', 'distractor_type': 'WRONG_FIELD', 'is_gold_or_equivalent': False, 'record_value': '4.0'}",4.0,WRONG_FIELD,False,24,4,,4,,18743968256,24538775552,"Using only the ClinicalTrials.gov records supplied in the context, what enrollment count is reported for trial NCT02262793 (""Relative Bioavailability of Telmisartan and Dipyridamole After Co-administration Compared to the Bioavailability of Telmisartan or Dipyridamole Alone in Healthy Female and Male Subjects"")? Report the actual number of participants as an integer.",CT_0001,DIRECT_RETRIEVAL,ANSWER: 4,,False,False,False,WRONG_FIELD,False,False,WRONG_FIELD,,
True,False,True,True,64K,CLINICAL_TRIALS,UNSUPPORTED_VALUE,,92,6,0.7737030025021828,7.754913682118058,715,715.0,"['R49BD6ECB64', 'R4B2CDBA6AD']","['CT-NCT03310021-study-start-date-79bbb709', 'CT-NCT03310021-study-primary-completion-a3ba8a2e']",answer_not_matched_to_context_value,True,65178,CT_0013_64K,,,,False,715,109,,109,,18750582272,24538775552,"Using only the ClinicalTrials.gov records supplied in the context, calculate the number of calendar days between the study start date and the primary completion date of trial NCT03310021 (""A Healthy Volunteer Pharmacokinetics (PK)/Pharmacodynamics (PD), Safety and Tolerability Study of Andexanet in Healthy Japanese and Caucasian Subjects""). Report a whole number of days. Use the primary completion date, not the overall study completion date and not the last update posted date.",CT_0013,RETRIEVAL_CALCULATION,ANSWER: 109,,False,False,True,UNSUPPORTED_VALUE,False,True,UNSUPPORTED_VALUE,,
False,False,True,False,32K,FDA,FAILED_TO_ABSTAIN,,93,6,2.1488866976700516,2.792143488302827,,INSUFFICIENT_EVIDENCE,[],[],unanswerable_instance_factual_answer,True,32654,FDA_0022_32K,"{'canonical_record_id': 'FDA-ANDA075593-004-product-route-d9254af0', 'display_id': 'R8D2BD1A2D7', 'distractor_type': 'OTHER_SAME_DOMAIN', 'is_gold_or_equivalent': False, 'record_value': 'ORAL'}",ORAL,OTHER_SAME_DOMAIN,False,INSUFFICIENT_EVIDENCE,oral,,ORAL,,12604847616,24538775552,"Using only the Drugs@FDA records supplied in the context, what is the route of administration for product number 002 under FDA application ANDA217395 (brand name ""SITAGLIPTIN AND METFORMIN HYDROCHLORIDE"")?",FDA_0022,UNANSWERABLE,ANSWER: ORAL,,False,False,True,FAILED_TO_ABSTAIN,False,True,FAILED_TO_ABSTAIN,,
True,False,True,True,16K,CLINICAL_TRIALS,WRONG_FIELD,,94,11,8.771598335972739,1.2540473900735378,2018-11-26,2018-11-26,['R425CD7386B'],['CT-NCT02178722-study-primary-completion-b6031bc6'],answer_matches_context_distractor_value,False,16440,CT_0020_16K,"{'canonical_record_id': 'CT-NCT02178722-study-last-update-posted-82558223', 'display_id': 'RE75A033378', 'distractor_type': 'WRONG_FIELD', 'is_gold_or_equivalent': False, 'record_value': '2022-02-14'}",2022-02-14,WRONG_FIELD,False,2018-11-26,2022-02-14,,2022-02-14,,9541048832,24538775552,"Using only the ClinicalTrials.gov records supplied in the context, what is the PRIMARY COMPLETION DATE of trial NCT02178722 (""Study to Explore the Safety, Tolerability and Efficacy of MK-3475 in Combination With INCB024360 in Participants With Selected Cancers"")? Answer in YYYY-MM-DD form.",CT_0020,ENTITY_UNIT_BINDING,ANSWER: 2022-02-14,,False,False,False,WRONG_FIELD,False,False,WRONG_FIELD,,
True,False,True,True,16K,CLINICAL_TRIALS,WRONG_ENTITY,,95,6,5.11527105473905,1.1729583702981472,"3,998",3998.0,"['RC48798EA45', 'R8682197BF1']","['CT-NCT00329628-enrollment-count-6e4800ae', 'CT-NCT00395772-enrollment-count-b6090196']",answer_matches_context_distractor_value,False,16416,CT_0011_16K,"{'canonical_record_id': 'CT-NCT02863419-enrollment-count-c6de8a02', 'display_id': 'RC576984DC7', 'distractor_type': 'WRONG_ENTITY', 'is_gold_or_equivalent': False, 'record_value': '711.0'}",711.0,WRONG_ENTITY,False,3998,711,,711,,9536514560,24538775552,"Using only the ClinicalTrials.gov records supplied in the context, subtract the enrollment count of trial NCT00395772 from the enrollment count of trial NCT00329628. Report the difference as an integer number of participants.",CT_0011,RETRIEVAL_CALCULATION,ANSWER: 711,,False,False,False,WRONG_ENTITY,False,False,WRONG_ENTITY,,
True,True,True,True,4K,CLINICAL_TRIALS,CORRECT,,96,6,20.78919000613738,0.28861153312027454,44,44.0,['RCA721B2F7E'],['CT-NCT02325960-enrollment-count-9b749f82'],answer_only_exact_match,False,4253,CT_0002_4K,"{'canonical_record_id': 'CT-NCT02325960-enrollment-count-9b749f82', 'display_id': 'RCA721B2F7E', 'distractor_type': None, 'is_gold_or_equivalent': True, 'record_value': '44.0'}",44.0,,False,44,44,,44,,7239969792,24538775552,"Using only the ClinicalTrials.gov records supplied in the context, what enrollment count is reported for trial NCT02325960 (""A Comparison of Exenatide and Insulin Glargine"")? Report the actual number of participants as an integer.",CT_0002,DIRECT_RETRIEVAL,ANSWER: 44,,False,True,False,CORRECT,True,False,CORRECT,,
True,False,True,True,4K,FRED,UNSUPPORTED_VALUE,,97,8,25.580685816916905,0.31273594684898853,0.21%,0.21,"['RA2C8DBEEC0', 'RE9533D1E1E']","['FRED-WGS10YR-2026-07-31-latest-b0603637', 'FRED-WGS10YR-2026-07-24-latest-4def8320']",answer_not_matched_to_context_value,True,4313,FRED_0010_4K,,,,False,0.21,0.08,,0.08,,7251184640,24538775552,"Using only the FRED records supplied in the context, calculate the percentage change in FRED series WGS10YR (""Market Yield on U.S. Treasury Securities at 10-Year Constant Maturity""), measured in Percent, not seasonally adjusted, weekly frequency between the observation dated 2026-07-24 and the observation dated 2026-07-31. Use both values from the most recent vintage, apply ((value_2026-07-31 - value_2026-07-24) / value_2026-07-24) * 100, and round to two decimal places.",FRED_0010,RETRIEVAL_CALCULATION,ANSWER: 0.08,,False,False,True,UNSUPPORTED_VALUE,False,True,UNSUPPORTED_VALUE,,
True,True,True,False,16K,SEC,CORRECT,,98,10,8.045989332385382,1.2428552396595478,,INSUFFICIENT_EVIDENCE,[],[],answer_only_exact_match,False,16423,SEC_0025_16K,,,,False,INSUFFICIENT_EVIDENCE,INSUFFICIENT_EVIDENCE,,INSUFFICIENT_EVIDENCE,,9537837568,24538775552,"Using only the SEC XBRL company-facts records supplied in the context, what value did Johnson & Johnson (CIK 0000200406) report for the us-gaap concept ""OperatingExpenses"" (Operating Expenses) for the annual XBRL frame CY2023?",SEC_0025,UNANSWERABLE,ANSWER: INSUFFICIENT_EVIDENCE,,False,True,False,CORRECT,True,False,CORRECT,,
True,False,True,True,8K,FDA,UNSUPPORTED_VALUE,,99,6,10.886399763840128,0.5511463964357972,2,2.0,"['R2CEE60A0A9', 'R8D2B7063AB']","['FDA-ANDA205695-001-product-dosage-form-4f3d7427', 'FDA-ANDA205695-002-product-dosage-form-75631b38']",answer_not_matched_to_context_value,True,8291,FDA_0010_8K,,,,False,2,3,,3,,8001214976,24538775552,"Using only the Drugs@FDA records supplied in the context, how many distinct product entries are listed under FDA application ANDA205695 (sponsor: ANBISON LAB)? Count the products belonging to that application number only, and answer with an integer.",FDA_0010,RETRIEVAL_CALCULATION,ANSWER: 3,,False,False,True,UNSUPPORTED_VALUE,False,True,UNSUPPORTED_VALUE,,
True,False,True,True,8K,FDA,UNSUPPORTED_VALUE,,100,8,13.475678144546574,0.5936621455475688,2.0000,2.0,"['R8D933477B5', 'R3C4F57847F']","['FDA-ANDA202933-002-strength-OLMESARTAN-MEDOXOMIL-1-ca1fbbd0', 'FDA-NDA200175-001-strength-OLMESARTAN-MEDOXOMIL-2-03a81d67']",answer_not_matched_to_context_value,True,8333,FDA_0017_8K,,,,False,2.0,0.4,,0.4,,8009152000,24538775552,"Using only the Drugs@FDA records supplied in the context, divide the OLMESARTAN MEDOXOMIL strength of product 002 under application ANDA202933 by the OLMESARTAN MEDOXOMIL strength of product 001 under application NDA200175. Both strengths are expressed in MG; report the dimensionless ratio rounded to four decimal places.",FDA_0017,RETRIEVAL_CALCULATION,ANSWER: 0.4,,False,False,True,UNSUPPORTED_VALUE,False,True,UNSUPPORTED_VALUE,,
True,True,True,True,16K,SEC,CORRECT,,101,9,7.339677632782104,1.226211892440915,"63,937,000,000",63937000000.0,['R2940A33ABA'],['SEC-0000200406-GrossProfit-USD-CY2025-0000200406-26-000016-de0a564d'],answer_only_exact_match,False,16453,SEC_0002_16K,"{'canonical_record_id': 'SEC-0000200406-GrossProfit-USD-CY2025-0000200406-26-000016-de0a564d', 'display_id': 'R2940A33ABA', 'distractor_type': None, 'is_gold_or_equivalent': True, 'record_value': '63937000000.0'}",63937000000.0,,False,63937000000.0,63937000000.0,,63937000000,,9543507456,24538775552,"Using only the SEC XBRL company-facts records supplied in the context, what value did Johnson & Johnson (CIK 0000200406) report for the us-gaap concept ""GrossProfit"" (Gross Profit) for the annual XBRL frame CY2025, in USD? Report the exact reported figure.",SEC_0002,DIRECT_RETRIEVAL,ANSWER: 63937000000,,False,True,False,CORRECT,True,False,CORRECT,,
True,True,True,True,8K,CLINICAL_TRIALS,CORRECT,,102,11,17.4863889220438,0.6290606968104839,2023-02-13,2023-02-13,['R65CA09A85B'],['CT-NCT05144984-study-primary-completion-c9c64e18'],answer_only_exact_match,False,8366,CT_0019_8K,"{'canonical_record_id': 'CT-NCT05144984-study-primary-completion-c9c64e18', 'display_id': 'R65CA09A85B', 'distractor_type': None, 'is_gold_or_equivalent': True, 'record_value': '2023-02-13'}",2023-02-13,,False,2023-02-13,2023-02-13,,2023-02-13,,8015400448,24538775552,"Using only the ClinicalTrials.gov records supplied in the context, what is the PRIMARY COMPLETION DATE of trial NCT05144984 (""A Research Study Looking at How Well a Combination of the Medicines Semaglutide and NNC0480-0389 Works in People With Type 2 Diabetes"")? Answer in YYYY-MM-DD form.",CT_0019,ENTITY_UNIT_BINDING,ANSWER: 2023-02-13,,False,True,False,CORRECT,True,False,CORRECT,,
True,True,True,True,16K,SEC,CORRECT,,103,9,7.345187626726591,1.2252920493483543,"420,315,000,000",420315000000.0,['R8F1A610782'],['SEC-0000104169-CostOfRevenue-USD-CY2020-0000104169-23-000020-1292d6d2'],answer_only_exact_match,False,16474,SEC_0001_16K,"{'canonical_record_id': 'SEC-0000104169-CostOfRevenue-USD-2020-02-01-2021-01-31-0000104169-22-000012-2814a522', 'display_id': 'RC2ED36FAD3', 'distractor_type': 'WRONG_PERIOD', 'is_gold_or_equivalent': False, 'record_value': '420315000000.0'}",420315000000.0,WRONG_PERIOD,False,420315000000.0,420315000000.0,,420315000000,,9547474432,24538775552,"Using only the SEC XBRL company-facts records supplied in the context, what value did WALMART INC. (CIK 0000104169) report for the us-gaap concept ""CostOfRevenue"" (Cost of Revenue) for the annual XBRL frame CY2020, in USD? Report the exact reported figure.",SEC_0001,DIRECT_RETRIEVAL,ANSWER: 420315000000,,False,True,False,CORRECT,True,False,CORRECT,,
False,False,True,True,16K,SEC,UNNECESSARY_ABSTENTION,,104,10,8.075569670853804,1.2383027337491512,47.90%,47.9,"['R56B40CFAAF', 'RD05F499C85']","['SEC-0000320193-CostOfGoodsAndServicesSo-USD-CY2008-0001193125-10-238044-75b6ee2e', 'SEC-0000320193-CostOfGoodsAndServicesSo-USD-CY2007-0001193125-10-012091-a8a3cea9']",answerable_instance_unnecessary_abstention,False,16436,SEC_0014_16K,,,,False,47.9,INSUFFICIENT_EVIDENCE,,INSUFFICIENT_EVIDENCE,,9540293120,24538775552,"Using only the SEC XBRL company-facts records supplied in the context, calculate the year-over-year percentage change in Apple Inc.'s (CIK 0000320193) reported us-gaap:CostOfGoodsAndServicesSold from annual XBRL frame CY2007 to annual XBRL frame CY2008, both in USD. Use ((current - previous) / previous) * 100 and round to two decimal places.",SEC_0014,RETRIEVAL_CALCULATION,ANSWER: INSUFFICIENT_EVIDENCE,,False,False,False,UNNECESSARY_ABSTENTION,False,False,UNNECESSARY_ABSTENTION,,
True,True,True,True,4K,FRED,CORRECT,,105,9,28.247752850217406,0.3186094146221876,"144,120",144120.0,['R6932521F27'],['FRED-PAYEMS-2021-03-01-2021-04-29-4117a714'],answer_only_exact_match,False,4296,FRED_0017_4K,"{'canonical_record_id': 'FRED-PAYEMS-2021-03-01-2021-04-29-4117a714', 'display_id': 'R6932521F27', 'distractor_type': None, 'is_gold_or_equivalent': True, 'record_value': '144120.0'}",144120.0,,False,144120.0,144120.0,,144120.0,,7248007680,24538775552,"Using only the FRED/ALFRED records supplied in the context, what value did FRED series PAYEMS (""All Employees, Total Nonfarm""), measured in Thousands of Persons, seasonally adjusted, monthly frequency show for the observation dated 2021-03-01 **as of the vintage date 2021-04-29**? Report the value from that vintage exactly.",FRED_0017,TEMPORAL_VERSION,ANSWER: 144120.0,,False,True,False,CORRECT,True,False,CORRECT,,
True,True,True,False,8K,FRED,CORRECT,,106,10,16.077012806197708,0.6220060978084803,,INSUFFICIENT_EVIDENCE,[],[],answer_only_exact_match,False,8283,FRED_0022_8K,,,,False,INSUFFICIENT_EVIDENCE,INSUFFICIENT_EVIDENCE,,INSUFFICIENT_EVIDENCE,,7999703552,24538775552,"Using only the FRED records supplied in the context, what value does FRED report for FRED series ILUR (""Unemployment Rate""), measured in Percent, seasonally adjusted, monthly frequency, for the observation dated 2025-10-01?",FRED_0022,UNANSWERABLE,ANSWER: INSUFFICIENT_EVIDENCE,,False,True,False,CORRECT,True,False,CORRECT,,
True,True,True,True,4K,CLINICAL_TRIALS,CORRECT,,107,6,21.13217211045843,0.2839272730052471,38,38.0,['R0940082619'],['CT-NCT02007070-enrollment-count-774de6ac'],answer_only_exact_match,False,4254,CT_0004_4K,"{'canonical_record_id': 'CT-NCT02007070-enrollment-count-774de6ac', 'display_id': 'R0940082619', 'distractor_type': None, 'is_gold_or_equivalent': True, 'record_value': '38.0'}",38.0,,False,38,38,,38,,7240156672,24538775552,"Using only the ClinicalTrials.gov records supplied in the context, what enrollment count is reported for trial NCT02007070 (""Study of Pembrolizumab (MK-3475) in Participants With Advanced Non-small Cell Lung Cancer (MK-3475-025/KEYNOTE-025)"")? Report the actual number of participants as an integer.",CT_0004,DIRECT_RETRIEVAL,ANSWER: 38,,False,True,False,CORRECT,True,False,CORRECT,,
True,False,True,True,8K,FRED,UNSUPPORTED_VALUE,,108,8,13.465197726036525,0.5941242128610611,1.38,1.38,"['R8990F7BC23', 'RC63C1F3E93']","['FRED-DGS10-2021-03-01-latest-d3e46d51', 'FRED-FEDFUNDS-2021-03-01-latest-1bc0daea']",answer_not_matched_to_context_value,True,8368,FRED_0013_8K,,,,False,1.38,0.7,,0.70,,8015763968,24538775552,"Using only the FRED records supplied in the context, subtract the value of FRED series FEDFUNDS (""Federal Funds Effective Rate""), measured in Percent, not seasonally adjusted, monthly frequency from the value of FRED series DGS10 (""Market Yield on U.S. Treasury Securities at 10-Year Constant Maturity""), measured in Percent, not seasonally adjusted, daily frequency, both for the observation dated 2021-03-01 and both taken from the most recent vintage. Report the difference in Percent, rounded to two decimal places.",FRED_0013,RETRIEVAL_CALCULATION,ANSWER: 0.70,,False,False,True,UNSUPPORTED_VALUE,False,True,UNSUPPORTED_VALUE,,
True,True,True,True,8K,CLINICAL_TRIALS,CORRECT,,109,6,10.478504403169389,0.5726007996127009,44,44.0,['RCA721B2F7E'],['CT-NCT02325960-enrollment-count-9b749f82'],answer_only_exact_match,False,8340,CT_0002_8K,"{'canonical_record_id': 'CT-NCT02325960-enrollment-count-9b749f82', 'display_id': 'RCA721B2F7E', 'distractor_type': None, 'is_gold_or_equivalent': True, 'record_value': '44.0'}",44.0,,False,44,44,,44,,8010473984,24538775552,"Using only the ClinicalTrials.gov records supplied in the context, what enrollment count is reported for trial NCT02325960 (""A Comparison of Exenatide and Insulin Glargine"")? Report the actual number of participants as an integer.",CT_0002,DIRECT_RETRIEVAL,ANSWER: 44,,False,True,False,CORRECT,True,False,CORRECT,,
True,False,True,True,32K,FRED,WRONG_VERSION,,110,7,2.502563404578512,2.7971319276839495,"144,120",144120.0,['R6932521F27'],['FRED-PAYEMS-2021-03-01-2021-04-29-4117a714'],answer_matches_context_distractor_value,False,32610,FRED_0017_32K,"{'canonical_record_id': 'FRED-PAYEMS-2021-03-01-2023-09-28-eea436c4', 'display_id': 'R7B932E7ABE', 'distractor_type': 'WRONG_VERSION', 'is_gold_or_equivalent': False, 'record_value': '144328.0'}",144328.0,WRONG_VERSION,False,144120.0,144328.0,,144328,,12600464896,24538775552,"Using only the FRED/ALFRED records supplied in the context, what value did FRED series PAYEMS (""All Employees, Total Nonfarm""), measured in Thousands of Persons, seasonally adjusted, monthly frequency show for the observation dated 2021-03-01 **as of the vintage date 2021-04-29**? Report the value from that vintage exactly.",FRED_0017,TEMPORAL_VERSION,ANSWER: 144328,,False,False,False,WRONG_VERSION,False,False,WRONG_VERSION,,
True,False,True,True,16K,FRED,CALCULATION_ERROR,,111,8,6.631543453774119,1.2063556630164385,1.38,1.38,"['R8990F7BC23', 'RC63C1F3E93']","['FRED-DGS10-2021-03-01-latest-d3e46d51', 'FRED-FEDFUNDS-2021-03-01-latest-1bc0daea']",calculation_answer_matches_context_operand_or_value,False,16442,FRED_0013_16K,"{'canonical_record_id': 'FRED-FEDFUNDS-2021-03-01-latest-1bc0daea', 'display_id': 'RC63C1F3E93', 'distractor_type': None, 'is_gold_or_equivalent': True, 'record_value': '0.07'}",0.07,,False,1.38,0.07,,0.07,,9541426688,24538775552,"Using only the FRED records supplied in the context, subtract the value of FRED series FEDFUNDS (""Federal Funds Effective Rate""), measured in Percent, not seasonally adjusted, monthly frequency from the value of FRED series DGS10 (""Market Yield on U.S. Treasury Securities at 10-Year Constant Maturity""), measured in Percent, not seasonally adjusted, daily frequency, both for the observation dated 2021-03-01 and both taken from the most recent vintage. Report the difference in Percent, rounded to two decimal places.",FRED_0013,RETRIEVAL_CALCULATION,ANSWER: 0.07,,False,False,False,CALCULATION_ERROR,False,False,CALCULATION_ERROR,,
True,True,True,True,8K,FRED,CORRECT,,112,8,13.72519252145794,0.582869783975184,3.700,3.7,['R75234B9BCB'],['FRED-UNRATE-2023-05-01-2023-09-28-d4e57b23'],answer_only_exact_match,False,8268,FRED_0019_8K,"{'canonical_record_id': 'FRED-ILUR-2019-10-01-latest-ea5ddd14', 'display_id': 'REA449DC8AD', 'distractor_type': 'NEAR_MATCH_VALUE', 'is_gold_or_equivalent': False, 'record_value': '3.7'}",3.7,NEAR_MATCH_VALUE,False,3.7,3.7,,3.7,,7996869120,24538775552,"Using only the FRED/ALFRED records supplied in the context, what value did FRED series UNRATE (""Unemployment Rate""), measured in Percent, seasonally adjusted, monthly frequency show for the observation dated 2023-05-01 **as of the vintage date 2023-09-28**? Report the value from that vintage exactly.",FRED_0019,TEMPORAL_VERSION,ANSWER: 3.7,,False,True,False,CORRECT,True,False,CORRECT,,
True,True,True,True,4K,CLINICAL_TRIALS,CORRECT,,113,6,21.40589579576433,0.28029660880565643,388,388.0,['RC155DAD068'],['CT-NCT05502562-enrollment-count-2d4615e2'],answer_only_exact_match,False,4230,CT_0005_4K,"{'canonical_record_id': 'CT-NCT05502562-enrollment-count-2d4615e2', 'display_id': 'RC155DAD068', 'distractor_type': None, 'is_gold_or_equivalent': True, 'record_value': '388.0'}",388.0,,False,388,388,,388,,7235671552,24538775552,"Using only the ClinicalTrials.gov records supplied in the context, what enrollment count is reported for trial NCT05502562 (""A Research Study to Understand How Oral Semaglutide Works in People With Type 2 Diabetes in India"")? Report the actual number of participants as an integer.",CT_0005,DIRECT_RETRIEVAL,ANSWER: 388,,False,True,False,CORRECT,True,False,CORRECT,,
True,False,True,True,16K,SEC,WRONG_ENTITY,,114,9,7.325658661059467,1.2285584704950452,"281,724,000,000",281724000000.0,['RAAC7EB50F6'],['SEC-0000789019-RevenueFromContractWithC-USD-CY2025-0001193125-26-323660-5c456092'],answer_matches_context_distractor_value,False,16457,SEC_0003_16K,"{'canonical_record_id': 'SEC-0000104169-RevenueFromContractWithC-USD-CY2025-0000104169-26-000055-499d9b20', 'display_id': 'RE2FDDEB7BF', 'distractor_type': 'WRONG_ENTITY', 'is_gold_or_equivalent': False, 'record_value': '706413000000.0'}",706413000000.0,WRONG_ENTITY,False,281724000000.0,706413000000.0,,706413000000,,9544263168,24538775552,"Using only the SEC XBRL company-facts records supplied in the context, what value did MICROSOFT CORPORATION (CIK 0000789019) report for the us-gaap concept ""RevenueFromContractWithCustomerExcludingAssessedTax"" (Revenue from Contract with Customer, Excluding Assessed Tax) for the annual XBRL frame CY2025, in USD? Report the exact reported figure.",SEC_0003,DIRECT_RETRIEVAL,ANSWER: 706413000000,,False,False,False,WRONG_ENTITY,False,False,WRONG_ENTITY,,
True,True,True,True,64K,SEC,CORRECT,,115,9,1.1426964511935593,7.876107421703637,"115,856,000,000",115856000000.0,['R03C463E874'],['SEC-0000789019-GrossProfit-USD-CY2021-0000950170-23-035122-2d2a9c88'],answer_only_exact_match,False,65311,SEC_0004_64K,"{'canonical_record_id': 'SEC-0000789019-GrossProfit-USD-CY2021-0000950170-23-035122-2d2a9c88', 'display_id': 'R03C463E874', 'distractor_type': None, 'is_gold_or_equivalent': True, 'record_value': '115856000000.0'}",115856000000.0,,False,115856000000.0,115856000000.0,,115856000000,,18775714304,24538775552,"Using only the SEC XBRL company-facts records supplied in the context, what value did MICROSOFT CORPORATION (CIK 0000789019) report for the us-gaap concept ""GrossProfit"" (Gross Profit) for the annual XBRL frame CY2021, in USD? Report the exact reported figure.",SEC_0004,DIRECT_RETRIEVAL,ANSWER: 115856000000,,False,True,False,CORRECT,True,False,CORRECT,,
True,False,True,True,8K,FRED,UNSUPPORTED_VALUE,,116,8,13.453762589103762,0.5946291936561465,0.20,0.2,"['R75737FED94', 'R341AE87A95']","['FRED-UNRATE-2016-10-01-latest-7e2b14d4', 'FRED-UNRATENSA-2016-10-01-latest-7b5afdb3']",answer_not_matched_to_context_value,True,8337,FRED_0015_8K,,,,False,0.2,0.3,,0.30,,8009907712,24538775552,"Using only the FRED records supplied in the context, subtract the value of FRED series UNRATENSA (""Unemployment Rate""), measured in Percent, not seasonally adjusted, monthly frequency from the value of FRED series UNRATE (""Unemployment Rate""), measured in Percent, seasonally adjusted, monthly frequency, both for the observation dated 2016-10-01 and both taken from the most recent vintage. Report the difference in Percent, rounded to two decimal places.",FRED_0015,RETRIEVAL_CALCULATION,ANSWER: 0.30,,False,False,True,UNSUPPORTED_VALUE,False,True,UNSUPPORTED_VALUE,,
False,False,True,False,32K,CLINICAL_TRIALS,FAILED_TO_ABSTAIN,,117,11,3.7950811890242404,2.8984887152910233,,INSUFFICIENT_EVIDENCE,[],[],unanswerable_instance_factual_answer,True,32690,CT_0024_32K,"{'canonical_record_id': 'CT-NCT06097390-study-last-update-posted-709747d7', 'display_id': 'R5AA8DDDD54', 'distractor_type': 'WRONG_FIELD', 'is_gold_or_equivalent': False, 'record_value': '2025-07-17'}",2025-07-17,WRONG_FIELD,False,INSUFFICIENT_EVIDENCE,2025-07-17,,2025-07-17,,12613565952,24538775552,"Using only the ClinicalTrials.gov records supplied in the context, what is the date on which results were first posted for trial NCT06097390 (""A Research Study Looking at New Protein-based Tablets in Healthy Men - Oral Formulation III"")?",CT_0024,UNANSWERABLE,ANSWER: 2025-07-17,,False,False,True,FAILED_TO_ABSTAIN,False,True,FAILED_TO_ABSTAIN,,
True,False,True,True,64K,SEC,WRONG_ENTITY,,118,9,1.1426061620098698,7.87672979477793,"14,527,000,000",14527000000.0,['R2502756E9E'],['SEC-0000320193-IncomeTaxExpenseBenefit-USD-CY2021-0000320193-23-000106-b260dbee'],answer_matches_context_distractor_value,False,65289,SEC_0007_64K,"{'canonical_record_id': 'SEC-0000200406-IncomeTaxExpenseBenefit-USD-CY2021-0000200406-24-000013-c8a23f7f', 'display_id': 'RB3D178039D', 'distractor_type': 'WRONG_ENTITY', 'is_gold_or_equivalent': False, 'record_value': '1377000000.0'}",1377000000.0,WRONG_ENTITY,False,14527000000.0,1377000000.0,,1377000000,,18771557888,24538775552,"Using only the SEC XBRL company-facts records supplied in the context, what value did Apple Inc. (CIK 0000320193) report for us-gaap:IncomeTaxExpenseBenefit for the annual XBRL frame CY2021, in USD? Report the exact value for that filer.",SEC_0007,ENTITY_UNIT_BINDING,ANSWER: 1377000000,,False,False,False,WRONG_ENTITY,False,False,WRONG_ENTITY,,
True,True,True,False,4K,SEC,CORRECT,,119,10,29.060714268943713,0.34410716500133276,,INSUFFICIENT_EVIDENCE,[],[],answer_only_exact_match,False,4281,SEC_0021_4K,,,,False,INSUFFICIENT_EVIDENCE,INSUFFICIENT_EVIDENCE,,INSUFFICIENT_EVIDENCE,,7245202432,24538775552,"Using only the SEC XBRL company-facts records supplied in the context, what value did JPMORGAN CHASE & CO (CIK 0000019617) report for the us-gaap concept ""SellingGeneralAndAdministrativeExpense"" (Selling, General and Administrative Expense) for the annual XBRL frame CY2023?",SEC_0021,UNANSWERABLE,ANSWER: INSUFFICIENT_EVIDENCE,,False,True,False,CORRECT,True,False,CORRECT,,
True,False,True,True,4K,FRED,UNSUPPORTED_VALUE,,120,8,25.104299490927104,0.3186705131083727,0.00%,0.0,"['R3E5085F05A', 'R6C077CB494']","['FRED-FEDFUNDS-2026-07-01-latest-6a874bce', 'FRED-FEDFUNDS-2026-06-01-latest-45f7e874']",answer_not_matched_to_context_value,True,4269,FRED_0016_4K,,,,False,0.0,0.03,,0.03,,7243439104,24538775552,"Using only the FRED records supplied in the context, calculate the percentage change in FRED series FEDFUNDS (""Federal Funds Effective Rate""), measured in Percent, not seasonally adjusted, monthly frequency between the observation dated 2026-06-01 and the observation dated 2026-07-01. Use both values from the most recent vintage, apply ((value_2026-07-01 - value_2026-06-01) / value_2026-06-01) * 100, and round to two decimal places.",FRED_0016,RETRIEVAL_CALCULATION,ANSWER: 0.03,,False,False,True,UNSUPPORTED_VALUE,False,True,UNSUPPORTED_VALUE,,
True,True,True,True,4K,SEC,CORRECT,,121,11,31.722109513556784,0.3467613020911813,"-16,276,000,000",-16276000000.0,['R39ABB404FD'],['SEC-0000789019-NetCashProvidedByUsedInF-USD-CY2021Q3-0001564590-22-035087-306cc7fc'],answer_only_exact_match,False,4214,SEC_0017_4K,"{'canonical_record_id': 'SEC-0000789019-NetCashProvidedByUsedInF-USD-CY2021Q3-0001564590-22-035087-306cc7fc', 'display_id': 'R39ABB404FD', 'distractor_type': None, 'is_gold_or_equivalent': True, 'record_value': '-16276000000.0'}",-16276000000.0,,False,-16276000000.0,-16276000000.0,,-16276000000.0,,7232679424,24538775552,"Using only the SEC XBRL company-facts records supplied in the context, what did MICROSOFT CORPORATION (CIK 0000789019) report for us-gaap:NetCashProvidedByUsedInFinancingActivities for the single quarterly XBRL frame CY2021Q3, in USD? Report the quarterly figure exactly.",SEC_0017,TEMPORAL_VERSION,ANSWER: -16276000000.0,,False,True,False,CORRECT,True,False,CORRECT,,
True,True,True,True,4K,CLINICAL_TRIALS,CORRECT,,122,11,31.71851923233641,0.34680055268108845,2018-04-25,2018-04-25,['R91B4903946'],['CT-NCT02746185-study-primary-completion-35ff3c07'],answer_only_exact_match,False,4217,CT_0017_4K,"{'canonical_record_id': 'CT-NCT02746185-study-primary-completion-35ff3c07', 'display_id': 'R91B4903946', 'distractor_type': None, 'is_gold_or_equivalent': True, 'record_value': '2018-04-25'}",2018-04-25,,False,2018-04-25,2018-04-25,,2018-04-25,,7233240064,24538775552,"Using only the ClinicalTrials.gov records supplied in the context, what is the PRIMARY COMPLETION DATE of trial NCT02746185 (""Cancer Associated Thrombosis, a Pilot Treatment Study Using Rivaroxaban"")? Answer in YYYY-MM-DD form.",CT_0017,ENTITY_UNIT_BINDING,ANSWER: 2018-04-25,,False,True,False,CORRECT,True,False,CORRECT,,
True,False,True,True,16K,SEC,UNSUPPORTED_VALUE,,123,8,6.553619165056046,1.2206995552405715,20.68%,20.68,"['R16E78A33FF', 'R6CAD9B6C1D']","['SEC-0000021344-OperatingIncomeLoss-USD-CY2016-0000021344-19-000039-4f858bb1', 'SEC-0000021344-Revenues-USD-CY2016-0000021344-19-000039-dcf26950']",answer_not_matched_to_context_value,True,16520,SEC_0012_16K,,,,False,20.68,11.3,,11.30,,9556167168,24538775552,"Using only the SEC XBRL company-facts records supplied in the context, calculate COCA COLA CO's (CIK 0000021344) operating margin for the annual XBRL frame CY2016. Divide us-gaap:OperatingIncomeLoss by Revenues for that same company and frame, both in USD, multiply by 100, and round to two decimal places.",SEC_0012,RETRIEVAL_CALCULATION,ANSWER: 11.30,,False,False,True,UNSUPPORTED_VALUE,False,True,UNSUPPORTED_VALUE,,
True,False,True,True,16K,CLINICAL_TRIALS,UNSUPPORTED_VALUE,,124,6,5.079370207762504,1.181248807348311,715,715.0,"['R49BD6ECB64', 'R4B2CDBA6AD']","['CT-NCT03310021-study-start-date-79bbb709', 'CT-NCT03310021-study-primary-completion-a3ba8a2e']",answer_not_matched_to_context_value,True,16503,CT_0013_16K,,,,False,715,109,,109,,9552953856,24538775552,"Using only the ClinicalTrials.gov records supplied in the context, calculate the number of calendar days between the study start date and the primary completion date of trial NCT03310021 (""A Healthy Volunteer Pharmacokinetics (PK)/Pharmacodynamics (PD), Safety and Tolerability Study of Andexanet in Healthy Japanese and Caucasian Subjects""). Report a whole number of days. Use the primary completion date, not the overall study completion date and not the last update posted date.",CT_0013,RETRIEVAL_CALCULATION,ANSWER: 109,,False,False,True,UNSUPPORTED_VALUE,False,True,UNSUPPORTED_VALUE,,
False,False,True,False,64K,CLINICAL_TRIALS,FAILED_TO_ABSTAIN,,125,11,1.389031462655699,7.919187070801854,,INSUFFICIENT_EVIDENCE,[],[],unanswerable_instance_factual_answer,True,65137,CT_0023_64K,"{'canonical_record_id': 'CT-NCT03017950-study-last-update-posted-ce2b4201', 'display_id': 'R68834DC6DE', 'distractor_type': 'WRONG_FIELD', 'is_gold_or_equivalent': False, 'record_value': '2017-07-21'}",2017-07-21,WRONG_FIELD,False,INSUFFICIENT_EVIDENCE,2017-07-21,,2017-07-21,,18742834688,24538775552,"Using only the ClinicalTrials.gov records supplied in the context, what is the date on which results were first posted for trial NCT03017950 (""Pharmacokinetic Drug-drug Interaction of CKD-330 and D086"")?",CT_0023,UNANSWERABLE,ANSWER: 2017-07-21,,False,False,True,FAILED_TO_ABSTAIN,False,True,FAILED_TO_ABSTAIN,,
True,False,True,True,8K,FRED,WRONG_UNIT,,126,9,14.759319956285475,0.6097841924056411,"20,985.448",20985.448,['R7097297563'],['FRED-GDPC1-2019-10-01-latest-bfa762c2'],answer_matches_context_distractor_value,False,8336,FRED_0004_8K,"{'canonical_record_id': 'FRED-GDP-2019-10-01-2025-03-27-4e6f2ab7', 'display_id': 'R588464E4C5', 'distractor_type': 'WRONG_UNIT', 'is_gold_or_equivalent': False, 'record_value': '21933.217'}",21933.217,WRONG_UNIT,False,20985.448,21933.217,,21933.217,,8009718272,24538775552,"Using only the FRED records supplied in the context, what value does the most recent vintage report for FRED series GDPC1 (""Gross Domestic Product""), measured in Billions of Chained 2017 Dollars, seasonally adjusted annual rate, quarterly frequency, for the observation dated 2019-10-01 (the quarter beginning 2019-10-01)? Report the currently published figure exactly.",FRED_0004,DIRECT_RETRIEVAL,ANSWER: 21933.217,,False,False,False,WRONG_UNIT,False,False,WRONG_UNIT,,
True,False,True,True,32K,SEC,WRONG_PERIOD,,127,11,3.742737470288772,2.9390252688899636,"115,856,000,000",115856000000.0,['R03C463E874'],['SEC-0000789019-GrossProfit-USD-CY2021-0000950170-23-035122-2d2a9c88'],answer_matches_context_distractor_value,False,32777,SEC_0004_32K,"{'canonical_record_id': 'SEC-0000789019-GrossProfit-USD-2020-07-01-2021-03-31-0001564590-22-015675-f22efee2', 'display_id': 'R8435983338', 'distractor_type': 'WRONG_PERIOD', 'is_gold_or_equivalent': False, 'record_value': '83695000000.0'}",83695000000.0,WRONG_PERIOD,False,115856000000.0,83695000000.0,,83695000000.0,,12628090368,24538775552,"Using only the SEC XBRL company-facts records supplied in the context, what value did MICROSOFT CORPORATION (CIK 0000789019) report for the us-gaap concept ""GrossProfit"" (Gross Profit) for the annual XBRL frame CY2021, in USD? Report the exact reported figure.",SEC_0004,DIRECT_RETRIEVAL,ANSWER: 83695000000.0,,False,False,False,WRONG_PERIOD,False,False,WRONG_PERIOD,,
True,False,True,True,16K,CLINICAL_TRIALS,UNSUPPORTED_VALUE,,128,7,5.857641830991647,1.1950201466679573,"49,951",49951.0,"['RD6CDBA54B0', 'R82C4CF9445']","['CT-NCT02591732-enrollment-count-56570d04', 'CT-NCT01907048-enrollment-count-ccb37ce0']",answer_not_matched_to_context_value,True,16446,CT_0012_16K,,,,False,49951,1153,,1153,,9542182400,24538775552,"Using only the ClinicalTrials.gov records supplied in the context, subtract the enrollment count of trial NCT01907048 from the enrollment count of trial NCT02591732. Report the difference as an integer number of participants.",CT_0012,RETRIEVAL_CALCULATION,ANSWER: 1153,,False,False,True,UNSUPPORTED_VALUE,False,True,UNSUPPORTED_VALUE,,
True,False,True,True,4K,FRED,WRONG_PERIOD,,129,9,27.78836258710451,0.32387658581137657,"20,985.448",20985.448,['R7097297563'],['FRED-GDPC1-2019-10-01-latest-bfa762c2'],answer_matches_context_distractor_value,False,4263,FRED_0004_4K,"{'canonical_record_id': 'FRED-GDPC1-2022-10-01-latest-4ffecad7', 'display_id': 'RBB321DAD20', 'distractor_type': 'WRONG_PERIOD', 'is_gold_or_equivalent': False, 'record_value': '22278.345'}",22278.345,WRONG_PERIOD,False,20985.448,22278.345,,22278.345,,7242883072,24538775552,"Using only the FRED records supplied in the context, what value does the most recent vintage report for FRED series GDPC1 (""Gross Domestic Product""), measured in Billions of Chained 2017 Dollars, seasonally adjusted annual rate, quarterly frequency, for the observation dated 2019-10-01 (the quarter beginning 2019-10-01)? Report the currently published figure exactly.",FRED_0004,DIRECT_RETRIEVAL,ANSWER: 22278.345,,False,False,False,WRONG_PERIOD,False,False,WRONG_PERIOD,,
True,True,True,True,16K,CLINICAL_TRIALS,CORRECT,,130,11,8.711179917444962,1.2627451280131936,2023-02-13,2023-02-13,['R65CA09A85B'],['CT-NCT05144984-study-primary-completion-c9c64e18'],answer_only_exact_match,False,16478,CT_0019_16K,"{'canonical_record_id': 'CT-NCT05144984-study-primary-completion-c9c64e18', 'display_id': 'R65CA09A85B', 'distractor_type': None, 'is_gold_or_equivalent': True, 'record_value': '2023-02-13'}",2023-02-13,,False,2023-02-13,2023-02-13,,2023-02-13,,9548230144,24538775552,"Using only the ClinicalTrials.gov records supplied in the context, what is the PRIMARY COMPLETION DATE of trial NCT05144984 (""A Research Study Looking at How Well a Combination of the Medicines Semaglutide and NNC0480-0389 Works in People With Type 2 Diabetes"")? Answer in YYYY-MM-DD form.",CT_0019,ENTITY_UNIT_BINDING,ANSWER: 2023-02-13,,False,True,False,CORRECT,True,False,CORRECT,,
True,True,True,True,8K,SEC,CORRECT,,131,11,17.315654542281923,0.6352633088827133,"10,151,000,000",10151000000.0,['R93E3DF4118'],['SEC-0000078003-NetCashProvidedByUsedInO-USD-2016-01-01-2016-10-02-0000078003-17-000049-12a9492c'],answer_only_exact_match,False,8331,SEC_0019_8K,"{'canonical_record_id': 'SEC-0000078003-NetCashProvidedByUsedInO-USD-2016-01-01-2016-10-02-0000078003-17-000049-12a9492c', 'display_id': 'R93E3DF4118', 'distractor_type': None, 'is_gold_or_equivalent': True, 'record_value': '10151000000.0'}",10151000000.0,,False,10151000000.0,10151000000.0,,10151000000.0,,8008774144,24538775552,"Using only the SEC XBRL company-facts records supplied in the context, what value did PFIZER INC (CIK 0000078003) report for us-gaap:NetCashProvidedByUsedInOperatingActivities for the period ending 2016-10-02 in the MOST RECENTLY FILED version of that fact — accession 0000078003-17-000049, form 10-Q, filed 2017-11-09 — in USD? Report the exact value from that version.",SEC_0019,TEMPORAL_VERSION,ANSWER: 10151000000.0,,False,True,False,CORRECT,True,False,CORRECT,,
False,False,True,False,32K,SEC,FAILED_TO_ABSTAIN,,132,10,3.4833259151470504,2.8708195108920336,,INSUFFICIENT_EVIDENCE,[],[],unanswerable_instance_factual_answer,True,32703,SEC_0023_32K,,,,False,INSUFFICIENT_EVIDENCE,49750000000.,,49750000000.,,12615703040,24538775552,"Using only the SEC XBRL company-facts records supplied in the context, what value did COCA COLA CO (CIK 0000021344) report for the us-gaap concept ""AccountsPayableCurrent"" (Accounts Payable, Current) for the annual XBRL frame CY2023?",SEC_0023,UNANSWERABLE,ANSWER: 49750000000.,,False,False,True,FAILED_TO_ABSTAIN,False,True,FAILED_TO_ABSTAIN,,
True,True,True,True,64K,CLINICAL_TRIALS,CORRECT,,133,6,0.7754000871681989,7.737940837629139,44,44.0,['RCA721B2F7E'],['CT-NCT02325960-enrollment-count-9b749f82'],answer_only_exact_match,False,65140,CT_0002_64K,"{'canonical_record_id': 'CT-NCT02325960-enrollment-count-9b749f82', 'display_id': 'RCA721B2F7E', 'distractor_type': None, 'is_gold_or_equivalent': True, 'record_value': '44.0'}",44.0,,False,44,44,,44,,18743400960,24538775552,"Using only the ClinicalTrials.gov records supplied in the context, what enrollment count is reported for trial NCT02325960 (""A Comparison of Exenatide and Insulin Glargine"")? Report the actual number of participants as an integer.",CT_0002,DIRECT_RETRIEVAL,ANSWER: 44,,False,True,False,CORRECT,True,False,CORRECT,,
True,False,True,True,8K,SEC,UNSUPPORTED_VALUE,,134,9,14.75171137183273,0.6100987046957016,"-492,000,000",-492000000.0,['R1747BDE59E'],['SEC-0000078003-NetCashProvidedByUsedInI-USD-CY2010-0000078003-13-000006-0cfaf545'],answer_not_matched_to_context_value,True,8344,SEC_0006_8K,,,,False,-492000000.0,-54002000000.0,,-54002000000,,8011229696,24538775552,"Using only the SEC XBRL company-facts records supplied in the context, what value did PFIZER INC (CIK 0000078003) report for us-gaap:NetCashProvidedByUsedInInvestingActivities for the annual XBRL frame CY2010, in USD? Report the exact value for that filer.",SEC_0006,ENTITY_UNIT_BINDING,ANSWER: -54002000000,,False,False,True,UNSUPPORTED_VALUE,False,True,UNSUPPORTED_VALUE,,
True,False,True,True,16K,SEC,UNSUPPORTED_VALUE,,135,8,6.618629713405974,1.2087094075977802,4.22%,4.22,"['R2940A33ABA', 'R21393EE9E8']","['SEC-0000200406-GrossProfit-USD-CY2025-0000200406-26-000016-de0a564d', 'SEC-0000200406-GrossProfit-USD-CY2024-0000200406-26-000016-ead9cf93']",answer_not_matched_to_context_value,True,16439,SEC_0015_16K,,,,False,4.22,0.0,,0.00,,9540860416,24538775552,"Using only the SEC XBRL company-facts records supplied in the context, calculate the year-over-year percentage change in Johnson & Johnson's (CIK 0000200406) reported us-gaap:GrossProfit from annual XBRL frame CY2024 to annual XBRL frame CY2025, both in USD. Use ((current - previous) / previous) * 100 and round to two decimal places.",SEC_0015,RETRIEVAL_CALCULATION,ANSWER: 0.00,,False,False,True,UNSUPPORTED_VALUE,False,True,UNSUPPORTED_VALUE,,
True,False,True,True,32K,FRED,UNSUPPORTED_VALUE,,136,8,2.8358402639370635,2.821033364161849,0.20,0.2,"['R75737FED94', 'R341AE87A95']","['FRED-UNRATE-2016-10-01-latest-7e2b14d4', 'FRED-UNRATENSA-2016-10-01-latest-7b5afdb3']",answer_not_matched_to_context_value,True,32608,FRED_0015_32K,,,,False,0.2,0.1,,0.10,,12600349184,24538775552,"Using only the FRED records supplied in the context, subtract the value of FRED series UNRATENSA (""Unemployment Rate""), measured in Percent, not seasonally adjusted, monthly frequency from the value of FRED series UNRATE (""Unemployment Rate""), measured in Percent, seasonally adjusted, monthly frequency, both for the observation dated 2016-10-01 and both taken from the most recent vintage. Report the difference in Percent, rounded to two decimal places.",FRED_0015,RETRIEVAL_CALCULATION,ANSWER: 0.10,,False,False,True,UNSUPPORTED_VALUE,False,True,UNSUPPORTED_VALUE,,
True,False,True,True,32K,SEC,WRONG_ENTITY,,137,9,3.114481879438237,2.889726236462593,"-16,276,000,000",-16276000000.0,['R39ABB404FD'],['SEC-0000789019-NetCashProvidedByUsedInF-USD-CY2021Q3-0001564590-22-035087-306cc7fc'],answer_matches_context_distractor_value,False,32786,SEC_0017_32K,"{'canonical_record_id': 'SEC-0001018724-NetCashProvidedByUsedInF-USD-CY2021Q3-0001018724-22-000023-f339390d', 'display_id': 'RFE00CDEC28', 'distractor_type': 'WRONG_ENTITY', 'is_gold_or_equivalent': False, 'record_value': '-2776000000.0'}",-2776000000.0,WRONG_ENTITY,False,-16276000000.0,-2776000000.0,,-2776000000,,12629790208,24538775552,"Using only the SEC XBRL company-facts records supplied in the context, what did MICROSOFT CORPORATION (CIK 0000789019) report for us-gaap:NetCashProvidedByUsedInFinancingActivities for the single quarterly XBRL frame CY2021Q3, in USD? Report the quarterly figure exactly.",SEC_0017,TEMPORAL_VERSION,ANSWER: -2776000000,,False,False,False,WRONG_ENTITY,False,False,WRONG_ENTITY,,
True,False,True,True,32K,SEC,WRONG_PERIOD,,138,11,3.739007643065931,2.9419570779427886,"3,706,200,000",3706200000.0,['R736D23CA70'],['SEC-0000019617-WeightedAverageNumberOfD-shares-CY2016Q2-0000019617-17-000486-68a92d76'],answer_matches_context_distractor_value,False,32834,SEC_0020_32K,"{'canonical_record_id': 'SEC-0000019617-WeightedAverageNumberOfD-shares-2016-04-01-2016-06-30-0000019617-16-001056-a3c807af', 'display_id': 'R2FAFD40276', 'distractor_type': 'WRONG_PERIOD', 'is_gold_or_equivalent': False, 'record_value': '3666500000.0'}",3666500000.0,WRONG_PERIOD,False,3706200000.0,3666500000.0,,3666500000.0,,12638860800,24538775552,"Using only the SEC XBRL company-facts records supplied in the context, what value did JPMORGAN CHASE & CO (CIK 0000019617) report for us-gaap:WeightedAverageNumberOfDilutedSharesOutstanding for the period ending 2016-06-30 in the MOST RECENTLY FILED version of that fact — accession 0000019617-17-000486, form 10-Q, filed 2017-08-02 — in shares? Report the exact value from that version.",SEC_0020,TEMPORAL_VERSION,ANSWER: 3666500000.0,,False,False,False,WRONG_PERIOD,False,False,WRONG_PERIOD,,
True,True,True,True,8K,FDA,CORRECT,,139,6,10.62744710008742,0.5645758518949151,TABLET,TABLET,['R89F59D6895'],['FDA-ANDA075999-006-product-dosage-form-a7cba6df'],answer_only_exact_match,False,8266,FDA_0003_8K,"{'canonical_record_id': 'FDA-ANDA040663-009-product-dosage-form-ab2a925e', 'display_id': 'R38F8832E6D', 'distractor_type': 'WRONG_ENTITY', 'is_gold_or_equivalent': False, 'record_value': 'TABLET'}",TABLET,WRONG_ENTITY,False,tablet,tablet,,TABLET,,7996491264,24538775552,"Using only the Drugs@FDA records supplied in the context, what DOSAGE FORM is listed for product number 006 under FDA application ANDA075999 (brand name ""LISINOPRIL"", active ingredient LISINOPRIL)? Answer with the dosage form exactly as recorded.",FDA_0003,DIRECT_RETRIEVAL,ANSWER: TABLET,,False,True,False,CORRECT,True,False,CORRECT,,
False,False,True,False,32K,FDA,FAILED_TO_ABSTAIN,,140,6,2.159788264835052,2.7780500976368785,,INSUFFICIENT_EVIDENCE,[],[],unanswerable_instance_factual_answer,True,32607,FDA_0023_32K,"{'canonical_record_id': 'FDA-ANDA078243-001-product-route-e1ca709e', 'display_id': 'R68E41C8A5C', 'distractor_type': 'OTHER_SAME_DOMAIN', 'is_gold_or_equivalent': False, 'record_value': 'ORAL'}",ORAL,OTHER_SAME_DOMAIN,False,INSUFFICIENT_EVIDENCE,oral,,ORAL,,12595966464,24538775552,"Using only the Drugs@FDA records supplied in the context, what is the route of administration for product number 003 under FDA application ANDA219296 (brand name ""SITAGLIPTIN AND METFORMIN HYDROCHLORIDE"")?",FDA_0023,UNANSWERABLE,ANSWER: ORAL,,False,False,True,FAILED_TO_ABSTAIN,False,True,FAILED_TO_ABSTAIN,,
True,True,True,True,8K,CLINICAL_TRIALS,CORRECT,,141,11,17.506755890197965,0.6283288616687059,2018-04-25,2018-04-25,['R91B4903946'],['CT-NCT02746185-study-primary-completion-35ff3c07'],answer_only_exact_match,False,8299,CT_0017_8K,"{'canonical_record_id': 'CT-NCT02746185-study-primary-completion-35ff3c07', 'display_id': 'R91B4903946', 'distractor_type': None, 'is_gold_or_equivalent': True, 'record_value': '2018-04-25'}",2018-04-25,,False,2018-04-25,2018-04-25,,2018-04-25,,8002726400,24538775552,"Using only the ClinicalTrials.gov records supplied in the context, what is the PRIMARY COMPLETION DATE of trial NCT02746185 (""Cancer Associated Thrombosis, a Pilot Treatment Study Using Rivaroxaban"")? Answer in YYYY-MM-DD form.",CT_0017,ENTITY_UNIT_BINDING,ANSWER: 2018-04-25,,False,True,False,CORRECT,True,False,CORRECT,,
True,True,True,True,4K,FRED,CORRECT,,142,8,25.83963204829799,0.30960193183273077,1.770,1.77,['R402DBA2483'],['FRED-WGS10YR-2015-01-30-latest-bd2bd66f'],answer_only_exact_match,False,4264,FRED_0008_4K,"{'canonical_record_id': 'FRED-WGS10YR-2015-01-30-latest-bd2bd66f', 'display_id': 'R402DBA2483', 'distractor_type': None, 'is_gold_or_equivalent': True, 'record_value': '1.77'}",1.77,,False,1.77,1.77,,1.77,,7242975744,24538775552,"Using only the FRED records supplied in the context, report the value of FRED series WGS10YR (""Market Yield on U.S. Treasury Securities at 10-Year Constant Maturity""), measured in Percent, not seasonally adjusted, weekly frequency for United States on the observation dated 2015-01-30. Report the value for series WGS10YR exactly.",FRED_0008,ENTITY_UNIT_BINDING,ANSWER: 1.77,,False,True,False,CORRECT,True,False,CORRECT,,
False,False,True,False,4K,FDA,FAILED_TO_ABSTAIN,,143,6,20.309110975823188,0.29543390683829784,,INSUFFICIENT_EVIDENCE,[],[],unanswerable_instance_factual_answer,True,4236,FDA_0023_4K,"{'canonical_record_id': 'FDA-NDA020830-002-product-route-a0d80a34', 'display_id': 'R14D5E3BD4E', 'distractor_type': 'OTHER_SAME_DOMAIN', 'is_gold_or_equivalent': False, 'record_value': 'ORAL'}",ORAL,OTHER_SAME_DOMAIN,False,INSUFFICIENT_EVIDENCE,oral,,ORAL,,7236792832,24538775552,"Using only the Drugs@FDA records supplied in the context, what is the route of administration for product number 003 under FDA application ANDA219296 (brand name ""SITAGLIPTIN AND METFORMIN HYDROCHLORIDE"")?",FDA_0023,UNANSWERABLE,ANSWER: ORAL,,False,False,True,FAILED_TO_ABSTAIN,False,True,FAILED_TO_ABSTAIN,,
True,True,True,True,64K,CLINICAL_TRIALS,CORRECT,,144,11,1.3872056523183929,7.929610135033727,2018-04-25,2018-04-25,['R91B4903946'],['CT-NCT02746185-study-primary-completion-35ff3c07'],answer_only_exact_match,False,65175,CT_0017_64K,"{'canonical_record_id': 'CT-NCT02746185-study-primary-completion-35ff3c07', 'display_id': 'R91B4903946', 'distractor_type': None, 'is_gold_or_equivalent': True, 'record_value': '2018-04-25'}",2018-04-25,,False,2018-04-25,2018-04-25,,2018-04-25,,18750016000,24538775552,"Using only the ClinicalTrials.gov records supplied in the context, what is the PRIMARY COMPLETION DATE of trial NCT02746185 (""Cancer Associated Thrombosis, a Pilot Treatment Study Using Rivaroxaban"")? Answer in YYYY-MM-DD form.",CT_0017,ENTITY_UNIT_BINDING,ANSWER: 2018-04-25,,False,True,False,CORRECT,True,False,CORRECT,,
True,True,True,False,32K,SEC,CORRECT,,145,10,3.4740145394660926,2.878514147363603,,INSUFFICIENT_EVIDENCE,[],[],answer_only_exact_match,False,32712,SEC_0024_32K,,,,False,INSUFFICIENT_EVIDENCE,INSUFFICIENT_EVIDENCE,,INSUFFICIENT_EVIDENCE,,12619018752,24538775552,"Using only the SEC XBRL company-facts records supplied in the context, what value did PFIZER INC (CIK 0000078003) report for the us-gaap concept ""OperatingExpenses"" (Operating Expenses) for the annual XBRL frame CY2023?",SEC_0024,UNANSWERABLE,ANSWER: INSUFFICIENT_EVIDENCE,,False,True,False,CORRECT,True,False,CORRECT,,
True,False,True,True,32K,SEC,WRONG_ENTITY,,146,11,3.7880963002929433,2.903833252377808,"-492,000,000",-492000000.0,['R1747BDE59E'],['SEC-0000078003-NetCashProvidedByUsedInI-USD-CY2010-0000078003-13-000006-0cfaf545'],answer_matches_context_distractor_value,False,32745,SEC_0006_32K,"{'canonical_record_id': 'SEC-0000789019-NetCashProvidedByUsedInI-USD-CY2010-0001193125-12-316848-24efaeac', 'display_id': 'RA0CA5EEED5', 'distractor_type': 'WRONG_ENTITY', 'is_gold_or_equivalent': False, 'record_value': '-11314000000.0'}",-11314000000.0,WRONG_ENTITY,False,-492000000.0,-11314000000.0,,-11314000000.0,,12623361536,24538775552,"Using only the SEC XBRL company-facts records supplied in the context, what value did PFIZER INC (CIK 0000078003) report for us-gaap:NetCashProvidedByUsedInInvestingActivities for the annual XBRL frame CY2010, in USD? Report the exact value for that filer.",SEC_0006,ENTITY_UNIT_BINDING,ANSWER: -11314000000.0,,False,False,False,WRONG_ENTITY,False,False,WRONG_ENTITY,,
True,False,True,True,16K,FDA,UNSUPPORTED_VALUE,,147,6,5.041451106276792,1.19013352971524,3,3.0,"['R84E3920385', 'RA919FF4E94', 'R072387E691']","['FDA-ANDA217066-001-product-dosage-form-c729e56e', 'FDA-ANDA217066-002-product-dosage-form-61bdc384', 'FDA-ANDA217066-003-product-dosage-form-8625f203']",answer_not_matched_to_context_value,True,16390,FDA_0012_16K,,,,False,3,6,,6,,9531602432,24538775552,"Using only the Drugs@FDA records supplied in the context, how many distinct product entries are listed under FDA application ANDA217066 (sponsor: ZYDUS PHARMS)? Count the products belonging to that application number only, and answer with an integer.",FDA_0012,RETRIEVAL_CALCULATION,ANSWER: 6,,False,False,True,UNSUPPORTED_VALUE,False,True,UNSUPPORTED_VALUE,,
True,True,True,True,64K,FRED,CORRECT,,148,8,1.0272177453139697,7.788027452304959,0.00%,0.0,"['RE02842316A', 'RBF93AF1F4B']","['FRED-ILUR-2026-06-01-latest-4d52d8ef', 'FRED-ILUR-2026-05-01-latest-d51617d6']",answer_only_exact_match,False,64969,FRED_0012_64K,,,,False,0.0,0.0,,0.00,,18711090688,24538775552,"Using only the FRED records supplied in the context, calculate the percentage change in FRED series ILUR (""Unemployment Rate""), measured in Percent, seasonally adjusted, monthly frequency between the observation dated 2026-05-01 and the observation dated 2026-06-01. Use both values from the most recent vintage, apply ((value_2026-06-01 - value_2026-05-01) / value_2026-05-01) * 100, and round to two decimal places.",FRED_0012,RETRIEVAL_CALCULATION,ANSWER: 0.00,,False,True,False,CORRECT,True,False,CORRECT,,
True,True,True,True,64K,FDA,CORRECT,,149,10,1.2705077773096756,7.8708687806501985,"TABLET, CHEWABLE","TABLET, CHEWABLE",['R2A3424790C'],['FDA-ANDA208621-001-product-dosage-form-6c6491cd'],answer_only_exact_match,False,65049,FDA_0004_64K,"{'canonical_record_id': 'FDA-ANDA064031-001-product-dosage-form-ff406add', 'display_id': 'R9FD351A753', 'distractor_type': 'WRONG_ENTITY', 'is_gold_or_equivalent': False, 'record_value': 'TABLET, CHEWABLE'}","TABLET, CHEWABLE",WRONG_ENTITY,False,"tablet, chewable","tablet, chewable",,"TABLET, CHEWABLE",,18726206976,24538775552,"Using only the Drugs@FDA records supplied in the context, what DOSAGE FORM is listed for product number 001 under FDA application ANDA208621 (brand name ""MONTELUKAST SODIUM"", active ingredient MONTELUKAST SODIUM)? Answer with the dosage form exactly as recorded.",FDA_0004,DIRECT_RETRIEVAL,"ANSWER: TABLET, CHEWABLE",,False,True,False,CORRECT,True,False,CORRECT,,
True,False,True,True,64K,FRED,WRONG_PERIOD,,150,8,1.0282376286515431,7.78030270151794,3.700,3.7,['R75234B9BCB'],['FRED-UNRATE-2023-05-01-2023-09-28-d4e57b23'],answer_matches_context_distractor_value,False,64903,FRED_0019_64K,"{'canonical_record_id': 'FRED-UNRATE-2023-02-01-2023-09-28-87692b4a', 'display_id': 'R17B5F157B1', 'distractor_type': 'WRONG_PERIOD', 'is_gold_or_equivalent': False, 'record_value': '3.6'}",3.6,WRONG_PERIOD,False,3.7,3.6,,3.6,,18698619392,24538775552,"Using only the FRED/ALFRED records supplied in the context, what value did FRED series UNRATE (""Unemployment Rate""), measured in Percent, seasonally adjusted, monthly frequency show for the observation dated 2023-05-01 **as of the vintage date 2023-09-28**? Report the value from that vintage exactly.",FRED_0019,TEMPORAL_VERSION,ANSWER: 3.6,,False,False,False,WRONG_PERIOD,False,False,WRONG_PERIOD,,
True,False,True,True,4K,FDA,UNSUPPORTED_VALUE,,151,9,27.592228766582906,0.3261787975206971,8.9286,8.9286,"['RAC4081090E', 'R56A8395EE3']","['FDA-NDA022456-001-strength-SODIUM-BICARBONATE-2-fdc88186', 'FDA-NDA213593-001-strength-SODIUM-BICARBONATE-1-c8e317f3']",answer_not_matched_to_context_value,True,4302,FDA_0016_4K,,,,False,8.9286,0.75,,0.7500,,7249128960,24538775552,"Using only the Drugs@FDA records supplied in the context, divide the SODIUM BICARBONATE strength of product 001 under application NDA022456 by the SODIUM BICARBONATE strength of product 001 under application NDA213593. Both strengths are expressed in MG; report the dimensionless ratio rounded to four decimal places.",FDA_0016,RETRIEVAL_CALCULATION,ANSWER: 0.7500,,False,False,True,UNSUPPORTED_VALUE,False,True,UNSUPPORTED_VALUE,,
True,False,True,True,8K,CLINICAL_TRIALS,UNSUPPORTED_VALUE,,152,7,11.893109172562234,0.58857611566782,22,22.0,"['RB07E4EDA35', 'RC3A58A5C6A']","['CT-NCT00816244-enrollment-count-f0899077', 'CT-NCT00659568-enrollment-count-2e7b1c52']",answer_not_matched_to_context_value,True,8332,CT_0016_8K,,,,False,22,1047,,1047,,8008962560,24538775552,"Using only the ClinicalTrials.gov records supplied in the context, subtract the enrollment count of trial NCT00659568 from the enrollment count of trial NCT00816244. Report the difference as an integer number of participants.",CT_0016,RETRIEVAL_CALCULATION,ANSWER: 1047,,False,False,True,UNSUPPORTED_VALUE,False,True,UNSUPPORTED_VALUE,,
False,False,True,False,32K,CLINICAL_TRIALS,FAILED_TO_ABSTAIN,,153,11,3.7913767974193986,2.9013207042589784,,INSUFFICIENT_EVIDENCE,[],[],unanswerable_instance_factual_answer,True,32703,CT_0022_32K,"{'canonical_record_id': 'CT-NCT03535883-study-first-posted-date-f37ab202', 'display_id': 'RAD1D239E15', 'distractor_type': 'WRONG_FIELD', 'is_gold_or_equivalent': False, 'record_value': '2018-05-24'}",2018-05-24,WRONG_FIELD,False,INSUFFICIENT_EVIDENCE,2018-05-24,,2018-05-24,,12615703040,24538775552,"Using only the ClinicalTrials.gov records supplied in the context, what is the date on which results were first posted for trial NCT03535883 (""The Safety of Thoracentesis, Tunneled Pleural Catheter, and Chest Tubes in Patients Taking Novel Oral Anti-Coagulants"")?",CT_0022,UNANSWERABLE,ANSWER: 2018-05-24,,False,False,True,FAILED_TO_ABSTAIN,False,True,FAILED_TO_ABSTAIN,,
True,True,True,True,64K,CLINICAL_TRIALS,CORRECT,,154,9,1.1424516065151917,7.8777953907847404,PLACEBO_COMPARATOR,PLACEBO_COMPARATOR,['R3A6D2D6B08'],['CT-NCT01728636-arm-type-Placebo-1-34edfc87'],answer_only_exact_match,False,65228,CT_0007_64K,"{'canonical_record_id': 'CT-NCT01617655-arm-type-Placebo-Q2W-0-40a1b906', 'display_id': 'R9120D06548', 'distractor_type': 'WRONG_ENTITY', 'is_gold_or_equivalent': False, 'record_value': 'PLACEBO_COMPARATOR'}",PLACEBO_COMPARATOR,WRONG_ENTITY,False,placebo_comparator,placebo_comparator,,PLACEBO_COMPARATOR,,18769402368,24538775552,"Using only the ClinicalTrials.gov records supplied in the context, what is the arm-group TYPE of the arm labelled ""Placebo"" in trial NCT01728636 (""The Use of Tranexamic Acid to Reduce Perioperative Blood Loss During High Risk Spine Fusion Surgery"")? Answer with the ClinicalTrials.gov arm type value (for example EXPERIMENTAL, ACTIVE_COMPARATOR, PLACEBO_COMPARATOR, SHAM_COMPARATOR, NO_INTERVENTION or OTHER).",CT_0007,ENTITY_UNIT_BINDING,ANSWER: PLACEBO_COMPARATOR,,False,True,False,CORRECT,True,False,CORRECT,,
True,False,True,True,64K,SEC,UNSUPPORTED_VALUE,,155,8,1.018331993637846,7.855984148569405,20.68%,20.68,"['R16E78A33FF', 'R6CAD9B6C1D']","['SEC-0000021344-OperatingIncomeLoss-USD-CY2016-0000021344-19-000039-4f858bb1', 'SEC-0000021344-Revenues-USD-CY2016-0000021344-19-000039-dcf26950']",answer_not_matched_to_context_value,True,65290,SEC_0012_64K,,,,False,20.68,0.0,,0.00,,18771746304,24538775552,"Using only the SEC XBRL company-facts records supplied in the context, calculate COCA COLA CO's (CIK 0000021344) operating margin for the annual XBRL frame CY2016. Divide us-gaap:OperatingIncomeLoss by Revenues for that same company and frame, both in USD, multiply by 100, and round to two decimal places.",SEC_0012,RETRIEVAL_CALCULATION,ANSWER: 0.00,,False,False,True,UNSUPPORTED_VALUE,False,True,UNSUPPORTED_VALUE,,
True,False,True,True,8K,FRED,WRONG_SERIES_VARIANT,,156,8,13.447340101666486,0.5949131902307272,3.260,3.26,['R9388092F79'],['FRED-DGS10-2022-09-01-latest-ee1793fc'],answer_matches_context_distractor_value,False,8283,FRED_0007_8K,"{'canonical_record_id': 'FRED-GS10-2022-09-01-latest-f992a164', 'display_id': 'R3CEDBC5EC1', 'distractor_type': 'WRONG_SERIES_VARIANT', 'is_gold_or_equivalent': False, 'record_value': '3.52'}",3.52,WRONG_SERIES_VARIANT,False,3.26,3.52,,3.52,,7999703552,24538775552,"Using only the FRED records supplied in the context, report the value of FRED series DGS10 (""Market Yield on U.S. Treasury Securities at 10-Year Constant Maturity""), measured in Percent, not seasonally adjusted, daily frequency for United States on the observation dated 2022-09-01. Report the value for series DGS10 exactly.",FRED_0007,ENTITY_UNIT_BINDING,ANSWER: 3.52,,False,False,False,WRONG_SERIES_VARIANT,False,False,WRONG_SERIES_VARIANT,,
True,True,True,True,64K,CLINICAL_TRIALS,CORRECT,,157,6,0.7735434343071447,7.756513382308185,38,38.0,['R0940082619'],['CT-NCT02007070-enrollment-count-774de6ac'],answer_only_exact_match,False,65184,CT_0004_64K,"{'canonical_record_id': 'CT-NCT02007070-enrollment-count-774de6ac', 'display_id': 'R0940082619', 'distractor_type': None, 'is_gold_or_equivalent': True, 'record_value': '38.0'}",38.0,,False,38,38,,38,,18751715840,24538775552,"Using only the ClinicalTrials.gov records supplied in the context, what enrollment count is reported for trial NCT02007070 (""Study of Pembrolizumab (MK-3475) in Participants With Advanced Non-small Cell Lung Cancer (MK-3475-025/KEYNOTE-025)"")? Report the actual number of participants as an integer.",CT_0004,DIRECT_RETRIEVAL,ANSWER: 38,,False,True,False,CORRECT,True,False,CORRECT,,
True,True,True,True,8K,FDA,CORRECT,,158,6,10.528602621698397,0.5698761949315667,2,2.0,"['RE31B0B0542', 'R747FC5A273']","['FDA-ANDA062098-001-product-dosage-form-cdb5f275', 'FDA-ANDA062098-002-product-dosage-form-cd94a34d']",answer_only_exact_match,False,8293,FDA_0011_8K,,,,False,2,2,,2,,8001592832,24538775552,"Using only the Drugs@FDA records supplied in the context, how many distinct product entries are listed under FDA application ANDA062098 (sponsor: APOTHECON)? Count the products belonging to that application number only, and answer with an integer.",FDA_0011,RETRIEVAL_CALCULATION,ANSWER: 2,,False,True,False,CORRECT,True,False,CORRECT,,
True,True,True,True,8K,FDA,CORRECT,,159,10,16.072936224326337,0.6221638573333621,"TABLET, CHEWABLE","TABLET, CHEWABLE",['R2A3424790C'],['FDA-ANDA208621-001-product-dosage-form-6c6491cd'],answer_only_exact_match,False,8325,FDA_0004_8K,"{'canonical_record_id': 'FDA-ANDA208621-001-product-dosage-form-6c6491cd', 'display_id': 'R2A3424790C', 'distractor_type': None, 'is_gold_or_equivalent': True, 'record_value': 'TABLET, CHEWABLE'}","TABLET, CHEWABLE",,False,"tablet, chewable","tablet, chewable",,"TABLET, CHEWABLE",,8007640576,24538775552,"Using only the Drugs@FDA records supplied in the context, what DOSAGE FORM is listed for product number 001 under FDA application ANDA208621 (brand name ""MONTELUKAST SODIUM"", active ingredient MONTELUKAST SODIUM)? Answer with the dosage form exactly as recorded.",FDA_0004,DIRECT_RETRIEVAL,"ANSWER: TABLET, CHEWABLE",,False,True,False,CORRECT,True,False,CORRECT,,
True,False,True,True,32K,FRED,WRONG_PERIOD,,160,9,3.1509992463270855,2.8562367986887693,"21,967.045",21967.045,['R3FC177AE13'],['FRED-GDPC1-2022-04-01-latest-40d67590'],answer_matches_context_distractor_value,False,32613,FRED_0009_32K,"{'canonical_record_id': 'FRED-GDPC1-2011-04-01-latest-24c83313', 'display_id': 'RF223FB3B94', 'distractor_type': 'WRONG_PERIOD', 'is_gold_or_equivalent': False, 'record_value': '17035.114'}",17035.114,WRONG_PERIOD,False,21967.045,17035.114,,17035.114,,12600638976,24538775552,"Using only the FRED records supplied in the context, report the value of FRED series GDPC1 (""Gross Domestic Product""), measured in Billions of Chained 2017 Dollars, seasonally adjusted annual rate, quarterly frequency for United States on the observation dated 2022-04-01. Report the value for series GDPC1 exactly.",FRED_0009,ENTITY_UNIT_BINDING,ANSWER: 17035.114,,False,False,False,WRONG_PERIOD,False,False,WRONG_PERIOD,,
True,False,True,True,32K,FRED,WRONG_VERSION,,161,8,2.82754295674893,2.8293115692213178,298.786,298.786,['RDD544BBD97'],['FRED-CPIAUCSL-2022-11-01-latest-8c203ccd'],answer_matches_context_distractor_value,False,32659,FRED_0003_32K,"{'canonical_record_id': 'FRED-CPIAUCSL-2022-11-01-2025-03-27-40e63473', 'display_id': 'R04884657FC', 'distractor_type': 'WRONG_VERSION', 'is_gold_or_equivalent': False, 'record_value': '298.708'}",298.708,WRONG_VERSION,False,298.786,298.708,,298.708,,12605792768,24538775552,"Using only the FRED records supplied in the context, what value does the most recent vintage report for FRED series CPIAUCSL (""Consumer Price Index for All Urban Consumers: All Items in U.S. City Average""), measured in Index 1982-1984=100, seasonally adjusted, monthly frequency, for the observation dated 2022-11-01 (the month beginning 2022-11-01)? Report the currently published figure exactly.",FRED_0003,DIRECT_RETRIEVAL,ANSWER: 298.708,,False,False,False,WRONG_VERSION,False,False,WRONG_VERSION,,
True,True,True,True,16K,SEC,CORRECT,,162,9,7.323958785691415,1.228843616321683,"115,856,000,000",115856000000.0,['R03C463E874'],['SEC-0000789019-GrossProfit-USD-CY2021-0000950170-23-035122-2d2a9c88'],answer_only_exact_match,False,16508,SEC_0004_16K,"{'canonical_record_id': 'SEC-0000789019-GrossProfit-USD-CY2021-0000950170-23-035122-2d2a9c88', 'display_id': 'R03C463E874', 'distractor_type': None, 'is_gold_or_equivalent': True, 'record_value': '115856000000.0'}",115856000000.0,,False,115856000000.0,115856000000.0,,115856000000,,9553897984,24538775552,"Using only the SEC XBRL company-facts records supplied in the context, what value did MICROSOFT CORPORATION (CIK 0000789019) report for the us-gaap concept ""GrossProfit"" (Gross Profit) for the annual XBRL frame CY2021, in USD? Report the exact reported figure.",SEC_0004,DIRECT_RETRIEVAL,ANSWER: 115856000000,,False,True,False,CORRECT,True,False,CORRECT,,
True,False,True,True,32K,SEC,UNSUPPORTED_VALUE,,163,8,2.784556289896401,2.8729891469702125,-6.84%,-6.84,"['R34AE136ED4', 'R214AF3F11C']","['SEC-0000200406-PaymentsToAcquirePropert-USD-CY2016-0000200406-19-000009-aab6d65b', 'SEC-0000200406-PaymentsToAcquirePropert-USD-CY2015-0000200406-18-000005-290886b0']",answer_not_matched_to_context_value,True,32807,SEC_0016_32K,,,,False,-6.84,-15.0,,-15.00,,12633758208,24538775552,"Using only the SEC XBRL company-facts records supplied in the context, calculate the year-over-year percentage change in Johnson & Johnson's (CIK 0000200406) reported us-gaap:PaymentsToAcquirePropertyPlantAndEquipment from annual XBRL frame CY2015 to annual XBRL frame CY2016, both in USD. Use ((current - previous) / previous) * 100 and round to two decimal places.",SEC_0016,RETRIEVAL_CALCULATION,ANSWER: -15.00,,False,False,True,UNSUPPORTED_VALUE,False,True,UNSUPPORTED_VALUE,,
True,False,True,True,64K,SEC,UNSUPPORTED_VALUE,,164,8,1.019198165283156,7.84930769354105,5.30%,5.3,"['RFD9EAF4C17', 'R0DD28E9A21']","['SEC-0001018724-OperatingIncomeLoss-USD-CY2021-0001018724-24-000008-5fb62b4b', 'SEC-0001018724-RevenueFromContractWithC-USD-CY2021-0001018724-24-000008-7f189d67']",answer_not_matched_to_context_value,True,65338,SEC_0011_64K,,,,False,5.3,0.03,,0.03,,18780814848,24538775552,"Using only the SEC XBRL company-facts records supplied in the context, calculate AMAZON COM INC's (CIK 0001018724) operating margin for the annual XBRL frame CY2021. Divide us-gaap:OperatingIncomeLoss by RevenueFromContractWithCustomerExcludingAssessedTax for that same company and frame, both in USD, multiply by 100, and round to two decimal places.",SEC_0011,RETRIEVAL_CALCULATION,ANSWER: 0.03,,False,False,True,UNSUPPORTED_VALUE,False,True,UNSUPPORTED_VALUE,,
False,False,True,False,16K,FDA,FAILED_TO_ABSTAIN,,165,6,5.094523705196599,1.1777352206408978,,INSUFFICIENT_EVIDENCE,[],[],unanswerable_instance_factual_answer,True,16422,FDA_0025_16K,"{'canonical_record_id': 'FDA-ANDA217279-004-product-route-3b1c0cf0', 'display_id': 'R4F3BD6C7EA', 'distractor_type': 'OTHER_SAME_DOMAIN', 'is_gold_or_equivalent': False, 'record_value': 'ORAL'}",ORAL,OTHER_SAME_DOMAIN,False,INSUFFICIENT_EVIDENCE,oral,,ORAL,,9537648128,24538775552,"Using only the Drugs@FDA records supplied in the context, what is the route of administration for product number 002 under FDA application ANDA216516 (brand name ""SITAGLIPTIN AND METFORMIN HYDROCHLORIDE"")?",FDA_0025,UNANSWERABLE,ANSWER: ORAL,,False,False,True,FAILED_TO_ABSTAIN,False,True,FAILED_TO_ABSTAIN,,
True,False,True,True,64K,FRED,UNSUPPORTED_VALUE,,166,8,1.0280968629416658,7.7813679706305265,-0.80,-0.8,"['R1A8E962D0A', 'R76E44176D1']","['FRED-GS10-2023-01-01-latest-c14fc7b9', 'FRED-FEDFUNDS-2023-01-01-latest-42e74d6d']",answer_not_matched_to_context_value,True,64945,FRED_0014_64K,,,,False,-0.8,0.07,,0.07,,18706554368,24538775552,"Using only the FRED records supplied in the context, subtract the value of FRED series FEDFUNDS (""Federal Funds Effective Rate""), measured in Percent, not seasonally adjusted, monthly frequency from the value of FRED series GS10 (""Market Yield on U.S. Treasury Securities at 10-Year Constant Maturity""), measured in Percent, not seasonally adjusted, monthly frequency, both for the observation dated 2023-01-01 and both taken from the most recent vintage. Report the difference in Percent, rounded to two decimal places.",FRED_0014,RETRIEVAL_CALCULATION,ANSWER: 0.07,,False,False,True,UNSUPPORTED_VALUE,False,True,UNSUPPORTED_VALUE,,
True,False,True,True,64K,CLINICAL_TRIALS,UNSUPPORTED_VALUE,,167,7,0.8999580964944733,7.7781399236992,22,22.0,"['RB07E4EDA35', 'RC3A58A5C6A']","['CT-NCT00816244-enrollment-count-f0899077', 'CT-NCT00659568-enrollment-count-2e7b1c52']",answer_not_matched_to_context_value,True,65112,CT_0016_64K,,,,False,22,1733,,1733,,18738110976,24538775552,"Using only the ClinicalTrials.gov records supplied in the context, subtract the enrollment count of trial NCT00659568 from the enrollment count of trial NCT00816244. Report the difference as an integer number of participants.",CT_0016,RETRIEVAL_CALCULATION,ANSWER: 1733,,False,False,True,UNSUPPORTED_VALUE,False,True,UNSUPPORTED_VALUE,,
False,False,True,False,64K,SEC,FAILED_TO_ABSTAIN,,168,11,1.381920333759918,7.9599378714337945,,INSUFFICIENT_EVIDENCE,[],[],unanswerable_instance_factual_answer,True,65285,SEC_0025_64K,"{'canonical_record_id': 'SEC-0000200406-SellingGeneralAndAdminis-USD-2023-01-02-2023-10-01-0000200406-23-000102-5975e616', 'display_id': 'R5066D6025D', 'distractor_type': 'WRONG_FIELD', 'is_gold_or_equivalent': False, 'record_value': '15702000000.0'}",15702000000.0,WRONG_FIELD,False,INSUFFICIENT_EVIDENCE,15702000000.0,,15702000000.0,,18770802176,24538775552,"Using only the SEC XBRL company-facts records supplied in the context, what value did Johnson & Johnson (CIK 0000200406) report for the us-gaap concept ""OperatingExpenses"" (Operating Expenses) for the annual XBRL frame CY2023?",SEC_0025,UNANSWERABLE,ANSWER: 15702000000.0,,False,False,True,FAILED_TO_ABSTAIN,False,True,FAILED_TO_ABSTAIN,,
True,True,True,True,8K,CLINICAL_TRIALS,CORRECT,,169,6,10.579724814343876,0.567122501321137,388,388.0,['RC155DAD068'],['CT-NCT05502562-enrollment-count-2d4615e2'],answer_only_exact_match,False,8353,CT_0005_8K,"{'canonical_record_id': 'CT-NCT05502562-enrollment-count-2d4615e2', 'display_id': 'RC155DAD068', 'distractor_type': None, 'is_gold_or_equivalent': True, 'record_value': '388.0'}",388.0,,False,388,388,,388,,8013570560,24538775552,"Using only the ClinicalTrials.gov records supplied in the context, what enrollment count is reported for trial NCT05502562 (""A Research Study to Understand How Oral Semaglutide Works in People With Type 2 Diabetes in India"")? Report the actual number of participants as an integer.",CT_0005,DIRECT_RETRIEVAL,ANSWER: 388,,False,True,False,CORRECT,True,False,CORRECT,,
True,False,True,True,4K,SEC,UNSUPPORTED_VALUE,,170,8,25.4188439421156,0.3147271377965808,-6.84%,-6.84,"['R34AE136ED4', 'R214AF3F11C']","['SEC-0000200406-PaymentsToAcquirePropert-USD-CY2016-0000200406-19-000009-aab6d65b', 'SEC-0000200406-PaymentsToAcquirePropert-USD-CY2015-0000200406-18-000005-290886b0']",answer_not_matched_to_context_value,True,4264,SEC_0016_4K,,,,False,-6.84,0.0,,0.00,,7242975744,24538775552,"Using only the SEC XBRL company-facts records supplied in the context, calculate the year-over-year percentage change in Johnson & Johnson's (CIK 0000200406) reported us-gaap:PaymentsToAcquirePropertyPlantAndEquipment from annual XBRL frame CY2015 to annual XBRL frame CY2016, both in USD. Use ((current - previous) / previous) * 100 and round to two decimal places.",SEC_0016,RETRIEVAL_CALCULATION,ANSWER: 0.00,,False,False,True,UNSUPPORTED_VALUE,False,True,UNSUPPORTED_VALUE,,
True,True,True,True,32K,FDA,CORRECT,,171,6,2.161162893503196,2.77628309186548,2,2.0,"['R2CEE60A0A9', 'R8D2B7063AB']","['FDA-ANDA205695-001-product-dosage-form-4f3d7427', 'FDA-ANDA205695-002-product-dosage-form-75631b38']",answer_only_exact_match,False,32588,FDA_0010_32K,,,,False,2,2,,2,,12592376320,24538775552,"Using only the Drugs@FDA records supplied in the context, how many distinct product entries are listed under FDA application ANDA205695 (sponsor: ANBISON LAB)? Count the products belonging to that application number only, and answer with an integer.",FDA_0010,RETRIEVAL_CALCULATION,ANSWER: 2,,False,True,False,CORRECT,True,False,CORRECT,,
True,False,True,True,4K,SEC,UNSUPPORTED_VALUE,,172,8,25.899160942503993,0.3088903157040477,20.68%,20.68,"['R16E78A33FF', 'R6CAD9B6C1D']","['SEC-0000021344-OperatingIncomeLoss-USD-CY2016-0000021344-19-000039-4f858bb1', 'SEC-0000021344-Revenues-USD-CY2016-0000021344-19-000039-dcf26950']",answer_not_matched_to_context_value,True,4217,SEC_0012_4K,,,,False,20.68,16.0,,16.00,,7233240064,24538775552,"Using only the SEC XBRL company-facts records supplied in the context, calculate COCA COLA CO's (CIK 0000021344) operating margin for the annual XBRL frame CY2016. Divide us-gaap:OperatingIncomeLoss by Revenues for that same company and frame, both in USD, multiply by 100, and round to two decimal places.",SEC_0012,RETRIEVAL_CALCULATION,ANSWER: 16.00,,False,False,True,UNSUPPORTED_VALUE,False,True,UNSUPPORTED_VALUE,,
True,True,True,False,16K,SEC,CORRECT,,173,10,8.024848279344221,1.24612947832793,,INSUFFICIENT_EVIDENCE,[],[],answer_only_exact_match,False,16508,SEC_0023_16K,,,,False,INSUFFICIENT_EVIDENCE,INSUFFICIENT_EVIDENCE,,INSUFFICIENT_EVIDENCE,,9553897984,24538775552,"Using only the SEC XBRL company-facts records supplied in the context, what value did COCA COLA CO (CIK 0000021344) report for the us-gaap concept ""AccountsPayableCurrent"" (Accounts Payable, Current) for the annual XBRL frame CY2023?",SEC_0023,UNANSWERABLE,ANSWER: INSUFFICIENT_EVIDENCE,,False,True,False,CORRECT,True,False,CORRECT,,
True,True,True,False,8K,FRED,CORRECT,,174,10,16.14765841078792,0.6192848365753889,,INSUFFICIENT_EVIDENCE,[],[],answer_only_exact_match,False,8310,FRED_0025_8K,,,,False,INSUFFICIENT_EVIDENCE,INSUFFICIENT_EVIDENCE,,INSUFFICIENT_EVIDENCE,,8004804096,24538775552,"Using only the FRED records supplied in the context, what value does FRED report for FRED series FLUR (""Unemployment Rate""), measured in Percent, seasonally adjusted, monthly frequency, for the observation dated 2025-10-01?",FRED_0025,UNANSWERABLE,ANSWER: INSUFFICIENT_EVIDENCE,,False,True,False,CORRECT,True,False,CORRECT,,
True,True,True,True,32K,FDA,CORRECT,,175,7,2.4914337030328784,2.809627240523696,CAPSULE,CAPSULE,['RFF4E86C28A'],['FDA-ANDA219714-002-product-dosage-form-a7b896bc'],answer_only_exact_match,False,32646,FDA_0005_32K,"{'canonical_record_id': 'FDA-ANDA218712-002-product-dosage-form-36a6ddb7', 'display_id': 'R4A032DE110', 'distractor_type': 'WRONG_ENTITY', 'is_gold_or_equivalent': False, 'record_value': 'CAPSULE'}",CAPSULE,WRONG_ENTITY,False,capsule,capsule,,CAPSULE,,12603336192,24538775552,"Using only the Drugs@FDA records supplied in the context, what DOSAGE FORM is listed for product number 002 under FDA application ANDA219714 (brand name ""SERTRALINE HYDROCHLORIDE"", active ingredient SERTRALINE HYDROCHLORIDE)? Answer with the dosage form exactly as recorded.",FDA_0005,DIRECT_RETRIEVAL,ANSWER: CAPSULE,,False,True,False,CORRECT,True,False,CORRECT,,
True,False,True,True,4K,FDA,UNSUPPORTED_VALUE,,176,8,25.727246485227038,0.31095438078045845,2.0000,2.0,"['R8D933477B5', 'R3C4F57847F']","['FDA-ANDA202933-002-strength-OLMESARTAN-MEDOXOMIL-1-ca1fbbd0', 'FDA-NDA200175-001-strength-OLMESARTAN-MEDOXOMIL-2-03a81d67']",answer_not_matched_to_context_value,True,4287,FDA_0017_4K,,,,False,2.0,0.4,,0.4,,7246323712,24538775552,"Using only the Drugs@FDA records supplied in the context, divide the OLMESARTAN MEDOXOMIL strength of product 002 under application ANDA202933 by the OLMESARTAN MEDOXOMIL strength of product 001 under application NDA200175. Both strengths are expressed in MG; report the dimensionless ratio rounded to four decimal places.",FDA_0017,RETRIEVAL_CALCULATION,ANSWER: 0.4,,False,False,True,UNSUPPORTED_VALUE,False,True,UNSUPPORTED_VALUE,,
True,True,True,True,16K,CLINICAL_TRIALS,CORRECT,,177,7,5.834888617189168,1.1996801411733031,EXPERIMENTAL,EXPERIMENTAL,['R3B3A2C955C'],['CT-NCT04089865-arm-type-Oral-Tranexamic-Acid-TXA-0-b38e9f5b'],answer_only_exact_match,False,16482,CT_0008_16K,"{'canonical_record_id': 'CT-NCT07385300-arm-type-Omega-3-PUFA-and-Aspirin-0-4e08c327', 'display_id': 'R47DC8965B2', 'distractor_type': 'WRONG_ENTITY', 'is_gold_or_equivalent': False, 'record_value': 'EXPERIMENTAL'}",EXPERIMENTAL,WRONG_ENTITY,False,experimental,experimental,,EXPERIMENTAL,,9548985856,24538775552,"Using only the ClinicalTrials.gov records supplied in the context, what is the arm-group TYPE of the arm labelled ""Oral Tranexamic Acid (TXA)"" in trial NCT04089865 (""Oral Versus Intravenous Tranexamic Acid"")? Answer with the ClinicalTrials.gov arm type value (for example EXPERIMENTAL, ACTIVE_COMPARATOR, PLACEBO_COMPARATOR, SHAM_COMPARATOR, NO_INTERVENTION or OTHER).",CT_0008,ENTITY_UNIT_BINDING,ANSWER: EXPERIMENTAL,,False,True,False,CORRECT,True,False,CORRECT,,
True,True,True,True,4K,FDA,CORRECT,,178,9,27.759254628944635,0.32421619817614555,0.3MG,0.3MG,['RCC85D8AF27'],['FDA-ANDA216414-005-strength-LEVOTHYROXINE-SODIUM-0-5b82c64e'],answer_only_exact_match,False,4238,FDA_0007_4K,"{'canonical_record_id': 'FDA-ANDA216414-005-strength-LEVOTHYROXINE-SODIUM-0-5b82c64e', 'display_id': 'RCC85D8AF27', 'distractor_type': None, 'is_gold_or_equivalent': True, 'record_value': '0.3MG'}",0.3MG,,False,0.3mg,0.3mg,,0.3MG,,7237166592,24538775552,"Using only the Drugs@FDA records supplied in the context, what is the listed strength of LEVOTHYROXINE SODIUM in product number 005 under FDA application ANDA216414 (dosage form TABLET, route ORAL)? Report the strength string exactly as recorded.",FDA_0007,ENTITY_UNIT_BINDING,ANSWER: 0.3MG,,False,True,False,CORRECT,True,False,CORRECT,,
True,False,True,True,4K,CLINICAL_TRIALS,UNSUPPORTED_VALUE,,179,6,20.478874606115607,0.2929848497733474,22,22.0,"['RB07E4EDA35', 'RC3A58A5C6A']","['CT-NCT00816244-enrollment-count-f0899077', 'CT-NCT00659568-enrollment-count-2e7b1c52']",answer_not_matched_to_context_value,True,4279,CT_0016_4K,,,,False,22,-64,,-64,,7244828672,24538775552,"Using only the ClinicalTrials.gov records supplied in the context, subtract the enrollment count of trial NCT00659568 from the enrollment count of trial NCT00816244. Report the difference as an integer number of participants.",CT_0016,RETRIEVAL_CALCULATION,ANSWER: -64,,False,False,True,UNSUPPORTED_VALUE,False,True,UNSUPPORTED_VALUE,,
False,False,True,True,4K,SEC,UNNECESSARY_ABSTENTION,,180,10,29.622935194309907,0.33757627103477716,47.90%,47.9,"['R56B40CFAAF', 'RD05F499C85']","['SEC-0000320193-CostOfGoodsAndServicesSo-USD-CY2008-0001193125-10-238044-75b6ee2e', 'SEC-0000320193-CostOfGoodsAndServicesSo-USD-CY2007-0001193125-10-012091-a8a3cea9']",answerable_instance_unnecessary_abstention,False,4284,SEC_0014_4K,,,,False,47.9,INSUFFICIENT_EVIDENCE,,INSUFFICIENT_EVIDENCE,,7245763072,24538775552,"Using only the SEC XBRL company-facts records supplied in the context, calculate the year-over-year percentage change in Apple Inc.'s (CIK 0000320193) reported us-gaap:CostOfGoodsAndServicesSold from annual XBRL frame CY2007 to annual XBRL frame CY2008, both in USD. Use ((current - previous) / previous) * 100 and round to two decimal places.",SEC_0014,RETRIEVAL_CALCULATION,ANSWER: INSUFFICIENT_EVIDENCE,,False,False,False,UNNECESSARY_ABSTENTION,False,False,UNNECESSARY_ABSTENTION,,
True,False,True,True,8K,SEC,UNSUPPORTED_VALUE,,181,8,13.302837266067845,0.601375469006598,27.84%,27.84,"['R06322807EE', 'R76E085F168']","['SEC-0000320193-OperatingIncomeLoss-USD-CY2016-0000320193-18-000145-107a0986', 'SEC-0000320193-Revenues-USD-CY2016-0000320193-18-000145-d7aab193']",answer_not_matched_to_context_value,True,8380,SEC_0010_8K,,,,False,27.84,11.11,,11.11,,8018031104,24538775552,"Using only the SEC XBRL company-facts records supplied in the context, calculate Apple Inc.'s (CIK 0000320193) operating margin for the annual XBRL frame CY2016. Divide us-gaap:OperatingIncomeLoss by Revenues for that same company and frame, both in USD, multiply by 100, and round to two decimal places.",SEC_0010,RETRIEVAL_CALCULATION,ANSWER: 11.11,,False,False,True,UNSUPPORTED_VALUE,False,True,UNSUPPORTED_VALUE,,
True,True,True,True,4K,CLINICAL_TRIALS,CORRECT,,182,6,21.228621479402378,0.2826372878625989,80,80.0,"['R584E60CDF3', 'RF6704DB3B7']","['CT-NCT03656445-enrollment-count-535dc578', 'CT-NCT03800927-enrollment-count-5f640681']",answer_only_exact_match,False,4275,CT_0010_4K,,,,False,80,80,,80,,7244081152,24538775552,"Using only the ClinicalTrials.gov records supplied in the context, subtract the enrollment count of trial NCT03800927 from the enrollment count of trial NCT03656445. Report the difference as an integer number of participants.",CT_0010,RETRIEVAL_CALCULATION,ANSWER: 80,,False,True,False,CORRECT,True,False,CORRECT,,
True,False,True,True,8K,SEC,WRONG_FIELD,,183,9,14.631418474023162,0.6151146600022912,"-16,276,000,000",-16276000000.0,['R39ABB404FD'],['SEC-0000789019-NetCashProvidedByUsedInF-USD-CY2021Q3-0001564590-22-035087-306cc7fc'],answer_matches_context_distractor_value,False,8372,SEC_0017_8K,"{'canonical_record_id': 'SEC-0000789019-NetIncomeLoss-USD-CY2021Q3-0001564590-22-035087-c650afdb', 'display_id': 'RCCCDCC14DC', 'distractor_type': 'WRONG_FIELD', 'is_gold_or_equivalent': False, 'record_value': '20505000000.0'}",20505000000.0,WRONG_FIELD,False,-16276000000.0,20505000000.0,,20505000000,,8016519680,24538775552,"Using only the SEC XBRL company-facts records supplied in the context, what did MICROSOFT CORPORATION (CIK 0000789019) report for us-gaap:NetCashProvidedByUsedInFinancingActivities for the single quarterly XBRL frame CY2021Q3, in USD? Report the quarterly figure exactly.",SEC_0017,TEMPORAL_VERSION,ANSWER: 20505000000,,False,False,False,WRONG_FIELD,False,False,WRONG_FIELD,,
True,True,True,True,8K,FRED,CORRECT,,184,9,14.904049793716432,0.6038627168163657,"19,478.893",19478.893,['RB8F86F5A81'],['FRED-GDPC1-2021-07-01-2022-06-29-07175b9f'],answer_only_exact_match,False,8352,FRED_0020_8K,"{'canonical_record_id': 'FRED-GDPC1-2021-07-01-2022-06-29-07175b9f', 'display_id': 'RB8F86F5A81', 'distractor_type': None, 'is_gold_or_equivalent': True, 'record_value': '19478.893'}",19478.893,,False,19478.893,19478.893,,19478.893,,8013429248,24538775552,"Using only the FRED/ALFRED records supplied in the context, what value did FRED series GDPC1 (""Gross Domestic Product""), measured in Billions of Chained 2017 Dollars, seasonally adjusted annual rate, quarterly frequency show for the observation dated 2021-07-01 **as of the vintage date 2022-06-29**? Report the value from that vintage exactly.",FRED_0020,TEMPORAL_VERSION,ANSWER: 19478.893,,False,True,False,CORRECT,True,False,CORRECT,,
True,False,True,True,16K,FDA,WRONG_ENTITY,,185,6,5.091445595238806,1.1784472381696105,"TABLET, CHEWABLE","TABLET, CHEWABLE",['R2A3424790C'],['FDA-ANDA208621-001-product-dosage-form-6c6491cd'],answer_matches_context_distractor_value,False,16404,FDA_0004_16K,"{'canonical_record_id': 'FDA-ANDA212399-004-product-dosage-form-37da8aee', 'display_id': 'RA17ACDAC15', 'distractor_type': 'WRONG_ENTITY', 'is_gold_or_equivalent': False, 'record_value': 'TABLET'}",TABLET,WRONG_ENTITY,False,"tablet, chewable",tablet,,TABLET,,9534247424,24538775552,"Using only the Drugs@FDA records supplied in the context, what DOSAGE FORM is listed for product number 001 under FDA application ANDA208621 (brand name ""MONTELUKAST SODIUM"", active ingredient MONTELUKAST SODIUM)? Answer with the dosage form exactly as recorded.",FDA_0004,DIRECT_RETRIEVAL,ANSWER: TABLET,,False,False,False,WRONG_ENTITY,False,False,WRONG_ENTITY,,
True,True,True,True,16K,FRED,CORRECT,,186,8,6.613454441947911,1.2096552671864629,3.260,3.26,['R9388092F79'],['FRED-DGS10-2022-09-01-latest-ee1793fc'],answer_only_exact_match,False,16421,FRED_0007_16K,"{'canonical_record_id': 'FRED-DGS10-2022-09-01-latest-ee1793fc', 'display_id': 'R9388092F79', 'distractor_type': None, 'is_gold_or_equivalent': True, 'record_value': '3.26'}",3.26,,False,3.26,3.26,,3.26,,9537459712,24538775552,"Using only the FRED records supplied in the context, report the value of FRED series DGS10 (""Market Yield on U.S. Treasury Securities at 10-Year Constant Maturity""), measured in Percent, not seasonally adjusted, daily frequency for United States on the observation dated 2022-09-01. Report the value for series DGS10 exactly.",FRED_0007,ENTITY_UNIT_BINDING,ANSWER: 3.26,,False,True,False,CORRECT,True,False,CORRECT,,
True,True,True,True,64K,FDA,CORRECT,,187,6,0.7775842461696445,7.71620570961386,TABLET,TABLET,['R2BE1FCB810'],['FDA-ANDA070469-001-product-dosage-form-e9aaf9f1'],answer_only_exact_match,False,65011,FDA_0001_64K,"{'canonical_record_id': 'FDA-NDA021292-003-product-dosage-form-3741a3b2', 'display_id': 'R36C172C741', 'distractor_type': 'WRONG_ENTITY', 'is_gold_or_equivalent': False, 'record_value': 'TABLET'}",TABLET,WRONG_ENTITY,False,tablet,tablet,,TABLET,,18719025664,24538775552,"Using only the Drugs@FDA records supplied in the context, what DOSAGE FORM is listed for product number 001 under FDA application ANDA070469 (brand name ""IBUPROHM"", active ingredient IBUPROFEN)? Answer with the dosage form exactly as recorded.",FDA_0001,DIRECT_RETRIEVAL,ANSWER: TABLET,,False,True,False,CORRECT,True,False,CORRECT,,
True,True,True,False,64K,FRED,CORRECT,,188,10,1.2708527640926512,7.868732147850096,,INSUFFICIENT_EVIDENCE,[],[],answer_only_exact_match,False,64975,FRED_0024_64K,,,,False,INSUFFICIENT_EVIDENCE,INSUFFICIENT_EVIDENCE,,INSUFFICIENT_EVIDENCE,,18712224256,24538775552,"Using only the FRED records supplied in the context, what value does FRED report for FRED series UNRATENSA (""Unemployment Rate""), measured in Percent, not seasonally adjusted, monthly frequency, for the observation dated 2025-10-01?",FRED_0024,UNANSWERABLE,ANSWER: INSUFFICIENT_EVIDENCE,,False,True,False,CORRECT,True,False,CORRECT,,
True,False,True,True,8K,FRED,UNSUPPORTED_VALUE,,189,8,13.39463242834079,0.5972541645169258,-0.42%,-0.42,"['RE116E620FA', 'R06580795E0']","['FRED-CPIAUCSL-2026-06-01-latest-b06e0481', 'FRED-CPIAUCSL-2026-05-01-latest-f8e9c0e7']",answer_not_matched_to_context_value,True,8351,FRED_0011_8K,,,,False,-0.42,0.03,,0.03,,8013288960,24538775552,"Using only the FRED records supplied in the context, calculate the percentage change in FRED series CPIAUCSL (""Consumer Price Index for All Urban Consumers: All Items in U.S. City Average""), measured in Index 1982-1984=100, seasonally adjusted, monthly frequency between the observation dated 2026-05-01 and the observation dated 2026-06-01. Use both values from the most recent vintage, apply ((value_2026-06-01 - value_2026-05-01) / value_2026-05-01) * 100, and round to two decimal places.",FRED_0011,RETRIEVAL_CALCULATION,ANSWER: 0.03,,False,False,True,UNSUPPORTED_VALUE,False,True,UNSUPPORTED_VALUE,,
True,False,True,True,64K,CLINICAL_TRIALS,WRONG_FIELD,,190,11,1.3871834265365246,7.929737185128033,2018-11-26,2018-11-26,['R425CD7386B'],['CT-NCT02178722-study-primary-completion-b6031bc6'],answer_matches_context_distractor_value,False,65133,CT_0020_64K,"{'canonical_record_id': 'CT-NCT02178722-study-last-update-posted-82558223', 'display_id': 'RE75A033378', 'distractor_type': 'WRONG_FIELD', 'is_gold_or_equivalent': False, 'record_value': '2022-02-14'}",2022-02-14,WRONG_FIELD,False,2018-11-26,2022-02-14,,2022-02-14,,18742078976,24538775552,"Using only the ClinicalTrials.gov records supplied in the context, what is the PRIMARY COMPLETION DATE of trial NCT02178722 (""Study to Explore the Safety, Tolerability and Efficacy of MK-3475 in Combination With INCB024360 in Participants With Selected Cancers"")? Answer in YYYY-MM-DD form.",CT_0020,ENTITY_UNIT_BINDING,ANSWER: 2022-02-14,,False,False,False,WRONG_FIELD,False,False,WRONG_FIELD,,
True,False,True,True,64K,FDA,WRONG_PERIOD,,191,11,1.390393242539234,7.911430855281651,1996-01-29,1996-01-29,['RD6A2176AFA'],['FDA-ANDA064139-submission-ORIG-1-b309bc43'],answer_matches_context_distractor_value,False,65022,FDA_0019_64K,"{'canonical_record_id': 'FDA-ANDA064139-submission-SUPPL-2-3827c56b', 'display_id': 'R01B65060A9', 'distractor_type': 'WRONG_PERIOD', 'is_gold_or_equivalent': False, 'record_value': '1997-01-13'}",1997-01-13,WRONG_PERIOD,False,1996-01-29,1997-01-13,,1997-01-13,,18721103360,24538775552,"Using only the Drugs@FDA records supplied in the context, what is the submission status date of the ORIGINAL submission (submission type ORIG) for FDA application ANDA064139 (sponsor: CHARTWELL RX)? Answer in YYYY-MM-DD form.",FDA_0019,TEMPORAL_VERSION,ANSWER: 1997-01-13,,False,False,False,WRONG_PERIOD,False,False,WRONG_PERIOD,,
True,False,True,True,16K,FDA,UNSUPPORTED_VALUE,,192,6,5.095397263301835,1.1775333089753985,5,5.0,"['R0BD4A74409', 'RE6D7B20123', 'R2931E659B5', 'R5E58A20C63', 'RC69FDCD8A4']","['FDA-NDA020357-001-product-dosage-form-fe6fb84a', 'FDA-NDA020357-002-product-dosage-form-d7f949e9', 'FDA-NDA020357-003-product-dosage-form-25562254', 'FDA-NDA020357-004-product-dosage-form-a4545c89', 'FDA-NDA020357-005-product-dosage-form-e52eba89']",answer_not_matched_to_context_value,True,16401,FDA_0013_16K,,,,False,5,9,,9,,9533681152,24538775552,"Using only the Drugs@FDA records supplied in the context, how many distinct product entries are listed under FDA application NDA020357 (sponsor: EMD SERONO INC)? Count the products belonging to that application number only, and answer with an integer.",FDA_0013,RETRIEVAL_CALCULATION,ANSWER: 9,,False,False,True,UNSUPPORTED_VALUE,False,True,UNSUPPORTED_VALUE,,
True,True,True,True,8K,CLINICAL_TRIALS,CORRECT,,193,8,13.346866763588135,0.5993916131556034,ACTIVE_COMPARATOR,ACTIVE_COMPARATOR,['R65A0259312'],['CT-NCT01584232-arm-type-Insulin-glargine-OAM-1-7f7a037d'],answer_only_exact_match,False,8389,CT_0009_8K,"{'canonical_record_id': 'CT-NCT01308281-arm-type-PCI-without-IVUS-guidanc-1-9ac83b8e', 'display_id': 'RF8B92F37F1', 'distractor_type': 'WRONG_ENTITY', 'is_gold_or_equivalent': False, 'record_value': 'ACTIVE_COMPARATOR'}",ACTIVE_COMPARATOR,WRONG_ENTITY,False,active_comparator,active_comparator,,ACTIVE_COMPARATOR,,8019734016,24538775552,"Using only the ClinicalTrials.gov records supplied in the context, what is the arm-group TYPE of the arm labelled ""Insulin glargine + OAM"" in trial NCT01584232 (""A Study of Dulaglutide in Japanese Participants With Type 2 Diabetes Mellitus"")? Answer with the ClinicalTrials.gov arm type value (for example EXPERIMENTAL, ACTIVE_COMPARATOR, PLACEBO_COMPARATOR, SHAM_COMPARATOR, NO_INTERVENTION or OTHER).",CT_0009,ENTITY_UNIT_BINDING,ANSWER: ACTIVE_COMPARATOR,,False,True,False,CORRECT,True,False,CORRECT,,
True,False,True,True,16K,FRED,CALCULATION_ERROR,,194,8,6.595929708013268,1.2128692017868161,-0.80,-0.8,"['R1A8E962D0A', 'R76E44176D1']","['FRED-GS10-2023-01-01-latest-c14fc7b9', 'FRED-FEDFUNDS-2023-01-01-latest-42e74d6d']",calculation_answer_matches_context_operand_or_value,False,16458,FRED_0014_16K,"{'canonical_record_id': 'FRED-GS10-2023-01-01-latest-c14fc7b9', 'display_id': 'R1A8E962D0A', 'distractor_type': None, 'is_gold_or_equivalent': True, 'record_value': '3.53'}",3.53,,False,-0.8,3.53,,3.53,,9544451584,24538775552,"Using only the FRED records supplied in the context, subtract the value of FRED series FEDFUNDS (""Federal Funds Effective Rate""), measured in Percent, not seasonally adjusted, monthly frequency from the value of FRED series GS10 (""Market Yield on U.S. Treasury Securities at 10-Year Constant Maturity""), measured in Percent, not seasonally adjusted, monthly frequency, both for the observation dated 2023-01-01 and both taken from the most recent vintage. Report the difference in Percent, rounded to two decimal places.",FRED_0014,RETRIEVAL_CALCULATION,ANSWER: 3.53,,False,False,False,CALCULATION_ERROR,False,False,CALCULATION_ERROR,,
True,True,True,True,8K,CLINICAL_TRIALS,CORRECT,,195,9,14.863885030717999,0.6054944572970271,PLACEBO_COMPARATOR,PLACEBO_COMPARATOR,['R3A6D2D6B08'],['CT-NCT01728636-arm-type-Placebo-1-34edfc87'],answer_only_exact_match,False,8367,CT_0007_8K,"{'canonical_record_id': 'CT-NCT01241903-arm-type-sugar-pill-1-082b6df6', 'display_id': 'R76ACCC2D26', 'distractor_type': 'WRONG_ENTITY', 'is_gold_or_equivalent': False, 'record_value': 'PLACEBO_COMPARATOR'}",PLACEBO_COMPARATOR,WRONG_ENTITY,False,placebo_comparator,placebo_comparator,,PLACEBO_COMPARATOR,,8015575552,24538775552,"Using only the ClinicalTrials.gov records supplied in the context, what is the arm-group TYPE of the arm labelled ""Placebo"" in trial NCT01728636 (""The Use of Tranexamic Acid to Reduce Perioperative Blood Loss During High Risk Spine Fusion Surgery"")? Answer with the ClinicalTrials.gov arm type value (for example EXPERIMENTAL, ACTIVE_COMPARATOR, PLACEBO_COMPARATOR, SHAM_COMPARATOR, NO_INTERVENTION or OTHER).",CT_0007,ENTITY_UNIT_BINDING,ANSWER: PLACEBO_COMPARATOR,,False,True,False,CORRECT,True,False,CORRECT,,
True,False,True,True,32K,FDA,WRONG_ENTITY,,196,9,3.1532815545772586,2.854169487953186,"0.088MG **See current Annual Edition, 1.8 Description of Special Situations, Levothyroxine Sodium","0.088MG**SEECURRENTANNUALEDITION,1.8DESCRIPTIONOFSPECIALSITUATIONS,LEVOTHYROXINESODIUM",['R3D97C8B042'],['FDA-NDA021116-010-strength-LEVOTHYROXINE-SODIUM-0-a2341a2f'],answer_matches_context_distractor_value,False,32641,FDA_0009_32K,"{'canonical_record_id': 'FDA-NDA021924-010-strength-LEVOTHYROXINE-SODIUM-0-8e2ab2ff', 'display_id': 'RD35DFABE33', 'distractor_type': 'WRONG_ENTITY', 'is_gold_or_equivalent': False, 'record_value': '0.088MG'}",0.088MG,WRONG_ENTITY,False,"0.088mg**seecurrentannualedition,1.8descriptionofspecialsituations,levothyroxinesodium",0.088mg,,0.088MG,,12602392064,24538775552,"Using only the Drugs@FDA records supplied in the context, what is the listed strength of LEVOTHYROXINE SODIUM in product number 010 under FDA application NDA021116 (dosage form TABLET, route ORAL)? Report the strength string exactly as recorded.",FDA_0009,ENTITY_UNIT_BINDING,ANSWER: 0.088MG,,False,False,False,WRONG_ENTITY,False,False,WRONG_ENTITY,,
True,False,True,True,16K,FRED,WRONG_VERSION,,197,9,7.62645059627827,1.180103363469243,"20,985.448",20985.448,['R7097297563'],['FRED-GDPC1-2019-10-01-latest-bfa762c2'],answer_matches_context_distractor_value,False,16379,FRED_0004_16K,"{'canonical_record_id': 'FRED-GDPC1-2019-10-01-2021-07-29-e02cc4ef', 'display_id': 'R272D195DBD', 'distractor_type': 'WRONG_VERSION', 'is_gold_or_equivalent': False, 'record_value': '19202.31'}",19202.31,WRONG_VERSION,False,20985.448,19202.31,,19202.31,,9530098176,24538775552,"Using only the FRED records supplied in the context, what value does the most recent vintage report for FRED series GDPC1 (""Gross Domestic Product""), measured in Billions of Chained 2017 Dollars, seasonally adjusted annual rate, quarterly frequency, for the observation dated 2019-10-01 (the quarter beginning 2019-10-01)? Report the currently published figure exactly.",FRED_0004,DIRECT_RETRIEVAL,ANSWER: 19202.31,,False,False,False,WRONG_VERSION,False,False,WRONG_VERSION,,
False,False,True,False,64K,SEC,FAILED_TO_ABSTAIN,,198,11,1.3827447289764978,7.955192140303552,,INSUFFICIENT_EVIDENCE,[],[],unanswerable_instance_factual_answer,True,65248,SEC_0022_64K,"{'canonical_record_id': 'SEC-0000021344-AccountsReceivableNetCur-USD-CY2019Q3I-0000021344-19-000042-3e0301fd', 'display_id': 'R91FE2D307F', 'distractor_type': 'OTHER_SAME_DOMAIN', 'is_gold_or_equivalent': False, 'record_value': '4353000000.0'}",4353000000.0,OTHER_SAME_DOMAIN,False,INSUFFICIENT_EVIDENCE,4353000000.0,,4353000000.0,,18769576448,24538775552,"Using only the SEC XBRL company-facts records supplied in the context, what value did WALMART INC. (CIK 0000104169) report for the us-gaap concept ""AccountsReceivableNetCurrent"" (Accounts Receivable, after Allowance for Credit Loss, Current) for the annual XBRL frame CY2023?",SEC_0022,UNANSWERABLE,ANSWER: 4353000000.0,,False,False,True,FAILED_TO_ABSTAIN,False,True,FAILED_TO_ABSTAIN,,
True,False,True,True,4K,FDA,UNSUPPORTED_VALUE,,199,9,27.06405805705937,0.3325443649664521,2.0000,2.0,"['R3837A73ED0', 'R8F8AB01000']","['FDA-ANDA090011-003-strength-VALSARTAN-1-2a67a45a', 'FDA-NDA022314-004-strength-VALSARTAN-2-4a7b569a']",answer_not_matched_to_context_value,True,4274,FDA_0015_4K,,,,False,2.0,0.16,,0.1600,,7243902464,24538775552,"Using only the Drugs@FDA records supplied in the context, divide the VALSARTAN strength of product 003 under application ANDA090011 by the VALSARTAN strength of product 004 under application NDA022314. Both strengths are expressed in MG; report the dimensionless ratio rounded to four decimal places.",FDA_0015,RETRIEVAL_CALCULATION,ANSWER: 0.1600,,False,False,True,UNSUPPORTED_VALUE,False,True,UNSUPPORTED_VALUE,,
True,False,True,True,32K,FRED,WRONG_VERSION,,200,7,2.496709486399425,2.803690232336521,"150,895",150895.0,['RD6965D00CC'],['FRED-PAYEMS-2020-03-01-latest-c12aef71'],answer_matches_context_distractor_value,False,32584,FRED_0001_32K,"{'canonical_record_id': 'FRED-PAYEMS-2020-03-01-2021-07-29-d2d81e29', 'display_id': 'RB73A3B2B51', 'distractor_type': 'WRONG_VERSION', 'is_gold_or_equivalent': False, 'record_value': '150840.0'}",150840.0,WRONG_VERSION,False,150895.0,150840.0,,150840,,12591620608,24538775552,"Using only the FRED records supplied in the context, what value does the most recent vintage report for FRED series PAYEMS (""All Employees, Total Nonfarm""), measured in Thousands of Persons, seasonally adjusted, monthly frequency, for the observation dated 2020-03-01 (the month beginning 2020-03-01)? Report the currently published figure exactly.",FRED_0001,DIRECT_RETRIEVAL,ANSWER: 150840,,False,False,False,WRONG_VERSION,False,False,WRONG_VERSION,,
True,True,True,True,4K,FDA,CORRECT,,201,6,20.492164447555904,0.2927948394790292,TABLET,TABLET,['R33016BA5E7'],['FDA-ANDA080353-001-product-dosage-form-32e8d29a'],answer_only_exact_match,False,4284,FDA_0002_4K,"{'canonical_record_id': 'FDA-NDA019777-001-product-dosage-form-cc42ff9a', 'display_id': 'RB1673B3BC7', 'distractor_type': 'WRONG_ENTITY', 'is_gold_or_equivalent': False, 'record_value': 'TABLET'}",TABLET,WRONG_ENTITY,False,tablet,tablet,,TABLET,,7245763072,24538775552,"Using only the Drugs@FDA records supplied in the context, what DOSAGE FORM is listed for product number 001 under FDA application ANDA080353 (brand name ""PREDNISONE"", active ingredient PREDNISONE)? Answer with the dosage form exactly as recorded.",FDA_0002,DIRECT_RETRIEVAL,ANSWER: TABLET,,False,True,False,CORRECT,True,False,CORRECT,,
True,True,True,True,4K,SEC,CORRECT,,202,10,29.514044769547404,0.33882173988968134,"-492,000,000",-492000000.0,['R1747BDE59E'],['SEC-0000078003-NetCashProvidedByUsedInI-USD-CY2010-0000078003-13-000006-0cfaf545'],answer_only_exact_match,False,4310,SEC_0006_4K,"{'canonical_record_id': 'SEC-0000789019-NetIncomeLoss-USD-CY2012Q2-0001193125-13-455144-2f004069', 'display_id': 'RA409AC97BA', 'distractor_type': 'NEAR_MATCH_VALUE', 'is_gold_or_equivalent': False, 'record_value': '-492000000.0'}",-492000000.0,NEAR_MATCH_VALUE,False,-492000000.0,-492000000.0,,-492000000.0,,7250624000,24538775552,"Using only the SEC XBRL company-facts records supplied in the context, what value did PFIZER INC (CIK 0000078003) report for us-gaap:NetCashProvidedByUsedInInvestingActivities for the annual XBRL frame CY2010, in USD? Report the exact value for that filer.",SEC_0006,ENTITY_UNIT_BINDING,ANSWER: -492000000.0,,False,True,False,CORRECT,True,False,CORRECT,,
True,True,True,True,64K,FRED,CORRECT,,203,8,1.0291794955197109,7.7731824573129416,3.600,3.6,['R6738C093EC'],['FRED-UNRATE-2022-10-01-latest-d6aefb1a'],answer_only_exact_match,False,64917,FRED_0005_64K,"{'canonical_record_id': 'FRED-UNRATENSA-2018-05-01-latest-cfdba362', 'display_id': 'RDA7AA9BA0A', 'distractor_type': 'WRONG_PERIOD', 'is_gold_or_equivalent': False, 'record_value': '3.6'}",3.6,WRONG_PERIOD,False,3.6,3.6,,3.6,,18701264384,24538775552,"Using only the FRED records supplied in the context, what value does the most recent vintage report for FRED series UNRATE (""Unemployment Rate""), measured in Percent, seasonally adjusted, monthly frequency, for the observation dated 2022-10-01 (the month beginning 2022-10-01)? Report the currently published figure exactly.",FRED_0005,DIRECT_RETRIEVAL,ANSWER: 3.6,,False,True,False,CORRECT,True,False,CORRECT,,
True,True,True,True,8K,CLINICAL_TRIALS,CORRECT,,204,7,12.13013591323453,0.5770751498639584,EXPERIMENTAL,EXPERIMENTAL,['R3B3A2C955C'],['CT-NCT04089865-arm-type-Oral-Tranexamic-Acid-TXA-0-b38e9f5b'],answer_only_exact_match,False,8383,CT_0008_8K,"{'canonical_record_id': 'CT-NCT07280403-arm-type-Low-Carbohydrate-0-3c092243', 'display_id': 'RD3FEF2AFEF', 'distractor_type': 'WRONG_ENTITY', 'is_gold_or_equivalent': False, 'record_value': 'EXPERIMENTAL'}",EXPERIMENTAL,WRONG_ENTITY,False,experimental,experimental,,EXPERIMENTAL,,8018598400,24538775552,"Using only the ClinicalTrials.gov records supplied in the context, what is the arm-group TYPE of the arm labelled ""Oral Tranexamic Acid (TXA)"" in trial NCT04089865 (""Oral Versus Intravenous Tranexamic Acid"")? Answer with the ClinicalTrials.gov arm type value (for example EXPERIMENTAL, ACTIVE_COMPARATOR, PLACEBO_COMPARATOR, SHAM_COMPARATOR, NO_INTERVENTION or OTHER).",CT_0008,ENTITY_UNIT_BINDING,ANSWER: EXPERIMENTAL,,False,True,False,CORRECT,True,False,CORRECT,,
True,False,True,True,16K,FRED,WRONG_UNIT,,205,9,7.36716392175122,1.2216369956731796,"19,478.893",19478.893,['RB8F86F5A81'],['FRED-GDPC1-2021-07-01-2022-06-29-07175b9f'],answer_matches_context_distractor_value,False,16424,FRED_0020_16K,"{'canonical_record_id': 'FRED-GDP-2021-07-01-latest-41fda3a6', 'display_id': 'R2E23263408', 'distractor_type': 'WRONG_UNIT', 'is_gold_or_equivalent': False, 'record_value': '23982.379'}",23982.379,WRONG_UNIT,False,19478.893,23982.379,,23982.379,,9538025984,24538775552,"Using only the FRED/ALFRED records supplied in the context, what value did FRED series GDPC1 (""Gross Domestic Product""), measured in Billions of Chained 2017 Dollars, seasonally adjusted annual rate, quarterly frequency show for the observation dated 2021-07-01 **as of the vintage date 2022-06-29**? Report the value from that vintage exactly.",FRED_0020,TEMPORAL_VERSION,ANSWER: 23982.379,,False,False,False,WRONG_UNIT,False,False,WRONG_UNIT,,
False,False,True,False,32K,FDA,FAILED_TO_ABSTAIN,,206,6,2.1567412542244253,2.781974883750081,,INSUFFICIENT_EVIDENCE,[],[],unanswerable_instance_factual_answer,True,32639,FDA_0021_32K,"{'canonical_record_id': 'FDA-NDA206977-013-product-route-20c445b4', 'display_id': 'R65AF1814B7', 'distractor_type': 'OTHER_SAME_DOMAIN', 'is_gold_or_equivalent': False, 'record_value': 'ORAL'}",ORAL,OTHER_SAME_DOMAIN,False,INSUFFICIENT_EVIDENCE,oral,,ORAL,,12602143232,24538775552,"Using only the Drugs@FDA records supplied in the context, what is the route of administration for product number 001 under FDA application ANDA215255 (brand name ""CANAGLIFLOZIN AND METFORMIN HYDROCHLORIDE"")?",FDA_0021,UNANSWERABLE,ANSWER: ORAL,,False,False,True,FAILED_TO_ABSTAIN,False,True,FAILED_TO_ABSTAIN,,
True,False,True,True,4K,CLINICAL_TRIALS,UNSUPPORTED_VALUE,,207,7,22.840670045901092,0.30647086910903454,"49,951",49951.0,"['RD6CDBA54B0', 'R82C4CF9445']","['CT-NCT02591732-enrollment-count-56570d04', 'CT-NCT01907048-enrollment-count-ccb37ce0']",answer_not_matched_to_context_value,True,4276,CT_0012_4K,,,,False,49951,50000,,50000,,7244268032,24538775552,"Using only the ClinicalTrials.gov records supplied in the context, subtract the enrollment count of trial NCT01907048 from the enrollment count of trial NCT02591732. Report the difference as an integer number of participants.",CT_0012,RETRIEVAL_CALCULATION,ANSWER: 50000,,False,False,True,UNSUPPORTED_VALUE,False,True,UNSUPPORTED_VALUE,,
True,True,True,True,16K,FRED,CORRECT,,208,8,6.603117299144693,1.2115489756688476,3.700,3.7,['R75234B9BCB'],['FRED-UNRATE-2023-05-01-2023-09-28-d4e57b23'],answer_only_exact_match,False,16387,FRED_0019_16K,"{'canonical_record_id': 'FRED-FLUR-2000-10-01-latest-f206348c', 'display_id': 'R803D731819', 'distractor_type': 'NEAR_MATCH_VALUE', 'is_gold_or_equivalent': False, 'record_value': '3.7'}",3.7,NEAR_MATCH_VALUE,False,3.7,3.7,,3.7,,9531036160,24538775552,"Using only the FRED/ALFRED records supplied in the context, what value did FRED series UNRATE (""Unemployment Rate""), measured in Percent, seasonally adjusted, monthly frequency show for the observation dated 2023-05-01 **as of the vintage date 2023-09-28**? Report the value from that vintage exactly.",FRED_0019,TEMPORAL_VERSION,ANSWER: 3.7,,False,True,False,CORRECT,True,False,CORRECT,,
True,True,True,True,64K,FDA,CORRECT,,209,6,0.776978527110304,7.722221130505204,TABLET,TABLET,['R33016BA5E7'],['FDA-ANDA080353-001-product-dosage-form-32e8d29a'],answer_only_exact_match,False,65014,FDA_0002_64K,"{'canonical_record_id': 'FDA-ANDA205807-002-product-dosage-form-16f324b3', 'display_id': 'R79AB8B42F8', 'distractor_type': 'WRONG_ENTITY', 'is_gold_or_equivalent': False, 'record_value': 'TABLET'}",TABLET,WRONG_ENTITY,False,tablet,tablet,,TABLET,,18719591936,24538775552,"Using only the Drugs@FDA records supplied in the context, what DOSAGE FORM is listed for product number 001 under FDA application ANDA080353 (brand name ""PREDNISONE"", active ingredient PREDNISONE)? Answer with the dosage form exactly as recorded.",FDA_0002,DIRECT_RETRIEVAL,ANSWER: TABLET,,False,True,False,CORRECT,True,False,CORRECT,,
False,False,True,False,4K,CLINICAL_TRIALS,FAILED_TO_ABSTAIN,,210,11,31.747312215593794,0.34648602455854416,,INSUFFICIENT_EVIDENCE,[],[],unanswerable_instance_factual_answer,True,4265,CT_0023_4K,"{'canonical_record_id': 'CT-NCT03017950-study-last-update-posted-ce2b4201', 'display_id': 'R68834DC6DE', 'distractor_type': 'WRONG_FIELD', 'is_gold_or_equivalent': False, 'record_value': '2017-07-21'}",2017-07-21,WRONG_FIELD,False,INSUFFICIENT_EVIDENCE,2017-07-21,,2017-07-21,,7243068416,24538775552,"Using only the ClinicalTrials.gov records supplied in the context, what is the date on which results were first posted for trial NCT03017950 (""Pharmacokinetic Drug-drug Interaction of CKD-330 and D086"")?",CT_0023,UNANSWERABLE,ANSWER: 2017-07-21,,False,False,True,FAILED_TO_ABSTAIN,False,True,FAILED_TO_ABSTAIN,,
True,False,True,True,32K,FRED,UNSUPPORTED_VALUE,,211,8,2.8315015979280664,2.825355989858508,0.00%,0.0,"['R3E5085F05A', 'R6C077CB494']","['FRED-FEDFUNDS-2026-07-01-latest-6a874bce', 'FRED-FEDFUNDS-2026-06-01-latest-45f7e874']",answer_not_matched_to_context_value,True,32588,FRED_0016_32K,,,,False,0.0,0.03,,0.03,,12592376320,24538775552,"Using only the FRED records supplied in the context, calculate the percentage change in FRED series FEDFUNDS (""Federal Funds Effective Rate""), measured in Percent, not seasonally adjusted, monthly frequency between the observation dated 2026-06-01 and the observation dated 2026-07-01. Use both values from the most recent vintage, apply ((value_2026-07-01 - value_2026-06-01) / value_2026-06-01) * 100, and round to two decimal places.",FRED_0016,RETRIEVAL_CALCULATION,ANSWER: 0.03,,False,False,True,UNSUPPORTED_VALUE,False,True,UNSUPPORTED_VALUE,,
True,True,True,True,4K,SEC,CORRECT,,212,11,31.437231368991693,0.34990358632057905,"63,937,000,000",63937000000.0,['R2940A33ABA'],['SEC-0000200406-GrossProfit-USD-CY2025-0000200406-26-000016-de0a564d'],answer_only_exact_match,False,4291,SEC_0002_4K,"{'canonical_record_id': 'SEC-0000200406-GrossProfit-USD-CY2025-0000200406-26-000016-de0a564d', 'display_id': 'R2940A33ABA', 'distractor_type': None, 'is_gold_or_equivalent': True, 'record_value': '63937000000.0'}",63937000000.0,,False,63937000000.0,63937000000.0,,63937000000.0,,7247073280,24538775552,"Using only the SEC XBRL company-facts records supplied in the context, what value did Johnson & Johnson (CIK 0000200406) report for the us-gaap concept ""GrossProfit"" (Gross Profit) for the annual XBRL frame CY2025, in USD? Report the exact reported figure.",SEC_0002,DIRECT_RETRIEVAL,ANSWER: 63937000000.0,,False,True,False,CORRECT,True,False,CORRECT,,
True,True,True,True,16K,FRED,CORRECT,,213,8,6.61273389559341,1.209787075407803,298.786,298.786,['RDD544BBD97'],['FRED-CPIAUCSL-2022-11-01-latest-8c203ccd'],answer_only_exact_match,False,16408,FRED_0003_16K,"{'canonical_record_id': 'FRED-CPIAUCSL-2022-11-01-latest-8c203ccd', 'display_id': 'RDD544BBD97', 'distractor_type': None, 'is_gold_or_equivalent': True, 'record_value': '298.786'}",298.786,,False,298.786,298.786,,298.786,,9535003136,24538775552,"Using only the FRED records supplied in the context, what value does the most recent vintage report for FRED series CPIAUCSL (""Consumer Price Index for All Urban Consumers: All Items in U.S. City Average""), measured in Index 1982-1984=100, seasonally adjusted, monthly frequency, for the observation dated 2022-11-01 (the month beginning 2022-11-01)? Report the currently published figure exactly.",FRED_0003,DIRECT_RETRIEVAL,ANSWER: 298.786,,False,True,False,CORRECT,True,False,CORRECT,,
True,True,True,True,32K,CLINICAL_TRIALS,CORRECT,,214,11,3.7790367195728423,2.9107946855947375,2021-03-02,2021-03-02,['R0962B1F447'],['CT-NCT03969719-study-primary-completion-33d5eec0'],answer_only_exact_match,False,32705,CT_0018_32K,"{'canonical_record_id': 'CT-NCT03211286-study-primary-completion-793643e7', 'display_id': 'R3C4E356280', 'distractor_type': 'WRONG_ENTITY', 'is_gold_or_equivalent': False, 'record_value': '2021-03-02'}",2021-03-02,WRONG_ENTITY,False,2021-03-02,2021-03-02,,2021-03-02,,12618098176,24538775552,"Using only the ClinicalTrials.gov records supplied in the context, what is the PRIMARY COMPLETION DATE of trial NCT03969719 (""A Double-blind Study to Assess 2 Doses of an Investigational Product for 16 Weeks in Participants With Non-alcoholic Fatty Liver Disease and Type 2 Diabetes Mellitus"")? Answer in YYYY-MM-DD form.",CT_0018,ENTITY_UNIT_BINDING,ANSWER: 2021-03-02,,False,True,False,CORRECT,True,False,CORRECT,,
True,True,True,True,16K,FRED,CORRECT,,215,8,6.619085552651985,1.2086261669173837,1.770,1.77,['R402DBA2483'],['FRED-WGS10YR-2015-01-30-latest-bd2bd66f'],answer_only_exact_match,False,16387,FRED_0008_16K,"{'canonical_record_id': 'FRED-WGS10YR-2015-01-30-latest-bd2bd66f', 'display_id': 'R402DBA2483', 'distractor_type': None, 'is_gold_or_equivalent': True, 'record_value': '1.77'}",1.77,,False,1.77,1.77,,1.77,,9531036160,24538775552,"Using only the FRED records supplied in the context, report the value of FRED series WGS10YR (""Market Yield on U.S. Treasury Securities at 10-Year Constant Maturity""), measured in Percent, not seasonally adjusted, weekly frequency for United States on the observation dated 2015-01-30. Report the value for series WGS10YR exactly.",FRED_0008,ENTITY_UNIT_BINDING,ANSWER: 1.77,,False,True,False,CORRECT,True,False,CORRECT,,
True,False,True,True,4K,CLINICAL_TRIALS,WRONG_FIELD,,216,11,31.651119107681104,0.34753905422985554,2023-02-13,2023-02-13,['R65CA09A85B'],['CT-NCT05144984-study-primary-completion-c9c64e18'],answer_matches_context_distractor_value,False,4255,CT_0019_4K,"{'canonical_record_id': 'CT-NCT05144984-study-completion-date-bc97bbce', 'display_id': 'R7880691F8D', 'distractor_type': 'WRONG_FIELD', 'is_gold_or_equivalent': False, 'record_value': '2023-03-23'}",2023-03-23,WRONG_FIELD,False,2023-02-13,2023-03-23,,2023-03-23,,7240343552,24538775552,"Using only the ClinicalTrials.gov records supplied in the context, what is the PRIMARY COMPLETION DATE of trial NCT05144984 (""A Research Study Looking at How Well a Combination of the Medicines Semaglutide and NNC0480-0389 Works in People With Type 2 Diabetes"")? Answer in YYYY-MM-DD form.",CT_0019,ENTITY_UNIT_BINDING,ANSWER: 2023-03-23,,False,False,False,WRONG_FIELD,False,False,WRONG_FIELD,,
True,True,True,True,16K,SEC,CORRECT,,217,11,8.70667994958807,1.263397766277194,"-16,276,000,000",-16276000000.0,['R39ABB404FD'],['SEC-0000789019-NetCashProvidedByUsedInF-USD-CY2021Q3-0001564590-22-035087-306cc7fc'],answer_only_exact_match,False,16513,SEC_0017_16K,"{'canonical_record_id': 'SEC-0000789019-NetCashProvidedByUsedInF-USD-CY2021Q3-0001564590-22-035087-306cc7fc', 'display_id': 'R39ABB404FD', 'distractor_type': None, 'is_gold_or_equivalent': True, 'record_value': '-16276000000.0'}",-16276000000.0,,False,-16276000000.0,-16276000000.0,,-16276000000.0,,9554845184,24538775552,"Using only the SEC XBRL company-facts records supplied in the context, what did MICROSOFT CORPORATION (CIK 0000789019) report for us-gaap:NetCashProvidedByUsedInFinancingActivities for the single quarterly XBRL frame CY2021Q3, in USD? Report the quarterly figure exactly.",SEC_0017,TEMPORAL_VERSION,ANSWER: -16276000000.0,,False,True,False,CORRECT,True,False,CORRECT,,
True,False,True,True,64K,SEC,WRONG_PERIOD,,218,9,1.142269845873039,7.879048923961818,"281,724,000,000",281724000000.0,['RAAC7EB50F6'],['SEC-0000789019-RevenueFromContractWithC-USD-CY2025-0001193125-26-323660-5c456092'],answer_matches_context_distractor_value,False,65340,SEC_0003_64K,"{'canonical_record_id': 'SEC-0000789019-RevenueFromContractWithC-USD-2025-01-01-2025-03-31-0000950170-25-061046-8bb35753', 'display_id': 'RC4E6B3F65F', 'distractor_type': 'WRONG_PERIOD', 'is_gold_or_equivalent': False, 'record_value': '70066000000.0'}",70066000000.0,WRONG_PERIOD,False,281724000000.0,70066000000.0,,70066000000,,18781192704,24538775552,"Using only the SEC XBRL company-facts records supplied in the context, what value did MICROSOFT CORPORATION (CIK 0000789019) report for the us-gaap concept ""RevenueFromContractWithCustomerExcludingAssessedTax"" (Revenue from Contract with Customer, Excluding Assessed Tax) for the annual XBRL frame CY2025, in USD? Report the exact reported figure.",SEC_0003,DIRECT_RETRIEVAL,ANSWER: 70066000000,,False,False,False,WRONG_PERIOD,False,False,WRONG_PERIOD,,
True,False,True,True,8K,CLINICAL_TRIALS,UNSUPPORTED_VALUE,,219,6,10.261645920330349,0.5847015231847763,715,715.0,"['R49BD6ECB64', 'R4B2CDBA6AD']","['CT-NCT03310021-study-start-date-79bbb709', 'CT-NCT03310021-study-primary-completion-a3ba8a2e']",answer_not_matched_to_context_value,True,8389,CT_0013_8K,,,,False,715,109,,109,,8019734016,24538775552,"Using only the ClinicalTrials.gov records supplied in the context, calculate the number of calendar days between the study start date and the primary completion date of trial NCT03310021 (""A Healthy Volunteer Pharmacokinetics (PK)/Pharmacodynamics (PD), Safety and Tolerability Study of Andexanet in Healthy Japanese and Caucasian Subjects""). Report a whole number of days. Use the primary completion date, not the overall study completion date and not the last update posted date.",CT_0013,RETRIEVAL_CALCULATION,ANSWER: 109,,False,False,True,UNSUPPORTED_VALUE,False,True,UNSUPPORTED_VALUE,,
True,False,True,True,4K,SEC,UNSUPPORTED_VALUE,,220,8,26.22720216906659,0.30502681713551283,27.84%,27.84,"['R06322807EE', 'R76E085F168']","['SEC-0000320193-OperatingIncomeLoss-USD-CY2016-0000320193-18-000145-107a0986', 'SEC-0000320193-Revenues-USD-CY2016-0000320193-18-000145-d7aab193']",answer_not_matched_to_context_value,True,4258,SEC_0010_4K,,,,False,27.84,11.11,,11.11,,7240904192,24538775552,"Using only the SEC XBRL company-facts records supplied in the context, calculate Apple Inc.'s (CIK 0000320193) operating margin for the annual XBRL frame CY2016. Divide us-gaap:OperatingIncomeLoss by Revenues for that same company and frame, both in USD, multiply by 100, and round to two decimal places.",SEC_0010,RETRIEVAL_CALCULATION,ANSWER: 11.11,,False,False,True,UNSUPPORTED_VALUE,False,True,UNSUPPORTED_VALUE,,
True,False,True,True,64K,CLINICAL_TRIALS,WRONG_FIELD,,221,11,1.3857134282854482,7.938149241730571,2023-02-13,2023-02-13,['R65CA09A85B'],['CT-NCT05144984-study-primary-completion-c9c64e18'],answer_matches_context_distractor_value,False,65208,CT_0019_64K,"{'canonical_record_id': 'CT-NCT05144984-study-results-first-post-6452280c', 'display_id': 'R326D97FE27', 'distractor_type': 'WRONG_FIELD', 'is_gold_or_equivalent': False, 'record_value': '2026-04-09'}",2026-04-09,WRONG_FIELD,False,2023-02-13,2026-04-09,,2026-04-09,,18756250112,24538775552,"Using only the ClinicalTrials.gov records supplied in the context, what is the PRIMARY COMPLETION DATE of trial NCT05144984 (""A Research Study Looking at How Well a Combination of the Medicines Semaglutide and NNC0480-0389 Works in People With Type 2 Diabetes"")? Answer in YYYY-MM-DD form.",CT_0019,ENTITY_UNIT_BINDING,ANSWER: 2026-04-09,,False,False,False,WRONG_FIELD,False,False,WRONG_FIELD,,
True,True,True,True,4K,SEC,CORRECT,,222,11,31.408795376907097,0.3502203719690442,"3,706,200,000",3706200000.0,['R736D23CA70'],['SEC-0000019617-WeightedAverageNumberOfD-shares-CY2016Q2-0000019617-17-000486-68a92d76'],answer_only_exact_match,False,4357,SEC_0020_4K,"{'canonical_record_id': 'SEC-0000019617-WeightedAverageNumberOfD-shares-CY2016Q2-0000019617-17-000486-68a92d76', 'display_id': 'R736D23CA70', 'distractor_type': None, 'is_gold_or_equivalent': True, 'record_value': '3706200000.0'}",3706200000.0,,False,3706200000.0,3706200000.0,,3706200000.0,,7261383680,24538775552,"Using only the SEC XBRL company-facts records supplied in the context, what value did JPMORGAN CHASE & CO (CIK 0000019617) report for us-gaap:WeightedAverageNumberOfDilutedSharesOutstanding for the period ending 2016-06-30 in the MOST RECENTLY FILED version of that fact — accession 0000019617-17-000486, form 10-Q, filed 2017-08-02 — in shares? Report the exact value from that version.",SEC_0020,TEMPORAL_VERSION,ANSWER: 3706200000.0,,False,True,False,CORRECT,True,False,CORRECT,,
True,False,True,True,32K,SEC,WRONG_PERIOD,,223,9,3.146621835216484,2.8602102417498827,"281,724,000,000",281724000000.0,['RAAC7EB50F6'],['SEC-0000789019-RevenueFromContractWithC-USD-CY2025-0001193125-26-323660-5c456092'],answer_matches_context_distractor_value,False,32758,SEC_0003_32K,"{'canonical_record_id': 'SEC-0000789019-RevenueFromContractWithC-USD-CY2024Q4-0001193125-26-027207-6804ceb4', 'display_id': 'R7FD4D6909A', 'distractor_type': 'WRONG_PERIOD', 'is_gold_or_equivalent': False, 'record_value': '69632000000.0'}",69632000000.0,WRONG_PERIOD,False,281724000000.0,69632000000.0,,69632000000,,12625071616,24538775552,"Using only the SEC XBRL company-facts records supplied in the context, what value did MICROSOFT CORPORATION (CIK 0000789019) report for the us-gaap concept ""RevenueFromContractWithCustomerExcludingAssessedTax"" (Revenue from Contract with Customer, Excluding Assessed Tax) for the annual XBRL frame CY2025, in USD? Report the exact reported figure.",SEC_0003,DIRECT_RETRIEVAL,ANSWER: 69632000000,,False,False,False,WRONG_PERIOD,False,False,WRONG_PERIOD,,
True,False,True,True,16K,FDA,WRONG_PERIOD,,224,11,9.018886303741475,1.219662786461413,1996-01-29,1996-01-29,['RD6A2176AFA'],['FDA-ANDA064139-submission-ORIG-1-b309bc43'],answer_matches_context_distractor_value,False,16375,FDA_0019_16K,"{'canonical_record_id': 'FDA-ANDA064139-submission-SUPPL-2-3827c56b', 'display_id': 'R01B65060A9', 'distractor_type': 'WRONG_PERIOD', 'is_gold_or_equivalent': False, 'record_value': '1997-01-13'}",1997-01-13,WRONG_PERIOD,False,1996-01-29,1997-01-13,,1997-01-13,,9529803264,24538775552,"Using only the Drugs@FDA records supplied in the context, what is the submission status date of the ORIGINAL submission (submission type ORIG) for FDA application ANDA064139 (sponsor: CHARTWELL RX)? Answer in YYYY-MM-DD form.",FDA_0019,TEMPORAL_VERSION,ANSWER: 1997-01-13,,False,False,False,WRONG_PERIOD,False,False,WRONG_PERIOD,,
False,False,True,False,4K,FDA,FAILED_TO_ABSTAIN,,225,6,20.913235113277818,0.28689965792000294,,INSUFFICIENT_EVIDENCE,[],[],unanswerable_instance_factual_answer,True,4273,FDA_0025_4K,"{'canonical_record_id': 'FDA-ANDA215259-004-product-route-6dafb616', 'display_id': 'RD91D5AB794', 'distractor_type': 'OTHER_SAME_DOMAIN', 'is_gold_or_equivalent': False, 'record_value': 'ORAL'}",ORAL,OTHER_SAME_DOMAIN,False,INSUFFICIENT_EVIDENCE,oral,,ORAL,,7243809792,24538775552,"Using only the Drugs@FDA records supplied in the context, what is the route of administration for product number 002 under FDA application ANDA216516 (brand name ""SITAGLIPTIN AND METFORMIN HYDROCHLORIDE"")?",FDA_0025,UNANSWERABLE,ANSWER: ORAL,,False,False,True,FAILED_TO_ABSTAIN,False,True,FAILED_TO_ABSTAIN,,
True,False,True,True,64K,CLINICAL_TRIALS,UNSUPPORTED_VALUE,,226,7,0.8991087805970795,7.785487308166921,"3,998",3998.0,"['RC48798EA45', 'R8682197BF1']","['CT-NCT00329628-enrollment-count-6e4800ae', 'CT-NCT00395772-enrollment-count-b6090196']",answer_not_matched_to_context_value,True,65148,CT_0011_64K,,,,False,3998,4141,,4141,,18744912384,24538775552,"Using only the ClinicalTrials.gov records supplied in the context, subtract the enrollment count of trial NCT00395772 from the enrollment count of trial NCT00329628. Report the difference as an integer number of participants.",CT_0011,RETRIEVAL_CALCULATION,ANSWER: 4141,,False,False,True,UNSUPPORTED_VALUE,False,True,UNSUPPORTED_VALUE,,
True,True,True,False,32K,SEC,CORRECT,,227,10,3.4720308347994977,2.8801587531343102,,INSUFFICIENT_EVIDENCE,[],[],answer_only_exact_match,False,32752,SEC_0025_32K,,,,False,INSUFFICIENT_EVIDENCE,INSUFFICIENT_EVIDENCE,,INSUFFICIENT_EVIDENCE,,12624282112,24538775552,"Using only the SEC XBRL company-facts records supplied in the context, what value did Johnson & Johnson (CIK 0000200406) report for the us-gaap concept ""OperatingExpenses"" (Operating Expenses) for the annual XBRL frame CY2023?",SEC_0025,UNANSWERABLE,ANSWER: INSUFFICIENT_EVIDENCE,,False,True,False,CORRECT,True,False,CORRECT,,
True,False,True,True,16K,FRED,WRONG_PERIOD,,228,7,6.058201711341669,1.155458390712738,"149,952",149952.0,['RE223301F8A'],['FRED-PAYNSA-2020-03-01-latest-01e51bbe'],answer_matches_context_distractor_value,False,16376,FRED_0006_16K,"{'canonical_record_id': 'FRED-PAYEMS-2011-04-01-latest-0eeec370', 'display_id': 'R0FD124890D', 'distractor_type': 'WRONG_PERIOD', 'is_gold_or_equivalent': False, 'record_value': '131597.0'}",131597.0,WRONG_PERIOD,False,149952.0,131597.0,,131597,,9529876992,24538775552,"Using only the FRED records supplied in the context, report the value of FRED series PAYNSA (""All Employees, Total Nonfarm""), measured in Thousands of Persons, not seasonally adjusted, monthly frequency for United States on the observation dated 2020-03-01. Report the value for series PAYNSA exactly.",FRED_0006,ENTITY_UNIT_BINDING,ANSWER: 131597,,False,False,False,WRONG_PERIOD,False,False,WRONG_PERIOD,,
True,True,True,True,4K,FRED,CORRECT,,229,8,25.38986806378253,0.31508631631731987,298.786,298.786,['RDD544BBD97'],['FRED-CPIAUCSL-2022-11-01-latest-8c203ccd'],answer_only_exact_match,False,4299,FRED_0003_4K,"{'canonical_record_id': 'FRED-CPIAUCSL-2022-11-01-latest-8c203ccd', 'display_id': 'RDD544BBD97', 'distractor_type': None, 'is_gold_or_equivalent': True, 'record_value': '298.786'}",298.786,,False,298.786,298.786,,298.786,,7248568320,24538775552,"Using only the FRED records supplied in the context, what value does the most recent vintage report for FRED series CPIAUCSL (""Consumer Price Index for All Urban Consumers: All Items in U.S. City Average""), measured in Index 1982-1984=100, seasonally adjusted, monthly frequency, for the observation dated 2022-11-01 (the month beginning 2022-11-01)? Report the currently published figure exactly.",FRED_0003,DIRECT_RETRIEVAL,ANSWER: 298.786,,False,True,False,CORRECT,True,False,CORRECT,,
True,True,True,True,4K,FRED,CORRECT,,230,8,25.700019075004572,0.31128381565213203,3.260,3.26,['R9388092F79'],['FRED-DGS10-2022-09-01-latest-ee1793fc'],answer_only_exact_match,False,4242,FRED_0007_4K,"{'canonical_record_id': 'FRED-DGS10-2022-09-01-latest-ee1793fc', 'display_id': 'R9388092F79', 'distractor_type': None, 'is_gold_or_equivalent': True, 'record_value': '3.26'}",3.26,,False,3.26,3.26,,3.26,,7237914112,24538775552,"Using only the FRED records supplied in the context, report the value of FRED series DGS10 (""Market Yield on U.S. Treasury Securities at 10-Year Constant Maturity""), measured in Percent, not seasonally adjusted, daily frequency for United States on the observation dated 2022-09-01. Report the value for series DGS10 exactly.",FRED_0007,ENTITY_UNIT_BINDING,ANSWER: 3.26,,False,True,False,CORRECT,True,False,CORRECT,,
True,True,True,True,4K,FDA,CORRECT,,231,7,23.20278657949434,0.3016879018396139,CAPSULE,CAPSULE,['RFF4E86C28A'],['FDA-ANDA219714-002-product-dosage-form-a7b896bc'],answer_only_exact_match,False,4298,FDA_0005_4K,"{'canonical_record_id': 'FDA-ANDA219655-002-product-dosage-form-6cb6afe0', 'display_id': 'RD483C5FEFA', 'distractor_type': 'WRONG_ENTITY', 'is_gold_or_equivalent': False, 'record_value': 'CAPSULE'}",CAPSULE,WRONG_ENTITY,False,capsule,capsule,,CAPSULE,,7248381440,24538775552,"Using only the Drugs@FDA records supplied in the context, what DOSAGE FORM is listed for product number 002 under FDA application ANDA219714 (brand name ""SERTRALINE HYDROCHLORIDE"", active ingredient SERTRALINE HYDROCHLORIDE)? Answer with the dosage form exactly as recorded.",FDA_0005,DIRECT_RETRIEVAL,ANSWER: CAPSULE,,False,True,False,CORRECT,True,False,CORRECT,,
False,False,True,False,64K,CLINICAL_TRIALS,FAILED_TO_ABSTAIN,,232,11,1.386056297219282,7.936185580678284,,INSUFFICIENT_EVIDENCE,[],[],unanswerable_instance_factual_answer,True,65175,CT_0024_64K,"{'canonical_record_id': 'CT-NCT06097390-study-last-update-posted-709747d7', 'display_id': 'R5AA8DDDD54', 'distractor_type': 'WRONG_FIELD', 'is_gold_or_equivalent': False, 'record_value': '2025-07-17'}",2025-07-17,WRONG_FIELD,False,INSUFFICIENT_EVIDENCE,2025-07-17,,2025-07-17,,18750016000,24538775552,"Using only the ClinicalTrials.gov records supplied in the context, what is the date on which results were first posted for trial NCT06097390 (""A Research Study Looking at New Protein-based Tablets in Healthy Men - Oral Formulation III"")?",CT_0024,UNANSWERABLE,ANSWER: 2025-07-17,,False,False,True,FAILED_TO_ABSTAIN,False,True,FAILED_TO_ABSTAIN,,
True,True,True,True,16K,FDA,CORRECT,,233,11,8.7591980355753,1.2558227311819792,2018-08-24,2018-08-24,['R9FBFBD62FA'],['FDA-ANDA209306-submission-ORIG-1-0b1fd305'],answer_only_exact_match,False,16432,FDA_0018_16K,"{'canonical_record_id': 'FDA-ANDA209306-submission-ORIG-1-0b1fd305', 'display_id': 'R9FBFBD62FA', 'distractor_type': None, 'is_gold_or_equivalent': True, 'record_value': '2018-08-24'}",2018-08-24,,False,2018-08-24,2018-08-24,,2018-08-24,,9539537408,24538775552,"Using only the Drugs@FDA records supplied in the context, what is the submission status date of the ORIGINAL submission (submission type ORIG) for FDA application ANDA209306 (sponsor: LUPIN)? Answer in YYYY-MM-DD form.",FDA_0018,TEMPORAL_VERSION,ANSWER: 2018-08-24,,False,True,False,CORRECT,True,False,CORRECT,,
True,True,True,True,32K,FDA,CORRECT,,234,6,2.158886536225093,2.7792104398831725,2,2.0,"['RE31B0B0542', 'R747FC5A273']","['FDA-ANDA062098-001-product-dosage-form-cdb5f275', 'FDA-ANDA062098-002-product-dosage-form-cd94a34d']",answer_only_exact_match,False,32595,FDA_0011_32K,,,,False,2,2,,2,,12593699328,24538775552,"Using only the Drugs@FDA records supplied in the context, how many distinct product entries are listed under FDA application ANDA062098 (sponsor: APOTHECON)? Count the products belonging to that application number only, and answer with an integer.",FDA_0011,RETRIEVAL_CALCULATION,ANSWER: 2,,False,True,False,CORRECT,True,False,CORRECT,,
True,True,True,True,32K,FRED,CORRECT,,235,9,3.1629273668472817,2.8454652782529593,"23,425.910",23425.91,['RD422EFDAFC'],['FRED-GDP-2021-04-01-latest-10e82080'],answer_only_exact_match,False,32618,FRED_0002_32K,"{'canonical_record_id': 'FRED-GDP-2021-04-01-latest-10e82080', 'display_id': 'RD422EFDAFC', 'distractor_type': None, 'is_gold_or_equivalent': True, 'record_value': '23425.91'}",23425.91,,False,23425.91,23425.91,,23425.91,,12600927744,24538775552,"Using only the FRED records supplied in the context, what value does the most recent vintage report for FRED series GDP (""Gross Domestic Product""), measured in Billions of Dollars, seasonally adjusted annual rate, quarterly frequency, for the observation dated 2021-04-01 (the quarter beginning 2021-04-01)? Report the currently published figure exactly.",FRED_0002,DIRECT_RETRIEVAL,ANSWER: 23425.91,,False,True,False,CORRECT,True,False,CORRECT,,
True,False,True,True,32K,CLINICAL_TRIALS,UNSUPPORTED_VALUE,,236,6,2.1493308423907704,2.7915665106847882,"1,230",1230.0,"['RB5E1094FBC', 'RDB56C600D1']","['CT-NCT03197467-study-start-date-bf3bf559', 'CT-NCT03197467-study-primary-completion-0a5f27bb']",answer_not_matched_to_context_value,True,32719,CT_0014_32K,,,,False,1230,6,,6,,12619940352,24538775552,"Using only the ClinicalTrials.gov records supplied in the context, calculate the number of calendar days between the study start date and the primary completion date of trial NCT03197467 (""Neoadjuvant Anti PD-1 Immunotherapy in Resectable Non-small Cell Lung Cancer""). Report a whole number of days. Use the primary completion date, not the overall study completion date and not the last update posted date.",CT_0014,RETRIEVAL_CALCULATION,ANSWER: 6,,False,False,True,UNSUPPORTED_VALUE,False,True,UNSUPPORTED_VALUE,,
True,True,True,True,4K,SEC,CORRECT,,237,11,31.49752673096678,0.34923376981168985,"281,724,000,000",281724000000.0,['RAAC7EB50F6'],['SEC-0000789019-RevenueFromContractWithC-USD-CY2025-0001193125-26-323660-5c456092'],answer_only_exact_match,False,4322,SEC_0003_4K,"{'canonical_record_id': 'SEC-0000789019-RevenueFromContractWithC-USD-CY2025-0001193125-26-323660-5c456092', 'display_id': 'RAAC7EB50F6', 'distractor_type': None, 'is_gold_or_equivalent': True, 'record_value': '281724000000.0'}",281724000000.0,,False,281724000000.0,281724000000.0,,281724000000.0,,7252866560,24538775552,"Using only the SEC XBRL company-facts records supplied in the context, what value did MICROSOFT CORPORATION (CIK 0000789019) report for the us-gaap concept ""RevenueFromContractWithCustomerExcludingAssessedTax"" (Revenue from Contract with Customer, Excluding Assessed Tax) for the annual XBRL frame CY2025, in USD? Report the exact reported figure.",SEC_0003,DIRECT_RETRIEVAL,ANSWER: 281724000000.0,,False,True,False,CORRECT,True,False,CORRECT,,
False,False,True,False,64K,FDA,FAILED_TO_ABSTAIN,,238,6,0.7747523684884269,7.744410012848675,,INSUFFICIENT_EVIDENCE,[],[],unanswerable_instance_factual_answer,True,65059,FDA_0023_64K,"{'canonical_record_id': 'FDA-NDA215133-002-product-route-e3f6a1c5', 'display_id': 'R46D83061BC', 'distractor_type': 'OTHER_SAME_DOMAIN', 'is_gold_or_equivalent': False, 'record_value': 'ORAL'}",ORAL,OTHER_SAME_DOMAIN,False,INSUFFICIENT_EVIDENCE,oral,,ORAL,,18728096256,24538775552,"Using only the Drugs@FDA records supplied in the context, what is the route of administration for product number 003 under FDA application ANDA219296 (brand name ""SITAGLIPTIN AND METFORMIN HYDROCHLORIDE"")?",FDA_0023,UNANSWERABLE,ANSWER: ORAL,,False,False,True,FAILED_TO_ABSTAIN,False,True,FAILED_TO_ABSTAIN,,
False,False,True,False,32K,SEC,FAILED_TO_ABSTAIN,,239,11,3.7841188970717456,2.906885406933725,,INSUFFICIENT_EVIDENCE,[],[],unanswerable_instance_factual_answer,True,32696,SEC_0021_32K,"{'canonical_record_id': 'SEC-0000104169-SellingGeneralAndAdminis-USD-2014-02-01-2014-04-30-0000104169-14-000033-9dc45578', 'display_id': 'RC7F01352D1', 'distractor_type': 'OTHER_SAME_DOMAIN', 'is_gold_or_equivalent': False, 'record_value': '22053000000.0'}",22053000000.0,OTHER_SAME_DOMAIN,False,INSUFFICIENT_EVIDENCE,22053000000.0,,22053000000.0,,12614552064,24538775552,"Using only the SEC XBRL company-facts records supplied in the context, what value did JPMORGAN CHASE & CO (CIK 0000019617) report for the us-gaap concept ""SellingGeneralAndAdministrativeExpense"" (Selling, General and Administrative Expense) for the annual XBRL frame CY2023?",SEC_0021,UNANSWERABLE,ANSWER: 22053000000.0,,False,False,True,FAILED_TO_ABSTAIN,False,True,FAILED_TO_ABSTAIN,,
True,False,True,True,16K,SEC,WRONG_ENTITY,,240,9,7.356896318963829,1.2233419651165605,"14,527,000,000",14527000000.0,['R2502756E9E'],['SEC-0000320193-IncomeTaxExpenseBenefit-USD-CY2021-0000320193-23-000106-b260dbee'],answer_matches_context_distractor_value,False,16416,SEC_0007_16K,"{'canonical_record_id': 'SEC-0000789019-IncomeTaxExpenseBenefit-USD-CY2021-0000950170-23-035122-6cdac87d', 'display_id': 'R3EDF1D225C', 'distractor_type': 'WRONG_ENTITY', 'is_gold_or_equivalent': False, 'record_value': '9831000000.0'}",9831000000.0,WRONG_ENTITY,False,14527000000.0,9831000000.0,,9831000000,,9536514560,24538775552,"Using only the SEC XBRL company-facts records supplied in the context, what value did Apple Inc. (CIK 0000320193) report for us-gaap:IncomeTaxExpenseBenefit for the annual XBRL frame CY2021, in USD? Report the exact value for that filer.",SEC_0007,ENTITY_UNIT_BINDING,ANSWER: 9831000000,,False,False,False,WRONG_ENTITY,False,False,WRONG_ENTITY,,
True,True,True,False,8K,FRED,CORRECT,,241,10,16.200948196701386,0.6172478226944804,,INSUFFICIENT_EVIDENCE,[],[],answer_only_exact_match,False,8291,FRED_0023_8K,,,,False,INSUFFICIENT_EVIDENCE,INSUFFICIENT_EVIDENCE,,INSUFFICIENT_EVIDENCE,,8001214976,24538775552,"Using only the FRED records supplied in the context, what value does FRED report for FRED series CPIAUCSL (""Consumer Price Index for All Urban Consumers: All Items in U.S. City Average""), measured in Index 1982-1984=100, seasonally adjusted, monthly frequency, for the observation dated 2025-10-01?",FRED_0023,UNANSWERABLE,ANSWER: INSUFFICIENT_EVIDENCE,,False,True,False,CORRECT,True,False,CORRECT,,
True,False,True,True,8K,SEC,UNSUPPORTED_VALUE,,242,8,13.454459758282352,0.594598381780088,-6.84%,-6.84,"['R34AE136ED4', 'R214AF3F11C']","['SEC-0000200406-PaymentsToAcquirePropert-USD-CY2016-0000200406-19-000009-aab6d65b', 'SEC-0000200406-PaymentsToAcquirePropert-USD-CY2015-0000200406-18-000005-290886b0']",answer_not_matched_to_context_value,True,8402,SEC_0016_8K,,,,False,-6.84,0.0,,0.00,,8022189568,24538775552,"Using only the SEC XBRL company-facts records supplied in the context, calculate the year-over-year percentage change in Johnson & Johnson's (CIK 0000200406) reported us-gaap:PaymentsToAcquirePropertyPlantAndEquipment from annual XBRL frame CY2015 to annual XBRL frame CY2016, both in USD. Use ((current - previous) / previous) * 100 and round to two decimal places.",SEC_0016,RETRIEVAL_CALCULATION,ANSWER: 0.00,,False,False,True,UNSUPPORTED_VALUE,False,True,UNSUPPORTED_VALUE,,
True,True,True,True,4K,SEC,CORRECT,,243,11,32.40885884905615,0.3394133700057864,"15,119,000,000",15119000000.0,['R1735E360E5'],['SEC-0000200406-NetIncomeLoss-USD-CY2019-0000200406-22-000022-bef780ea'],answer_only_exact_match,False,4213,SEC_0005_4K,"{'canonical_record_id': 'SEC-0000200406-NetIncomeLoss-USD-CY2019-0000200406-22-000022-bef780ea', 'display_id': 'R1735E360E5', 'distractor_type': None, 'is_gold_or_equivalent': True, 'record_value': '15119000000.0'}",15119000000.0,,False,15119000000.0,15119000000.0,,15119000000.0,,7232492544,24538775552,"Using only the SEC XBRL company-facts records supplied in the context, what value did Johnson & Johnson (CIK 0000200406) report for the us-gaap concept ""NetIncomeLoss"" (Net Income (Loss) Attributable to Parent) for the annual XBRL frame CY2019, in USD? Report the exact reported figure.",SEC_0005,DIRECT_RETRIEVAL,ANSWER: 15119000000.0,,False,True,False,CORRECT,True,False,CORRECT,,
True,True,True,True,16K,CLINICAL_TRIALS,CORRECT,,244,6,5.035519700127763,1.1915354039520025,44,44.0,['RCA721B2F7E'],['CT-NCT02325960-enrollment-count-9b749f82'],answer_only_exact_match,False,16403,CT_0002_16K,"{'canonical_record_id': 'CT-NCT02325960-enrollment-count-9b749f82', 'display_id': 'RCA721B2F7E', 'distractor_type': None, 'is_gold_or_equivalent': True, 'record_value': '44.0'}",44.0,,False,44,44,,44,,9534059008,24538775552,"Using only the ClinicalTrials.gov records supplied in the context, what enrollment count is reported for trial NCT02325960 (""A Comparison of Exenatide and Insulin Glargine"")? Report the actual number of participants as an integer.",CT_0002,DIRECT_RETRIEVAL,ANSWER: 44,,False,True,False,CORRECT,True,False,CORRECT,,
True,False,True,True,32K,FDA,UNSUPPORTED_VALUE,,245,10,3.478744532166524,2.87460027821362,8.9286,8.9286,"['RAC4081090E', 'R56A8395EE3']","['FDA-NDA022456-001-strength-SODIUM-BICARBONATE-2-fdc88186', 'FDA-NDA213593-001-strength-SODIUM-BICARBONATE-1-c8e317f3']",answer_not_matched_to_context_value,True,32688,FDA_0016_32K,,,,False,8.9286,,,1.1/84,,12613237248,24538775552,"Using only the Drugs@FDA records supplied in the context, divide the SODIUM BICARBONATE strength of product 001 under application NDA022456 by the SODIUM BICARBONATE strength of product 001 under application NDA213593. Both strengths are expressed in MG; report the dimensionless ratio rounded to four decimal places.",FDA_0016,RETRIEVAL_CALCULATION,ANSWER: 1.1/84,,False,False,True,UNSUPPORTED_VALUE,False,True,UNSUPPORTED_VALUE,,
True,False,True,True,4K,FRED,UNSUPPORTED_VALUE,,246,8,25.618421449444657,0.3122752904891968,0.00%,0.0,"['RE02842316A', 'RBF93AF1F4B']","['FRED-ILUR-2026-06-01-latest-4d52d8ef', 'FRED-ILUR-2026-05-01-latest-d51617d6']",answer_not_matched_to_context_value,True,4305,FRED_0012_4K,,,,False,0.0,0.05,,0.05,,7249689600,24538775552,"Using only the FRED records supplied in the context, calculate the percentage change in FRED series ILUR (""Unemployment Rate""), measured in Percent, seasonally adjusted, monthly frequency between the observation dated 2026-05-01 and the observation dated 2026-06-01. Use both values from the most recent vintage, apply ((value_2026-06-01 - value_2026-05-01) / value_2026-05-01) * 100, and round to two decimal places.",FRED_0012,RETRIEVAL_CALCULATION,ANSWER: 0.05,,False,False,True,UNSUPPORTED_VALUE,False,True,UNSUPPORTED_VALUE,,
True,True,True,True,16K,CLINICAL_TRIALS,CORRECT,,247,11,8.742168799374136,1.2582690007984638,2021-03-02,2021-03-02,['R0962B1F447'],['CT-NCT03969719-study-primary-completion-33d5eec0'],answer_only_exact_match,False,16463,CT_0018_16K,"{'canonical_record_id': 'CT-NCT03969719-study-primary-completion-33d5eec0', 'display_id': 'R0962B1F447', 'distractor_type': None, 'is_gold_or_equivalent': True, 'record_value': '2021-03-02'}",2021-03-02,,False,2021-03-02,2021-03-02,,2021-03-02,,9545396736,24538775552,"Using only the ClinicalTrials.gov records supplied in the context, what is the PRIMARY COMPLETION DATE of trial NCT03969719 (""A Double-blind Study to Assess 2 Doses of an Investigational Product for 16 Weeks in Participants With Non-alcoholic Fatty Liver Disease and Type 2 Diabetes Mellitus"")? Answer in YYYY-MM-DD form.",CT_0018,ENTITY_UNIT_BINDING,ANSWER: 2021-03-02,,False,True,False,CORRECT,True,False,CORRECT,,
False,False,True,False,16K,CLINICAL_TRIALS,FAILED_TO_ABSTAIN,,248,11,8.75376207040976,1.256602579727769,,INSUFFICIENT_EVIDENCE,[],[],unanswerable_instance_factual_answer,True,16433,CT_0021_16K,"{'canonical_record_id': 'CT-NCT02339493-study-first-posted-date-c38697fd', 'display_id': 'RA9D366EFB3', 'distractor_type': 'WRONG_FIELD', 'is_gold_or_equivalent': False, 'record_value': '2015-01-15'}",2015-01-15,WRONG_FIELD,False,INSUFFICIENT_EVIDENCE,2015-01-15,,2015-01-15,,9539726848,24538775552,"Using only the ClinicalTrials.gov records supplied in the context, what is the date on which results were first posted for trial NCT02339493 (""Electronic Alerts for Stroke Prevention in Patients With Atrial Fibrillation or Atrial Flutter"")?",CT_0021,UNANSWERABLE,ANSWER: 2015-01-15,,False,False,True,FAILED_TO_ABSTAIN,False,True,FAILED_TO_ABSTAIN,,
True,False,True,True,4K,FRED,UNSUPPORTED_VALUE,,249,8,26.362582848883683,0.3034604024142027,-0.80,-0.8,"['R1A8E962D0A', 'R76E44176D1']","['FRED-GS10-2023-01-01-latest-c14fc7b9', 'FRED-FEDFUNDS-2023-01-01-latest-42e74d6d']",answer_not_matched_to_context_value,True,4294,FRED_0014_4K,,,,False,-0.8,0.2,,0.20,,7247633920,24538775552,"Using only the FRED records supplied in the context, subtract the value of FRED series FEDFUNDS (""Federal Funds Effective Rate""), measured in Percent, not seasonally adjusted, monthly frequency from the value of FRED series GS10 (""Market Yield on U.S. Treasury Securities at 10-Year Constant Maturity""), measured in Percent, not seasonally adjusted, monthly frequency, both for the observation dated 2023-01-01 and both taken from the most recent vintage. Report the difference in Percent, rounded to two decimal places.",FRED_0014,RETRIEVAL_CALCULATION,ANSWER: 0.20,,False,False,True,UNSUPPORTED_VALUE,False,True,UNSUPPORTED_VALUE,,
True,False,True,True,32K,CLINICAL_TRIALS,UNSUPPORTED_VALUE,,250,6,2.1560211150304993,2.7829040996730328,183,183.0,"['R17BA015E9B', 'R598FE34396']","['CT-NCT04656067-study-start-date-20c6e1d8', 'CT-NCT04656067-study-primary-completion-4c1f16c5']",answer_not_matched_to_context_value,True,32661,CT_0015_32K,,,,False,183,104,,104,,12606170624,24538775552,"Using only the ClinicalTrials.gov records supplied in the context, calculate the number of calendar days between the study start date and the primary completion date of trial NCT04656067 (""Comparative Study Between Oxytocin Versus Tranexamic Acid and Ethamsylate""). Report a whole number of days. Use the primary completion date, not the overall study completion date and not the last update posted date.",CT_0015,RETRIEVAL_CALCULATION,ANSWER: 104,,False,False,True,UNSUPPORTED_VALUE,False,True,UNSUPPORTED_VALUE,,
True,False,True,True,8K,FRED,UNSUPPORTED_VALUE,,251,8,13.468406695205669,0.593982657417655,0.21%,0.21,"['RA2C8DBEEC0', 'RE9533D1E1E']","['FRED-WGS10YR-2026-07-31-latest-b0603637', 'FRED-WGS10YR-2026-07-24-latest-4def8320']",answer_not_matched_to_context_value,True,8376,FRED_0010_8K,,,,False,0.21,0.01,,0.01,,8017275392,24538775552,"Using only the FRED records supplied in the context, calculate the percentage change in FRED series WGS10YR (""Market Yield on U.S. Treasury Securities at 10-Year Constant Maturity""), measured in Percent, not seasonally adjusted, weekly frequency between the observation dated 2026-07-24 and the observation dated 2026-07-31. Use both values from the most recent vintage, apply ((value_2026-07-31 - value_2026-07-24) / value_2026-07-24) * 100, and round to two decimal places.",FRED_0010,RETRIEVAL_CALCULATION,ANSWER: 0.01,,False,False,True,UNSUPPORTED_VALUE,False,True,UNSUPPORTED_VALUE,,
True,True,True,True,32K,SEC,CORRECT,,252,11,3.747525036616561,2.935270583257079,"10,151,000,000",10151000000.0,['R93E3DF4118'],['SEC-0000078003-NetCashProvidedByUsedInO-USD-2016-01-01-2016-10-02-0000078003-17-000049-12a9492c'],answer_only_exact_match,False,32798,SEC_0019_32K,"{'canonical_record_id': 'SEC-0000078003-NetCashProvidedByUsedInO-USD-2016-01-01-2016-10-02-0000078003-17-000049-12a9492c', 'display_id': 'R93E3DF4118', 'distractor_type': None, 'is_gold_or_equivalent': True, 'record_value': '10151000000.0'}",10151000000.0,,False,10151000000.0,10151000000.0,,10151000000.0,,12632057344,24538775552,"Using only the SEC XBRL company-facts records supplied in the context, what value did PFIZER INC (CIK 0000078003) report for us-gaap:NetCashProvidedByUsedInOperatingActivities for the period ending 2016-10-02 in the MOST RECENTLY FILED version of that fact — accession 0000078003-17-000049, form 10-Q, filed 2017-11-09 — in USD? Report the exact value from that version.",SEC_0019,TEMPORAL_VERSION,ANSWER: 10151000000.0,,False,True,False,CORRECT,True,False,CORRECT,,
True,False,True,True,16K,SEC,UNSUPPORTED_VALUE,,253,8,6.60489758269019,1.2112224148586392,5.93%,5.93,"['RB1AFF6F2F5', 'R8C100B55A6']","['SEC-0000104169-OperatingIncomeLoss-USD-CY2011-0000104169-14-000019-ab2642b5', 'SEC-0000104169-Revenues-USD-CY2011-0000104169-14-000019-50faff09']",answer_not_matched_to_context_value,True,16454,SEC_0009_16K,,,,False,5.93,3.23,,3.23,,9543695872,24538775552,"Using only the SEC XBRL company-facts records supplied in the context, calculate WALMART INC.'s (CIK 0000104169) operating margin for the annual XBRL frame CY2011. Divide us-gaap:OperatingIncomeLoss by Revenues for that same company and frame, both in USD, multiply by 100, and round to two decimal places.",SEC_0009,RETRIEVAL_CALCULATION,ANSWER: 3.23,,False,False,True,UNSUPPORTED_VALUE,False,True,UNSUPPORTED_VALUE,,
True,False,True,True,4K,SEC,UNSUPPORTED_VALUE,,254,8,26.175837291267896,0.3056253716349602,4.22%,4.22,"['R2940A33ABA', 'R21393EE9E8']","['SEC-0000200406-GrossProfit-USD-CY2025-0000200406-26-000016-de0a564d', 'SEC-0000200406-GrossProfit-USD-CY2024-0000200406-26-000016-ead9cf93']",answer_not_matched_to_context_value,True,4260,SEC_0015_4K,,,,False,4.22,0.0,,0.00,,7241277952,24538775552,"Using only the SEC XBRL company-facts records supplied in the context, calculate the year-over-year percentage change in Johnson & Johnson's (CIK 0000200406) reported us-gaap:GrossProfit from annual XBRL frame CY2024 to annual XBRL frame CY2025, both in USD. Use ((current - previous) / previous) * 100 and round to two decimal places.",SEC_0015,RETRIEVAL_CALCULATION,ANSWER: 0.00,,False,False,True,UNSUPPORTED_VALUE,False,True,UNSUPPORTED_VALUE,,
True,False,True,True,4K,SEC,UNSUPPORTED_VALUE,,255,8,25.24561864536269,0.3168866690248251,5.93%,5.93,"['RB1AFF6F2F5', 'R8C100B55A6']","['SEC-0000104169-OperatingIncomeLoss-USD-CY2011-0000104169-14-000019-ab2642b5', 'SEC-0000104169-Revenues-USD-CY2011-0000104169-14-000019-50faff09']",answer_not_matched_to_context_value,True,4304,SEC_0009_4K,,,,False,5.93,28.0,,28.00,,7249502720,24538775552,"Using only the SEC XBRL company-facts records supplied in the context, calculate WALMART INC.'s (CIK 0000104169) operating margin for the annual XBRL frame CY2011. Divide us-gaap:OperatingIncomeLoss by Revenues for that same company and frame, both in USD, multiply by 100, and round to two decimal places.",SEC_0009,RETRIEVAL_CALCULATION,ANSWER: 28.00,,False,False,True,UNSUPPORTED_VALUE,False,True,UNSUPPORTED_VALUE,,
True,False,True,True,64K,FDA,UNSUPPORTED_VALUE,,256,8,1.0249945412867636,7.804919614456594,2.0000,2.0,"['R8D933477B5', 'R3C4F57847F']","['FDA-ANDA202933-002-strength-OLMESARTAN-MEDOXOMIL-1-ca1fbbd0', 'FDA-NDA200175-001-strength-OLMESARTAN-MEDOXOMIL-2-03a81d67']",answer_not_matched_to_context_value,True,65132,FDA_0017_64K,,,,False,2.0,0.4,,0.4,,18741889536,24538775552,"Using only the Drugs@FDA records supplied in the context, divide the OLMESARTAN MEDOXOMIL strength of product 002 under application ANDA202933 by the OLMESARTAN MEDOXOMIL strength of product 001 under application NDA200175. Both strengths are expressed in MG; report the dimensionless ratio rounded to four decimal places.",FDA_0017,RETRIEVAL_CALCULATION,ANSWER: 0.4,,False,False,True,UNSUPPORTED_VALUE,False,True,UNSUPPORTED_VALUE,,
True,True,True,False,32K,FRED,CORRECT,,257,10,3.490683360675597,2.864768575876951,,INSUFFICIENT_EVIDENCE,[],[],answer_only_exact_match,False,32525,FRED_0022_32K,,,,False,INSUFFICIENT_EVIDENCE,INSUFFICIENT_EVIDENCE,,INSUFFICIENT_EVIDENCE,,12580472320,24538775552,"Using only the FRED records supplied in the context, what value does FRED report for FRED series ILUR (""Unemployment Rate""), measured in Percent, seasonally adjusted, monthly frequency, for the observation dated 2025-10-01?",FRED_0022,UNANSWERABLE,ANSWER: INSUFFICIENT_EVIDENCE,,False,True,False,CORRECT,True,False,CORRECT,,
True,False,True,True,8K,FRED,WRONG_UNIT,,258,9,15.249116635675712,0.5901981219649315,"21,967.045",21967.045,['R3FC177AE13'],['FRED-GDPC1-2022-04-01-latest-40d67590'],answer_matches_context_distractor_value,False,8303,FRED_0009_8K,"{'canonical_record_id': 'FRED-GDP-2022-04-01-2023-09-28-ddca8b42', 'display_id': 'R7B17DEE07D', 'distractor_type': 'WRONG_UNIT', 'is_gold_or_equivalent': False, 'record_value': '25544.273'}",25544.273,WRONG_UNIT,False,21967.045,25544.273,,25544.273,,8003482112,24538775552,"Using only the FRED records supplied in the context, report the value of FRED series GDPC1 (""Gross Domestic Product""), measured in Billions of Chained 2017 Dollars, seasonally adjusted annual rate, quarterly frequency for United States on the observation dated 2022-04-01. Report the value for series GDPC1 exactly.",FRED_0009,ENTITY_UNIT_BINDING,ANSWER: 25544.273,,False,False,False,WRONG_UNIT,False,False,WRONG_UNIT,,
True,False,True,True,16K,FDA,UNSUPPORTED_VALUE,,259,8,6.637781417348007,1.205221970565617,8.9286,8.9286,"['RAC4081090E', 'R56A8395EE3']","['FDA-NDA022456-001-strength-SODIUM-BICARBONATE-2-fdc88186', 'FDA-NDA213593-001-strength-SODIUM-BICARBONATE-1-c8e317f3']",answer_not_matched_to_context_value,True,16400,FDA_0016_16K,,,,False,8.9286,0.75,,0.750,,9533491712,24538775552,"Using only the Drugs@FDA records supplied in the context, divide the SODIUM BICARBONATE strength of product 001 under application NDA022456 by the SODIUM BICARBONATE strength of product 001 under application NDA213593. Both strengths are expressed in MG; report the dimensionless ratio rounded to four decimal places.",FDA_0016,RETRIEVAL_CALCULATION,ANSWER: 0.750,,False,False,True,UNSUPPORTED_VALUE,False,True,UNSUPPORTED_VALUE,,
True,False,True,True,8K,FDA,UNSUPPORTED_VALUE,,260,9,14.803697691667482,0.607956213876605,"0.088MG **See current Annual Edition, 1.8 Description of Special Situations, Levothyroxine Sodium","0.088MG**SEECURRENTANNUALEDITION,1.8DESCRIPTIONOFSPECIALSITUATIONS,LEVOTHYROXINESODIUM",['R3D97C8B042'],['FDA-NDA021116-010-strength-LEVOTHYROXINE-SODIUM-0-a2341a2f'],answer_not_matched_to_context_value,True,8346,FDA_0009_8K,,,,False,"0.088mg**seecurrentannualedition,1.8descriptionofspecialsituations,levothyroxinesodium",0.088mg,,0.088MG,,8012584448,24538775552,"Using only the Drugs@FDA records supplied in the context, what is the listed strength of LEVOTHYROXINE SODIUM in product number 010 under FDA application NDA021116 (dosage form TABLET, route ORAL)? Report the strength string exactly as recorded.",FDA_0009,ENTITY_UNIT_BINDING,ANSWER: 0.088MG,,False,False,True,UNSUPPORTED_VALUE,False,True,UNSUPPORTED_VALUE,,
True,False,True,True,32K,FRED,CALCULATION_ERROR,,261,8,2.8295130780619253,2.82734158821404,-0.80,-0.8,"['R1A8E962D0A', 'R76E44176D1']","['FRED-GS10-2023-01-01-latest-c14fc7b9', 'FRED-FEDFUNDS-2023-01-01-latest-42e74d6d']",calculation_answer_matches_context_operand_or_value,False,32642,FRED_0014_32K,"{'canonical_record_id': 'FRED-GS10-2023-01-01-latest-c14fc7b9', 'display_id': 'R1A8E962D0A', 'distractor_type': None, 'is_gold_or_equivalent': True, 'record_value': '3.53'}",3.53,,False,-0.8,3.53,,3.53,,12602580480,24538775552,"Using only the FRED records supplied in the context, subtract the value of FRED series FEDFUNDS (""Federal Funds Effective Rate""), measured in Percent, not seasonally adjusted, monthly frequency from the value of FRED series GS10 (""Market Yield on U.S. Treasury Securities at 10-Year Constant Maturity""), measured in Percent, not seasonally adjusted, monthly frequency, both for the observation dated 2023-01-01 and both taken from the most recent vintage. Report the difference in Percent, rounded to two decimal places.",FRED_0014,RETRIEVAL_CALCULATION,ANSWER: 3.53,,False,False,False,CALCULATION_ERROR,False,False,CALCULATION_ERROR,,
True,True,True,True,32K,CLINICAL_TRIALS,CORRECT,,262,6,2.1531647480675207,2.786595872603357,38,38.0,['R0940082619'],['CT-NCT02007070-enrollment-count-774de6ac'],answer_only_exact_match,False,32702,CT_0004_32K,"{'canonical_record_id': 'CT-NCT02007070-enrollment-count-774de6ac', 'display_id': 'R0940082619', 'distractor_type': None, 'is_gold_or_equivalent': True, 'record_value': '38.0'}",38.0,,False,38,38,,38,,12615538176,24538775552,"Using only the ClinicalTrials.gov records supplied in the context, what enrollment count is reported for trial NCT02007070 (""Study of Pembrolizumab (MK-3475) in Participants With Advanced Non-small Cell Lung Cancer (MK-3475-025/KEYNOTE-025)"")? Report the actual number of participants as an integer.",CT_0004,DIRECT_RETRIEVAL,ANSWER: 38,,False,True,False,CORRECT,True,False,CORRECT,,
True,True,True,True,8K,FRED,CORRECT,,263,9,14.922478526997912,0.603116967715323,"23,425.910",23425.91,['RD422EFDAFC'],['FRED-GDP-2021-04-01-latest-10e82080'],answer_only_exact_match,False,8283,FRED_0002_8K,"{'canonical_record_id': 'FRED-GDP-2021-04-01-latest-10e82080', 'display_id': 'RD422EFDAFC', 'distractor_type': None, 'is_gold_or_equivalent': True, 'record_value': '23425.91'}",23425.91,,False,23425.91,23425.91,,23425.91,,7999703552,24538775552,"Using only the FRED records supplied in the context, what value does the most recent vintage report for FRED series GDP (""Gross Domestic Product""), measured in Billions of Dollars, seasonally adjusted annual rate, quarterly frequency, for the observation dated 2021-04-01 (the quarter beginning 2021-04-01)? Report the currently published figure exactly.",FRED_0002,DIRECT_RETRIEVAL,ANSWER: 23425.91,,False,True,False,CORRECT,True,False,CORRECT,,
True,True,True,True,64K,SEC,CORRECT,,264,11,1.3828595724916084,7.954531478695571,"81,770,000,000",81770000000.0,['R1ECF323D42'],['SEC-0000104169-CostOfRevenue-USD-CY2011Q2-0000104169-13-000011-eef68e4b'],answer_only_exact_match,False,65287,SEC_0018_64K,"{'canonical_record_id': 'SEC-0000104169-CostOfRevenue-USD-2011-05-01-2011-07-31-0001193125-12-134679-af93b2f1', 'display_id': 'R28424F0133', 'distractor_type': 'WRONG_PERIOD', 'is_gold_or_equivalent': False, 'record_value': '81770000000.0'}",81770000000.0,WRONG_PERIOD,False,81770000000.0,81770000000.0,,81770000000.0,,18771180032,24538775552,"Using only the SEC XBRL company-facts records supplied in the context, what did WALMART INC. (CIK 0000104169) report for us-gaap:CostOfRevenue for the single quarterly XBRL frame CY2011Q2, in USD? Report the quarterly figure exactly.",SEC_0018,TEMPORAL_VERSION,ANSWER: 81770000000.0,,False,True,False,CORRECT,True,False,CORRECT,,
True,False,True,True,16K,SEC,WRONG_ENTITY,,265,9,7.349812719413545,1.2245209971442819,"15,119,000,000",15119000000.0,['R1735E360E5'],['SEC-0000200406-NetIncomeLoss-USD-CY2019-0000200406-22-000022-bef780ea'],answer_matches_context_distractor_value,False,16464,SEC_0005_16K,"{'canonical_record_id': 'SEC-0000789019-NetIncomeLoss-USD-CY2019-0001564590-21-039151-58db5596', 'display_id': 'R91B5C427F8', 'distractor_type': 'WRONG_ENTITY', 'is_gold_or_equivalent': False, 'record_value': '39240000000.0'}",39240000000.0,WRONG_ENTITY,False,15119000000.0,39240000000.0,,39240000000,,9545585152,24538775552,"Using only the SEC XBRL company-facts records supplied in the context, what value did Johnson & Johnson (CIK 0000200406) report for the us-gaap concept ""NetIncomeLoss"" (Net Income (Loss) Attributable to Parent) for the annual XBRL frame CY2019, in USD? Report the exact reported figure.",SEC_0005,DIRECT_RETRIEVAL,ANSWER: 39240000000,,False,False,False,WRONG_ENTITY,False,False,WRONG_ENTITY,,
True,False,True,True,64K,FDA,WRONG_ENTITY,,266,9,1.1465576156383774,7.8495837254449725,"0.088MG **See current Annual Edition, 1.8 Description of Special Situations, Levothyroxine Sodium","0.088MG**SEECURRENTANNUALEDITION,1.8DESCRIPTIONOFSPECIALSITUATIONS,LEVOTHYROXINESODIUM",['R3D97C8B042'],['FDA-NDA021116-010-strength-LEVOTHYROXINE-SODIUM-0-a2341a2f'],answer_matches_context_distractor_value,False,65118,FDA_0009_64K,"{'canonical_record_id': 'FDA-NDA021292-006-strength-LEVOTHYROXINE-SODIUM-0-b89eeed4', 'display_id': 'R845CBD455A', 'distractor_type': 'WRONG_ENTITY', 'is_gold_or_equivalent': False, 'record_value': '0.112MG'}",0.112MG,WRONG_ENTITY,False,"0.088mg**seecurrentannualedition,1.8descriptionofspecialsituations,levothyroxinesodium",0.112mg,,0.112MG,,18739244544,24538775552,"Using only the Drugs@FDA records supplied in the context, what is the listed strength of LEVOTHYROXINE SODIUM in product number 010 under FDA application NDA021116 (dosage form TABLET, route ORAL)? Report the strength string exactly as recorded.",FDA_0009,ENTITY_UNIT_BINDING,ANSWER: 0.112MG,,False,False,False,WRONG_ENTITY,False,False,WRONG_ENTITY,,
True,False,True,True,16K,FRED,WRONG_VERSION,,267,9,7.3658846879260755,1.221849157474935,"23,425.910",23425.91,['RD422EFDAFC'],['FRED-GDP-2021-04-01-latest-10e82080'],answer_matches_context_distractor_value,False,16396,FRED_0002_16K,"{'canonical_record_id': 'FRED-GDP-2021-04-01-2021-07-29-c3949054', 'display_id': 'RF2FF882144', 'distractor_type': 'WRONG_VERSION', 'is_gold_or_equivalent': False, 'record_value': '22722.581'}",22722.581,WRONG_VERSION,False,23425.91,22722.581,,22722.581,,9532736000,24538775552,"Using only the FRED records supplied in the context, what value does the most recent vintage report for FRED series GDP (""Gross Domestic Product""), measured in Billions of Dollars, seasonally adjusted annual rate, quarterly frequency, for the observation dated 2021-04-01 (the quarter beginning 2021-04-01)? Report the currently published figure exactly.",FRED_0002,DIRECT_RETRIEVAL,ANSWER: 22722.581,,False,False,False,WRONG_VERSION,False,False,WRONG_VERSION,,
True,True,True,True,64K,FRED,CORRECT,,268,9,1.1506714304861951,7.821520341560245,"20,985.448",20985.448,['R7097297563'],['FRED-GDPC1-2019-10-01-latest-bfa762c2'],answer_only_exact_match,False,64937,FRED_0004_64K,"{'canonical_record_id': 'FRED-GDPC1-2019-10-01-2025-03-27-7008958a', 'display_id': 'RC02D94D5FF', 'distractor_type': 'WRONG_VERSION', 'is_gold_or_equivalent': False, 'record_value': '20985.448'}",20985.448,WRONG_VERSION,False,20985.448,20985.448,,20985.448,,18705042944,24538775552,"Using only the FRED records supplied in the context, what value does the most recent vintage report for FRED series GDPC1 (""Gross Domestic Product""), measured in Billions of Chained 2017 Dollars, seasonally adjusted annual rate, quarterly frequency, for the observation dated 2019-10-01 (the quarter beginning 2019-10-01)? Report the currently published figure exactly.",FRED_0004,DIRECT_RETRIEVAL,ANSWER: 20985.448,,False,True,False,CORRECT,True,False,CORRECT,,
False,False,True,False,16K,CLINICAL_TRIALS,FAILED_TO_ABSTAIN,,269,11,8.644289753950964,1.2725163446739316,,INSUFFICIENT_EVIDENCE,[],[],unanswerable_instance_factual_answer,True,16457,CT_0022_16K,"{'canonical_record_id': 'CT-NCT03535883-study-first-posted-date-f37ab202', 'display_id': 'RAD1D239E15', 'distractor_type': 'WRONG_FIELD', 'is_gold_or_equivalent': False, 'record_value': '2018-05-24'}",2018-05-24,WRONG_FIELD,False,INSUFFICIENT_EVIDENCE,2018-05-24,,2018-05-24,,9544263168,24538775552,"Using only the ClinicalTrials.gov records supplied in the context, what is the date on which results were first posted for trial NCT03535883 (""The Safety of Thoracentesis, Tunneled Pleural Catheter, and Chest Tubes in Patients Taking Novel Oral Anti-Coagulants"")?",CT_0022,UNANSWERABLE,ANSWER: 2018-05-24,,False,False,True,FAILED_TO_ABSTAIN,False,True,FAILED_TO_ABSTAIN,,
True,False,True,True,8K,FRED,WRONG_SERIES_VARIANT,,270,7,11.980059094190402,0.5843042964115739,"149,952",149952.0,['RE223301F8A'],['FRED-PAYNSA-2020-03-01-latest-01e51bbe'],answer_matches_context_distractor_value,False,8328,FRED_0006_8K,"{'canonical_record_id': 'FRED-PAYEMS-2020-03-01-2025-03-27-13da7126', 'display_id': 'RE331F32429', 'distractor_type': 'WRONG_SERIES_VARIANT', 'is_gold_or_equivalent': False, 'record_value': '150895.0'}",150895.0,WRONG_SERIES_VARIANT,False,149952.0,150895.0,,150895,,8008206848,24538775552,"Using only the FRED records supplied in the context, report the value of FRED series PAYNSA (""All Employees, Total Nonfarm""), measured in Thousands of Persons, not seasonally adjusted, monthly frequency for United States on the observation dated 2020-03-01. Report the value for series PAYNSA exactly.",FRED_0006,ENTITY_UNIT_BINDING,ANSWER: 150895,,False,False,False,WRONG_SERIES_VARIANT,False,False,WRONG_SERIES_VARIANT,,
True,False,True,True,64K,CLINICAL_TRIALS,WRONG_ENTITY,,271,8,1.0196914760157818,7.8455103216692805,EXPERIMENTAL,EXPERIMENTAL,['R3B3A2C955C'],['CT-NCT04089865-arm-type-Oral-Tranexamic-Acid-TXA-0-b38e9f5b'],answer_matches_context_distractor_value,False,65223,CT_0008_64K,"{'canonical_record_id': 'CT-NCT04873245-arm-type-Intensive-Behavioral-Pro-0-a19971cd', 'display_id': 'R91F10A5756', 'distractor_type': 'WRONG_ENTITY', 'is_gold_or_equivalent': False, 'record_value': 'ACTIVE_COMPARATOR'}",ACTIVE_COMPARATOR,WRONG_ENTITY,False,experimental,active_comparator,,ACTIVE_COMPARATOR,,18769359360,24538775552,"Using only the ClinicalTrials.gov records supplied in the context, what is the arm-group TYPE of the arm labelled ""Oral Tranexamic Acid (TXA)"" in trial NCT04089865 (""Oral Versus Intravenous Tranexamic Acid"")? Answer with the ClinicalTrials.gov arm type value (for example EXPERIMENTAL, ACTIVE_COMPARATOR, PLACEBO_COMPARATOR, SHAM_COMPARATOR, NO_INTERVENTION or OTHER).",CT_0008,ENTITY_UNIT_BINDING,ANSWER: ACTIVE_COMPARATOR,,False,False,False,WRONG_ENTITY,False,False,WRONG_ENTITY,,
False,False,True,False,32K,FRED,FAILED_TO_ABSTAIN,,272,8,2.833934697205572,2.8229302559047937,,INSUFFICIENT_EVIDENCE,[],[],unanswerable_instance_factual_answer,True,32620,FRED_0021_32K,"{'canonical_record_id': 'FRED-DGS10-2009-11-19-latest-c5ad0648', 'display_id': 'R910858DEDD', 'distractor_type': 'WRONG_FIELD', 'is_gold_or_equivalent': False, 'record_value': '3.35'}",3.35,WRONG_FIELD,False,INSUFFICIENT_EVIDENCE,3.35,,3.35,,12601043456,24538775552,"Using only the FRED records supplied in the context, what value does FRED report for FRED series DGS10 (""Market Yield on U.S. Treasury Securities at 10-Year Constant Maturity""), measured in Percent, not seasonally adjusted, daily frequency, for the observation dated 2009-09-07?",FRED_0021,UNANSWERABLE,ANSWER: 3.35,,False,False,True,FAILED_TO_ABSTAIN,False,True,FAILED_TO_ABSTAIN,,
False,False,True,False,4K,FDA,FAILED_TO_ABSTAIN,,273,6,20.704732645247724,0.28978881798684597,,INSUFFICIENT_EVIDENCE,[],[],unanswerable_instance_factual_answer,True,4246,FDA_0021_4K,"{'canonical_record_id': 'FDA-NDA050757-001-product-route-5b39ab7c', 'display_id': 'R225BEC0E6A', 'distractor_type': 'OTHER_SAME_DOMAIN', 'is_gold_or_equivalent': False, 'record_value': 'ORAL'}",ORAL,OTHER_SAME_DOMAIN,False,INSUFFICIENT_EVIDENCE,oral,,ORAL,,7238661632,24538775552,"Using only the Drugs@FDA records supplied in the context, what is the route of administration for product number 001 under FDA application ANDA215255 (brand name ""CANAGLIFLOZIN AND METFORMIN HYDROCHLORIDE"")?",FDA_0021,UNANSWERABLE,ANSWER: ORAL,,False,False,True,FAILED_TO_ABSTAIN,False,True,FAILED_TO_ABSTAIN,,
True,True,True,True,32K,FDA,CORRECT,,274,6,2.1455668486406507,2.7964637894183397,TABLET,TABLET,['R2BE1FCB810'],['FDA-ANDA070469-001-product-dosage-form-e9aaf9f1'],answer_only_exact_match,False,32655,FDA_0001_32K,"{'canonical_record_id': 'FDA-ANDA205707-002-product-dosage-form-93f564c1', 'display_id': 'R0CE370C152', 'distractor_type': 'WRONG_ENTITY', 'is_gold_or_equivalent': False, 'record_value': 'TABLET'}",TABLET,WRONG_ENTITY,False,tablet,tablet,,TABLET,,12605037056,24538775552,"Using only the Drugs@FDA records supplied in the context, what DOSAGE FORM is listed for product number 001 under FDA application ANDA070469 (brand name ""IBUPROHM"", active ingredient IBUPROFEN)? Answer with the dosage form exactly as recorded.",FDA_0001,DIRECT_RETRIEVAL,ANSWER: TABLET,,False,True,False,CORRECT,True,False,CORRECT,,
True,True,True,True,32K,FRED,CORRECT,,275,8,2.8385723610620595,2.8183181481435895,3.260,3.26,['R9388092F79'],['FRED-DGS10-2022-09-01-latest-ee1793fc'],answer_only_exact_match,False,32574,FRED_0007_32K,"{'canonical_record_id': 'FRED-DGS10-2022-09-01-latest-ee1793fc', 'display_id': 'R9388092F79', 'distractor_type': None, 'is_gold_or_equivalent': True, 'record_value': '3.26'}",3.26,,False,3.26,3.26,,3.26,,12589729280,24538775552,"Using only the FRED records supplied in the context, report the value of FRED series DGS10 (""Market Yield on U.S. Treasury Securities at 10-Year Constant Maturity""), measured in Percent, not seasonally adjusted, daily frequency for United States on the observation dated 2022-09-01. Report the value for series DGS10 exactly.",FRED_0007,ENTITY_UNIT_BINDING,ANSWER: 3.26,,False,True,False,CORRECT,True,False,CORRECT,,
True,True,True,False,16K,FRED,CORRECT,,276,10,8.072499550594232,1.2387736830860376,,INSUFFICIENT_EVIDENCE,[],[],answer_only_exact_match,False,16405,FRED_0025_16K,,,,False,INSUFFICIENT_EVIDENCE,INSUFFICIENT_EVIDENCE,,INSUFFICIENT_EVIDENCE,,9534436864,24538775552,"Using only the FRED records supplied in the context, what value does FRED report for FRED series FLUR (""Unemployment Rate""), measured in Percent, seasonally adjusted, monthly frequency, for the observation dated 2025-10-01?",FRED_0025,UNANSWERABLE,ANSWER: INSUFFICIENT_EVIDENCE,,False,True,False,CORRECT,True,False,CORRECT,,
False,False,True,False,16K,FDA,FAILED_TO_ABSTAIN,,277,6,5.263102714065858,1.1400119522586465,,INSUFFICIENT_EVIDENCE,[],[],unanswerable_instance_factual_answer,True,16377,FDA_0023_16K,"{'canonical_record_id': 'FDA-ANDA076071-006-product-route-4c682f01', 'display_id': 'RBF1057926B', 'distractor_type': 'OTHER_SAME_DOMAIN', 'is_gold_or_equivalent': False, 'record_value': 'ORAL'}",ORAL,OTHER_SAME_DOMAIN,False,INSUFFICIENT_EVIDENCE,oral,,ORAL,,9529950720,24538775552,"Using only the Drugs@FDA records supplied in the context, what is the route of administration for product number 003 under FDA application ANDA219296 (brand name ""SITAGLIPTIN AND METFORMIN HYDROCHLORIDE"")?",FDA_0023,UNANSWERABLE,ANSWER: ORAL,,False,False,True,FAILED_TO_ABSTAIN,False,True,FAILED_TO_ABSTAIN,,
True,True,True,True,16K,CLINICAL_TRIALS,CORRECT,,278,9,7.315986158677906,1.2301827538758516,PLACEBO_COMPARATOR,PLACEBO_COMPARATOR,['R3A6D2D6B08'],['CT-NCT01728636-arm-type-Placebo-1-34edfc87'],answer_only_exact_match,False,16513,CT_0007_16K,"{'canonical_record_id': 'CT-NCT04018105-arm-type-No-metformin-before-OGTT-1-5514a337', 'display_id': 'R2E1FA9187D', 'distractor_type': 'WRONG_ENTITY', 'is_gold_or_equivalent': False, 'record_value': 'PLACEBO_COMPARATOR'}",PLACEBO_COMPARATOR,WRONG_ENTITY,False,placebo_comparator,placebo_comparator,,PLACEBO_COMPARATOR,,9554845184,24538775552,"Using only the ClinicalTrials.gov records supplied in the context, what is the arm-group TYPE of the arm labelled ""Placebo"" in trial NCT01728636 (""The Use of Tranexamic Acid to Reduce Perioperative Blood Loss During High Risk Spine Fusion Surgery"")? Answer with the ClinicalTrials.gov arm type value (for example EXPERIMENTAL, ACTIVE_COMPARATOR, PLACEBO_COMPARATOR, SHAM_COMPARATOR, NO_INTERVENTION or OTHER).",CT_0007,ENTITY_UNIT_BINDING,ANSWER: PLACEBO_COMPARATOR,,False,True,False,CORRECT,True,False,CORRECT,,
True,False,True,True,64K,FRED,WRONG_UNIT,,279,9,1.14943736126598,7.829917752183974,"19,478.893",19478.893,['RB8F86F5A81'],['FRED-GDPC1-2021-07-01-2022-06-29-07175b9f'],answer_matches_context_distractor_value,False,64940,FRED_0020_64K,"{'canonical_record_id': 'FRED-GDP-2021-07-01-latest-41fda3a6', 'display_id': 'R2E23263408', 'distractor_type': 'WRONG_UNIT', 'is_gold_or_equivalent': False, 'record_value': '23982.379'}",23982.379,WRONG_UNIT,False,19478.893,23982.379,,23982.379,,18705609216,24538775552,"Using only the FRED/ALFRED records supplied in the context, what value did FRED series GDPC1 (""Gross Domestic Product""), measured in Billions of Chained 2017 Dollars, seasonally adjusted annual rate, quarterly frequency show for the observation dated 2021-07-01 **as of the vintage date 2022-06-29**? Report the value from that vintage exactly.",FRED_0020,TEMPORAL_VERSION,ANSWER: 23982.379,,False,False,False,WRONG_UNIT,False,False,WRONG_UNIT,,
False,False,True,False,16K,CLINICAL_TRIALS,FAILED_TO_ABSTAIN,,280,7,5.86459945472437,1.1936024026945233,,INSUFFICIENT_EVIDENCE,[],[],unanswerable_instance_factual_answer,True,16412,CT_0025_16K,"{'canonical_record_id': 'CT-NCT02489357-eligibility-minimum-age-5d893139', 'display_id': 'RC7C199B5E5', 'distractor_type': 'WRONG_FIELD', 'is_gold_or_equivalent': False, 'record_value': '18 Years'}",18 Years,WRONG_FIELD,False,INSUFFICIENT_EVIDENCE,18 years,,18 Years,,9535758848,24538775552,"Using only the ClinicalTrials.gov records supplied in the context, what is the maximum eligible age for trial NCT02489357 (""Pembrolizumab and Cryosurgery in Treating Patients With Newly Diagnosed, Oligo-metastatic Prostate Cancer"")?",CT_0025,UNANSWERABLE,ANSWER: 18 Years,,False,False,True,FAILED_TO_ABSTAIN,False,True,FAILED_TO_ABSTAIN,,
True,True,True,False,4K,FRED,CORRECT,,281,10,30.448942973945993,0.3284186255186796,,INSUFFICIENT_EVIDENCE,[],[],answer_only_exact_match,False,4212,FRED_0024_4K,,,,False,INSUFFICIENT_EVIDENCE,INSUFFICIENT_EVIDENCE,,INSUFFICIENT_EVIDENCE,,7232305664,24538775552,"Using only the FRED records supplied in the context, what value does FRED report for FRED series UNRATENSA (""Unemployment Rate""), measured in Percent, not seasonally adjusted, monthly frequency, for the observation dated 2025-10-01?",FRED_0024,UNANSWERABLE,ANSWER: INSUFFICIENT_EVIDENCE,,False,True,False,CORRECT,True,False,CORRECT,,
True,False,True,True,4K,FDA,UNSUPPORTED_VALUE,,282,6,21.017757012913076,0.2854728978127241,2,2.0,"['R2CEE60A0A9', 'R8D2B7063AB']","['FDA-ANDA205695-001-product-dosage-form-4f3d7427', 'FDA-ANDA205695-002-product-dosage-form-75631b38']",answer_not_matched_to_context_value,True,4210,FDA_0010_4K,,,,False,2,3,,3,,7231931904,24538775552,"Using only the Drugs@FDA records supplied in the context, how many distinct product entries are listed under FDA application ANDA205695 (sponsor: ANBISON LAB)? Count the products belonging to that application number only, and answer with an integer.",FDA_0010,RETRIEVAL_CALCULATION,ANSWER: 3,,False,False,True,UNSUPPORTED_VALUE,False,True,UNSUPPORTED_VALUE,,
True,False,True,True,16K,FDA,UNSUPPORTED_VALUE,,283,6,5.080372258037255,1.1810158183798194,4.0000,4.0,"['R11114F96D0', 'R0A3D977AD9']","['FDA-NDA205003-003-strength-PERINDOPRIL-ARGININE-1-c5a3b50b', 'FDA-NDA205003-001-strength-PERINDOPRIL-ARGININE-1-5d26e2a3']",answer_not_matched_to_context_value,True,16417,FDA_0014_16K,,,,False,4.0,14.0,,14,,9536704000,24538775552,"Using only the Drugs@FDA records supplied in the context, divide the PERINDOPRIL ARGININE strength of product 003 under application NDA205003 by the PERINDOPRIL ARGININE strength of product 001 under application NDA205003. Both strengths are expressed in MG; report the dimensionless ratio rounded to four decimal places.",FDA_0014,RETRIEVAL_CALCULATION,ANSWER: 14,,False,False,True,UNSUPPORTED_VALUE,False,True,UNSUPPORTED_VALUE,,
True,False,True,True,16K,FDA,UNSUPPORTED_VALUE,,284,9,7.363450145247737,1.2222531316801906,2.0000,2.0,"['R3837A73ED0', 'R8F8AB01000']","['FDA-ANDA090011-003-strength-VALSARTAN-1-2a67a45a', 'FDA-NDA022314-004-strength-VALSARTAN-2-4a7b569a']",answer_not_matched_to_context_value,True,16460,FDA_0015_16K,,,,False,2.0,0.32,,0.3200,,9544829440,24538775552,"Using only the Drugs@FDA records supplied in the context, divide the VALSARTAN strength of product 003 under application ANDA090011 by the VALSARTAN strength of product 004 under application NDA022314. Both strengths are expressed in MG; report the dimensionless ratio rounded to four decimal places.",FDA_0015,RETRIEVAL_CALCULATION,ANSWER: 0.3200,,False,False,True,UNSUPPORTED_VALUE,False,True,UNSUPPORTED_VALUE,,
True,True,True,True,4K,CLINICAL_TRIALS,CORRECT,,285,7,23.820772666147633,0.29386116471141577,EXPERIMENTAL,EXPERIMENTAL,['R3B3A2C955C'],['CT-NCT04089865-arm-type-Oral-Tranexamic-Acid-TXA-0-b38e9f5b'],answer_only_exact_match,False,4324,CT_0008_4K,"{'canonical_record_id': 'CT-NCT03655535-arm-type-BTI320-0-61229042', 'display_id': 'R307D31080E', 'distractor_type': 'WRONG_ENTITY', 'is_gold_or_equivalent': False, 'record_value': 'EXPERIMENTAL'}",EXPERIMENTAL,WRONG_ENTITY,False,experimental,experimental,,EXPERIMENTAL,,7253240320,24538775552,"Using only the ClinicalTrials.gov records supplied in the context, what is the arm-group TYPE of the arm labelled ""Oral Tranexamic Acid (TXA)"" in trial NCT04089865 (""Oral Versus Intravenous Tranexamic Acid"")? Answer with the ClinicalTrials.gov arm type value (for example EXPERIMENTAL, ACTIVE_COMPARATOR, PLACEBO_COMPARATOR, SHAM_COMPARATOR, NO_INTERVENTION or OTHER).",CT_0008,ENTITY_UNIT_BINDING,ANSWER: EXPERIMENTAL,,False,True,False,CORRECT,True,False,CORRECT,,
True,False,True,True,8K,CLINICAL_TRIALS,WRONG_FIELD,,286,11,17.28340930004095,0.6364485044032335,2018-11-26,2018-11-26,['R425CD7386B'],['CT-NCT02178722-study-primary-completion-b6031bc6'],answer_matches_context_distractor_value,False,8354,CT_0020_8K,"{'canonical_record_id': 'CT-NCT02178722-study-completion-date-e049363a', 'display_id': 'R09B3736CEA', 'distractor_type': 'WRONG_FIELD', 'is_gold_or_equivalent': False, 'record_value': '2020-11-06'}",2020-11-06,WRONG_FIELD,False,2018-11-26,2020-11-06,,2020-11-06,,8013710848,24538775552,"Using only the ClinicalTrials.gov records supplied in the context, what is the PRIMARY COMPLETION DATE of trial NCT02178722 (""Study to Explore the Safety, Tolerability and Efficacy of MK-3475 in Combination With INCB024360 in Participants With Selected Cancers"")? Answer in YYYY-MM-DD form.",CT_0020,ENTITY_UNIT_BINDING,ANSWER: 2020-11-06,,False,False,False,WRONG_FIELD,False,False,WRONG_FIELD,,
True,True,True,False,4K,FRED,CORRECT,,287,10,29.410640246150322,0.34001299925148487,,INSUFFICIENT_EVIDENCE,[],[],answer_only_exact_match,False,4271,FRED_0023_4K,,,,False,INSUFFICIENT_EVIDENCE,INSUFFICIENT_EVIDENCE,,INSUFFICIENT_EVIDENCE,,7243624448,24538775552,"Using only the FRED records supplied in the context, what value does FRED report for FRED series CPIAUCSL (""Consumer Price Index for All Urban Consumers: All Items in U.S. City Average""), measured in Index 1982-1984=100, seasonally adjusted, monthly frequency, for the observation dated 2025-10-01?",FRED_0023,UNANSWERABLE,ANSWER: INSUFFICIENT_EVIDENCE,,False,True,False,CORRECT,True,False,CORRECT,,
True,False,True,True,4K,FDA,UNSUPPORTED_VALUE,,288,6,20.404379475434233,0.2940545193850994,3,3.0,"['R84E3920385', 'RA919FF4E94', 'R072387E691']","['FDA-ANDA217066-001-product-dosage-form-c729e56e', 'FDA-ANDA217066-002-product-dosage-form-61bdc384', 'FDA-ANDA217066-003-product-dosage-form-8625f203']",answer_not_matched_to_context_value,True,4252,FDA_0012_4K,,,,False,3,7,,7,,7239782912,24538775552,"Using only the Drugs@FDA records supplied in the context, how many distinct product entries are listed under FDA application ANDA217066 (sponsor: ZYDUS PHARMS)? Count the products belonging to that application number only, and answer with an integer.",FDA_0012,RETRIEVAL_CALCULATION,ANSWER: 7,,False,False,True,UNSUPPORTED_VALUE,False,True,UNSUPPORTED_VALUE,,
True,True,True,True,32K,FRED,CORRECT,,289,7,2.4958024410754502,2.804709172807634,"149,952",149952.0,['RE223301F8A'],['FRED-PAYNSA-2020-03-01-latest-01e51bbe'],answer_only_exact_match,False,32599,FRED_0006_32K,"{'canonical_record_id': 'FRED-PAYNSA-2020-03-01-latest-01e51bbe', 'display_id': 'RE223301F8A', 'distractor_type': None, 'is_gold_or_equivalent': True, 'record_value': '149952.0'}",149952.0,,False,149952.0,149952.0,,149952,,12594455040,24538775552,"Using only the FRED records supplied in the context, report the value of FRED series PAYNSA (""All Employees, Total Nonfarm""), measured in Thousands of Persons, not seasonally adjusted, monthly frequency for United States on the observation dated 2020-03-01. Report the value for series PAYNSA exactly.",FRED_0006,ENTITY_UNIT_BINDING,ANSWER: 149952,,False,True,False,CORRECT,True,False,CORRECT,,
True,True,True,True,16K,FDA,CORRECT,,290,6,5.090945604762909,1.1785629754886031,2,2.0,"['RE31B0B0542', 'R747FC5A273']","['FDA-ANDA062098-001-product-dosage-form-cdb5f275', 'FDA-ANDA062098-002-product-dosage-form-cd94a34d']",answer_only_exact_match,False,16438,FDA_0011_16K,,,,False,2,2,,2,,9540670976,24538775552,"Using only the Drugs@FDA records supplied in the context, how many distinct product entries are listed under FDA application ANDA062098 (sponsor: APOTHECON)? Count the products belonging to that application number only, and answer with an integer.",FDA_0011,RETRIEVAL_CALCULATION,ANSWER: 2,,False,True,False,CORRECT,True,False,CORRECT,,
True,False,True,True,16K,CLINICAL_TRIALS,UNSUPPORTED_VALUE,,291,6,5.101095902847119,1.1762178391218185,80,80.0,"['R584E60CDF3', 'RF6704DB3B7']","['CT-NCT03656445-enrollment-count-535dc578', 'CT-NCT03800927-enrollment-count-5f640681']",answer_not_matched_to_context_value,True,16446,CT_0010_16K,,,,False,80,-124,,-124,,9542182400,24538775552,"Using only the ClinicalTrials.gov records supplied in the context, subtract the enrollment count of trial NCT03800927 from the enrollment count of trial NCT03656445. Report the difference as an integer number of participants.",CT_0010,RETRIEVAL_CALCULATION,ANSWER: -124,,False,False,True,UNSUPPORTED_VALUE,False,True,UNSUPPORTED_VALUE,,
False,False,True,False,16K,FDA,FAILED_TO_ABSTAIN,,292,6,5.10407105756367,1.1755322236567736,,INSUFFICIENT_EVIDENCE,[],[],unanswerable_instance_factual_answer,True,16441,FDA_0022_16K,"{'canonical_record_id': 'FDA-ANDA070745-001-product-route-c78f9f1c', 'display_id': 'R0AD69D6A29', 'distractor_type': 'OTHER_SAME_DOMAIN', 'is_gold_or_equivalent': False, 'record_value': 'ORAL'}",ORAL,OTHER_SAME_DOMAIN,False,INSUFFICIENT_EVIDENCE,oral,,ORAL,,9541238272,24538775552,"Using only the Drugs@FDA records supplied in the context, what is the route of administration for product number 002 under FDA application ANDA217395 (brand name ""SITAGLIPTIN AND METFORMIN HYDROCHLORIDE"")?",FDA_0022,UNANSWERABLE,ANSWER: ORAL,,False,False,True,FAILED_TO_ABSTAIN,False,True,FAILED_TO_ABSTAIN,,
True,False,True,True,64K,SEC,UNSUPPORTED_VALUE,,293,11,1.383217017205095,7.952475904487073,"3,706,200,000",3706200000.0,['R736D23CA70'],['SEC-0000019617-WeightedAverageNumberOfD-shares-CY2016Q2-0000019617-17-000486-68a92d76'],answer_not_matched_to_context_value,True,65333,SEC_0020_64K,,,,False,3706200000.0,3676500000.0,,3676500000.0,,18779870720,24538775552,"Using only the SEC XBRL company-facts records supplied in the context, what value did JPMORGAN CHASE & CO (CIK 0000019617) report for us-gaap:WeightedAverageNumberOfDilutedSharesOutstanding for the period ending 2016-06-30 in the MOST RECENTLY FILED version of that fact — accession 0000019617-17-000486, form 10-Q, filed 2017-08-02 — in shares? Report the exact value from that version.",SEC_0020,TEMPORAL_VERSION,ANSWER: 3676500000.0,,False,False,True,UNSUPPORTED_VALUE,False,True,UNSUPPORTED_VALUE,,
True,False,True,True,16K,CLINICAL_TRIALS,WRONG_ENTITY,,294,6,5.091926148884949,1.178336021490395,22,22.0,"['RB07E4EDA35', 'RC3A58A5C6A']","['CT-NCT00816244-enrollment-count-f0899077', 'CT-NCT00659568-enrollment-count-2e7b1c52']",answer_matches_context_distractor_value,False,16446,CT_0016_16K,"{'canonical_record_id': 'CT-NCT03742947-enrollment-count-d7b76361', 'display_id': 'R4286F8E5B7', 'distractor_type': 'WRONG_ENTITY', 'is_gold_or_equivalent': False, 'record_value': '34.0'}",34.0,WRONG_ENTITY,False,22,34,,34,,9542182400,24538775552,"Using only the ClinicalTrials.gov records supplied in the context, subtract the enrollment count of trial NCT00659568 from the enrollment count of trial NCT00816244. Report the difference as an integer number of participants.",CT_0016,RETRIEVAL_CALCULATION,ANSWER: 34,,False,False,False,WRONG_ENTITY,False,False,WRONG_ENTITY,,
True,False,True,True,4K,FRED,WRONG_VERSION,,295,9,27.811583462845668,0.32360616978257895,"21,967.045",21967.045,['R3FC177AE13'],['FRED-GDPC1-2022-04-01-latest-40d67590'],answer_matches_context_distractor_value,False,4282,FRED_0009_4K,"{'canonical_record_id': 'FRED-GDPC1-2022-04-01-2025-03-27-756f9352', 'display_id': 'RC2BE677C12', 'distractor_type': 'WRONG_VERSION', 'is_gold_or_equivalent': False, 'record_value': '21919.222'}",21919.222,WRONG_VERSION,False,21967.045,21919.222,,21919.222,,7245389312,24538775552,"Using only the FRED records supplied in the context, report the value of FRED series GDPC1 (""Gross Domestic Product""), measured in Billions of Chained 2017 Dollars, seasonally adjusted annual rate, quarterly frequency for United States on the observation dated 2022-04-01. Report the value for series GDPC1 exactly.",FRED_0009,ENTITY_UNIT_BINDING,ANSWER: 21919.222,,False,False,False,WRONG_VERSION,False,False,WRONG_VERSION,,
True,False,True,True,64K,FRED,WRONG_SERIES_VARIANT,,296,7,0.9053847680556402,7.731519511900842,"149,952",149952.0,['RE223301F8A'],['FRED-PAYNSA-2020-03-01-latest-01e51bbe'],answer_matches_context_distractor_value,False,64936,FRED_0006_64K,"{'canonical_record_id': 'FRED-PAYEMS-2020-03-01-2025-03-27-13da7126', 'display_id': 'RE331F32429', 'distractor_type': 'WRONG_SERIES_VARIANT', 'is_gold_or_equivalent': False, 'record_value': '150895.0'}",150895.0,WRONG_SERIES_VARIANT,False,149952.0,150895.0,,150895,,18704853504,24538775552,"Using only the FRED records supplied in the context, report the value of FRED series PAYNSA (""All Employees, Total Nonfarm""), measured in Thousands of Persons, not seasonally adjusted, monthly frequency for United States on the observation dated 2020-03-01. Report the value for series PAYNSA exactly.",FRED_0006,ENTITY_UNIT_BINDING,ANSWER: 150895,,False,False,False,WRONG_SERIES_VARIANT,False,False,WRONG_SERIES_VARIANT,,
True,False,True,True,64K,CLINICAL_TRIALS,UNSUPPORTED_VALUE,,297,6,0.7734919831382358,7.757029330357909,183,183.0,"['R17BA015E9B', 'R598FE34396']","['CT-NCT04656067-study-start-date-20c6e1d8', 'CT-NCT04656067-study-primary-completion-4c1f16c5']",answer_not_matched_to_context_value,True,65202,CT_0015_64K,,,,False,183,109,,109,,18755116544,24538775552,"Using only the ClinicalTrials.gov records supplied in the context, calculate the number of calendar days between the study start date and the primary completion date of trial NCT04656067 (""Comparative Study Between Oxytocin Versus Tranexamic Acid and Ethamsylate""). Report a whole number of days. Use the primary completion date, not the overall study completion date and not the last update posted date.",CT_0015,RETRIEVAL_CALCULATION,ANSWER: 109,,False,False,True,UNSUPPORTED_VALUE,False,True,UNSUPPORTED_VALUE,,
False,False,True,True,8K,SEC,UNNECESSARY_ABSTENTION,,298,10,16.25933794706217,0.6150311920791864,47.90%,47.9,"['R56B40CFAAF', 'RD05F499C85']","['SEC-0000320193-CostOfGoodsAndServicesSo-USD-CY2008-0001193125-10-238044-75b6ee2e', 'SEC-0000320193-CostOfGoodsAndServicesSo-USD-CY2007-0001193125-10-012091-a8a3cea9']",answerable_instance_unnecessary_abstention,False,8315,SEC_0014_8K,,,,False,47.9,INSUFFICIENT_EVIDENCE,,INSUFFICIENT_EVIDENCE,,8005749248,24538775552,"Using only the SEC XBRL company-facts records supplied in the context, calculate the year-over-year percentage change in Apple Inc.'s (CIK 0000320193) reported us-gaap:CostOfGoodsAndServicesSold from annual XBRL frame CY2007 to annual XBRL frame CY2008, both in USD. Use ((current - previous) / previous) * 100 and round to two decimal places.",SEC_0014,RETRIEVAL_CALCULATION,ANSWER: INSUFFICIENT_EVIDENCE,,False,False,False,UNNECESSARY_ABSTENTION,False,False,UNNECESSARY_ABSTENTION,,
False,False,True,False,64K,SEC,FAILED_TO_ABSTAIN,,299,9,1.1412330319503223,7.8862070655450225,,INSUFFICIENT_EVIDENCE,[],[],unanswerable_instance_factual_answer,True,65312,SEC_0021_64K,,,,False,INSUFFICIENT_EVIDENCE,3351000000,,3351000000,,18775902720,24538775552,"Using only the SEC XBRL company-facts records supplied in the context, what value did JPMORGAN CHASE & CO (CIK 0000019617) report for the us-gaap concept ""SellingGeneralAndAdministrativeExpense"" (Selling, General and Administrative Expense) for the annual XBRL frame CY2023?",SEC_0021,UNANSWERABLE,ANSWER: 3351000000,,False,False,True,FAILED_TO_ABSTAIN,False,True,FAILED_TO_ABSTAIN,,
True,False,True,True,8K,FDA,UNSUPPORTED_VALUE,,300,6,10.53828020543026,0.5693528624251485,5,5.0,"['R0BD4A74409', 'RE6D7B20123', 'R2931E659B5', 'R5E58A20C63', 'RC69FDCD8A4']","['FDA-NDA020357-001-product-dosage-form-fe6fb84a', 'FDA-NDA020357-002-product-dosage-form-d7f949e9', 'FDA-NDA020357-003-product-dosage-form-25562254', 'FDA-NDA020357-004-product-dosage-form-a4545c89', 'FDA-NDA020357-005-product-dosage-form-e52eba89']",answer_not_matched_to_context_value,True,8275,FDA_0013_8K,,,,False,5,9,,9,,7998192128,24538775552,"Using only the Drugs@FDA records supplied in the context, how many distinct product entries are listed under FDA application NDA020357 (sponsor: EMD SERONO INC)? Count the products belonging to that application number only, and answer with an integer.",FDA_0013,RETRIEVAL_CALCULATION,ANSWER: 9,,False,False,True,UNSUPPORTED_VALUE,False,True,UNSUPPORTED_VALUE,,
True,True,True,True,8K,SEC,CORRECT,,301,11,17.31918010913006,0.6351339919492602,"14,527,000,000",14527000000.0,['R2502756E9E'],['SEC-0000320193-IncomeTaxExpenseBenefit-USD-CY2021-0000320193-23-000106-b260dbee'],answer_only_exact_match,False,8369,SEC_0007_8K,"{'canonical_record_id': 'SEC-0000320193-IncomeTaxExpenseBenefit-USD-CY2021-0000320193-23-000106-b260dbee', 'display_id': 'R2502756E9E', 'distractor_type': None, 'is_gold_or_equivalent': True, 'record_value': '14527000000.0'}",14527000000.0,,False,14527000000.0,14527000000.0,,14527000000.0,,8015953408,24538775552,"Using only the SEC XBRL company-facts records supplied in the context, what value did Apple Inc. (CIK 0000320193) report for us-gaap:IncomeTaxExpenseBenefit for the annual XBRL frame CY2021, in USD? Report the exact value for that filer.",SEC_0007,ENTITY_UNIT_BINDING,ANSWER: 14527000000.0,,False,True,False,CORRECT,True,False,CORRECT,,
True,True,True,True,16K,FDA,CORRECT,,302,9,7.351352997467432,1.224264431744814,0.3MG,0.3MG,['RCC85D8AF27'],['FDA-ANDA216414-005-strength-LEVOTHYROXINE-SODIUM-0-5b82c64e'],answer_only_exact_match,False,16390,FDA_0007_16K,"{'canonical_record_id': 'FDA-ANDA216414-005-strength-LEVOTHYROXINE-SODIUM-0-5b82c64e', 'display_id': 'RCC85D8AF27', 'distractor_type': None, 'is_gold_or_equivalent': True, 'record_value': '0.3MG'}",0.3MG,,False,0.3mg,0.3mg,,0.3MG,,9531602432,24538775552,"Using only the Drugs@FDA records supplied in the context, what is the listed strength of LEVOTHYROXINE SODIUM in product number 005 under FDA application ANDA216414 (dosage form TABLET, route ORAL)? Report the strength string exactly as recorded.",FDA_0007,ENTITY_UNIT_BINDING,ANSWER: 0.3MG,,False,True,False,CORRECT,True,False,CORRECT,,
False,False,True,False,64K,FDA,FAILED_TO_ABSTAIN,,303,6,0.7745415469664655,7.746517954394221,,INSUFFICIENT_EVIDENCE,[],[],unanswerable_instance_factual_answer,True,65078,FDA_0025_64K,"{'canonical_record_id': 'FDA-ANDA211052-001-product-route-21107fb4', 'display_id': 'RB6C29CA40A', 'distractor_type': 'OTHER_SAME_DOMAIN', 'is_gold_or_equivalent': False, 'record_value': 'ORAL'}",ORAL,OTHER_SAME_DOMAIN,False,INSUFFICIENT_EVIDENCE,oral,,ORAL,,18731685376,24538775552,"Using only the Drugs@FDA records supplied in the context, what is the route of administration for product number 002 under FDA application ANDA216516 (brand name ""SITAGLIPTIN AND METFORMIN HYDROCHLORIDE"")?",FDA_0025,UNANSWERABLE,ANSWER: ORAL,,False,False,True,FAILED_TO_ABSTAIN,False,True,FAILED_TO_ABSTAIN,,
True,False,True,True,4K,CLINICAL_TRIALS,UNSUPPORTED_VALUE,,304,6,20.816232464323136,0.28823659662157297,"3,998",3998.0,"['RC48798EA45', 'R8682197BF1']","['CT-NCT00329628-enrollment-count-6e4800ae', 'CT-NCT00395772-enrollment-count-b6090196']",answer_not_matched_to_context_value,True,4251,CT_0011_4K,,,,False,3998,353,,353,,7239596032,24538775552,"Using only the ClinicalTrials.gov records supplied in the context, subtract the enrollment count of trial NCT00395772 from the enrollment count of trial NCT00329628. Report the difference as an integer number of participants.",CT_0011,RETRIEVAL_CALCULATION,ANSWER: 353,,False,False,True,UNSUPPORTED_VALUE,False,True,UNSUPPORTED_VALUE,,
False,False,True,False,8K,FDA,FAILED_TO_ABSTAIN,,305,6,10.504275717891515,0.5711959740146995,,INSUFFICIENT_EVIDENCE,[],[],unanswerable_instance_factual_answer,True,8302,FDA_0022_8K,"{'canonical_record_id': 'FDA-NDA202020-001-product-route-22abc8e4', 'display_id': 'RB029D931BC', 'distractor_type': 'OTHER_SAME_DOMAIN', 'is_gold_or_equivalent': False, 'record_value': 'ORAL'}",ORAL,OTHER_SAME_DOMAIN,False,INSUFFICIENT_EVIDENCE,oral,,ORAL,,8003292672,24538775552,"Using only the Drugs@FDA records supplied in the context, what is the route of administration for product number 002 under FDA application ANDA217395 (brand name ""SITAGLIPTIN AND METFORMIN HYDROCHLORIDE"")?",FDA_0022,UNANSWERABLE,ANSWER: ORAL,,False,False,True,FAILED_TO_ABSTAIN,False,True,FAILED_TO_ABSTAIN,,
True,True,True,True,16K,CLINICAL_TRIALS,CORRECT,,306,6,5.082171140016722,1.1805977867916226,226,226.0,['R3E85812DF7'],['CT-NCT02408120-enrollment-count-8faccd69'],answer_only_exact_match,False,16449,CT_0003_16K,"{'canonical_record_id': 'CT-NCT02408120-enrollment-count-8faccd69', 'display_id': 'R3E85812DF7', 'distractor_type': None, 'is_gold_or_equivalent': True, 'record_value': '226.0'}",226.0,,False,226,226,,226,,9542751744,24538775552,"Using only the ClinicalTrials.gov records supplied in the context, what enrollment count is reported for trial NCT02408120 (""Benefits of Insulin Supplementation for Correction of Hyperglycemia in Patients With Type 2 Diabetes"")? Report the actual number of participants as an integer.",CT_0003,DIRECT_RETRIEVAL,ANSWER: 226,,False,True,False,CORRECT,True,False,CORRECT,,
True,True,True,True,32K,CLINICAL_TRIALS,CORRECT,,307,6,2.1566618674936846,2.7820772882550955,388,388.0,['RC155DAD068'],['CT-NCT05502562-enrollment-count-2d4615e2'],answer_only_exact_match,False,32696,CT_0005_32K,"{'canonical_record_id': 'CT-NCT05502562-enrollment-count-2d4615e2', 'display_id': 'RC155DAD068', 'distractor_type': None, 'is_gold_or_equivalent': True, 'record_value': '388.0'}",388.0,,False,388,388,,388,,12614552064,24538775552,"Using only the ClinicalTrials.gov records supplied in the context, what enrollment count is reported for trial NCT05502562 (""A Research Study to Understand How Oral Semaglutide Works in People With Type 2 Diabetes in India"")? Report the actual number of participants as an integer.",CT_0005,DIRECT_RETRIEVAL,ANSWER: 388,,False,True,False,CORRECT,True,False,CORRECT,,
True,False,True,True,4K,FDA,UNSUPPORTED_VALUE,,308,6,21.052026733013097,0.28500818833708763,5,5.0,"['R0BD4A74409', 'RE6D7B20123', 'R2931E659B5', 'R5E58A20C63', 'RC69FDCD8A4']","['FDA-NDA020357-001-product-dosage-form-fe6fb84a', 'FDA-NDA020357-002-product-dosage-form-d7f949e9', 'FDA-NDA020357-003-product-dosage-form-25562254', 'FDA-NDA020357-004-product-dosage-form-a4545c89', 'FDA-NDA020357-005-product-dosage-form-e52eba89']",answer_not_matched_to_context_value,True,4223,FDA_0013_4K,,,,False,5,9,,9,,7234361344,24538775552,"Using only the Drugs@FDA records supplied in the context, how many distinct product entries are listed under FDA application NDA020357 (sponsor: EMD SERONO INC)? Count the products belonging to that application number only, and answer with an integer.",FDA_0013,RETRIEVAL_CALCULATION,ANSWER: 9,,False,False,True,UNSUPPORTED_VALUE,False,True,UNSUPPORTED_VALUE,,
True,False,True,True,64K,FRED,CALCULATION_ERROR,,309,8,1.0278035054867827,7.783588942140341,1.38,1.38,"['R8990F7BC23', 'RC63C1F3E93']","['FRED-DGS10-2021-03-01-latest-d3e46d51', 'FRED-FEDFUNDS-2021-03-01-latest-1bc0daea']",calculation_answer_matches_context_operand_or_value,False,64995,FRED_0013_64K,"{'canonical_record_id': 'FRED-FEDFUNDS-2021-03-01-latest-1bc0daea', 'display_id': 'RC63C1F3E93', 'distractor_type': None, 'is_gold_or_equivalent': True, 'record_value': '0.07'}",0.07,,False,1.38,0.07,,0.07,,18716002816,24538775552,"Using only the FRED records supplied in the context, subtract the value of FRED series FEDFUNDS (""Federal Funds Effective Rate""), measured in Percent, not seasonally adjusted, monthly frequency from the value of FRED series DGS10 (""Market Yield on U.S. Treasury Securities at 10-Year Constant Maturity""), measured in Percent, not seasonally adjusted, daily frequency, both for the observation dated 2021-03-01 and both taken from the most recent vintage. Report the difference in Percent, rounded to two decimal places.",FRED_0013,RETRIEVAL_CALCULATION,ANSWER: 0.07,,False,False,False,CALCULATION_ERROR,False,False,CALCULATION_ERROR,,
True,False,True,True,32K,FDA,UNSUPPORTED_VALUE,,310,6,2.156090440499696,2.782814620062709,4.0000,4.0,"['R11114F96D0', 'R0A3D977AD9']","['FDA-NDA205003-003-strength-PERINDOPRIL-ARGININE-1-c5a3b50b', 'FDA-NDA205003-001-strength-PERINDOPRIL-ARGININE-1-5d26e2a3']",answer_not_matched_to_context_value,True,32674,FDA_0014_32K,,,,False,4.0,14.0,,14,,12608626176,24538775552,"Using only the Drugs@FDA records supplied in the context, divide the PERINDOPRIL ARGININE strength of product 003 under application NDA205003 by the PERINDOPRIL ARGININE strength of product 001 under application NDA205003. Both strengths are expressed in MG; report the dimensionless ratio rounded to four decimal places.",FDA_0014,RETRIEVAL_CALCULATION,ANSWER: 14,,False,False,True,UNSUPPORTED_VALUE,False,True,UNSUPPORTED_VALUE,,
True,True,True,True,32K,CLINICAL_TRIALS,CORRECT,,311,6,2.156313729722534,2.782526455819607,24,24.0,['R900B293DCB'],['CT-NCT02262793-enrollment-count-5fd11e40'],answer_only_exact_match,False,32686,CT_0001_32K,"{'canonical_record_id': 'CT-NCT03157089-enrollment-count-99773427', 'display_id': 'RCDB71FF6C6', 'distractor_type': 'WRONG_ENTITY', 'is_gold_or_equivalent': False, 'record_value': '24.0'}",24.0,WRONG_ENTITY,False,24,24,,24,,12612908544,24538775552,"Using only the ClinicalTrials.gov records supplied in the context, what enrollment count is reported for trial NCT02262793 (""Relative Bioavailability of Telmisartan and Dipyridamole After Co-administration Compared to the Bioavailability of Telmisartan or Dipyridamole Alone in Healthy Female and Male Subjects"")? Report the actual number of participants as an integer.",CT_0001,DIRECT_RETRIEVAL,ANSWER: 24,,False,True,False,CORRECT,True,False,CORRECT,,
True,False,True,True,8K,SEC,UNSUPPORTED_VALUE,,312,8,13.412065000658062,0.5964778726920485,5.93%,5.93,"['RB1AFF6F2F5', 'R8C100B55A6']","['SEC-0000104169-OperatingIncomeLoss-USD-CY2011-0000104169-14-000019-ab2642b5', 'SEC-0000104169-Revenues-USD-CY2011-0000104169-14-000019-50faff09']",answer_not_matched_to_context_value,True,8340,SEC_0009_8K,,,,False,5.93,7.3,,7.30,,8010473984,24538775552,"Using only the SEC XBRL company-facts records supplied in the context, calculate WALMART INC.'s (CIK 0000104169) operating margin for the annual XBRL frame CY2011. Divide us-gaap:OperatingIncomeLoss by Revenues for that same company and frame, both in USD, multiply by 100, and round to two decimal places.",SEC_0009,RETRIEVAL_CALCULATION,ANSWER: 7.30,,False,False,True,UNSUPPORTED_VALUE,False,True,UNSUPPORTED_VALUE,,
True,True,True,True,16K,CLINICAL_TRIALS,CORRECT,,313,6,5.093710658494358,1.1779232081025839,38,38.0,['R0940082619'],['CT-NCT02007070-enrollment-count-774de6ac'],answer_only_exact_match,False,16453,CT_0004_16K,"{'canonical_record_id': 'CT-NCT02007070-enrollment-count-774de6ac', 'display_id': 'R0940082619', 'distractor_type': None, 'is_gold_or_equivalent': True, 'record_value': '38.0'}",38.0,,False,38,38,,38,,9543507456,24538775552,"Using only the ClinicalTrials.gov records supplied in the context, what enrollment count is reported for trial NCT02007070 (""Study of Pembrolizumab (MK-3475) in Participants With Advanced Non-small Cell Lung Cancer (MK-3475-025/KEYNOTE-025)"")? Report the actual number of participants as an integer.",CT_0004,DIRECT_RETRIEVAL,ANSWER: 38,,False,True,False,CORRECT,True,False,CORRECT,,
True,False,True,True,8K,SEC,UNSUPPORTED_VALUE,,314,8,13.514234680883595,0.5919684087857604,4.22%,4.22,"['R2940A33ABA', 'R21393EE9E8']","['SEC-0000200406-GrossProfit-USD-CY2025-0000200406-26-000016-de0a564d', 'SEC-0000200406-GrossProfit-USD-CY2024-0000200406-26-000016-ead9cf93']",answer_not_matched_to_context_value,True,8396,SEC_0015_8K,,,,False,4.22,0.0,,0.00,,8021056000,24538775552,"Using only the SEC XBRL company-facts records supplied in the context, calculate the year-over-year percentage change in Johnson & Johnson's (CIK 0000200406) reported us-gaap:GrossProfit from annual XBRL frame CY2024 to annual XBRL frame CY2025, both in USD. Use ((current - previous) / previous) * 100 and round to two decimal places.",SEC_0015,RETRIEVAL_CALCULATION,ANSWER: 0.00,,False,False,True,UNSUPPORTED_VALUE,False,True,UNSUPPORTED_VALUE,,
False,False,True,False,64K,FRED,FAILED_TO_ABSTAIN,,315,8,1.027131549024063,7.788681019097567,,INSUFFICIENT_EVIDENCE,[],[],unanswerable_instance_factual_answer,True,65001,FRED_0023_64K,"{'canonical_record_id': 'FRED-CPIAUCSL-2024-10-01-2025-03-27-fdb818fa', 'display_id': 'R414E080990', 'distractor_type': 'WRONG_PERIOD', 'is_gold_or_equivalent': False, 'record_value': '315.564'}",315.564,WRONG_PERIOD,False,INSUFFICIENT_EVIDENCE,315.564,,315.564,,18717136384,24538775552,"Using only the FRED records supplied in the context, what value does FRED report for FRED series CPIAUCSL (""Consumer Price Index for All Urban Consumers: All Items in U.S. City Average""), measured in Index 1982-1984=100, seasonally adjusted, monthly frequency, for the observation dated 2025-10-01?",FRED_0023,UNANSWERABLE,ANSWER: 315.564,,False,False,True,FAILED_TO_ABSTAIN,False,True,FAILED_TO_ABSTAIN,,
False,False,True,False,64K,FRED,FAILED_TO_ABSTAIN,,316,8,1.0272514680976887,7.787771785631776,,INSUFFICIENT_EVIDENCE,[],[],unanswerable_instance_factual_answer,True,64970,FRED_0021_64K,"{'canonical_record_id': 'FRED-FEDFUNDS-2009-12-01-latest-fcd97ff7', 'display_id': 'R3CF2610812', 'distractor_type': 'WRONG_FIELD', 'is_gold_or_equivalent': False, 'record_value': '0.12'}",0.12,WRONG_FIELD,False,INSUFFICIENT_EVIDENCE,0.12,,0.12,,18711279104,24538775552,"Using only the FRED records supplied in the context, what value does FRED report for FRED series DGS10 (""Market Yield on U.S. Treasury Securities at 10-Year Constant Maturity""), measured in Percent, not seasonally adjusted, daily frequency, for the observation dated 2009-09-07?",FRED_0021,UNANSWERABLE,ANSWER: 0.12,,False,False,True,FAILED_TO_ABSTAIN,False,True,FAILED_TO_ABSTAIN,,
True,True,True,False,8K,FRED,CORRECT,,317,10,16.15754112442662,0.6189060527831316,,INSUFFICIENT_EVIDENCE,[],[],answer_only_exact_match,False,8304,FRED_0021_8K,,,,False,INSUFFICIENT_EVIDENCE,INSUFFICIENT_EVIDENCE,,INSUFFICIENT_EVIDENCE,,8003670528,24538775552,"Using only the FRED records supplied in the context, what value does FRED report for FRED series DGS10 (""Market Yield on U.S. Treasury Securities at 10-Year Constant Maturity""), measured in Percent, not seasonally adjusted, daily frequency, for the observation dated 2009-09-07?",FRED_0021,UNANSWERABLE,ANSWER: INSUFFICIENT_EVIDENCE,,False,True,False,CORRECT,True,False,CORRECT,,
True,True,True,True,4K,FRED,CORRECT,,318,8,25.580908489684127,0.31273322459310293,3.600,3.6,['R6738C093EC'],['FRED-UNRATE-2022-10-01-latest-d6aefb1a'],answer_only_exact_match,False,4266,FRED_0005_4K,"{'canonical_record_id': 'FRED-UNRATE-2022-10-01-2025-03-27-53413c5d', 'display_id': 'R5FDD055A6C', 'distractor_type': 'WRONG_VERSION', 'is_gold_or_equivalent': False, 'record_value': '3.6'}",3.6,WRONG_VERSION,False,3.6,3.6,,3.6,,7243161088,24538775552,"Using only the FRED records supplied in the context, what value does the most recent vintage report for FRED series UNRATE (""Unemployment Rate""), measured in Percent, seasonally adjusted, monthly frequency, for the observation dated 2022-10-01 (the month beginning 2022-10-01)? Report the currently published figure exactly.",FRED_0005,DIRECT_RETRIEVAL,ANSWER: 3.6,,False,True,False,CORRECT,True,False,CORRECT,,
True,True,True,True,32K,CLINICAL_TRIALS,CORRECT,,319,6,2.1539074292082594,2.785635036416352,44,44.0,['RCA721B2F7E'],['CT-NCT02325960-enrollment-count-9b749f82'],answer_only_exact_match,False,32660,CT_0002_32K,"{'canonical_record_id': 'CT-NCT02325960-enrollment-count-9b749f82', 'display_id': 'RCA721B2F7E', 'distractor_type': None, 'is_gold_or_equivalent': True, 'record_value': '44.0'}",44.0,,False,44,44,,44,,12605981184,24538775552,"Using only the ClinicalTrials.gov records supplied in the context, what enrollment count is reported for trial NCT02325960 (""A Comparison of Exenatide and Insulin Glargine"")? Report the actual number of participants as an integer.",CT_0002,DIRECT_RETRIEVAL,ANSWER: 44,,False,True,False,CORRECT,True,False,CORRECT,,
True,False,True,True,32K,FRED,UNSUPPORTED_VALUE,,320,8,2.8265512080522264,2.830304286442697,0.21%,0.21,"['RA2C8DBEEC0', 'RE9533D1E1E']","['FRED-WGS10YR-2026-07-31-latest-b0603637', 'FRED-WGS10YR-2026-07-24-latest-4def8320']",answer_not_matched_to_context_value,True,32655,FRED_0010_32K,,,,False,0.21,0.05,,0.05,,12605037056,24538775552,"Using only the FRED records supplied in the context, calculate the percentage change in FRED series WGS10YR (""Market Yield on U.S. Treasury Securities at 10-Year Constant Maturity""), measured in Percent, not seasonally adjusted, weekly frequency between the observation dated 2026-07-24 and the observation dated 2026-07-31. Use both values from the most recent vintage, apply ((value_2026-07-31 - value_2026-07-24) / value_2026-07-24) * 100, and round to two decimal places.",FRED_0010,RETRIEVAL_CALCULATION,ANSWER: 0.05,,False,False,True,UNSUPPORTED_VALUE,False,True,UNSUPPORTED_VALUE,,
True,True,True,True,8K,SEC,CORRECT,,321,11,17.32839596985792,0.6347962049767375,"420,315,000,000",420315000000.0,['R8F1A610782'],['SEC-0000104169-CostOfRevenue-USD-CY2020-0000104169-23-000020-1292d6d2'],answer_only_exact_match,False,8324,SEC_0001_8K,"{'canonical_record_id': 'SEC-0000104169-CostOfRevenue-USD-2020-02-01-2021-01-31-0000104169-22-000012-2814a522', 'display_id': 'RC2ED36FAD3', 'distractor_type': 'WRONG_PERIOD', 'is_gold_or_equivalent': False, 'record_value': '420315000000.0'}",420315000000.0,WRONG_PERIOD,False,420315000000.0,420315000000.0,,420315000000.0,,8007451136,24538775552,"Using only the SEC XBRL company-facts records supplied in the context, what value did WALMART INC. (CIK 0000104169) report for the us-gaap concept ""CostOfRevenue"" (Cost of Revenue) for the annual XBRL frame CY2020, in USD? Report the exact reported figure.",SEC_0001,DIRECT_RETRIEVAL,ANSWER: 420315000000.0,,False,True,False,CORRECT,True,False,CORRECT,,
True,False,True,True,16K,SEC,UNSUPPORTED_VALUE,,322,8,6.631581989524687,1.2063486529514194,5.30%,5.3,"['RFD9EAF4C17', 'R0DD28E9A21']","['SEC-0001018724-OperatingIncomeLoss-USD-CY2021-0001018724-24-000008-5fb62b4b', 'SEC-0001018724-RevenueFromContractWithC-USD-CY2021-0001018724-24-000008-7f189d67']",answer_not_matched_to_context_value,True,16444,SEC_0011_16K,,,,False,5.3,3.23,,3.23,,9541804544,24538775552,"Using only the SEC XBRL company-facts records supplied in the context, calculate AMAZON COM INC's (CIK 0001018724) operating margin for the annual XBRL frame CY2021. Divide us-gaap:OperatingIncomeLoss by RevenueFromContractWithCustomerExcludingAssessedTax for that same company and frame, both in USD, multiply by 100, and round to two decimal places.",SEC_0011,RETRIEVAL_CALCULATION,ANSWER: 3.23,,False,False,True,UNSUPPORTED_VALUE,False,True,UNSUPPORTED_VALUE,,
True,True,True,True,16K,SEC,CORRECT,,323,11,8.770139033355292,1.2542560566216707,"81,770,000,000",81770000000.0,['R1ECF323D42'],['SEC-0000104169-CostOfRevenue-USD-CY2011Q2-0000104169-13-000011-eef68e4b'],answer_only_exact_match,False,16486,SEC_0018_16K,"{'canonical_record_id': 'SEC-0000104169-CostOfRevenue-USD-CY2011Q2-0000104169-13-000011-eef68e4b', 'display_id': 'R1ECF323D42', 'distractor_type': None, 'is_gold_or_equivalent': True, 'record_value': '81770000000.0'}",81770000000.0,,False,81770000000.0,81770000000.0,,81770000000.0,,9549741568,24538775552,"Using only the SEC XBRL company-facts records supplied in the context, what did WALMART INC. (CIK 0000104169) report for us-gaap:CostOfRevenue for the single quarterly XBRL frame CY2011Q2, in USD? Report the quarterly figure exactly.",SEC_0018,TEMPORAL_VERSION,ANSWER: 81770000000.0,,False,True,False,CORRECT,True,False,CORRECT,,
True,True,True,True,8K,CLINICAL_TRIALS,CORRECT,,324,6,10.472506415871216,0.572928749024868,38,38.0,['R0940082619'],['CT-NCT02007070-enrollment-count-774de6ac'],answer_only_exact_match,False,8325,CT_0004_8K,"{'canonical_record_id': 'CT-NCT02007070-enrollment-count-774de6ac', 'display_id': 'R0940082619', 'distractor_type': None, 'is_gold_or_equivalent': True, 'record_value': '38.0'}",38.0,,False,38,38,,38,,8007640576,24538775552,"Using only the ClinicalTrials.gov records supplied in the context, what enrollment count is reported for trial NCT02007070 (""Study of Pembrolizumab (MK-3475) in Participants With Advanced Non-small Cell Lung Cancer (MK-3475-025/KEYNOTE-025)"")? Report the actual number of participants as an integer.",CT_0004,DIRECT_RETRIEVAL,ANSWER: 38,,False,True,False,CORRECT,True,False,CORRECT,,
True,False,True,True,8K,CLINICAL_TRIALS,UNSUPPORTED_VALUE,,325,6,10.610399537888012,0.5654829470440745,183,183.0,"['R17BA015E9B', 'R598FE34396']","['CT-NCT04656067-study-start-date-20c6e1d8', 'CT-NCT04656067-study-primary-completion-4c1f16c5']",answer_not_matched_to_context_value,True,8349,CT_0015_8K,,,,False,183,184,,184,,8013007360,24538775552,"Using only the ClinicalTrials.gov records supplied in the context, calculate the number of calendar days between the study start date and the primary completion date of trial NCT04656067 (""Comparative Study Between Oxytocin Versus Tranexamic Acid and Ethamsylate""). Report a whole number of days. Use the primary completion date, not the overall study completion date and not the last update posted date.",CT_0015,RETRIEVAL_CALCULATION,ANSWER: 184,,False,False,True,UNSUPPORTED_VALUE,False,True,UNSUPPORTED_VALUE,,
True,False,True,True,32K,FDA,WRONG_ENTITY,,326,6,2.1574977861643667,2.7809993773698807,"TABLET, CHEWABLE","TABLET, CHEWABLE",['R2A3424790C'],['FDA-ANDA208621-001-product-dosage-form-6c6491cd'],answer_matches_context_distractor_value,False,32625,FDA_0004_32K,"{'canonical_record_id': 'FDA-ANDA216436-004-product-dosage-form-a3fdd9ce', 'display_id': 'RB5C038460B', 'distractor_type': 'WRONG_ENTITY', 'is_gold_or_equivalent': False, 'record_value': 'TABLET'}",TABLET,WRONG_ENTITY,False,"tablet, chewable",tablet,,TABLET,,12601333248,24538775552,"Using only the Drugs@FDA records supplied in the context, what DOSAGE FORM is listed for product number 001 under FDA application ANDA208621 (brand name ""MONTELUKAST SODIUM"", active ingredient MONTELUKAST SODIUM)? Answer with the dosage form exactly as recorded.",FDA_0004,DIRECT_RETRIEVAL,ANSWER: TABLET,,False,False,False,WRONG_ENTITY,False,False,WRONG_ENTITY,,
True,False,True,True,64K,FDA,WRONG_ENTITY,,327,7,0.9003296715589969,7.774929807521403,40MG,40MG,['R879DA27DB9'],['FDA-ANDA091352-003-strength-OMEPRAZOLE-0-2a6b2002'],answer_matches_context_distractor_value,False,65064,FDA_0006_64K,"{'canonical_record_id': 'FDA-ANDA207450-003-strength-OLMESARTAN-MEDOXOMIL-1-55ce92ec', 'display_id': 'R203B366733', 'distractor_type': 'WRONG_ENTITY', 'is_gold_or_equivalent': False, 'record_value': '20MG'}",20MG,WRONG_ENTITY,False,40mg,20mg,,20MG,,18729040384,24538775552,"Using only the Drugs@FDA records supplied in the context, what is the listed strength of OMEPRAZOLE in product number 003 under FDA application ANDA091352 (dosage form CAPSULE, DELAYED REL PELLETS, route ORAL)? Report the strength string exactly as recorded.",FDA_0006,ENTITY_UNIT_BINDING,ANSWER: 20MG,,False,False,False,WRONG_ENTITY,False,False,WRONG_ENTITY,,
True,False,True,True,32K,FRED,CALCULATION_ERROR,,328,8,2.8185682507092618,2.838320483453572,1.38,1.38,"['R8990F7BC23', 'RC63C1F3E93']","['FRED-DGS10-2021-03-01-latest-d3e46d51', 'FRED-FEDFUNDS-2021-03-01-latest-1bc0daea']",calculation_answer_matches_context_operand_or_value,False,32644,FRED_0013_32K,"{'canonical_record_id': 'FRED-FEDFUNDS-2021-03-01-latest-1bc0daea', 'display_id': 'RC63C1F3E93', 'distractor_type': None, 'is_gold_or_equivalent': True, 'record_value': '0.07'}",0.07,,False,1.38,0.07,,0.07,,12602958336,24538775552,"Using only the FRED records supplied in the context, subtract the value of FRED series FEDFUNDS (""Federal Funds Effective Rate""), measured in Percent, not seasonally adjusted, monthly frequency from the value of FRED series DGS10 (""Market Yield on U.S. Treasury Securities at 10-Year Constant Maturity""), measured in Percent, not seasonally adjusted, daily frequency, both for the observation dated 2021-03-01 and both taken from the most recent vintage. Report the difference in Percent, rounded to two decimal places.",FRED_0013,RETRIEVAL_CALCULATION,ANSWER: 0.07,,False,False,False,CALCULATION_ERROR,False,False,CALCULATION_ERROR,,
True,False,True,True,16K,SEC,UNSUPPORTED_VALUE,,329,8,6.680230779202796,1.1975634172558784,27.84%,27.84,"['R06322807EE', 'R76E085F168']","['SEC-0000320193-OperatingIncomeLoss-USD-CY2016-0000320193-18-000145-107a0986', 'SEC-0000320193-Revenues-USD-CY2016-0000320193-18-000145-d7aab193']",answer_not_matched_to_context_value,True,16480,SEC_0010_16K,,,,False,27.84,12.5,,12.50,,9548608000,24538775552,"Using only the SEC XBRL company-facts records supplied in the context, calculate Apple Inc.'s (CIK 0000320193) operating margin for the annual XBRL frame CY2016. Divide us-gaap:OperatingIncomeLoss by Revenues for that same company and frame, both in USD, multiply by 100, and round to two decimal places.",SEC_0010,RETRIEVAL_CALCULATION,ANSWER: 12.50,,False,False,True,UNSUPPORTED_VALUE,False,True,UNSUPPORTED_VALUE,,
True,False,True,True,64K,CLINICAL_TRIALS,WRONG_FIELD,,330,11,1.3880495905022567,7.924788909032941,2021-03-02,2021-03-02,['R0962B1F447'],['CT-NCT03969719-study-primary-completion-33d5eec0'],answer_matches_context_distractor_value,False,65149,CT_0018_64K,"{'canonical_record_id': 'CT-NCT03969719-study-last-update-posted-b68f26f0', 'display_id': 'RC087D51ACF', 'distractor_type': 'WRONG_FIELD', 'is_gold_or_equivalent': False, 'record_value': '2022-05-11'}",2022-05-11,WRONG_FIELD,False,2021-03-02,2022-05-11,,2022-05-11,,18745101824,24538775552,"Using only the ClinicalTrials.gov records supplied in the context, what is the PRIMARY COMPLETION DATE of trial NCT03969719 (""A Double-blind Study to Assess 2 Doses of an Investigational Product for 16 Weeks in Participants With Non-alcoholic Fatty Liver Disease and Type 2 Diabetes Mellitus"")? Answer in YYYY-MM-DD form.",CT_0018,ENTITY_UNIT_BINDING,ANSWER: 2022-05-11,,False,False,False,WRONG_FIELD,False,False,WRONG_FIELD,,
False,False,True,False,8K,CLINICAL_TRIALS,FAILED_TO_ABSTAIN,,331,6,10.491541686442647,0.5718892589211464,,INSUFFICIENT_EVIDENCE,[],[],unanswerable_instance_factual_answer,True,8345,CT_0025_8K,,,,False,INSUFFICIENT_EVIDENCE,18,,18,,8012444160,24538775552,"Using only the ClinicalTrials.gov records supplied in the context, what is the maximum eligible age for trial NCT02489357 (""Pembrolizumab and Cryosurgery in Treating Patients With Newly Diagnosed, Oligo-metastatic Prostate Cancer"")?",CT_0025,UNANSWERABLE,ANSWER: 18,,False,False,True,FAILED_TO_ABSTAIN,False,True,FAILED_TO_ABSTAIN,,
True,True,True,False,8K,FRED,CORRECT,,332,10,16.070325447035145,0.6222649337723851,,INSUFFICIENT_EVIDENCE,[],[],answer_only_exact_match,False,8327,FRED_0024_8K,,,,False,INSUFFICIENT_EVIDENCE,INSUFFICIENT_EVIDENCE,,INSUFFICIENT_EVIDENCE,,8008018432,24538775552,"Using only the FRED records supplied in the context, what value does FRED report for FRED series UNRATENSA (""Unemployment Rate""), measured in Percent, not seasonally adjusted, monthly frequency, for the observation dated 2025-10-01?",FRED_0024,UNANSWERABLE,ANSWER: INSUFFICIENT_EVIDENCE,,False,True,False,CORRECT,True,False,CORRECT,,
False,False,True,False,32K,CLINICAL_TRIALS,FAILED_TO_ABSTAIN,,333,11,3.7936124325928593,2.899610910564661,,INSUFFICIENT_EVIDENCE,[],[],unanswerable_instance_factual_answer,True,32691,CT_0023_32K,"{'canonical_record_id': 'CT-NCT03017950-study-last-update-posted-ce2b4201', 'display_id': 'R68834DC6DE', 'distractor_type': 'WRONG_FIELD', 'is_gold_or_equivalent': False, 'record_value': '2017-07-21'}",2017-07-21,WRONG_FIELD,False,INSUFFICIENT_EVIDENCE,2017-07-21,,2017-07-21,,12613730816,24538775552,"Using only the ClinicalTrials.gov records supplied in the context, what is the date on which results were first posted for trial NCT03017950 (""Pharmacokinetic Drug-drug Interaction of CKD-330 and D086"")?",CT_0023,UNANSWERABLE,ANSWER: 2017-07-21,,False,False,True,FAILED_TO_ABSTAIN,False,True,FAILED_TO_ABSTAIN,,
True,True,True,False,4K,SEC,CORRECT,,334,10,30.236147901364028,0.3307299604639411,,INSUFFICIENT_EVIDENCE,[],[],answer_only_exact_match,False,4247,SEC_0023_4K,,,,False,INSUFFICIENT_EVIDENCE,INSUFFICIENT_EVIDENCE,,INSUFFICIENT_EVIDENCE,,7238848512,24538775552,"Using only the SEC XBRL company-facts records supplied in the context, what value did COCA COLA CO (CIK 0000021344) report for the us-gaap concept ""AccountsPayableCurrent"" (Accounts Payable, Current) for the annual XBRL frame CY2023?",SEC_0023,UNANSWERABLE,ANSWER: INSUFFICIENT_EVIDENCE,,False,True,False,CORRECT,True,False,CORRECT,,
True,False,True,True,8K,CLINICAL_TRIALS,UNSUPPORTED_VALUE,,335,6,10.452436716479154,0.5740288281813264,"1,230",1230.0,"['RB5E1094FBC', 'RDB56C600D1']","['CT-NCT03197467-study-start-date-bf3bf559', 'CT-NCT03197467-study-primary-completion-0a5f27bb']",answer_not_matched_to_context_value,True,8359,CT_0014_8K,,,,False,1230,183,,183,,8014415360,24538775552,"Using only the ClinicalTrials.gov records supplied in the context, calculate the number of calendar days between the study start date and the primary completion date of trial NCT03197467 (""Neoadjuvant Anti PD-1 Immunotherapy in Resectable Non-small Cell Lung Cancer""). Report a whole number of days. Use the primary completion date, not the overall study completion date and not the last update posted date.",CT_0014,RETRIEVAL_CALCULATION,ANSWER: 183,,False,False,True,UNSUPPORTED_VALUE,False,True,UNSUPPORTED_VALUE,,
True,False,True,True,32K,FDA,WRONG_ENTITY,,336,9,3.1603794781097423,2.847759284079075,0.3MG,0.3MG,['RCC85D8AF27'],['FDA-ANDA216414-005-strength-LEVOTHYROXINE-SODIUM-0-5b82c64e'],answer_matches_context_distractor_value,False,32625,FDA_0007_32K,"{'canonical_record_id': 'FDA-ANDA216414-001-strength-LEVOTHYROXINE-SODIUM-0-0cab164a', 'display_id': 'R8641D77CAD', 'distractor_type': 'WRONG_ENTITY', 'is_gold_or_equivalent': False, 'record_value': '0.137MG'}",0.137MG,WRONG_ENTITY,False,0.3mg,0.137mg,,0.137MG,,12601333248,24538775552,"Using only the Drugs@FDA records supplied in the context, what is the listed strength of LEVOTHYROXINE SODIUM in product number 005 under FDA application ANDA216414 (dosage form TABLET, route ORAL)? Report the strength string exactly as recorded.",FDA_0007,ENTITY_UNIT_BINDING,ANSWER: 0.137MG,,False,False,False,WRONG_ENTITY,False,False,WRONG_ENTITY,,
True,False,True,True,32K,FRED,WRONG_UNIT,,337,9,3.164056466560646,2.844449868425727,"19,478.893",19478.893,['RB8F86F5A81'],['FRED-GDPC1-2021-07-01-2022-06-29-07175b9f'],answer_matches_context_distractor_value,False,32576,FRED_0020_32K,"{'canonical_record_id': 'FRED-GDP-2021-07-01-2025-03-27-086776f9', 'display_id': 'R1E646B9691', 'distractor_type': 'WRONG_UNIT', 'is_gold_or_equivalent': False, 'record_value': '23921.991'}",23921.991,WRONG_UNIT,False,19478.893,23921.991,,23921.991,,12590107136,24538775552,"Using only the FRED/ALFRED records supplied in the context, what value did FRED series GDPC1 (""Gross Domestic Product""), measured in Billions of Chained 2017 Dollars, seasonally adjusted annual rate, quarterly frequency show for the observation dated 2021-07-01 **as of the vintage date 2022-06-29**? Report the value from that vintage exactly.",FRED_0020,TEMPORAL_VERSION,ANSWER: 23921.991,,False,False,False,WRONG_UNIT,False,False,WRONG_UNIT,,
True,True,True,True,16K,FRED,CORRECT,,338,8,6.618828761454666,1.208673058077693,3.600,3.6,['R6738C093EC'],['FRED-UNRATE-2022-10-01-latest-d6aefb1a'],answer_only_exact_match,False,16398,FRED_0005_16K,"{'canonical_record_id': 'FRED-ILUR-2019-11-01-latest-34ea0a79', 'display_id': 'RF7E6FD6DDA', 'distractor_type': 'NEAR_MATCH_VALUE', 'is_gold_or_equivalent': False, 'record_value': '3.6'}",3.6,NEAR_MATCH_VALUE,False,3.6,3.6,,3.6,,9533113856,24538775552,"Using only the FRED records supplied in the context, what value does the most recent vintage report for FRED series UNRATE (""Unemployment Rate""), measured in Percent, seasonally adjusted, monthly frequency, for the observation dated 2022-10-01 (the month beginning 2022-10-01)? Report the currently published figure exactly.",FRED_0005,DIRECT_RETRIEVAL,ANSWER: 3.6,,False,True,False,CORRECT,True,False,CORRECT,,
True,False,True,True,8K,FRED,CALCULATION_ERROR,,339,8,13.545900425731023,0.5905845863744617,-0.80,-0.8,"['R1A8E962D0A', 'R76E44176D1']","['FRED-GS10-2023-01-01-latest-c14fc7b9', 'FRED-FEDFUNDS-2023-01-01-latest-42e74d6d']",calculation_answer_matches_context_operand_or_value,False,8312,FRED_0014_8K,"{'canonical_record_id': 'FRED-GS10-2023-01-01-latest-c14fc7b9', 'display_id': 'R1A8E962D0A', 'distractor_type': None, 'is_gold_or_equivalent': True, 'record_value': '3.53'}",3.53,,False,-0.8,3.53,,3.53,,8005181952,24538775552,"Using only the FRED records supplied in the context, subtract the value of FRED series FEDFUNDS (""Federal Funds Effective Rate""), measured in Percent, not seasonally adjusted, monthly frequency from the value of FRED series GS10 (""Market Yield on U.S. Treasury Securities at 10-Year Constant Maturity""), measured in Percent, not seasonally adjusted, monthly frequency, both for the observation dated 2023-01-01 and both taken from the most recent vintage. Report the difference in Percent, rounded to two decimal places.",FRED_0014,RETRIEVAL_CALCULATION,ANSWER: 3.53,,False,False,False,CALCULATION_ERROR,False,False,CALCULATION_ERROR,,
True,True,True,False,8K,SEC,CORRECT,,340,10,16.072870902451385,0.6221663858741522,,INSUFFICIENT_EVIDENCE,[],[],answer_only_exact_match,False,8375,SEC_0023_8K,,,,False,INSUFFICIENT_EVIDENCE,INSUFFICIENT_EVIDENCE,,INSUFFICIENT_EVIDENCE,,8017086976,24538775552,"Using only the SEC XBRL company-facts records supplied in the context, what value did COCA COLA CO (CIK 0000021344) report for the us-gaap concept ""AccountsPayableCurrent"" (Accounts Payable, Current) for the annual XBRL frame CY2023?",SEC_0023,UNANSWERABLE,ANSWER: INSUFFICIENT_EVIDENCE,,False,True,False,CORRECT,True,False,CORRECT,,
False,False,True,False,8K,FDA,FAILED_TO_ABSTAIN,,341,6,10.493945995235874,0.5717582311481237,,INSUFFICIENT_EVIDENCE,[],[],unanswerable_instance_factual_answer,True,8329,FDA_0021_8K,"{'canonical_record_id': 'FDA-ANDA084341-001-product-route-9ca326b5', 'display_id': 'R14915603F7', 'distractor_type': 'OTHER_SAME_DOMAIN', 'is_gold_or_equivalent': False, 'record_value': 'ORAL'}",ORAL,OTHER_SAME_DOMAIN,False,INSUFFICIENT_EVIDENCE,oral,,ORAL,,8008396288,24538775552,"Using only the Drugs@FDA records supplied in the context, what is the route of administration for product number 001 under FDA application ANDA215255 (brand name ""CANAGLIFLOZIN AND METFORMIN HYDROCHLORIDE"")?",FDA_0021,UNANSWERABLE,ANSWER: ORAL,,False,False,True,FAILED_TO_ABSTAIN,False,True,FAILED_TO_ABSTAIN,,
True,True,True,False,32K,FRED,CORRECT,,342,10,3.4984498049684176,2.858408883213997,,INSUFFICIENT_EVIDENCE,[],[],answer_only_exact_match,False,32548,FRED_0024_32K,,,,False,INSUFFICIENT_EVIDENCE,INSUFFICIENT_EVIDENCE,,INSUFFICIENT_EVIDENCE,,12584817152,24538775552,"Using only the FRED records supplied in the context, what value does FRED report for FRED series UNRATENSA (""Unemployment Rate""), measured in Percent, not seasonally adjusted, monthly frequency, for the observation dated 2025-10-01?",FRED_0024,UNANSWERABLE,ANSWER: INSUFFICIENT_EVIDENCE,,False,True,False,CORRECT,True,False,CORRECT,,
True,True,True,True,8K,SEC,CORRECT,,343,11,17.250214001040582,0.6376732485368848,"3,706,200,000",3706200000.0,['R736D23CA70'],['SEC-0000019617-WeightedAverageNumberOfD-shares-CY2016Q2-0000019617-17-000486-68a92d76'],answer_only_exact_match,False,8427,SEC_0020_8K,"{'canonical_record_id': 'SEC-0000019617-WeightedAverageNumberOfD-shares-CY2016Q2-0000019617-17-000486-68a92d76', 'display_id': 'R736D23CA70', 'distractor_type': None, 'is_gold_or_equivalent': True, 'record_value': '3706200000.0'}",3706200000.0,,False,3706200000.0,3706200000.0,,3706200000.0,,8026913280,24538775552,"Using only the SEC XBRL company-facts records supplied in the context, what value did JPMORGAN CHASE & CO (CIK 0000019617) report for us-gaap:WeightedAverageNumberOfDilutedSharesOutstanding for the period ending 2016-06-30 in the MOST RECENTLY FILED version of that fact — accession 0000019617-17-000486, form 10-Q, filed 2017-08-02 — in shares? Report the exact value from that version.",SEC_0020,TEMPORAL_VERSION,ANSWER: 3706200000.0,,False,True,False,CORRECT,True,False,CORRECT,,
True,False,True,True,4K,SEC,UNSUPPORTED_VALUE,,344,8,26.18816045103831,0.3054815558716655,5.30%,5.3,"['RFD9EAF4C17', 'R0DD28E9A21']","['SEC-0001018724-OperatingIncomeLoss-USD-CY2021-0001018724-24-000008-5fb62b4b', 'SEC-0001018724-RevenueFromContractWithC-USD-CY2021-0001018724-24-000008-7f189d67']",answer_not_matched_to_context_value,True,4223,SEC_0011_4K,,,,False,5.3,3.23,,3.23,,7234361344,24538775552,"Using only the SEC XBRL company-facts records supplied in the context, calculate AMAZON COM INC's (CIK 0001018724) operating margin for the annual XBRL frame CY2021. Divide us-gaap:OperatingIncomeLoss by RevenueFromContractWithCustomerExcludingAssessedTax for that same company and frame, both in USD, multiply by 100, and round to two decimal places.",SEC_0011,RETRIEVAL_CALCULATION,ANSWER: 3.23,,False,False,True,UNSUPPORTED_VALUE,False,True,UNSUPPORTED_VALUE,,
True,True,True,False,4K,FRED,CORRECT,,345,10,29.322176204253058,0.3410388072952628,,INSUFFICIENT_EVIDENCE,[],[],answer_only_exact_match,False,4254,FRED_0021_4K,,,,False,INSUFFICIENT_EVIDENCE,INSUFFICIENT_EVIDENCE,,INSUFFICIENT_EVIDENCE,,7240156672,24538775552,"Using only the FRED records supplied in the context, what value does FRED report for FRED series DGS10 (""Market Yield on U.S. Treasury Securities at 10-Year Constant Maturity""), measured in Percent, not seasonally adjusted, daily frequency, for the observation dated 2009-09-07?",FRED_0021,UNANSWERABLE,ANSWER: INSUFFICIENT_EVIDENCE,,False,True,False,CORRECT,True,False,CORRECT,,
True,True,True,True,4K,SEC,CORRECT,,346,9,27.34700990150833,0.3291036216542125,"420,315,000,000",420315000000.0,['R8F1A610782'],['SEC-0000104169-CostOfRevenue-USD-CY2020-0000104169-23-000020-1292d6d2'],answer_only_exact_match,False,4308,SEC_0001_4K,"{'canonical_record_id': 'SEC-0000104169-CostOfRevenue-USD-CY2020-0000104169-23-000020-1292d6d2', 'display_id': 'R8F1A610782', 'distractor_type': None, 'is_gold_or_equivalent': True, 'record_value': '420315000000.0'}",420315000000.0,,False,420315000000.0,420315000000.0,,420315000000,,7250250240,24538775552,"Using only the SEC XBRL company-facts records supplied in the context, what value did WALMART INC. (CIK 0000104169) report for the us-gaap concept ""CostOfRevenue"" (Cost of Revenue) for the annual XBRL frame CY2020, in USD? Report the exact reported figure.",SEC_0001,DIRECT_RETRIEVAL,ANSWER: 420315000000,,False,True,False,CORRECT,True,False,CORRECT,,
True,True,True,True,8K,FRED,CORRECT,,347,9,14.72349844182111,0.6112677659839392,"150,895",150895.0,['RD6965D00CC'],['FRED-PAYEMS-2020-03-01-latest-c12aef71'],answer_only_exact_match,False,8286,FRED_0001_8K,"{'canonical_record_id': 'FRED-PAYEMS-2020-03-01-2025-03-27-13da7126', 'display_id': 'RE331F32429', 'distractor_type': 'WRONG_VERSION', 'is_gold_or_equivalent': False, 'record_value': '150895.0'}",150895.0,WRONG_VERSION,False,150895.0,150895.0,,150895.0,,8000269824,24538775552,"Using only the FRED records supplied in the context, what value does the most recent vintage report for FRED series PAYEMS (""All Employees, Total Nonfarm""), measured in Thousands of Persons, seasonally adjusted, monthly frequency, for the observation dated 2020-03-01 (the month beginning 2020-03-01)? Report the currently published figure exactly.",FRED_0001,DIRECT_RETRIEVAL,ANSWER: 150895.0,,False,True,False,CORRECT,True,False,CORRECT,,
True,True,True,True,32K,CLINICAL_TRIALS,CORRECT,,348,9,3.153646186548169,2.853839482180774,PLACEBO_COMPARATOR,PLACEBO_COMPARATOR,['R3A6D2D6B08'],['CT-NCT01728636-arm-type-Placebo-1-34edfc87'],answer_only_exact_match,False,32736,CT_0007_32K,"{'canonical_record_id': 'CT-NCT04074161-arm-type-Placebo-semaglutide-1-c997b70d', 'display_id': 'RB589998C7D', 'distractor_type': 'WRONG_ENTITY', 'is_gold_or_equivalent': False, 'record_value': 'PLACEBO_COMPARATOR'}",PLACEBO_COMPARATOR,WRONG_ENTITY,False,placebo_comparator,placebo_comparator,,PLACEBO_COMPARATOR,,12622176768,24538775552,"Using only the ClinicalTrials.gov records supplied in the context, what is the arm-group TYPE of the arm labelled ""Placebo"" in trial NCT01728636 (""The Use of Tranexamic Acid to Reduce Perioperative Blood Loss During High Risk Spine Fusion Surgery"")? Answer with the ClinicalTrials.gov arm type value (for example EXPERIMENTAL, ACTIVE_COMPARATOR, PLACEBO_COMPARATOR, SHAM_COMPARATOR, NO_INTERVENTION or OTHER).",CT_0007,ENTITY_UNIT_BINDING,ANSWER: PLACEBO_COMPARATOR,,False,True,False,CORRECT,True,False,CORRECT,,
True,True,True,True,64K,FRED,CORRECT,,349,8,1.0274303878380373,7.786415600217879,298.786,298.786,['RDD544BBD97'],['FRED-CPIAUCSL-2022-11-01-latest-8c203ccd'],answer_only_exact_match,False,65007,FRED_0003_64K,"{'canonical_record_id': 'FRED-CPIAUCSL-2022-11-01-latest-8c203ccd', 'display_id': 'RDD544BBD97', 'distractor_type': None, 'is_gold_or_equivalent': True, 'record_value': '298.786'}",298.786,,False,298.786,298.786,,298.786,,18718269952,24538775552,"Using only the FRED records supplied in the context, what value does the most recent vintage report for FRED series CPIAUCSL (""Consumer Price Index for All Urban Consumers: All Items in U.S. City Average""), measured in Index 1982-1984=100, seasonally adjusted, monthly frequency, for the observation dated 2022-11-01 (the month beginning 2022-11-01)? Report the currently published figure exactly.",FRED_0003,DIRECT_RETRIEVAL,ANSWER: 298.786,,False,True,False,CORRECT,True,False,CORRECT,,
True,True,True,False,16K,FRED,CORRECT,,350,10,8.337553615750473,1.1993925869464874,,INSUFFICIENT_EVIDENCE,[],[],answer_only_exact_match,False,16339,FRED_0022_16K,,,,False,INSUFFICIENT_EVIDENCE,INSUFFICIENT_EVIDENCE,,INSUFFICIENT_EVIDENCE,,9521988096,24538775552,"Using only the FRED records supplied in the context, what value does FRED report for FRED series ILUR (""Unemployment Rate""), measured in Percent, seasonally adjusted, monthly frequency, for the observation dated 2025-10-01?",FRED_0022,UNANSWERABLE,ANSWER: INSUFFICIENT_EVIDENCE,,False,True,False,CORRECT,True,False,CORRECT,,
True,False,True,True,64K,CLINICAL_TRIALS,UNSUPPORTED_VALUE,,351,6,0.7742795044469263,7.749139639548957,"1,230",1230.0,"['RB5E1094FBC', 'RDB56C600D1']","['CT-NCT03197467-study-start-date-bf3bf559', 'CT-NCT03197467-study-primary-completion-0a5f27bb']",answer_not_matched_to_context_value,True,65196,CT_0014_64K,,,,False,1230,102,,102,,18753982976,24538775552,"Using only the ClinicalTrials.gov records supplied in the context, calculate the number of calendar days between the study start date and the primary completion date of trial NCT03197467 (""Neoadjuvant Anti PD-1 Immunotherapy in Resectable Non-small Cell Lung Cancer""). Report a whole number of days. Use the primary completion date, not the overall study completion date and not the last update posted date.",CT_0014,RETRIEVAL_CALCULATION,ANSWER: 102,,False,False,True,UNSUPPORTED_VALUE,False,True,UNSUPPORTED_VALUE,,
True,False,True,True,8K,SEC,WRONG_ENTITY,,352,9,14.740943161150646,0.6105443798005581,"281,724,000,000",281724000000.0,['RAAC7EB50F6'],['SEC-0000789019-RevenueFromContractWithC-USD-CY2025-0001193125-26-323660-5c456092'],answer_matches_context_distractor_value,False,8372,SEC_0003_8K,"{'canonical_record_id': 'SEC-0000200406-RevenueFromContractWithC-USD-CY2025-0000200406-26-000016-b5551ceb', 'display_id': 'RF54B95B52C', 'distractor_type': 'WRONG_ENTITY', 'is_gold_or_equivalent': False, 'record_value': '94193000000.0'}",94193000000.0,WRONG_ENTITY,False,281724000000.0,94193000000.0,,94193000000,,8016519680,24538775552,"Using only the SEC XBRL company-facts records supplied in the context, what value did MICROSOFT CORPORATION (CIK 0000789019) report for the us-gaap concept ""RevenueFromContractWithCustomerExcludingAssessedTax"" (Revenue from Contract with Customer, Excluding Assessed Tax) for the annual XBRL frame CY2025, in USD? Report the exact reported figure.",SEC_0003,DIRECT_RETRIEVAL,ANSWER: 94193000000,,False,False,False,WRONG_ENTITY,False,False,WRONG_ENTITY,,
True,True,True,True,32K,CLINICAL_TRIALS,CORRECT,,353,11,3.8009508110345154,2.8940127212554216,2018-04-25,2018-04-25,['R91B4903946'],['CT-NCT02746185-study-primary-completion-35ff3c07'],answer_only_exact_match,False,32623,CT_0017_32K,"{'canonical_record_id': 'CT-NCT02746185-study-primary-completion-35ff3c07', 'display_id': 'R91B4903946', 'distractor_type': None, 'is_gold_or_equivalent': True, 'record_value': '2018-04-25'}",2018-04-25,,False,2018-04-25,2018-04-25,,2018-04-25,,12601217536,24538775552,"Using only the ClinicalTrials.gov records supplied in the context, what is the PRIMARY COMPLETION DATE of trial NCT02746185 (""Cancer Associated Thrombosis, a Pilot Treatment Study Using Rivaroxaban"")? Answer in YYYY-MM-DD form.",CT_0017,ENTITY_UNIT_BINDING,ANSWER: 2018-04-25,,False,True,False,CORRECT,True,False,CORRECT,,
False,False,True,False,4K,FDA,FAILED_TO_ABSTAIN,,354,6,20.876245829227276,0.28740799706429243,,INSUFFICIENT_EVIDENCE,[],[],unanswerable_instance_factual_answer,True,4268,FDA_0022_4K,"{'canonical_record_id': 'FDA-ANDA207762-004-product-route-0b880874', 'display_id': 'R6193D40297', 'distractor_type': 'OTHER_SAME_DOMAIN', 'is_gold_or_equivalent': False, 'record_value': 'ORAL'}",ORAL,OTHER_SAME_DOMAIN,False,INSUFFICIENT_EVIDENCE,oral,,ORAL,,7243346432,24538775552,"Using only the Drugs@FDA records supplied in the context, what is the route of administration for product number 002 under FDA application ANDA217395 (brand name ""SITAGLIPTIN AND METFORMIN HYDROCHLORIDE"")?",FDA_0022,UNANSWERABLE,ANSWER: ORAL,,False,False,True,FAILED_TO_ABSTAIN,False,True,FAILED_TO_ABSTAIN,,
False,False,True,False,8K,FDA,FAILED_TO_ABSTAIN,,355,6,10.437095445663351,0.5748725812882185,,INSUFFICIENT_EVIDENCE,[],[],unanswerable_instance_factual_answer,True,8309,FDA_0024_8K,"{'canonical_record_id': 'FDA-NDA021924-011-product-route-f39990ee', 'display_id': 'R8AB74CA3AD', 'distractor_type': 'OTHER_SAME_DOMAIN', 'is_gold_or_equivalent': False, 'record_value': 'ORAL'}",ORAL,OTHER_SAME_DOMAIN,False,INSUFFICIENT_EVIDENCE,oral,,ORAL,,8004615680,24538775552,"Using only the Drugs@FDA records supplied in the context, what is the route of administration for product number 004 under FDA application ANDA214494 (brand name ""SITAGLIPTIN AND METFORMIN HYDROCHLORIDE"")?",FDA_0024,UNANSWERABLE,ANSWER: ORAL,,False,False,True,FAILED_TO_ABSTAIN,False,True,FAILED_TO_ABSTAIN,,
False,False,True,False,64K,FDA,FAILED_TO_ABSTAIN,,356,6,0.7751897415996362,7.740040506236255,,INSUFFICIENT_EVIDENCE,[],[],unanswerable_instance_factual_answer,True,65072,FDA_0022_64K,"{'canonical_record_id': 'FDA-ANDA209288-001-product-route-2af0ce0e', 'display_id': 'R95B88FA9EF', 'distractor_type': 'OTHER_SAME_DOMAIN', 'is_gold_or_equivalent': False, 'record_value': 'ORAL'}",ORAL,OTHER_SAME_DOMAIN,False,INSUFFICIENT_EVIDENCE,oral,,ORAL,,18730551808,24538775552,"Using only the Drugs@FDA records supplied in the context, what is the route of administration for product number 002 under FDA application ANDA217395 (brand name ""SITAGLIPTIN AND METFORMIN HYDROCHLORIDE"")?",FDA_0022,UNANSWERABLE,ANSWER: ORAL,,False,False,True,FAILED_TO_ABSTAIN,False,True,FAILED_TO_ABSTAIN,,
False,False,True,False,8K,CLINICAL_TRIALS,FAILED_TO_ABSTAIN,,357,11,17.0789176765578,0.6440689163282514,,INSUFFICIENT_EVIDENCE,[],[],unanswerable_instance_factual_answer,True,8318,CT_0023_8K,"{'canonical_record_id': 'CT-NCT03017950-study-first-posted-date-9baf4d6d', 'display_id': 'R370A824EC1', 'distractor_type': 'WRONG_FIELD', 'is_gold_or_equivalent': False, 'record_value': '2017-01-11'}",2017-01-11,WRONG_FIELD,False,INSUFFICIENT_EVIDENCE,2017-01-11,,2017-01-11,,8006315520,24538775552,"Using only the ClinicalTrials.gov records supplied in the context, what is the date on which results were first posted for trial NCT03017950 (""Pharmacokinetic Drug-drug Interaction of CKD-330 and D086"")?",CT_0023,UNANSWERABLE,ANSWER: 2017-01-11,,False,False,True,FAILED_TO_ABSTAIN,False,True,FAILED_TO_ABSTAIN,,
True,False,True,True,32K,FDA,UNSUPPORTED_VALUE,,358,6,2.1567041758882177,2.7820227118209004,3,3.0,"['R84E3920385', 'RA919FF4E94', 'R072387E691']","['FDA-ANDA217066-001-product-dosage-form-c729e56e', 'FDA-ANDA217066-002-product-dosage-form-61bdc384', 'FDA-ANDA217066-003-product-dosage-form-8625f203']",answer_not_matched_to_context_value,True,32649,FDA_0012_32K,,,,False,3,7,,7,,12603903488,24538775552,"Using only the Drugs@FDA records supplied in the context, how many distinct product entries are listed under FDA application ANDA217066 (sponsor: ZYDUS PHARMS)? Count the products belonging to that application number only, and answer with an integer.",FDA_0012,RETRIEVAL_CALCULATION,ANSWER: 7,,False,False,True,UNSUPPORTED_VALUE,False,True,UNSUPPORTED_VALUE,,
True,True,True,False,4K,FRED,CORRECT,,359,10,30.08515240290408,0.3323898734524846,,INSUFFICIENT_EVIDENCE,[],[],answer_only_exact_match,False,4244,FRED_0025_4K,,,,False,INSUFFICIENT_EVIDENCE,INSUFFICIENT_EVIDENCE,,INSUFFICIENT_EVIDENCE,,7238287872,24538775552,"Using only the FRED records supplied in the context, what value does FRED report for FRED series FLUR (""Unemployment Rate""), measured in Percent, seasonally adjusted, monthly frequency, for the observation dated 2025-10-01?",FRED_0025,UNANSWERABLE,ANSWER: INSUFFICIENT_EVIDENCE,,False,True,False,CORRECT,True,False,CORRECT,,
True,True,True,False,32K,SEC,CORRECT,,360,10,3.470887813864633,2.881107237190008,,INSUFFICIENT_EVIDENCE,[],[],answer_only_exact_match,False,32725,SEC_0022_32K,,,,False,INSUFFICIENT_EVIDENCE,INSUFFICIENT_EVIDENCE,,INSUFFICIENT_EVIDENCE,,12620729856,24538775552,"Using only the SEC XBRL company-facts records supplied in the context, what value did WALMART INC. (CIK 0000104169) report for the us-gaap concept ""AccountsReceivableNetCurrent"" (Accounts Receivable, after Allowance for Credit Loss, Current) for the annual XBRL frame CY2023?",SEC_0022,UNANSWERABLE,ANSWER: INSUFFICIENT_EVIDENCE,,False,True,False,CORRECT,True,False,CORRECT,,
True,True,True,True,4K,FRED,CORRECT,,361,8,25.06707768193612,0.3191437032073736,256.192,256.192,['RC7F25391A0'],['FRED-CPIAUCSL-2020-04-01-2021-04-29-84ebc6c4'],answer_only_exact_match,False,4302,FRED_0018_4K,"{'canonical_record_id': 'FRED-CPIAUCSL-2020-04-01-2021-07-29-34f0866a', 'display_id': 'RFDFAC66EB5', 'distractor_type': 'WRONG_VERSION', 'is_gold_or_equivalent': False, 'record_value': '256.192'}",256.192,WRONG_VERSION,False,256.192,256.192,,256.192,,7249128960,24538775552,"Using only the FRED/ALFRED records supplied in the context, what value did FRED series CPIAUCSL (""Consumer Price Index for All Urban Consumers: All Items in U.S. City Average""), measured in Index 1982-1984=100, seasonally adjusted, monthly frequency show for the observation dated 2020-04-01 **as of the vintage date 2021-04-29**? Report the value from that vintage exactly.",FRED_0018,TEMPORAL_VERSION,ANSWER: 256.192,,False,True,False,CORRECT,True,False,CORRECT,,
True,False,True,True,64K,CLINICAL_TRIALS,UNSUPPORTED_VALUE,,362,7,0.8999579788235263,7.778140940703452,"49,951",49951.0,"['RD6CDBA54B0', 'R82C4CF9445']","['CT-NCT02591732-enrollment-count-56570d04', 'CT-NCT01907048-enrollment-count-ccb37ce0']",answer_not_matched_to_context_value,True,65141,CT_0012_64K,,,,False,49951,117174,,117174,,18743590400,24538775552,"Using only the ClinicalTrials.gov records supplied in the context, subtract the enrollment count of trial NCT01907048 from the enrollment count of trial NCT02591732. Report the difference as an integer number of participants.",CT_0012,RETRIEVAL_CALCULATION,ANSWER: 117174,,False,False,True,UNSUPPORTED_VALUE,False,True,UNSUPPORTED_VALUE,,
True,False,True,True,16K,CLINICAL_TRIALS,UNSUPPORTED_VALUE,,363,6,5.057701333163464,1.186309670098126,"1,230",1230.0,"['RB5E1094FBC', 'RDB56C600D1']","['CT-NCT03197467-study-start-date-bf3bf559', 'CT-NCT03197467-study-primary-completion-0a5f27bb']",answer_not_matched_to_context_value,True,16438,CT_0014_16K,,,,False,1230,184,,184,,9540670976,24538775552,"Using only the ClinicalTrials.gov records supplied in the context, calculate the number of calendar days between the study start date and the primary completion date of trial NCT03197467 (""Neoadjuvant Anti PD-1 Immunotherapy in Resectable Non-small Cell Lung Cancer""). Report a whole number of days. Use the primary completion date, not the overall study completion date and not the last update posted date.",CT_0014,RETRIEVAL_CALCULATION,ANSWER: 184,,False,False,True,UNSUPPORTED_VALUE,False,True,UNSUPPORTED_VALUE,,
True,False,True,True,32K,FDA,WRONG_ENTITY,,364,7,2.4843813224587765,2.817602892406285,40MG,40MG,['R879DA27DB9'],['FDA-ANDA091352-003-strength-OMEPRAZOLE-0-2a6b2002'],answer_matches_context_distractor_value,False,32657,FDA_0006_32K,"{'canonical_record_id': 'FDA-ANDA077215-003-strength-BENAZEPRIL-HYDROCHLORIDE-1-6732fb54', 'display_id': 'RF8E3957411', 'distractor_type': 'WRONG_ENTITY', 'is_gold_or_equivalent': False, 'record_value': '20MG'}",20MG,WRONG_ENTITY,False,40mg,20mg,,20MG,,12605414912,24538775552,"Using only the Drugs@FDA records supplied in the context, what is the listed strength of OMEPRAZOLE in product number 003 under FDA application ANDA091352 (dosage form CAPSULE, DELAYED REL PELLETS, route ORAL)? Report the strength string exactly as recorded.",FDA_0006,ENTITY_UNIT_BINDING,ANSWER: 20MG,,False,False,False,WRONG_ENTITY,False,False,WRONG_ENTITY,,
True,False,True,True,32K,CLINICAL_TRIALS,WRONG_ENTITY,,365,6,2.15503555201514,2.784176805987954,22,22.0,"['RB07E4EDA35', 'RC3A58A5C6A']","['CT-NCT00816244-enrollment-count-f0899077', 'CT-NCT00659568-enrollment-count-2e7b1c52']",answer_matches_context_distractor_value,False,32677,CT_0016_32K,"{'canonical_record_id': 'CT-NCT01068665-enrollment-count-ecda5e93', 'display_id': 'R691293132B', 'distractor_type': 'WRONG_ENTITY', 'is_gold_or_equivalent': False, 'record_value': '460.0'}",460.0,WRONG_ENTITY,False,22,460,,460,,12609193472,24538775552,"Using only the ClinicalTrials.gov records supplied in the context, subtract the enrollment count of trial NCT00659568 from the enrollment count of trial NCT00816244. Report the difference as an integer number of participants.",CT_0016,RETRIEVAL_CALCULATION,ANSWER: 460,,False,False,False,WRONG_ENTITY,False,False,WRONG_ENTITY,,
True,True,True,True,4K,FDA,CORRECT,,366,6,20.86550868068449,0.2875558938831091,TABLET,TABLET,['R89F59D6895'],['FDA-ANDA075999-006-product-dosage-form-a7cba6df'],answer_only_exact_match,False,4257,FDA_0003_4K,"{'canonical_record_id': 'FDA-ANDA205199-008-product-dosage-form-18edbe0e', 'display_id': 'REE6775A1EA', 'distractor_type': 'WRONG_ENTITY', 'is_gold_or_equivalent': False, 'record_value': 'TABLET'}",TABLET,WRONG_ENTITY,False,tablet,tablet,,TABLET,,7240717312,24538775552,"Using only the Drugs@FDA records supplied in the context, what DOSAGE FORM is listed for product number 006 under FDA application ANDA075999 (brand name ""LISINOPRIL"", active ingredient LISINOPRIL)? Answer with the dosage form exactly as recorded.",FDA_0003,DIRECT_RETRIEVAL,ANSWER: TABLET,,False,True,False,CORRECT,True,False,CORRECT,,
False,False,True,False,8K,FDA,FAILED_TO_ABSTAIN,,367,6,10.443102120481345,0.5745419254526496,,INSUFFICIENT_EVIDENCE,[],[],unanswerable_instance_factual_answer,True,8267,FDA_0023_8K,"{'canonical_record_id': 'FDA-ANDA076764-003-product-route-f3439399', 'display_id': 'R8FE0C78A9E', 'distractor_type': 'OTHER_SAME_DOMAIN', 'is_gold_or_equivalent': False, 'record_value': 'ORAL'}",ORAL,OTHER_SAME_DOMAIN,False,INSUFFICIENT_EVIDENCE,oral,,ORAL,,7996680704,24538775552,"Using only the Drugs@FDA records supplied in the context, what is the route of administration for product number 003 under FDA application ANDA219296 (brand name ""SITAGLIPTIN AND METFORMIN HYDROCHLORIDE"")?",FDA_0023,UNANSWERABLE,ANSWER: ORAL,,False,False,True,FAILED_TO_ABSTAIN,False,True,FAILED_TO_ABSTAIN,,
True,False,True,True,8K,SEC,UNSUPPORTED_VALUE,,368,8,13.426735426309934,0.5958261443302035,5.30%,5.3,"['RFD9EAF4C17', 'R0DD28E9A21']","['SEC-0001018724-OperatingIncomeLoss-USD-CY2021-0001018724-24-000008-5fb62b4b', 'SEC-0001018724-RevenueFromContractWithC-USD-CY2021-0001018724-24-000008-7f189d67']",answer_not_matched_to_context_value,True,8311,SEC_0011_8K,,,,False,5.3,3.23,,3.23,,8004993536,24538775552,"Using only the SEC XBRL company-facts records supplied in the context, calculate AMAZON COM INC's (CIK 0001018724) operating margin for the annual XBRL frame CY2021. Divide us-gaap:OperatingIncomeLoss by RevenueFromContractWithCustomerExcludingAssessedTax for that same company and frame, both in USD, multiply by 100, and round to two decimal places.",SEC_0011,RETRIEVAL_CALCULATION,ANSWER: 3.23,,False,False,True,UNSUPPORTED_VALUE,False,True,UNSUPPORTED_VALUE,,
True,False,True,True,32K,CLINICAL_TRIALS,CALCULATION_ERROR,,369,7,2.4950149414416605,2.805594420991838,"49,951",49951.0,"['RD6CDBA54B0', 'R82C4CF9445']","['CT-NCT02591732-enrollment-count-56570d04', 'CT-NCT01907048-enrollment-count-ccb37ce0']",calculation_answer_matches_context_operand_or_value,False,32662,CT_0012_32K,"{'canonical_record_id': 'CT-NCT02591732-enrollment-count-56570d04', 'display_id': 'RD6CDBA54B0', 'distractor_type': None, 'is_gold_or_equivalent': True, 'record_value': '52178.0'}",52178.0,,False,49951,52178,,52178,,12606359040,24538775552,"Using only the ClinicalTrials.gov records supplied in the context, subtract the enrollment count of trial NCT01907048 from the enrollment count of trial NCT02591732. Report the difference as an integer number of participants.",CT_0012,RETRIEVAL_CALCULATION,ANSWER: 52178,,False,False,False,CALCULATION_ERROR,False,False,CALCULATION_ERROR,,
False,False,True,False,64K,FDA,FAILED_TO_ABSTAIN,,370,6,0.7776256956989225,7.715794415213168,,INSUFFICIENT_EVIDENCE,[],[],unanswerable_instance_factual_answer,True,65006,FDA_0021_64K,"{'canonical_record_id': 'FDA-NDA022281-001-product-route-5f83f884', 'display_id': 'R0F1E3634BE', 'distractor_type': 'OTHER_SAME_DOMAIN', 'is_gold_or_equivalent': False, 'record_value': 'ORAL'}",ORAL,OTHER_SAME_DOMAIN,False,INSUFFICIENT_EVIDENCE,oral,,ORAL,,18718080512,24538775552,"Using only the Drugs@FDA records supplied in the context, what is the route of administration for product number 001 under FDA application ANDA215255 (brand name ""CANAGLIFLOZIN AND METFORMIN HYDROCHLORIDE"")?",FDA_0021,UNANSWERABLE,ANSWER: ORAL,,False,False,True,FAILED_TO_ABSTAIN,False,True,FAILED_TO_ABSTAIN,,
True,True,True,True,4K,FDA,CORRECT,,371,9,28.04503803166832,0.3209123834967613,4.0000,4.0,"['R11114F96D0', 'R0A3D977AD9']","['FDA-NDA205003-003-strength-PERINDOPRIL-ARGININE-1-c5a3b50b', 'FDA-NDA205003-001-strength-PERINDOPRIL-ARGININE-1-5d26e2a3']",answer_only_exact_match,False,4293,FDA_0014_4K,,,,False,4.0,4.0,,4.0000,,7247447040,24538775552,"Using only the Drugs@FDA records supplied in the context, divide the PERINDOPRIL ARGININE strength of product 003 under application NDA205003 by the PERINDOPRIL ARGININE strength of product 001 under application NDA205003. Both strengths are expressed in MG; report the dimensionless ratio rounded to four decimal places.",FDA_0014,RETRIEVAL_CALCULATION,ANSWER: 4.0000,,False,True,False,CORRECT,True,False,CORRECT,,
False,False,True,False,8K,CLINICAL_TRIALS,FAILED_TO_ABSTAIN,,372,11,17.021512470431485,0.6462410446256399,,INSUFFICIENT_EVIDENCE,[],[],unanswerable_instance_factual_answer,True,8321,CT_0022_8K,"{'canonical_record_id': 'CT-NCT03535883-study-first-posted-date-f37ab202', 'display_id': 'RAD1D239E15', 'distractor_type': 'WRONG_FIELD', 'is_gold_or_equivalent': False, 'record_value': '2018-05-24'}",2018-05-24,WRONG_FIELD,False,INSUFFICIENT_EVIDENCE,2018-05-24,,2018-05-24,,8006884864,24538775552,"Using only the ClinicalTrials.gov records supplied in the context, what is the date on which results were first posted for trial NCT03535883 (""The Safety of Thoracentesis, Tunneled Pleural Catheter, and Chest Tubes in Patients Taking Novel Oral Anti-Coagulants"")?",CT_0022,UNANSWERABLE,ANSWER: 2018-05-24,,False,False,True,FAILED_TO_ABSTAIN,False,True,FAILED_TO_ABSTAIN,,
True,False,True,True,16K,CLINICAL_TRIALS,UNSUPPORTED_VALUE,,373,6,5.078803467582565,1.1813806220889091,183,183.0,"['R17BA015E9B', 'R598FE34396']","['CT-NCT04656067-study-start-date-20c6e1d8', 'CT-NCT04656067-study-primary-completion-4c1f16c5']",answer_not_matched_to_context_value,True,16470,CT_0015_16K,,,,False,183,104,,104,,9546718720,24538775552,"Using only the ClinicalTrials.gov records supplied in the context, calculate the number of calendar days between the study start date and the primary completion date of trial NCT04656067 (""Comparative Study Between Oxytocin Versus Tranexamic Acid and Ethamsylate""). Report a whole number of days. Use the primary completion date, not the overall study completion date and not the last update posted date.",CT_0015,RETRIEVAL_CALCULATION,ANSWER: 104,,False,False,True,UNSUPPORTED_VALUE,False,True,UNSUPPORTED_VALUE,,
True,False,True,True,32K,SEC,WRONG_ENTITY,,374,11,3.7451375604724344,2.93714177981019,"-15,999,000,000",-15999000000.0,['RDA0BE3F7B6'],['SEC-0000078003-NetCashProvidedByUsedInF-USD-CY2012-0000078003-15-000014-5a37c69c'],answer_matches_context_distractor_value,False,32769,SEC_0008_32K,"{'canonical_record_id': 'SEC-0000104169-NetCashProvidedByUsedInF-USD-CY2012-0000104169-15-000011-5698fd6d', 'display_id': 'R7231380F17', 'distractor_type': 'WRONG_ENTITY', 'is_gold_or_equivalent': False, 'record_value': '-11946000000.0'}",-11946000000.0,WRONG_ENTITY,False,-15999000000.0,-11946000000.0,,-11946000000.0,,12626578944,24538775552,"Using only the SEC XBRL company-facts records supplied in the context, what value did PFIZER INC (CIK 0000078003) report for us-gaap:NetCashProvidedByUsedInFinancingActivities for the annual XBRL frame CY2012, in USD? Report the exact value for that filer.",SEC_0008,ENTITY_UNIT_BINDING,ANSWER: -11946000000.0,,False,False,False,WRONG_ENTITY,False,False,WRONG_ENTITY,,
True,False,True,True,4K,CLINICAL_TRIALS,WRONG_FIELD,,375,11,31.801931198941894,0.34589094389230013,2021-03-02,2021-03-02,['R0962B1F447'],['CT-NCT03969719-study-primary-completion-33d5eec0'],answer_matches_context_distractor_value,False,4299,CT_0018_4K,"{'canonical_record_id': 'CT-NCT03969719-study-completion-date-7a9c0110', 'display_id': 'RB9E2CD3935', 'distractor_type': 'WRONG_FIELD', 'is_gold_or_equivalent': False, 'record_value': '2021-03-30'}",2021-03-30,WRONG_FIELD,False,2021-03-02,2021-03-30,,2021-03-30,,7248568320,24538775552,"Using only the ClinicalTrials.gov records supplied in the context, what is the PRIMARY COMPLETION DATE of trial NCT03969719 (""A Double-blind Study to Assess 2 Doses of an Investigational Product for 16 Weeks in Participants With Non-alcoholic Fatty Liver Disease and Type 2 Diabetes Mellitus"")? Answer in YYYY-MM-DD form.",CT_0018,ENTITY_UNIT_BINDING,ANSWER: 2021-03-30,,False,False,False,WRONG_FIELD,False,False,WRONG_FIELD,,
True,True,True,True,4K,FRED,CORRECT,,376,7,23.061176036795416,0.3035404607653618,"150,895",150895.0,['RD6965D00CC'],['FRED-PAYEMS-2020-03-01-latest-c12aef71'],answer_only_exact_match,False,4281,FRED_0001_4K,"{'canonical_record_id': 'FRED-PAYEMS-2020-03-01-2025-03-27-13da7126', 'display_id': 'RE331F32429', 'distractor_type': 'WRONG_VERSION', 'is_gold_or_equivalent': False, 'record_value': '150895.0'}",150895.0,WRONG_VERSION,False,150895.0,150895.0,,150895,,7245202432,24538775552,"Using only the FRED records supplied in the context, what value does the most recent vintage report for FRED series PAYEMS (""All Employees, Total Nonfarm""), measured in Thousands of Persons, seasonally adjusted, monthly frequency, for the observation dated 2020-03-01 (the month beginning 2020-03-01)? Report the currently published figure exactly.",FRED_0001,DIRECT_RETRIEVAL,ANSWER: 150895,,False,True,False,CORRECT,True,False,CORRECT,,
False,False,True,False,16K,FDA,FAILED_TO_ABSTAIN,,377,6,5.082949787432498,1.180416933260858,,INSUFFICIENT_EVIDENCE,[],[],unanswerable_instance_factual_answer,True,16389,FDA_0021_16K,"{'canonical_record_id': 'FDA-ANDA211933-002-product-route-2a1d9833', 'display_id': 'R1E151B8F6D', 'distractor_type': 'OTHER_SAME_DOMAIN', 'is_gold_or_equivalent': False, 'record_value': 'ORAL'}",ORAL,OTHER_SAME_DOMAIN,False,INSUFFICIENT_EVIDENCE,oral,,ORAL,,9531414016,24538775552,"Using only the Drugs@FDA records supplied in the context, what is the route of administration for product number 001 under FDA application ANDA215255 (brand name ""CANAGLIFLOZIN AND METFORMIN HYDROCHLORIDE"")?",FDA_0021,UNANSWERABLE,ANSWER: ORAL,,False,False,True,FAILED_TO_ABSTAIN,False,True,FAILED_TO_ABSTAIN,,
True,True,True,True,4K,FDA,CORRECT,,378,10,29.79217197153149,0.33565864246338606,"TABLET, CHEWABLE","TABLET, CHEWABLE",['R2A3424790C'],['FDA-ANDA208621-001-product-dosage-form-6c6491cd'],answer_only_exact_match,False,4276,FDA_0004_4K,"{'canonical_record_id': 'FDA-ANDA208621-001-product-dosage-form-6c6491cd', 'display_id': 'R2A3424790C', 'distractor_type': None, 'is_gold_or_equivalent': True, 'record_value': 'TABLET, CHEWABLE'}","TABLET, CHEWABLE",,False,"tablet, chewable","tablet, chewable",,"TABLET, CHEWABLE",,7244268032,24538775552,"Using only the Drugs@FDA records supplied in the context, what DOSAGE FORM is listed for product number 001 under FDA application ANDA208621 (brand name ""MONTELUKAST SODIUM"", active ingredient MONTELUKAST SODIUM)? Answer with the dosage form exactly as recorded.",FDA_0004,DIRECT_RETRIEVAL,"ANSWER: TABLET, CHEWABLE",,False,True,False,CORRECT,True,False,CORRECT,,
False,False,True,True,16K,SEC,UNNECESSARY_ABSTENTION,,379,10,8.07004792101217,1.239150014705956,-6.84%,-6.84,"['R34AE136ED4', 'R214AF3F11C']","['SEC-0000200406-PaymentsToAcquirePropert-USD-CY2016-0000200406-19-000009-aab6d65b', 'SEC-0000200406-PaymentsToAcquirePropert-USD-CY2015-0000200406-18-000005-290886b0']",answerable_instance_unnecessary_abstention,False,16470,SEC_0016_16K,,,,False,-6.84,INSUFFICIENT_EVIDENCE,,INSUFFICIENT_EVIDENCE,,9546718720,24538775552,"Using only the SEC XBRL company-facts records supplied in the context, calculate the year-over-year percentage change in Johnson & Johnson's (CIK 0000200406) reported us-gaap:PaymentsToAcquirePropertyPlantAndEquipment from annual XBRL frame CY2015 to annual XBRL frame CY2016, both in USD. Use ((current - previous) / previous) * 100 and round to two decimal places.",SEC_0016,RETRIEVAL_CALCULATION,ANSWER: INSUFFICIENT_EVIDENCE,,False,False,False,UNNECESSARY_ABSTENTION,False,False,UNNECESSARY_ABSTENTION,,
True,False,True,True,64K,FDA,WRONG_ENTITY,,380,11,1.388715490267228,7.920988911762834,2018-08-24,2018-08-24,['R9FBFBD62FA'],['FDA-ANDA209306-submission-ORIG-1-0b1fd305'],answer_matches_context_distractor_value,False,65071,FDA_0018_64K,"{'canonical_record_id': 'FDA-ANDA207687-submission-ORIG-1-f9397cfa', 'display_id': 'R0516AEF95B', 'distractor_type': 'WRONG_ENTITY', 'is_gold_or_equivalent': False, 'record_value': '2018-03-30'}",2018-03-30,WRONG_ENTITY,False,2018-08-24,2018-03-30,,2018-03-30,,18730363392,24538775552,"Using only the Drugs@FDA records supplied in the context, what is the submission status date of the ORIGINAL submission (submission type ORIG) for FDA application ANDA209306 (sponsor: LUPIN)? Answer in YYYY-MM-DD form.",FDA_0018,TEMPORAL_VERSION,ANSWER: 2018-03-30,,False,False,False,WRONG_ENTITY,False,False,WRONG_ENTITY,,
True,False,True,True,32K,FDA,UNSUPPORTED_VALUE,,381,9,3.1502983168183665,2.856872300617397,2.0000,2.0,"['R3837A73ED0', 'R8F8AB01000']","['FDA-ANDA090011-003-strength-VALSARTAN-1-2a67a45a', 'FDA-NDA022314-004-strength-VALSARTAN-2-4a7b569a']",answer_not_matched_to_context_value,True,32671,FDA_0015_32K,,,,False,2.0,0.16,,0.1600,,12608059904,24538775552,"Using only the Drugs@FDA records supplied in the context, divide the VALSARTAN strength of product 003 under application ANDA090011 by the VALSARTAN strength of product 004 under application NDA022314. Both strengths are expressed in MG; report the dimensionless ratio rounded to four decimal places.",FDA_0015,RETRIEVAL_CALCULATION,ANSWER: 0.1600,,False,False,True,UNSUPPORTED_VALUE,False,True,UNSUPPORTED_VALUE,,
True,False,True,True,64K,FDA,WRONG_PERIOD,,382,11,1.394565674866385,7.88776046782732,2013-12-30,2013-12-30,['RAE3543605D'],['FDA-ANDA091431-submission-ORIG-1-7b0a53ff'],answer_matches_context_distractor_value,False,65004,FDA_0020_64K,"{'canonical_record_id': 'FDA-ANDA091431-submission-SUPPL-1-e53fec82', 'display_id': 'R74DB6AB053', 'distractor_type': 'WRONG_PERIOD', 'is_gold_or_equivalent': False, 'record_value': '2016-01-04'}",2016-01-04,WRONG_PERIOD,False,2013-12-30,2016-01-04,,2016-01-04,,18717702656,24538775552,"Using only the Drugs@FDA records supplied in the context, what is the submission status date of the ORIGINAL submission (submission type ORIG) for FDA application ANDA091431 (sponsor: HERITAGE)? Answer in YYYY-MM-DD form.",FDA_0020,TEMPORAL_VERSION,ANSWER: 2016-01-04,,False,False,False,WRONG_PERIOD,False,False,WRONG_PERIOD,,
True,True,True,True,16K,CLINICAL_TRIALS,CORRECT,,383,8,6.61991236295996,1.2084752125665545,ACTIVE_COMPARATOR,ACTIVE_COMPARATOR,['R65A0259312'],['CT-NCT01584232-arm-type-Insulin-glargine-OAM-1-7f7a037d'],answer_only_exact_match,False,16510,CT_0009_16K,"{'canonical_record_id': 'CT-NCT04219774-arm-type-Medical-arm-1-f0df5606', 'display_id': 'R6A7D667EE9', 'distractor_type': 'WRONG_ENTITY', 'is_gold_or_equivalent': False, 'record_value': 'ACTIVE_COMPARATOR'}",ACTIVE_COMPARATOR,WRONG_ENTITY,False,active_comparator,active_comparator,,ACTIVE_COMPARATOR,,9554275840,24538775552,"Using only the ClinicalTrials.gov records supplied in the context, what is the arm-group TYPE of the arm labelled ""Insulin glargine + OAM"" in trial NCT01584232 (""A Study of Dulaglutide in Japanese Participants With Type 2 Diabetes Mellitus"")? Answer with the ClinicalTrials.gov arm type value (for example EXPERIMENTAL, ACTIVE_COMPARATOR, PLACEBO_COMPARATOR, SHAM_COMPARATOR, NO_INTERVENTION or OTHER).",CT_0009,ENTITY_UNIT_BINDING,ANSWER: ACTIVE_COMPARATOR,,False,True,False,CORRECT,True,False,CORRECT,,
True,True,True,True,8K,FRED,CORRECT,,384,8,13.536896191484868,0.5909774210304022,256.192,256.192,['RC7F25391A0'],['FRED-CPIAUCSL-2020-04-01-2021-04-29-84ebc6c4'],answer_only_exact_match,False,8314,FRED_0018_8K,"{'canonical_record_id': 'FRED-CPIAUCSL-2020-04-01-2021-07-29-34f0866a', 'display_id': 'RFDFAC66EB5', 'distractor_type': 'WRONG_VERSION', 'is_gold_or_equivalent': False, 'record_value': '256.192'}",256.192,WRONG_VERSION,False,256.192,256.192,,256.192,,8005559808,24538775552,"Using only the FRED/ALFRED records supplied in the context, what value did FRED series CPIAUCSL (""Consumer Price Index for All Urban Consumers: All Items in U.S. City Average""), measured in Index 1982-1984=100, seasonally adjusted, monthly frequency show for the observation dated 2020-04-01 **as of the vintage date 2021-04-29**? Report the value from that vintage exactly.",FRED_0018,TEMPORAL_VERSION,ANSWER: 256.192,,False,True,False,CORRECT,True,False,CORRECT,,
False,False,True,False,64K,FDA,FAILED_TO_ABSTAIN,,385,6,0.7760884117852084,7.7310779402032495,,INSUFFICIENT_EVIDENCE,[],[],unanswerable_instance_factual_answer,True,65075,FDA_0024_64K,"{'canonical_record_id': 'FDA-ANDA213654-004-product-route-c02a0a0f', 'display_id': 'R34DFD998FE', 'distractor_type': 'OTHER_SAME_DOMAIN', 'is_gold_or_equivalent': False, 'record_value': 'ORAL'}",ORAL,OTHER_SAME_DOMAIN,False,INSUFFICIENT_EVIDENCE,oral,,ORAL,,18731119104,24538775552,"Using only the Drugs@FDA records supplied in the context, what is the route of administration for product number 004 under FDA application ANDA214494 (brand name ""SITAGLIPTIN AND METFORMIN HYDROCHLORIDE"")?",FDA_0024,UNANSWERABLE,ANSWER: ORAL,,False,False,True,FAILED_TO_ABSTAIN,False,True,FAILED_TO_ABSTAIN,,
True,True,True,True,64K,FDA,CORRECT,,386,7,0.8996738609212476,7.7805972853675485,CAPSULE,CAPSULE,['RFF4E86C28A'],['FDA-ANDA219714-002-product-dosage-form-a7b896bc'],answer_only_exact_match,False,65093,FDA_0005_64K,"{'canonical_record_id': 'FDA-ANDA061926-001-product-dosage-form-b9a56c1a', 'display_id': 'RF5D0AAA38F', 'distractor_type': 'WRONG_ENTITY', 'is_gold_or_equivalent': False, 'record_value': 'CAPSULE'}",CAPSULE,WRONG_ENTITY,False,capsule,capsule,,CAPSULE,,18734521856,24538775552,"Using only the Drugs@FDA records supplied in the context, what DOSAGE FORM is listed for product number 002 under FDA application ANDA219714 (brand name ""SERTRALINE HYDROCHLORIDE"", active ingredient SERTRALINE HYDROCHLORIDE)? Answer with the dosage form exactly as recorded.",FDA_0005,DIRECT_RETRIEVAL,ANSWER: CAPSULE,,False,True,False,CORRECT,True,False,CORRECT,,
True,False,True,True,32K,CLINICAL_TRIALS,WRONG_FIELD,,387,11,3.7934571929922147,2.8997295713052154,2018-11-26,2018-11-26,['R425CD7386B'],['CT-NCT02178722-study-primary-completion-b6031bc6'],answer_matches_context_distractor_value,False,32714,CT_0020_32K,"{'canonical_record_id': 'CT-NCT02178722-study-last-update-posted-82558223', 'display_id': 'RE75A033378', 'distractor_type': 'WRONG_FIELD', 'is_gold_or_equivalent': False, 'record_value': '2022-02-14'}",2022-02-14,WRONG_FIELD,False,2018-11-26,2022-02-14,,2022-02-14,,12619281920,24538775552,"Using only the ClinicalTrials.gov records supplied in the context, what is the PRIMARY COMPLETION DATE of trial NCT02178722 (""Study to Explore the Safety, Tolerability and Efficacy of MK-3475 in Combination With INCB024360 in Participants With Selected Cancers"")? Answer in YYYY-MM-DD form.",CT_0020,ENTITY_UNIT_BINDING,ANSWER: 2022-02-14,,False,False,False,WRONG_FIELD,False,False,WRONG_FIELD,,
True,False,True,True,8K,SEC,WRONG_FIELD,,388,9,14.859303121754277,0.6056811632588506,"115,856,000,000",115856000000.0,['R03C463E874'],['SEC-0000789019-GrossProfit-USD-CY2021-0000950170-23-035122-2d2a9c88'],answer_matches_context_distractor_value,False,8349,SEC_0004_8K,"{'canonical_record_id': 'SEC-0000789019-NetIncomeLoss-USD-2021-07-01-2022-03-31-0000950170-23-014423-3b11489a', 'display_id': 'R5A1FF299BF', 'distractor_type': 'WRONG_FIELD', 'is_gold_or_equivalent': False, 'record_value': '55998000000.0'}",55998000000.0,WRONG_FIELD,False,115856000000.0,55998000000.0,,55998000000,,8013007360,24538775552,"Using only the SEC XBRL company-facts records supplied in the context, what value did MICROSOFT CORPORATION (CIK 0000789019) report for the us-gaap concept ""GrossProfit"" (Gross Profit) for the annual XBRL frame CY2021, in USD? Report the exact reported figure.",SEC_0004,DIRECT_RETRIEVAL,ANSWER: 55998000000,,False,False,False,WRONG_FIELD,False,False,WRONG_FIELD,,
True,True,True,True,4K,FDA,CORRECT,,389,6,21.020171707447176,0.28544010408222675,TABLET,TABLET,['R2BE1FCB810'],['FDA-ANDA070469-001-product-dosage-form-e9aaf9f1'],answer_only_exact_match,False,4256,FDA_0001_4K,"{'canonical_record_id': 'FDA-ANDA075747-001-product-dosage-form-fa29c67e', 'display_id': 'R7627351D4C', 'distractor_type': 'WRONG_ENTITY', 'is_gold_or_equivalent': False, 'record_value': 'TABLET'}",TABLET,WRONG_ENTITY,False,tablet,tablet,,TABLET,,7240530432,24538775552,"Using only the Drugs@FDA records supplied in the context, what DOSAGE FORM is listed for product number 001 under FDA application ANDA070469 (brand name ""IBUPROHM"", active ingredient IBUPROFEN)? Answer with the dosage form exactly as recorded.",FDA_0001,DIRECT_RETRIEVAL,ANSWER: TABLET,,False,True,False,CORRECT,True,False,CORRECT,,
False,False,True,False,16K,CLINICAL_TRIALS,FAILED_TO_ABSTAIN,,390,11,8.730085460184423,1.2600105749443173,,INSUFFICIENT_EVIDENCE,[],[],unanswerable_instance_factual_answer,True,16461,CT_0023_16K,"{'canonical_record_id': 'CT-NCT03017950-study-last-update-posted-ce2b4201', 'display_id': 'R68834DC6DE', 'distractor_type': 'WRONG_FIELD', 'is_gold_or_equivalent': False, 'record_value': '2017-07-21'}",2017-07-21,WRONG_FIELD,False,INSUFFICIENT_EVIDENCE,2017-07-21,,2017-07-21,,9545018880,24538775552,"Using only the ClinicalTrials.gov records supplied in the context, what is the date on which results were first posted for trial NCT03017950 (""Pharmacokinetic Drug-drug Interaction of CKD-330 and D086"")?",CT_0023,UNANSWERABLE,ANSWER: 2017-07-21,,False,False,True,FAILED_TO_ABSTAIN,False,True,FAILED_TO_ABSTAIN,,
True,True,True,True,64K,SEC,CORRECT,,391,11,1.3851394147898424,7.941438877955079,"420,315,000,000",420315000000.0,['R8F1A610782'],['SEC-0000104169-CostOfRevenue-USD-CY2020-0000104169-23-000020-1292d6d2'],answer_only_exact_match,False,65268,SEC_0001_64K,"{'canonical_record_id': 'SEC-0000104169-CostOfRevenue-USD-2020-02-01-2021-01-31-0000104169-21-000033-586ccaf7', 'display_id': 'R16AEC53440', 'distractor_type': 'WRONG_PERIOD', 'is_gold_or_equivalent': False, 'record_value': '420315000000.0'}",420315000000.0,WRONG_PERIOD,False,420315000000.0,420315000000.0,,420315000000.0,,18769750528,24538775552,"Using only the SEC XBRL company-facts records supplied in the context, what value did WALMART INC. (CIK 0000104169) report for the us-gaap concept ""CostOfRevenue"" (Cost of Revenue) for the annual XBRL frame CY2020, in USD? Report the exact reported figure.",SEC_0001,DIRECT_RETRIEVAL,ANSWER: 420315000000.0,,False,True,False,CORRECT,True,False,CORRECT,,
True,True,True,True,8K,CLINICAL_TRIALS,CORRECT,,392,11,17.435489693766478,0.630897106602788,2021-03-02,2021-03-02,['R0962B1F447'],['CT-NCT03969719-study-primary-completion-33d5eec0'],answer_only_exact_match,False,8348,CT_0018_8K,"{'canonical_record_id': 'CT-NCT03969719-study-primary-completion-33d5eec0', 'display_id': 'R0962B1F447', 'distractor_type': None, 'is_gold_or_equivalent': True, 'record_value': '2021-03-02'}",2021-03-02,,False,2021-03-02,2021-03-02,,2021-03-02,,8012866048,24538775552,"Using only the ClinicalTrials.gov records supplied in the context, what is the PRIMARY COMPLETION DATE of trial NCT03969719 (""A Double-blind Study to Assess 2 Doses of an Investigational Product for 16 Weeks in Participants With Non-alcoholic Fatty Liver Disease and Type 2 Diabetes Mellitus"")? Answer in YYYY-MM-DD form.",CT_0018,ENTITY_UNIT_BINDING,ANSWER: 2021-03-02,,False,True,False,CORRECT,True,False,CORRECT,,
True,True,True,True,4K,FDA,CORRECT,,393,11,32.07550430653501,0.34294082783162594,2018-08-24,2018-08-24,['R9FBFBD62FA'],['FDA-ANDA209306-submission-ORIG-1-0b1fd305'],answer_only_exact_match,False,4239,FDA_0018_4K,"{'canonical_record_id': 'FDA-ANDA209306-submission-ORIG-1-0b1fd305', 'display_id': 'R9FBFBD62FA', 'distractor_type': None, 'is_gold_or_equivalent': True, 'record_value': '2018-08-24'}",2018-08-24,,False,2018-08-24,2018-08-24,,2018-08-24,,7237353472,24538775552,"Using only the Drugs@FDA records supplied in the context, what is the submission status date of the ORIGINAL submission (submission type ORIG) for FDA application ANDA209306 (sponsor: LUPIN)? Answer in YYYY-MM-DD form.",FDA_0018,TEMPORAL_VERSION,ANSWER: 2018-08-24,,False,True,False,CORRECT,True,False,CORRECT,,
False,False,True,True,64K,SEC,UNNECESSARY_ABSTENTION,,394,10,1.2648619426668064,7.906001171097159,-6.84%,-6.84,"['R34AE136ED4', 'R214AF3F11C']","['SEC-0000200406-PaymentsToAcquirePropert-USD-CY2016-0000200406-19-000009-aab6d65b', 'SEC-0000200406-PaymentsToAcquirePropert-USD-CY2015-0000200406-18-000005-290886b0']",answerable_instance_unnecessary_abstention,False,65248,SEC_0016_64K,,,,False,-6.84,INSUFFICIENT_EVIDENCE,,INSUFFICIENT_EVIDENCE,,18769576448,24538775552,"Using only the SEC XBRL company-facts records supplied in the context, calculate the year-over-year percentage change in Johnson & Johnson's (CIK 0000200406) reported us-gaap:PaymentsToAcquirePropertyPlantAndEquipment from annual XBRL frame CY2015 to annual XBRL frame CY2016, both in USD. Use ((current - previous) / previous) * 100 and round to two decimal places.",SEC_0016,RETRIEVAL_CALCULATION,ANSWER: INSUFFICIENT_EVIDENCE,,False,False,False,UNNECESSARY_ABSTENTION,False,False,UNNECESSARY_ABSTENTION,,
True,False,True,True,64K,SEC,UNSUPPORTED_VALUE,,395,8,1.0196211235655332,7.846051651053131,47.90%,47.9,"['R56B40CFAAF', 'RD05F499C85']","['SEC-0000320193-CostOfGoodsAndServicesSo-USD-CY2008-0001193125-10-238044-75b6ee2e', 'SEC-0000320193-CostOfGoodsAndServicesSo-USD-CY2007-0001193125-10-012091-a8a3cea9']",answer_not_matched_to_context_value,True,65340,SEC_0014_64K,,,,False,47.9,-0.03,,-0.03,,18781192704,24538775552,"Using only the SEC XBRL company-facts records supplied in the context, calculate the year-over-year percentage change in Apple Inc.'s (CIK 0000320193) reported us-gaap:CostOfGoodsAndServicesSold from annual XBRL frame CY2007 to annual XBRL frame CY2008, both in USD. Use ((current - previous) / previous) * 100 and round to two decimal places.",SEC_0014,RETRIEVAL_CALCULATION,ANSWER: -0.03,,False,False,True,UNSUPPORTED_VALUE,False,True,UNSUPPORTED_VALUE,,
True,True,True,True,16K,SEC,CORRECT,,396,8,6.592393999510324,1.2135197017341852,"-492,000,000",-492000000.0,['R1747BDE59E'],['SEC-0000078003-NetCashProvidedByUsedInI-USD-CY2010-0000078003-13-000006-0cfaf545'],answer_only_exact_match,False,16503,SEC_0006_16K,"{'canonical_record_id': 'SEC-0000789019-NetIncomeLoss-USD-2012-04-01-2012-06-30-0001193125-13-310206-1e027ce1', 'display_id': 'R8A91D8702D', 'distractor_type': 'NEAR_MATCH_VALUE', 'is_gold_or_equivalent': False, 'record_value': '-492000000.0'}",-492000000.0,NEAR_MATCH_VALUE,False,-492000000.0,-492000000.0,,-492000000,,9552953856,24538775552,"Using only the SEC XBRL company-facts records supplied in the context, what value did PFIZER INC (CIK 0000078003) report for us-gaap:NetCashProvidedByUsedInInvestingActivities for the annual XBRL frame CY2010, in USD? Report the exact value for that filer.",SEC_0006,ENTITY_UNIT_BINDING,ANSWER: -492000000,,False,True,False,CORRECT,True,False,CORRECT,,
True,False,True,True,64K,FDA,WRONG_ENTITY,,397,9,1.1471720522658797,7.845379411242902,0.3MG,0.3MG,['RCC85D8AF27'],['FDA-ANDA216414-005-strength-LEVOTHYROXINE-SODIUM-0-5b82c64e'],answer_matches_context_distractor_value,False,65070,FDA_0007_64K,"{'canonical_record_id': 'FDA-ANDA216414-001-strength-LEVOTHYROXINE-SODIUM-0-0cab164a', 'display_id': 'R8641D77CAD', 'distractor_type': 'WRONG_ENTITY', 'is_gold_or_equivalent': False, 'record_value': '0.137MG'}",0.137MG,WRONG_ENTITY,False,0.3mg,0.137mg,,0.137MG,,18730173952,24538775552,"Using only the Drugs@FDA records supplied in the context, what is the listed strength of LEVOTHYROXINE SODIUM in product number 005 under FDA application ANDA216414 (dosage form TABLET, route ORAL)? Report the strength string exactly as recorded.",FDA_0007,ENTITY_UNIT_BINDING,ANSWER: 0.137MG,,False,False,False,WRONG_ENTITY,False,False,WRONG_ENTITY,,
True,False,True,True,4K,CLINICAL_TRIALS,UNSUPPORTED_VALUE,,398,6,20.833160080210394,0.28800239507108927,183,183.0,"['R17BA015E9B', 'R598FE34396']","['CT-NCT04656067-study-start-date-20c6e1d8', 'CT-NCT04656067-study-primary-completion-4c1f16c5']",answer_not_matched_to_context_value,True,4248,CT_0015_4K,,,,False,183,37,,37,,7239035392,24538775552,"Using only the ClinicalTrials.gov records supplied in the context, calculate the number of calendar days between the study start date and the primary completion date of trial NCT04656067 (""Comparative Study Between Oxytocin Versus Tranexamic Acid and Ethamsylate""). Report a whole number of days. Use the primary completion date, not the overall study completion date and not the last update posted date.",CT_0015,RETRIEVAL_CALCULATION,ANSWER: 37,,False,False,True,UNSUPPORTED_VALUE,False,True,UNSUPPORTED_VALUE,,
True,True,True,True,8K,FRED,CORRECT,,399,9,14.78130964215905,0.6088770357891917,"144,120",144120.0,['R6932521F27'],['FRED-PAYEMS-2021-03-01-2021-04-29-4117a714'],answer_only_exact_match,False,8293,FRED_0017_8K,"{'canonical_record_id': 'FRED-PAYEMS-2021-03-01-2021-04-29-4117a714', 'display_id': 'R6932521F27', 'distractor_type': None, 'is_gold_or_equivalent': True, 'record_value': '144120.0'}",144120.0,,False,144120.0,144120.0,,144120.0,,8001592832,24538775552,"Using only the FRED/ALFRED records supplied in the context, what value did FRED series PAYEMS (""All Employees, Total Nonfarm""), measured in Thousands of Persons, seasonally adjusted, monthly frequency show for the observation dated 2021-03-01 **as of the vintage date 2021-04-29**? Report the value from that vintage exactly.",FRED_0017,TEMPORAL_VERSION,ANSWER: 144120.0,,False,True,False,CORRECT,True,False,CORRECT,,
False,False,True,False,4K,CLINICAL_TRIALS,FAILED_TO_ABSTAIN,,400,7,23.650116637143377,0.29598162695765495,,INSUFFICIENT_EVIDENCE,[],[],unanswerable_instance_factual_answer,True,4223,CT_0025_4K,"{'canonical_record_id': 'CT-NCT02489357-eligibility-minimum-age-5d893139', 'display_id': 'RC7C199B5E5', 'distractor_type': 'WRONG_FIELD', 'is_gold_or_equivalent': False, 'record_value': '18 Years'}",18 Years,WRONG_FIELD,False,INSUFFICIENT_EVIDENCE,18 years,,18 Years,,7234361344,24538775552,"Using only the ClinicalTrials.gov records supplied in the context, what is the maximum eligible age for trial NCT02489357 (""Pembrolizumab and Cryosurgery in Treating Patients With Newly Diagnosed, Oligo-metastatic Prostate Cancer"")?",CT_0025,UNANSWERABLE,ANSWER: 18 Years,,False,False,True,FAILED_TO_ABSTAIN,False,True,FAILED_TO_ABSTAIN,,
True,False,True,True,64K,FRED,WRONG_VERSION,,401,8,1.023515955844287,7.816194710321724,256.192,256.192,['RC7F25391A0'],['FRED-CPIAUCSL-2020-04-01-2021-04-29-84ebc6c4'],answer_matches_context_distractor_value,False,65027,FRED_0018_64K,"{'canonical_record_id': 'FRED-CPIAUCSL-2020-04-01-2025-03-27-0561f70b', 'display_id': 'RCC81DD0F0F', 'distractor_type': 'WRONG_VERSION', 'is_gold_or_equivalent': False, 'record_value': '256.032'}",256.032,WRONG_VERSION,False,256.192,256.032,,256.032,,18722050560,24538775552,"Using only the FRED/ALFRED records supplied in the context, what value did FRED series CPIAUCSL (""Consumer Price Index for All Urban Consumers: All Items in U.S. City Average""), measured in Index 1982-1984=100, seasonally adjusted, monthly frequency show for the observation dated 2020-04-01 **as of the vintage date 2021-04-29**? Report the value from that vintage exactly.",FRED_0018,TEMPORAL_VERSION,ANSWER: 256.032,,False,False,False,WRONG_VERSION,False,False,WRONG_VERSION,,
True,False,True,True,16K,FDA,UNSUPPORTED_VALUE,,402,9,7.352870406930376,1.224011780694127,"0.088MG **See current Annual Edition, 1.8 Description of Special Situations, Levothyroxine Sodium","0.088MG**SEECURRENTANNUALEDITION,1.8DESCRIPTIONOFSPECIALSITUATIONS,LEVOTHYROXINESODIUM",['R3D97C8B042'],['FDA-NDA021116-010-strength-LEVOTHYROXINE-SODIUM-0-a2341a2f'],answer_not_matched_to_context_value,True,16456,FDA_0009_16K,,,,False,"0.088mg**seecurrentannualedition,1.8descriptionofspecialsituations,levothyroxinesodium",0.088mg,,0.088MG,,9544073728,24538775552,"Using only the Drugs@FDA records supplied in the context, what is the listed strength of LEVOTHYROXINE SODIUM in product number 010 under FDA application NDA021116 (dosage form TABLET, route ORAL)? Report the strength string exactly as recorded.",FDA_0009,ENTITY_UNIT_BINDING,ANSWER: 0.088MG,,False,False,True,UNSUPPORTED_VALUE,False,True,UNSUPPORTED_VALUE,,
True,False,True,True,32K,CLINICAL_TRIALS,UNSUPPORTED_VALUE,,403,7,2.494901277693443,2.8057222394272685,"3,998",3998.0,"['RC48798EA45', 'R8682197BF1']","['CT-NCT00329628-enrollment-count-6e4800ae', 'CT-NCT00395772-enrollment-count-b6090196']",answer_not_matched_to_context_value,True,32670,CT_0011_32K,,,,False,3998,4463,,4463,,12607870464,24538775552,"Using only the ClinicalTrials.gov records supplied in the context, subtract the enrollment count of trial NCT00395772 from the enrollment count of trial NCT00329628. Report the difference as an integer number of participants.",CT_0011,RETRIEVAL_CALCULATION,ANSWER: 4463,,False,False,True,UNSUPPORTED_VALUE,False,True,UNSUPPORTED_VALUE,,
False,False,True,False,4K,CLINICAL_TRIALS,FAILED_TO_ABSTAIN,,404,11,31.186502033247354,0.3527166973799467,,INSUFFICIENT_EVIDENCE,[],[],unanswerable_instance_factual_answer,True,4243,CT_0022_4K,"{'canonical_record_id': 'CT-NCT03535883-study-first-posted-date-f37ab202', 'display_id': 'RAD1D239E15', 'distractor_type': 'WRONG_FIELD', 'is_gold_or_equivalent': False, 'record_value': '2018-05-24'}",2018-05-24,WRONG_FIELD,False,INSUFFICIENT_EVIDENCE,2018-05-24,,2018-05-24,,7238100992,24538775552,"Using only the ClinicalTrials.gov records supplied in the context, what is the date on which results were first posted for trial NCT03535883 (""The Safety of Thoracentesis, Tunneled Pleural Catheter, and Chest Tubes in Patients Taking Novel Oral Anti-Coagulants"")?",CT_0022,UNANSWERABLE,ANSWER: 2018-05-24,,False,False,True,FAILED_TO_ABSTAIN,False,True,FAILED_TO_ABSTAIN,,
True,True,True,True,4K,SEC,CORRECT,,405,11,31.072925565822125,0.35400593280792236,"10,151,000,000",10151000000.0,['R93E3DF4118'],['SEC-0000078003-NetCashProvidedByUsedInO-USD-2016-01-01-2016-10-02-0000078003-17-000049-12a9492c'],answer_only_exact_match,False,4340,SEC_0019_4K,"{'canonical_record_id': 'SEC-0000078003-NetCashProvidedByUsedInO-USD-2016-01-01-2016-10-02-0000078003-17-000049-12a9492c', 'display_id': 'R93E3DF4118', 'distractor_type': None, 'is_gold_or_equivalent': True, 'record_value': '10151000000.0'}",10151000000.0,,False,10151000000.0,10151000000.0,,10151000000.0,,7256230400,24538775552,"Using only the SEC XBRL company-facts records supplied in the context, what value did PFIZER INC (CIK 0000078003) report for us-gaap:NetCashProvidedByUsedInOperatingActivities for the period ending 2016-10-02 in the MOST RECENTLY FILED version of that fact — accession 0000078003-17-000049, form 10-Q, filed 2017-11-09 — in USD? Report the exact value from that version.",SEC_0019,TEMPORAL_VERSION,ANSWER: 10151000000.0,,False,True,False,CORRECT,True,False,CORRECT,,
True,False,True,True,32K,FDA,UNSUPPORTED_VALUE,,406,8,2.831283492153061,2.825573639012873,2.0000,2.0,"['R8D933477B5', 'R3C4F57847F']","['FDA-ANDA202933-002-strength-OLMESARTAN-MEDOXOMIL-1-ca1fbbd0', 'FDA-NDA200175-001-strength-OLMESARTAN-MEDOXOMIL-2-03a81d67']",answer_not_matched_to_context_value,True,32630,FDA_0017_32K,,,,False,2.0,0.4,,0.4,,12601622016,24538775552,"Using only the Drugs@FDA records supplied in the context, divide the OLMESARTAN MEDOXOMIL strength of product 002 under application ANDA202933 by the OLMESARTAN MEDOXOMIL strength of product 001 under application NDA200175. Both strengths are expressed in MG; report the dimensionless ratio rounded to four decimal places.",FDA_0017,RETRIEVAL_CALCULATION,ANSWER: 0.4,,False,False,True,UNSUPPORTED_VALUE,False,True,UNSUPPORTED_VALUE,,
False,False,True,False,4K,CLINICAL_TRIALS,FAILED_TO_ABSTAIN,,407,11,32.27438258372985,0.34082758892327547,,INSUFFICIENT_EVIDENCE,[],[],unanswerable_instance_factual_answer,True,4213,CT_0021_4K,,,,False,INSUFFICIENT_EVIDENCE,2018-10-31,,2018-10-31,,7232492544,24538775552,"Using only the ClinicalTrials.gov records supplied in the context, what is the date on which results were first posted for trial NCT02339493 (""Electronic Alerts for Stroke Prevention in Patients With Atrial Fibrillation or Atrial Flutter"")?",CT_0021,UNANSWERABLE,ANSWER: 2018-10-31,,False,False,True,FAILED_TO_ABSTAIN,False,True,FAILED_TO_ABSTAIN,,
True,True,True,True,16K,FDA,CORRECT,,408,6,5.0832044242995424,1.1803578017279506,TABLET,TABLET,['R2BE1FCB810'],['FDA-ANDA070469-001-product-dosage-form-e9aaf9f1'],answer_only_exact_match,False,16390,FDA_0001_16K,"{'canonical_record_id': 'FDA-ANDA211933-003-product-dosage-form-a5ef27d0', 'display_id': 'R963DFC7EAA', 'distractor_type': 'WRONG_ENTITY', 'is_gold_or_equivalent': False, 'record_value': 'TABLET'}",TABLET,WRONG_ENTITY,False,tablet,tablet,,TABLET,,9531602432,24538775552,"Using only the Drugs@FDA records supplied in the context, what DOSAGE FORM is listed for product number 001 under FDA application ANDA070469 (brand name ""IBUPROHM"", active ingredient IBUPROFEN)? Answer with the dosage form exactly as recorded.",FDA_0001,DIRECT_RETRIEVAL,ANSWER: TABLET,,False,True,False,CORRECT,True,False,CORRECT,,
True,False,True,True,32K,FDA,AMBIGUOUS_REVIEW_REQUIRED,,409,11,3.7848976324313353,2.9062873208895326,2013-12-30,2013-12-30,['RAE3543605D'],['FDA-ANDA091431-submission-ORIG-1-7b0a53ff'],answer_matches_context_value_without_taxonomy,False,32645,FDA_0020_32K,"{'canonical_record_id': 'FDA-ANDA201522-submission-SUPPL-17-84f9253f', 'display_id': 'RE46B71ECC3', 'distractor_type': 'OTHER_SAME_DOMAIN', 'is_gold_or_equivalent': False, 'record_value': '2023-08-07'}",2023-08-07,OTHER_SAME_DOMAIN,True,2013-12-30,2023-08-07,,2023-08-07,,12603147776,24538775552,"Using only the Drugs@FDA records supplied in the context, what is the submission status date of the ORIGINAL submission (submission type ORIG) for FDA application ANDA091431 (sponsor: HERITAGE)? Answer in YYYY-MM-DD form.",FDA_0020,TEMPORAL_VERSION,ANSWER: 2023-08-07,answer value appears in context but deterministic distractor type is unavailable,True,False,False,AMBIGUOUS_REVIEW_REQUIRED,False,False,WRONG_ENTITY,human_manual_review,"Model answer 2023-08-07 is an authentic supplied-context value, but it belongs to CHARTWELL MOLECULAR application ANDA201522 rather than the requested HERITAGE application ANDA091431. Therefore the answer is grounded but wrong-entity, not a hallucination."
True,False,True,True,64K,FRED,CALCULATION_ERROR,,410,8,1.0285564925789856,7.777890721336007,0.20,0.2,"['R75737FED94', 'R341AE87A95']","['FRED-UNRATE-2016-10-01-latest-7e2b14d4', 'FRED-UNRATENSA-2016-10-01-latest-7b5afdb3']",calculation_answer_matches_unrounded_or_alternate_rounding,False,64927,FRED_0015_64K,"{'calculation_alternate': 'raw_result_rounded_0', 'canonical_record_id': None, 'display_id': None, 'distractor_type': None, 'is_gold_or_equivalent': False, 'record_value': 0.0}",0.0,,False,0.2,-0.0,,-0.00,,18703153664,24538775552,"Using only the FRED records supplied in the context, subtract the value of FRED series UNRATENSA (""Unemployment Rate""), measured in Percent, not seasonally adjusted, monthly frequency from the value of FRED series UNRATE (""Unemployment Rate""), measured in Percent, seasonally adjusted, monthly frequency, both for the observation dated 2016-10-01 and both taken from the most recent vintage. Report the difference in Percent, rounded to two decimal places.",FRED_0015,RETRIEVAL_CALCULATION,ANSWER: -0.00,,False,False,False,CALCULATION_ERROR,False,False,CALCULATION_ERROR,,
True,False,True,True,64K,FDA,UNSUPPORTED_VALUE,,411,9,1.1473052588759765,7.844468532130122,8.9286,8.9286,"['RAC4081090E', 'R56A8395EE3']","['FDA-NDA022456-001-strength-SODIUM-BICARBONATE-2-fdc88186', 'FDA-NDA213593-001-strength-SODIUM-BICARBONATE-1-c8e317f3']",answer_not_matched_to_context_value,True,65104,FDA_0016_64K,,,,False,8.9286,0.1111,,0.1111,,18736599552,24538775552,"Using only the Drugs@FDA records supplied in the context, divide the SODIUM BICARBONATE strength of product 001 under application NDA022456 by the SODIUM BICARBONATE strength of product 001 under application NDA213593. Both strengths are expressed in MG; report the dimensionless ratio rounded to four decimal places.",FDA_0016,RETRIEVAL_CALCULATION,ANSWER: 0.1111,,False,False,True,UNSUPPORTED_VALUE,False,True,UNSUPPORTED_VALUE,,
True,False,True,True,64K,CLINICAL_TRIALS,CALCULATION_ERROR,,412,6,0.7744923496421012,7.747010028921068,80,80.0,"['R584E60CDF3', 'RF6704DB3B7']","['CT-NCT03656445-enrollment-count-535dc578', 'CT-NCT03800927-enrollment-count-5f640681']",calculation_answer_matches_context_operand_or_value,False,65096,CT_0010_64K,"{'canonical_record_id': 'CT-NCT03656445-enrollment-count-535dc578', 'display_id': 'R584E60CDF3', 'distractor_type': None, 'is_gold_or_equivalent': True, 'record_value': '180.0'}",180.0,,False,80,180,,180,,18735088128,24538775552,"Using only the ClinicalTrials.gov records supplied in the context, subtract the enrollment count of trial NCT03800927 from the enrollment count of trial NCT03656445. Report the difference as an integer number of participants.",CT_0010,RETRIEVAL_CALCULATION,ANSWER: 180,,False,False,False,CALCULATION_ERROR,False,False,CALCULATION_ERROR,,
True,False,True,True,32K,SEC,WRONG_PERIOD,,413,11,3.7862118799105495,2.905278507620096,"420,315,000,000",420315000000.0,['R8F1A610782'],['SEC-0000104169-CostOfRevenue-USD-CY2020-0000104169-23-000020-1292d6d2'],answer_matches_context_distractor_value,False,32732,SEC_0001_32K,"{'canonical_record_id': 'SEC-0000104169-CostOfRevenue-USD-2020-02-01-2020-04-30-0000104169-20-000020-a7f401ff', 'display_id': 'REC28A82C9C', 'distractor_type': 'WRONG_PERIOD', 'is_gold_or_equivalent': False, 'record_value': '102026000000.0'}",102026000000.0,WRONG_PERIOD,False,420315000000.0,102026000000.0,,102026000000.0,,12621650432,24538775552,"Using only the SEC XBRL company-facts records supplied in the context, what value did WALMART INC. (CIK 0000104169) report for the us-gaap concept ""CostOfRevenue"" (Cost of Revenue) for the annual XBRL frame CY2020, in USD? Report the exact reported figure.",SEC_0001,DIRECT_RETRIEVAL,ANSWER: 102026000000.0,,False,False,False,WRONG_PERIOD,False,False,WRONG_PERIOD,,
True,True,True,False,8K,SEC,CORRECT,,414,10,16.05429774543014,0.6228861678391695,,INSUFFICIENT_EVIDENCE,[],[],answer_only_exact_match,False,8339,SEC_0025_8K,,,,False,INSUFFICIENT_EVIDENCE,INSUFFICIENT_EVIDENCE,,INSUFFICIENT_EVIDENCE,,8010285568,24538775552,"Using only the SEC XBRL company-facts records supplied in the context, what value did Johnson & Johnson (CIK 0000200406) report for the us-gaap concept ""OperatingExpenses"" (Operating Expenses) for the annual XBRL frame CY2023?",SEC_0025,UNANSWERABLE,ANSWER: INSUFFICIENT_EVIDENCE,,False,True,False,CORRECT,True,False,CORRECT,,
True,True,True,True,32K,CLINICAL_TRIALS,CORRECT,,415,11,3.789586175113467,2.9026916110888124,2023-02-13,2023-02-13,['R65CA09A85B'],['CT-NCT05144984-study-primary-completion-c9c64e18'],answer_only_exact_match,False,32693,CT_0019_32K,"{'canonical_record_id': 'CT-NCT05144984-study-primary-completion-c9c64e18', 'display_id': 'R65CA09A85B', 'distractor_type': None, 'is_gold_or_equivalent': True, 'record_value': '2023-02-13'}",2023-02-13,,False,2023-02-13,2023-02-13,,2023-02-13,,12614059520,24538775552,"Using only the ClinicalTrials.gov records supplied in the context, what is the PRIMARY COMPLETION DATE of trial NCT05144984 (""A Research Study Looking at How Well a Combination of the Medicines Semaglutide and NNC0480-0389 Works in People With Type 2 Diabetes"")? Answer in YYYY-MM-DD form.",CT_0019,ENTITY_UNIT_BINDING,ANSWER: 2023-02-13,,False,True,False,CORRECT,True,False,CORRECT,,
True,False,True,True,16K,CLINICAL_TRIALS,WRONG_FIELD,,416,11,8.766160415183124,1.2548253145068884,2018-04-25,2018-04-25,['R91B4903946'],['CT-NCT02746185-study-primary-completion-35ff3c07'],answer_matches_context_distractor_value,False,16454,CT_0017_16K,"{'canonical_record_id': 'CT-NCT02746185-study-last-update-posted-c36d3bbf', 'display_id': 'RADD66B8392', 'distractor_type': 'WRONG_FIELD', 'is_gold_or_equivalent': False, 'record_value': '2018-08-13'}",2018-08-13,WRONG_FIELD,False,2018-04-25,2018-08-13,,2018-08-13,,9543695872,24538775552,"Using only the ClinicalTrials.gov records supplied in the context, what is the PRIMARY COMPLETION DATE of trial NCT02746185 (""Cancer Associated Thrombosis, a Pilot Treatment Study Using Rivaroxaban"")? Answer in YYYY-MM-DD form.",CT_0017,ENTITY_UNIT_BINDING,ANSWER: 2018-08-13,,False,False,False,WRONG_FIELD,False,False,WRONG_FIELD,,
True,True,True,True,8K,FDA,CORRECT,,417,6,10.535807279537654,0.5694864988327026,TABLET,TABLET,['R33016BA5E7'],['FDA-ANDA080353-001-product-dosage-form-32e8d29a'],answer_only_exact_match,False,8298,FDA_0002_8K,"{'canonical_record_id': 'FDA-ANDA076674-003-product-dosage-form-f156b0df', 'display_id': 'R08E3B9311A', 'distractor_type': 'WRONG_ENTITY', 'is_gold_or_equivalent': False, 'record_value': 'TABLET'}",TABLET,WRONG_ENTITY,False,tablet,tablet,,TABLET,,8002536960,24538775552,"Using only the Drugs@FDA records supplied in the context, what DOSAGE FORM is listed for product number 001 under FDA application ANDA080353 (brand name ""PREDNISONE"", active ingredient PREDNISONE)? Answer with the dosage form exactly as recorded.",FDA_0002,DIRECT_RETRIEVAL,ANSWER: TABLET,,False,True,False,CORRECT,True,False,CORRECT,,
True,True,True,True,16K,FDA,CORRECT,,418,6,5.092324505980649,1.1782438438385725,TABLET,TABLET,['R33016BA5E7'],['FDA-ANDA080353-001-product-dosage-form-32e8d29a'],answer_only_exact_match,False,16417,FDA_0002_16K,"{'canonical_record_id': 'FDA-ANDA075783-003-product-dosage-form-3f0c19a4', 'display_id': 'R1276552923', 'distractor_type': 'WRONG_ENTITY', 'is_gold_or_equivalent': False, 'record_value': 'TABLET'}",TABLET,WRONG_ENTITY,False,tablet,tablet,,TABLET,,9536704000,24538775552,"Using only the Drugs@FDA records supplied in the context, what DOSAGE FORM is listed for product number 001 under FDA application ANDA080353 (brand name ""PREDNISONE"", active ingredient PREDNISONE)? Answer with the dosage form exactly as recorded.",FDA_0002,DIRECT_RETRIEVAL,ANSWER: TABLET,,False,True,False,CORRECT,True,False,CORRECT,,
True,False,True,True,16K,SEC,UNSUPPORTED_VALUE,,419,8,6.595594921559939,1.2129307659342885,79.70%,79.7,"['R884C5EA5EC', 'R632A487479']","['SEC-0000078003-IncomeTaxExpenseBenefit-USD-CY2022-0000078003-25-000054-fa42f8ee', 'SEC-0000078003-IncomeTaxExpenseBenefit-USD-CY2021-0000078003-24-000039-1c983e4e']",answer_not_matched_to_context_value,True,16529,SEC_0013_16K,,,,False,79.7,33.33,,33.33,,9557868032,24538775552,"Using only the SEC XBRL company-facts records supplied in the context, calculate the year-over-year percentage change in PFIZER INC's (CIK 0000078003) reported us-gaap:IncomeTaxExpenseBenefit from annual XBRL frame CY2021 to annual XBRL frame CY2022, both in USD. Use ((current - previous) / previous) * 100 and round to two decimal places.",SEC_0013,RETRIEVAL_CALCULATION,ANSWER: 33.33,,False,False,True,UNSUPPORTED_VALUE,False,True,UNSUPPORTED_VALUE,,
True,True,True,True,16K,FRED,CORRECT,,420,9,7.347526967022591,1.2249019350856543,"144,120",144120.0,['R6932521F27'],['FRED-PAYEMS-2021-03-01-2021-04-29-4117a714'],answer_only_exact_match,False,16407,FRED_0017_16K,"{'canonical_record_id': 'FRED-PAYEMS-2021-03-01-2021-04-29-4117a714', 'display_id': 'R6932521F27', 'distractor_type': None, 'is_gold_or_equivalent': True, 'record_value': '144120.0'}",144120.0,,False,144120.0,144120.0,,144120.0,,9534814720,24538775552,"Using only the FRED/ALFRED records supplied in the context, what value did FRED series PAYEMS (""All Employees, Total Nonfarm""), measured in Thousands of Persons, seasonally adjusted, monthly frequency show for the observation dated 2021-03-01 **as of the vintage date 2021-04-29**? Report the value from that vintage exactly.",FRED_0017,TEMPORAL_VERSION,ANSWER: 144120.0,,False,True,False,CORRECT,True,False,CORRECT,,
True,True,True,True,8K,FDA,CORRECT,,421,7,12.13002043299244,0.577080643735826,100MG,100MG,['RDD82BB12F5'],['FDA-ANDA090428-003-strength-LOSARTAN-POTASSIUM-0-73ee1961'],answer_only_exact_match,False,8339,FDA_0008_8K,"{'canonical_record_id': 'FDA-ANDA090428-003-strength-LOSARTAN-POTASSIUM-0-73ee1961', 'display_id': 'RDD82BB12F5', 'distractor_type': None, 'is_gold_or_equivalent': True, 'record_value': '100MG'}",100MG,,False,100mg,100mg,,100MG,,8010285568,24538775552,"Using only the Drugs@FDA records supplied in the context, what is the listed strength of LOSARTAN POTASSIUM in product number 003 under FDA application ANDA090428 (dosage form TABLET, route ORAL)? Report the strength string exactly as recorded.",FDA_0008,ENTITY_UNIT_BINDING,ANSWER: 100MG,,False,True,False,CORRECT,True,False,CORRECT,,
True,True,True,False,4K,FRED,CORRECT,,422,10,30.40625656358912,0.32887968234717846,,INSUFFICIENT_EVIDENCE,[],[],answer_only_exact_match,False,4206,FRED_0022_4K,,,,False,INSUFFICIENT_EVIDENCE,INSUFFICIENT_EVIDENCE,,INSUFFICIENT_EVIDENCE,,7231184384,24538775552,"Using only the FRED records supplied in the context, what value does FRED report for FRED series ILUR (""Unemployment Rate""), measured in Percent, seasonally adjusted, monthly frequency, for the observation dated 2025-10-01?",FRED_0022,UNANSWERABLE,ANSWER: INSUFFICIENT_EVIDENCE,,False,True,False,CORRECT,True,False,CORRECT,,
True,True,True,False,16K,SEC,CORRECT,,423,10,7.991425065279685,1.2513412712141871,,INSUFFICIENT_EVIDENCE,[],[],answer_only_exact_match,False,16515,SEC_0022_16K,,,,False,INSUFFICIENT_EVIDENCE,INSUFFICIENT_EVIDENCE,,INSUFFICIENT_EVIDENCE,,9555223040,24538775552,"Using only the SEC XBRL company-facts records supplied in the context, what value did WALMART INC. (CIK 0000104169) report for the us-gaap concept ""AccountsReceivableNetCurrent"" (Accounts Receivable, after Allowance for Credit Loss, Current) for the annual XBRL frame CY2023?",SEC_0022,UNANSWERABLE,ANSWER: INSUFFICIENT_EVIDENCE,,False,True,False,CORRECT,True,False,CORRECT,,
True,True,True,True,4K,FRED,CORRECT,,424,9,28.01956341321349,0.32120414823293686,"23,425.910",23425.91,['RD422EFDAFC'],['FRED-GDP-2021-04-01-latest-10e82080'],answer_only_exact_match,False,4236,FRED_0002_4K,"{'canonical_record_id': 'FRED-GDP-2021-04-01-latest-10e82080', 'display_id': 'RD422EFDAFC', 'distractor_type': None, 'is_gold_or_equivalent': True, 'record_value': '23425.91'}",23425.91,,False,23425.91,23425.91,,23425.91,,7236792832,24538775552,"Using only the FRED records supplied in the context, what value does the most recent vintage report for FRED series GDP (""Gross Domestic Product""), measured in Billions of Dollars, seasonally adjusted annual rate, quarterly frequency, for the observation dated 2021-04-01 (the quarter beginning 2021-04-01)? Report the currently published figure exactly.",FRED_0002,DIRECT_RETRIEVAL,ANSWER: 23425.91,,False,True,False,CORRECT,True,False,CORRECT,,
True,False,True,True,64K,CLINICAL_TRIALS,WRONG_ENTITY,,425,7,0.8979425382873593,7.795599051751196,ACTIVE_COMPARATOR,ACTIVE_COMPARATOR,['R65A0259312'],['CT-NCT01584232-arm-type-Insulin-glargine-OAM-1-7f7a037d'],answer_matches_context_distractor_value,False,65231,CT_0009_64K,"{'canonical_record_id': 'CT-NCT01656330-arm-type-Rivaroxaban-Profilnine-S-0-3a7655b0', 'display_id': 'REF6DA12645', 'distractor_type': 'WRONG_ENTITY', 'is_gold_or_equivalent': False, 'record_value': 'EXPERIMENTAL'}",EXPERIMENTAL,WRONG_ENTITY,False,active_comparator,experimental,,EXPERIMENTAL,,18769428992,24538775552,"Using only the ClinicalTrials.gov records supplied in the context, what is the arm-group TYPE of the arm labelled ""Insulin glargine + OAM"" in trial NCT01584232 (""A Study of Dulaglutide in Japanese Participants With Type 2 Diabetes Mellitus"")? Answer with the ClinicalTrials.gov arm type value (for example EXPERIMENTAL, ACTIVE_COMPARATOR, PLACEBO_COMPARATOR, SHAM_COMPARATOR, NO_INTERVENTION or OTHER).",CT_0009,ENTITY_UNIT_BINDING,ANSWER: EXPERIMENTAL,,False,False,False,WRONG_ENTITY,False,False,WRONG_ENTITY,,
True,True,True,True,4K,FDA,CORRECT,,426,11,31.601836997836095,0.348081030882895,2013-12-30,2013-12-30,['RAE3543605D'],['FDA-ANDA091431-submission-ORIG-1-7b0a53ff'],answer_only_exact_match,False,4252,FDA_0020_4K,"{'canonical_record_id': 'FDA-NDA020829-submission-SUPPL-66-b977cdde', 'display_id': 'RFD1EAB5439', 'distractor_type': 'WRONG_ENTITY', 'is_gold_or_equivalent': False, 'record_value': '2013-12-30'}",2013-12-30,WRONG_ENTITY,False,2013-12-30,2013-12-30,,2013-12-30,,7239782912,24538775552,"Using only the Drugs@FDA records supplied in the context, what is the submission status date of the ORIGINAL submission (submission type ORIG) for FDA application ANDA091431 (sponsor: HERITAGE)? Answer in YYYY-MM-DD form.",FDA_0020,TEMPORAL_VERSION,ANSWER: 2013-12-30,,False,True,False,CORRECT,True,False,CORRECT,,
False,False,True,False,32K,FRED,FAILED_TO_ABSTAIN,,427,8,2.829196724795622,2.827657734043896,,INSUFFICIENT_EVIDENCE,[],[],unanswerable_instance_factual_answer,True,32638,FRED_0023_32K,"{'canonical_record_id': 'FRED-CPIAUCSL-2025-08-01-latest-7b12a252', 'display_id': 'R0A366ED74A', 'distractor_type': 'WRONG_PERIOD', 'is_gold_or_equivalent': False, 'record_value': '323.291'}",323.291,WRONG_PERIOD,False,INSUFFICIENT_EVIDENCE,323.291,,323.291,,12602084864,24538775552,"Using only the FRED records supplied in the context, what value does FRED report for FRED series CPIAUCSL (""Consumer Price Index for All Urban Consumers: All Items in U.S. City Average""), measured in Index 1982-1984=100, seasonally adjusted, monthly frequency, for the observation dated 2025-10-01?",FRED_0023,UNANSWERABLE,ANSWER: 323.291,,False,False,True,FAILED_TO_ABSTAIN,False,True,FAILED_TO_ABSTAIN,,
True,True,True,True,64K,CLINICAL_TRIALS,CORRECT,,428,6,0.7739872758968523,7.752065423876047,226,226.0,['R3E85812DF7'],['CT-NCT02408120-enrollment-count-8faccd69'],answer_only_exact_match,False,65156,CT_0003_64K,"{'canonical_record_id': 'CT-NCT02408120-enrollment-count-8faccd69', 'display_id': 'R3E85812DF7', 'distractor_type': None, 'is_gold_or_equivalent': True, 'record_value': '226.0'}",226.0,,False,226,226,,226,,18746425856,24538775552,"Using only the ClinicalTrials.gov records supplied in the context, what enrollment count is reported for trial NCT02408120 (""Benefits of Insulin Supplementation for Correction of Hyperglycemia in Patients With Type 2 Diabetes"")? Report the actual number of participants as an integer.",CT_0003,DIRECT_RETRIEVAL,ANSWER: 226,,False,True,False,CORRECT,True,False,CORRECT,,
True,False,True,True,32K,FRED,UNSUPPORTED_VALUE,,429,8,2.821275188653277,2.835597191005945,-0.42%,-0.42,"['RE116E620FA', 'R06580795E0']","['FRED-CPIAUCSL-2026-06-01-latest-b06e0481', 'FRED-CPIAUCSL-2026-05-01-latest-f8e9c0e7']",answer_not_matched_to_context_value,True,32658,FRED_0011_32K,,,,False,-0.42,0.03,,0.03,,12605603328,24538775552,"Using only the FRED records supplied in the context, calculate the percentage change in FRED series CPIAUCSL (""Consumer Price Index for All Urban Consumers: All Items in U.S. City Average""), measured in Index 1982-1984=100, seasonally adjusted, monthly frequency between the observation dated 2026-05-01 and the observation dated 2026-06-01. Use both values from the most recent vintage, apply ((value_2026-06-01 - value_2026-05-01) / value_2026-05-01) * 100, and round to two decimal places.",FRED_0011,RETRIEVAL_CALCULATION,ANSWER: 0.03,,False,False,True,UNSUPPORTED_VALUE,False,True,UNSUPPORTED_VALUE,,
False,False,True,False,16K,FDA,FAILED_TO_ABSTAIN,,430,6,5.0916604927293925,1.1783975008875132,,INSUFFICIENT_EVIDENCE,[],[],unanswerable_instance_factual_answer,True,16407,FDA_0024_16K,"{'canonical_record_id': 'FDA-NDA020603-001-product-route-31b8a8bb', 'display_id': 'RA970A03570', 'distractor_type': 'OTHER_SAME_DOMAIN', 'is_gold_or_equivalent': False, 'record_value': 'ORAL'}",ORAL,OTHER_SAME_DOMAIN,False,INSUFFICIENT_EVIDENCE,oral,,ORAL,,9534814720,24538775552,"Using only the Drugs@FDA records supplied in the context, what is the route of administration for product number 004 under FDA application ANDA214494 (brand name ""SITAGLIPTIN AND METFORMIN HYDROCHLORIDE"")?",FDA_0024,UNANSWERABLE,ANSWER: ORAL,,False,False,True,FAILED_TO_ABSTAIN,False,True,FAILED_TO_ABSTAIN,,
False,False,True,False,64K,FRED,FAILED_TO_ABSTAIN,,431,8,1.028892635795446,7.7753496542572975,,INSUFFICIENT_EVIDENCE,[],[],unanswerable_instance_factual_answer,True,64919,FRED_0025_64K,"{'canonical_record_id': 'FRED-TXUR-2024-10-01-latest-1103b47b', 'display_id': 'R06CA98B68B', 'distractor_type': 'OTHER_SAME_DOMAIN', 'is_gold_or_equivalent': False, 'record_value': '4.2'}",4.2,OTHER_SAME_DOMAIN,False,INSUFFICIENT_EVIDENCE,4.2,,4.2,,18701642240,24538775552,"Using only the FRED records supplied in the context, what value does FRED report for FRED series FLUR (""Unemployment Rate""), measured in Percent, seasonally adjusted, monthly frequency, for the observation dated 2025-10-01?",FRED_0025,UNANSWERABLE,ANSWER: 4.2,,False,False,True,FAILED_TO_ABSTAIN,False,True,FAILED_TO_ABSTAIN,,
True,False,True,True,32K,SEC,UNSUPPORTED_VALUE,,432,8,2.8179097492052874,2.8389837546274066,20.68%,20.68,"['R16E78A33FF', 'R6CAD9B6C1D']","['SEC-0000021344-OperatingIncomeLoss-USD-CY2016-0000021344-19-000039-4f858bb1', 'SEC-0000021344-Revenues-USD-CY2016-0000021344-19-000039-dcf26950']",answer_not_matched_to_context_value,True,32707,SEC_0012_32K,,,,False,20.68,12.4,,12.40,,12618361344,24538775552,"Using only the SEC XBRL company-facts records supplied in the context, calculate COCA COLA CO's (CIK 0000021344) operating margin for the annual XBRL frame CY2016. Divide us-gaap:OperatingIncomeLoss by Revenues for that same company and frame, both in USD, multiply by 100, and round to two decimal places.",SEC_0012,RETRIEVAL_CALCULATION,ANSWER: 12.40,,False,False,True,UNSUPPORTED_VALUE,False,True,UNSUPPORTED_VALUE,,
True,False,True,True,16K,FDA,WRONG_ENTITY,,433,7,5.863401777377573,1.1938462117686868,40MG,40MG,['R879DA27DB9'],['FDA-ANDA091352-003-strength-OMEPRAZOLE-0-2a6b2002'],answer_matches_context_distractor_value,False,16438,FDA_0006_16K,"{'canonical_record_id': 'FDA-ANDA091352-002-strength-OMEPRAZOLE-0-6672ca58', 'display_id': 'RAF8AF5276C', 'distractor_type': 'WRONG_ENTITY', 'is_gold_or_equivalent': False, 'record_value': '20MG'}",20MG,WRONG_ENTITY,False,40mg,20mg,,20MG,,9540670976,24538775552,"Using only the Drugs@FDA records supplied in the context, what is the listed strength of OMEPRAZOLE in product number 003 under FDA application ANDA091352 (dosage form CAPSULE, DELAYED REL PELLETS, route ORAL)? Report the strength string exactly as recorded.",FDA_0006,ENTITY_UNIT_BINDING,ANSWER: 20MG,,False,False,False,WRONG_ENTITY,False,False,WRONG_ENTITY,,
True,False,True,True,64K,CLINICAL_TRIALS,WRONG_ENTITY,,434,9,1.1437009760005583,7.869189752265811,ACTIVE_COMPARATOR,ACTIVE_COMPARATOR,['RB0734CF34D'],['CT-NCT01340300-arm-type-Control-3-fc797906'],answer_matches_context_distractor_value,False,65236,CT_0006_64K,"{'canonical_record_id': 'CT-NCT03360045-arm-type-Placebo-group-1-86441658', 'display_id': 'RA7690F0269', 'distractor_type': 'WRONG_ENTITY', 'is_gold_or_equivalent': False, 'record_value': 'PLACEBO_COMPARATOR'}",PLACEBO_COMPARATOR,WRONG_ENTITY,False,active_comparator,placebo_comparator,,PLACEBO_COMPARATOR,,18769472000,24538775552,"Using only the ClinicalTrials.gov records supplied in the context, what is the arm-group TYPE of the arm labelled ""Control"" in trial NCT01340300 (""Exercise and Metformin in Colorectal and Breast Cancer Survivors"")? Answer with the ClinicalTrials.gov arm type value (for example EXPERIMENTAL, ACTIVE_COMPARATOR, PLACEBO_COMPARATOR, SHAM_COMPARATOR, NO_INTERVENTION or OTHER).",CT_0006,ENTITY_UNIT_BINDING,ANSWER: PLACEBO_COMPARATOR,,False,False,False,WRONG_ENTITY,False,False,WRONG_ENTITY,,
True,False,True,True,64K,FDA,UNSUPPORTED_VALUE,,435,6,0.7736889416477016,7.755054618231952,4.0000,4.0,"['R11114F96D0', 'R0A3D977AD9']","['FDA-NDA205003-003-strength-PERINDOPRIL-ARGININE-1-c5a3b50b', 'FDA-NDA205003-001-strength-PERINDOPRIL-ARGININE-1-5d26e2a3']",answer_not_matched_to_context_value,True,65115,FDA_0014_64K,,,,False,4.0,14.0,,14,,18738678272,24538775552,"Using only the Drugs@FDA records supplied in the context, divide the PERINDOPRIL ARGININE strength of product 003 under application NDA205003 by the PERINDOPRIL ARGININE strength of product 001 under application NDA205003. Both strengths are expressed in MG; report the dimensionless ratio rounded to four decimal places.",FDA_0014,RETRIEVAL_CALCULATION,ANSWER: 14,,False,False,True,UNSUPPORTED_VALUE,False,True,UNSUPPORTED_VALUE,,
True,True,True,True,32K,FRED,CORRECT,,436,8,2.8473590903161656,2.8096210369840264,3.700,3.7,['R75234B9BCB'],['FRED-UNRATE-2023-05-01-2023-09-28-d4e57b23'],answer_only_exact_match,False,32572,FRED_0019_32K,"{'canonical_record_id': 'FRED-FLUR-2000-02-01-latest-2087b653', 'display_id': 'R160F60886D', 'distractor_type': 'NEAR_MATCH_VALUE', 'is_gold_or_equivalent': False, 'record_value': '3.7'}",3.7,NEAR_MATCH_VALUE,False,3.7,3.7,,3.7,,12589351424,24538775552,"Using only the FRED/ALFRED records supplied in the context, what value did FRED series UNRATE (""Unemployment Rate""), measured in Percent, seasonally adjusted, monthly frequency show for the observation dated 2023-05-01 **as of the vintage date 2023-09-28**? Report the value from that vintage exactly.",FRED_0019,TEMPORAL_VERSION,ANSWER: 3.7,,False,True,False,CORRECT,True,False,CORRECT,,
False,False,True,False,32K,CLINICAL_TRIALS,FAILED_TO_ABSTAIN,,437,6,2.1556697507051155,2.7833577003329992,,INSUFFICIENT_EVIDENCE,[],[],unanswerable_instance_factual_answer,True,32685,CT_0025_32K,,,,False,INSUFFICIENT_EVIDENCE,18,,18,,12612744704,24538775552,"Using only the ClinicalTrials.gov records supplied in the context, what is the maximum eligible age for trial NCT02489357 (""Pembrolizumab and Cryosurgery in Treating Patients With Newly Diagnosed, Oligo-metastatic Prostate Cancer"")?",CT_0025,UNANSWERABLE,ANSWER: 18,,False,False,True,FAILED_TO_ABSTAIN,False,True,FAILED_TO_ABSTAIN,,
True,True,True,True,8K,CLINICAL_TRIALS,CORRECT,,438,6,10.609637533815647,0.5655235610902309,80,80.0,"['R584E60CDF3', 'RF6704DB3B7']","['CT-NCT03656445-enrollment-count-535dc578', 'CT-NCT03800927-enrollment-count-5f640681']",answer_only_exact_match,False,8296,CT_0010_8K,,,,False,80,80,,80,,8002159104,24538775552,"Using only the ClinicalTrials.gov records supplied in the context, subtract the enrollment count of trial NCT03800927 from the enrollment count of trial NCT03656445. Report the difference as an integer number of participants.",CT_0010,RETRIEVAL_CALCULATION,ANSWER: 80,,False,True,False,CORRECT,True,False,CORRECT,,
True,False,True,True,32K,FDA,UNSUPPORTED_VALUE,,439,11,3.8009484527364013,2.8940145168453455,1996-01-29,1996-01-29,['RD6A2176AFA'],['FDA-ANDA064139-submission-ORIG-1-b309bc43'],answer_not_matched_to_context_value,True,32613,FDA_0019_32K,,,,False,1996-01-29,2001-01-13,,2001-01-13,,12600638976,24538775552,"Using only the Drugs@FDA records supplied in the context, what is the submission status date of the ORIGINAL submission (submission type ORIG) for FDA application ANDA064139 (sponsor: CHARTWELL RX)? Answer in YYYY-MM-DD form.",FDA_0019,TEMPORAL_VERSION,ANSWER: 2001-01-13,,False,False,True,UNSUPPORTED_VALUE,False,True,UNSUPPORTED_VALUE,,
True,False,True,True,64K,FRED,UNSUPPORTED_VALUE,,440,8,1.0263465003423184,7.794638552702963,0.21%,0.21,"['RA2C8DBEEC0', 'RE9533D1E1E']","['FRED-WGS10YR-2026-07-31-latest-b0603637', 'FRED-WGS10YR-2026-07-24-latest-4def8320']",answer_not_matched_to_context_value,True,64999,FRED_0010_64K,,,,False,0.21,0.05,,0.05,,18716758528,24538775552,"Using only the FRED records supplied in the context, calculate the percentage change in FRED series WGS10YR (""Market Yield on U.S. Treasury Securities at 10-Year Constant Maturity""), measured in Percent, not seasonally adjusted, weekly frequency between the observation dated 2026-07-24 and the observation dated 2026-07-31. Use both values from the most recent vintage, apply ((value_2026-07-31 - value_2026-07-24) / value_2026-07-24) * 100, and round to two decimal places.",FRED_0010,RETRIEVAL_CALCULATION,ANSWER: 0.05,,False,False,True,UNSUPPORTED_VALUE,False,True,UNSUPPORTED_VALUE,,
True,False,True,True,4K,CLINICAL_TRIALS,UNSUPPORTED_VALUE,,441,6,20.98023314819427,0.285983475856483,715,715.0,"['R49BD6ECB64', 'R4B2CDBA6AD']","['CT-NCT03310021-study-start-date-79bbb709', 'CT-NCT03310021-study-primary-completion-a3ba8a2e']",answer_not_matched_to_context_value,True,4318,CT_0013_4K,,,,False,715,109,,109,,7252119040,24538775552,"Using only the ClinicalTrials.gov records supplied in the context, calculate the number of calendar days between the study start date and the primary completion date of trial NCT03310021 (""A Healthy Volunteer Pharmacokinetics (PK)/Pharmacodynamics (PD), Safety and Tolerability Study of Andexanet in Healthy Japanese and Caucasian Subjects""). Report a whole number of days. Use the primary completion date, not the overall study completion date and not the last update posted date.",CT_0013,RETRIEVAL_CALCULATION,ANSWER: 109,,False,False,True,UNSUPPORTED_VALUE,False,True,UNSUPPORTED_VALUE,,
True,False,True,True,16K,FDA,UNSUPPORTED_VALUE,,442,8,6.590756293708422,1.213821243494749,2.0000,2.0,"['R8D933477B5', 'R3C4F57847F']","['FDA-ANDA202933-002-strength-OLMESARTAN-MEDOXOMIL-1-ca1fbbd0', 'FDA-NDA200175-001-strength-OLMESARTAN-MEDOXOMIL-2-03a81d67']",answer_not_matched_to_context_value,True,16456,FDA_0017_16K,,,,False,2.0,0.4,,0.4,,9544073728,24538775552,"Using only the Drugs@FDA records supplied in the context, divide the OLMESARTAN MEDOXOMIL strength of product 002 under application ANDA202933 by the OLMESARTAN MEDOXOMIL strength of product 001 under application NDA200175. Both strengths are expressed in MG; report the dimensionless ratio rounded to four decimal places.",FDA_0017,RETRIEVAL_CALCULATION,ANSWER: 0.4,,False,False,True,UNSUPPORTED_VALUE,False,True,UNSUPPORTED_VALUE,,
True,False,True,True,4K,SEC,UNSUPPORTED_VALUE,,443,8,25.626111582446544,0.3121815798804164,79.70%,79.7,"['R884C5EA5EC', 'R632A487479']","['SEC-0000078003-IncomeTaxExpenseBenefit-USD-CY2022-0000078003-25-000054-fa42f8ee', 'SEC-0000078003-IncomeTaxExpenseBenefit-USD-CY2021-0000078003-24-000039-1c983e4e']",answer_not_matched_to_context_value,True,4225,SEC_0013_4K,,,,False,79.7,0.0,,0.00,,7234737152,24538775552,"Using only the SEC XBRL company-facts records supplied in the context, calculate the year-over-year percentage change in PFIZER INC's (CIK 0000078003) reported us-gaap:IncomeTaxExpenseBenefit from annual XBRL frame CY2021 to annual XBRL frame CY2022, both in USD. Use ((current - previous) / previous) * 100 and round to two decimal places.",SEC_0013,RETRIEVAL_CALCULATION,ANSWER: 0.00,,False,False,True,UNSUPPORTED_VALUE,False,True,UNSUPPORTED_VALUE,,
True,False,True,True,64K,SEC,UNSUPPORTED_VALUE,,444,8,1.0211925787664027,7.833977808244526,4.22%,4.22,"['R2940A33ABA', 'R21393EE9E8']","['SEC-0000200406-GrossProfit-USD-CY2025-0000200406-26-000016-de0a564d', 'SEC-0000200406-GrossProfit-USD-CY2024-0000200406-26-000016-ead9cf93']",answer_not_matched_to_context_value,True,65236,SEC_0015_64K,,,,False,4.22,0.0,,0.00,,18769472000,24538775552,"Using only the SEC XBRL company-facts records supplied in the context, calculate the year-over-year percentage change in Johnson & Johnson's (CIK 0000200406) reported us-gaap:GrossProfit from annual XBRL frame CY2024 to annual XBRL frame CY2025, both in USD. Use ((current - previous) / previous) * 100 and round to two decimal places.",SEC_0015,RETRIEVAL_CALCULATION,ANSWER: 0.00,,False,False,True,UNSUPPORTED_VALUE,False,True,UNSUPPORTED_VALUE,,
True,False,True,True,4K,CLINICAL_TRIALS,UNSUPPORTED_VALUE,,445,6,20.96572118999886,0.28618142660707235,"1,230",1230.0,"['RB5E1094FBC', 'RDB56C600D1']","['CT-NCT03197467-study-start-date-bf3bf559', 'CT-NCT03197467-study-primary-completion-0a5f27bb']",answer_not_matched_to_context_value,True,4261,CT_0014_4K,,,,False,1230,146,,146,,7241464832,24538775552,"Using only the ClinicalTrials.gov records supplied in the context, calculate the number of calendar days between the study start date and the primary completion date of trial NCT03197467 (""Neoadjuvant Anti PD-1 Immunotherapy in Resectable Non-small Cell Lung Cancer""). Report a whole number of days. Use the primary completion date, not the overall study completion date and not the last update posted date.",CT_0014,RETRIEVAL_CALCULATION,ANSWER: 146,,False,False,True,UNSUPPORTED_VALUE,False,True,UNSUPPORTED_VALUE,,
True,False,True,True,64K,FDA,UNSUPPORTED_VALUE,,446,8,1.02309737409894,7.819392564706504,2.0000,2.0,"['R3837A73ED0', 'R8F8AB01000']","['FDA-ANDA090011-003-strength-VALSARTAN-1-2a67a45a', 'FDA-NDA022314-004-strength-VALSARTAN-2-4a7b569a']",answer_not_matched_to_context_value,True,65126,FDA_0015_64K,,,,False,2.0,,,160/160,,18740755968,24538775552,"Using only the Drugs@FDA records supplied in the context, divide the VALSARTAN strength of product 003 under application ANDA090011 by the VALSARTAN strength of product 004 under application NDA022314. Both strengths are expressed in MG; report the dimensionless ratio rounded to four decimal places.",FDA_0015,RETRIEVAL_CALCULATION,ANSWER: 160/160,,False,False,True,UNSUPPORTED_VALUE,False,True,UNSUPPORTED_VALUE,,
True,True,True,False,8K,SEC,CORRECT,,447,10,16.14345192488364,0.6194462031126022,,INSUFFICIENT_EVIDENCE,[],[],answer_only_exact_match,False,8291,SEC_0022_8K,,,,False,INSUFFICIENT_EVIDENCE,INSUFFICIENT_EVIDENCE,,INSUFFICIENT_EVIDENCE,,8001214976,24538775552,"Using only the SEC XBRL company-facts records supplied in the context, what value did WALMART INC. (CIK 0000104169) report for the us-gaap concept ""AccountsReceivableNetCurrent"" (Accounts Receivable, after Allowance for Credit Loss, Current) for the annual XBRL frame CY2023?",SEC_0022,UNANSWERABLE,ANSWER: INSUFFICIENT_EVIDENCE,,False,True,False,CORRECT,True,False,CORRECT,,
True,True,True,True,8K,FDA,CORRECT,,448,7,12.010132418476598,0.5828412007540464,CAPSULE,CAPSULE,['RFF4E86C28A'],['FDA-ANDA219714-002-product-dosage-form-a7b896bc'],answer_only_exact_match,False,8319,FDA_0005_8K,"{'canonical_record_id': 'FDA-ANDA062854-001-product-dosage-form-4d7b4296', 'display_id': 'RDB68DFBDFB', 'distractor_type': 'WRONG_ENTITY', 'is_gold_or_equivalent': False, 'record_value': 'CAPSULE'}",CAPSULE,WRONG_ENTITY,False,capsule,capsule,,CAPSULE,,8006504960,24538775552,"Using only the Drugs@FDA records supplied in the context, what DOSAGE FORM is listed for product number 002 under FDA application ANDA219714 (brand name ""SERTRALINE HYDROCHLORIDE"", active ingredient SERTRALINE HYDROCHLORIDE)? Answer with the dosage form exactly as recorded.",FDA_0005,DIRECT_RETRIEVAL,ANSWER: CAPSULE,,False,True,False,CORRECT,True,False,CORRECT,,
True,False,True,True,16K,FRED,WRONG_VERSION,,449,9,7.605716616855438,1.1833204487338662,"21,967.045",21967.045,['R3FC177AE13'],['FRED-GDPC1-2022-04-01-latest-40d67590'],answer_matches_context_distractor_value,False,16374,FRED_0009_16K,"{'canonical_record_id': 'FRED-GDPC1-2022-04-01-2025-03-27-756f9352', 'display_id': 'RC2BE677C12', 'distractor_type': 'WRONG_VERSION', 'is_gold_or_equivalent': False, 'record_value': '21919.222'}",21919.222,WRONG_VERSION,False,21967.045,21919.222,,21919.222,,9529729536,24538775552,"Using only the FRED records supplied in the context, report the value of FRED series GDPC1 (""Gross Domestic Product""), measured in Billions of Chained 2017 Dollars, seasonally adjusted annual rate, quarterly frequency for United States on the observation dated 2022-04-01. Report the value for series GDPC1 exactly.",FRED_0009,ENTITY_UNIT_BINDING,ANSWER: 21919.222,,False,False,False,WRONG_VERSION,False,False,WRONG_VERSION,,
True,True,True,False,32K,FRED,CORRECT,,450,10,3.496555085312054,2.859957803040743,,INSUFFICIENT_EVIDENCE,[],[],answer_only_exact_match,False,32544,FRED_0025_32K,,,,False,INSUFFICIENT_EVIDENCE,INSUFFICIENT_EVIDENCE,,INSUFFICIENT_EVIDENCE,,12584061440,24538775552,"Using only the FRED records supplied in the context, what value does FRED report for FRED series FLUR (""Unemployment Rate""), measured in Percent, seasonally adjusted, monthly frequency, for the observation dated 2025-10-01?",FRED_0025,UNANSWERABLE,ANSWER: INSUFFICIENT_EVIDENCE,,False,True,False,CORRECT,True,False,CORRECT,,
True,True,True,True,8K,FDA,CORRECT,,451,11,17.287966956300078,0.6362807163968682,1996-01-29,1996-01-29,['RD6A2176AFA'],['FDA-ANDA064139-submission-ORIG-1-b309bc43'],answer_only_exact_match,False,8256,FDA_0019_8K,"{'canonical_record_id': 'FDA-ANDA064139-submission-ORIG-1-b309bc43', 'display_id': 'RD6A2176AFA', 'distractor_type': None, 'is_gold_or_equivalent': True, 'record_value': '1996-01-29'}",1996-01-29,,False,1996-01-29,1996-01-29,,1996-01-29,,7994599936,24538775552,"Using only the Drugs@FDA records supplied in the context, what is the submission status date of the ORIGINAL submission (submission type ORIG) for FDA application ANDA064139 (sponsor: CHARTWELL RX)? Answer in YYYY-MM-DD form.",FDA_0019,TEMPORAL_VERSION,ANSWER: 1996-01-29,,False,True,False,CORRECT,True,False,CORRECT,,
True,True,True,True,4K,FDA,CORRECT,,452,6,20.88925021757572,0.28722907416522503,2,2.0,"['RE31B0B0542', 'R747FC5A273']","['FDA-ANDA062098-001-product-dosage-form-cdb5f275', 'FDA-ANDA062098-002-product-dosage-form-cd94a34d']",answer_only_exact_match,False,4258,FDA_0011_4K,,,,False,2,2,,2,,7240904192,24538775552,"Using only the Drugs@FDA records supplied in the context, how many distinct product entries are listed under FDA application ANDA062098 (sponsor: APOTHECON)? Count the products belonging to that application number only, and answer with an integer.",FDA_0011,RETRIEVAL_CALCULATION,ANSWER: 2,,False,True,False,CORRECT,True,False,CORRECT,,
True,True,True,True,8K,SEC,CORRECT,,453,11,17.296954419578274,0.6359501061961055,"81,770,000,000",81770000000.0,['R1ECF323D42'],['SEC-0000104169-CostOfRevenue-USD-CY2011Q2-0000104169-13-000011-eef68e4b'],answer_only_exact_match,False,8370,SEC_0018_8K,"{'canonical_record_id': 'SEC-0000104169-CostOfRevenue-USD-CY2011Q2-0000104169-13-000011-eef68e4b', 'display_id': 'R1ECF323D42', 'distractor_type': None, 'is_gold_or_equivalent': True, 'record_value': '81770000000.0'}",81770000000.0,,False,81770000000.0,81770000000.0,,81770000000.0,,8016141824,24538775552,"Using only the SEC XBRL company-facts records supplied in the context, what did WALMART INC. (CIK 0000104169) report for us-gaap:CostOfRevenue for the single quarterly XBRL frame CY2011Q2, in USD? Report the quarterly figure exactly.",SEC_0018,TEMPORAL_VERSION,ANSWER: 81770000000.0,,False,True,False,CORRECT,True,False,CORRECT,,
True,False,True,True,32K,SEC,UNSUPPORTED_VALUE,,454,8,2.787336969812339,2.8701230194419622,4.22%,4.22,"['R2940A33ABA', 'R21393EE9E8']","['SEC-0000200406-GrossProfit-USD-CY2025-0000200406-26-000016-de0a564d', 'SEC-0000200406-GrossProfit-USD-CY2024-0000200406-26-000016-ead9cf93']",answer_not_matched_to_context_value,True,32791,SEC_0015_32K,,,,False,4.22,0.0,,0.00,,12630735360,24538775552,"Using only the SEC XBRL company-facts records supplied in the context, calculate the year-over-year percentage change in Johnson & Johnson's (CIK 0000200406) reported us-gaap:GrossProfit from annual XBRL frame CY2024 to annual XBRL frame CY2025, both in USD. Use ((current - previous) / previous) * 100 and round to two decimal places.",SEC_0015,RETRIEVAL_CALCULATION,ANSWER: 0.00,,False,False,True,UNSUPPORTED_VALUE,False,True,UNSUPPORTED_VALUE,,
True,True,True,True,32K,SEC,CORRECT,,455,11,3.743260222396522,2.938614829443395,"81,770,000,000",81770000000.0,['R1ECF323D42'],['SEC-0000104169-CostOfRevenue-USD-CY2011Q2-0000104169-13-000011-eef68e4b'],answer_only_exact_match,False,32776,SEC_0018_32K,"{'canonical_record_id': 'SEC-0000104169-CostOfRevenue-USD-CY2011Q2-0000104169-13-000011-eef68e4b', 'display_id': 'R1ECF323D42', 'distractor_type': None, 'is_gold_or_equivalent': True, 'record_value': '81770000000.0'}",81770000000.0,,False,81770000000.0,81770000000.0,,81770000000.0,,12627900928,24538775552,"Using only the SEC XBRL company-facts records supplied in the context, what did WALMART INC. (CIK 0000104169) report for us-gaap:CostOfRevenue for the single quarterly XBRL frame CY2011Q2, in USD? Report the quarterly figure exactly.",SEC_0018,TEMPORAL_VERSION,ANSWER: 81770000000.0,,False,True,False,CORRECT,True,False,CORRECT,,
True,False,True,True,32K,SEC,WRONG_ENTITY,,456,11,3.7421647962427103,2.939475036226213,"15,119,000,000",15119000000.0,['R1735E360E5'],['SEC-0000200406-NetIncomeLoss-USD-CY2019-0000200406-22-000022-bef780ea'],answer_matches_context_distractor_value,False,32788,SEC_0005_32K,"{'canonical_record_id': 'SEC-0000019617-NetIncomeLoss-USD-CY2019-0000019617-22-000272-e61bf27d', 'display_id': 'RD56A489632', 'distractor_type': 'WRONG_ENTITY', 'is_gold_or_equivalent': False, 'record_value': '36431000000.0'}",36431000000.0,WRONG_ENTITY,False,15119000000.0,36431000000.0,,36431000000.0,,12630168064,24538775552,"Using only the SEC XBRL company-facts records supplied in the context, what value did Johnson & Johnson (CIK 0000200406) report for the us-gaap concept ""NetIncomeLoss"" (Net Income (Loss) Attributable to Parent) for the annual XBRL frame CY2019, in USD? Report the exact reported figure.",SEC_0005,DIRECT_RETRIEVAL,ANSWER: 36431000000.0,,False,False,False,WRONG_ENTITY,False,False,WRONG_ENTITY,,
True,True,True,True,16K,FDA,CORRECT,,457,6,5.089893246851318,1.1788066485896707,TABLET,TABLET,['R89F59D6895'],['FDA-ANDA075999-006-product-dosage-form-a7cba6df'],answer_only_exact_match,False,16437,FDA_0003_16K,"{'canonical_record_id': 'FDA-ANDA077711-001-product-dosage-form-23af4730', 'display_id': 'R02B158F329', 'distractor_type': 'WRONG_ENTITY', 'is_gold_or_equivalent': False, 'record_value': 'TABLET'}",TABLET,WRONG_ENTITY,False,tablet,tablet,,TABLET,,9540482560,24538775552,"Using only the Drugs@FDA records supplied in the context, what DOSAGE FORM is listed for product number 006 under FDA application ANDA075999 (brand name ""LISINOPRIL"", active ingredient LISINOPRIL)? Answer with the dosage form exactly as recorded.",FDA_0003,DIRECT_RETRIEVAL,ANSWER: TABLET,,False,True,False,CORRECT,True,False,CORRECT,,
True,True,True,True,32K,FDA,CORRECT,,458,6,2.159374072177476,2.77858295943588,5,5.0,"['R0BD4A74409', 'RE6D7B20123', 'R2931E659B5', 'R5E58A20C63', 'RC69FDCD8A4']","['FDA-NDA020357-001-product-dosage-form-fe6fb84a', 'FDA-NDA020357-002-product-dosage-form-d7f949e9', 'FDA-NDA020357-003-product-dosage-form-25562254', 'FDA-NDA020357-004-product-dosage-form-a4545c89', 'FDA-NDA020357-005-product-dosage-form-e52eba89']",answer_only_exact_match,False,32591,FDA_0013_32K,,,,False,5,5,,5,,12592943616,24538775552,"Using only the Drugs@FDA records supplied in the context, how many distinct product entries are listed under FDA application NDA020357 (sponsor: EMD SERONO INC)? Count the products belonging to that application number only, and answer with an integer.",FDA_0013,RETRIEVAL_CALCULATION,ANSWER: 5,,False,True,False,CORRECT,True,False,CORRECT,,
False,False,True,False,16K,CLINICAL_TRIALS,FAILED_TO_ABSTAIN,,459,11,8.760613665053176,1.2556198025122285,,INSUFFICIENT_EVIDENCE,[],[],unanswerable_instance_factual_answer,True,16393,CT_0024_16K,"{'canonical_record_id': 'CT-NCT06097390-study-first-posted-date-6794dbb5', 'display_id': 'RCD7EF3AF14', 'distractor_type': 'WRONG_FIELD', 'is_gold_or_equivalent': False, 'record_value': '2023-10-24'}",2023-10-24,WRONG_FIELD,False,INSUFFICIENT_EVIDENCE,2023-10-24,,2023-10-24,,9532169728,24538775552,"Using only the ClinicalTrials.gov records supplied in the context, what is the date on which results were first posted for trial NCT06097390 (""A Research Study Looking at New Protein-based Tablets in Healthy Men - Oral Formulation III"")?",CT_0024,UNANSWERABLE,ANSWER: 2023-10-24,,False,False,True,FAILED_TO_ABSTAIN,False,True,FAILED_TO_ABSTAIN,,
True,True,True,True,4K,SEC,CORRECT,,460,11,32.61044449319241,0.33731524273753166,"14,527,000,000",14527000000.0,['R2502756E9E'],['SEC-0000320193-IncomeTaxExpenseBenefit-USD-CY2021-0000320193-23-000106-b260dbee'],answer_only_exact_match,False,4213,SEC_0007_4K,"{'canonical_record_id': 'SEC-0000320193-IncomeTaxExpenseBenefit-USD-CY2021-0000320193-23-000106-b260dbee', 'display_id': 'R2502756E9E', 'distractor_type': None, 'is_gold_or_equivalent': True, 'record_value': '14527000000.0'}",14527000000.0,,False,14527000000.0,14527000000.0,,14527000000.0,,7232492544,24538775552,"Using only the SEC XBRL company-facts records supplied in the context, what value did Apple Inc. (CIK 0000320193) report for us-gaap:IncomeTaxExpenseBenefit for the annual XBRL frame CY2021, in USD? Report the exact value for that filer.",SEC_0007,ENTITY_UNIT_BINDING,ANSWER: 14527000000.0,,False,True,False,CORRECT,True,False,CORRECT,,
True,True,True,True,32K,SEC,CORRECT,,461,11,3.7782765930985884,2.9113802891224623,"63,937,000,000",63937000000.0,['R2940A33ABA'],['SEC-0000200406-GrossProfit-USD-CY2025-0000200406-26-000016-de0a564d'],answer_only_exact_match,False,32754,SEC_0002_32K,"{'canonical_record_id': 'SEC-0000200406-GrossProfit-USD-CY2025-0000200406-26-000016-de0a564d', 'display_id': 'R2940A33ABA', 'distractor_type': None, 'is_gold_or_equivalent': True, 'record_value': '63937000000.0'}",63937000000.0,,False,63937000000.0,63937000000.0,,63937000000.0,,12624545280,24538775552,"Using only the SEC XBRL company-facts records supplied in the context, what value did Johnson & Johnson (CIK 0000200406) report for the us-gaap concept ""GrossProfit"" (Gross Profit) for the annual XBRL frame CY2025, in USD? Report the exact reported figure.",SEC_0002,DIRECT_RETRIEVAL,ANSWER: 63937000000.0,,False,True,False,CORRECT,True,False,CORRECT,,
True,True,True,True,8K,SEC,CORRECT,,462,11,17.303251865006263,0.6357186548411846,"15,119,000,000",15119000000.0,['R1735E360E5'],['SEC-0000200406-NetIncomeLoss-USD-CY2019-0000200406-22-000022-bef780ea'],answer_only_exact_match,False,8378,SEC_0005_8K,"{'canonical_record_id': 'SEC-0000200406-NetIncomeLoss-USD-CY2019-0000200406-22-000022-bef780ea', 'display_id': 'R1735E360E5', 'distractor_type': None, 'is_gold_or_equivalent': True, 'record_value': '15119000000.0'}",15119000000.0,,False,15119000000.0,15119000000.0,,15119000000.0,,8017653248,24538775552,"Using only the SEC XBRL company-facts records supplied in the context, what value did Johnson & Johnson (CIK 0000200406) report for the us-gaap concept ""NetIncomeLoss"" (Net Income (Loss) Attributable to Parent) for the annual XBRL frame CY2019, in USD? Report the exact reported figure.",SEC_0005,DIRECT_RETRIEVAL,ANSWER: 15119000000.0,,False,True,False,CORRECT,True,False,CORRECT,,
True,True,True,False,4K,SEC,CORRECT,,463,10,30.51325536312875,0.3277264218777418,,INSUFFICIENT_EVIDENCE,[],[],answer_only_exact_match,False,4294,SEC_0025_4K,,,,False,INSUFFICIENT_EVIDENCE,INSUFFICIENT_EVIDENCE,,INSUFFICIENT_EVIDENCE,,7247633920,24538775552,"Using only the SEC XBRL company-facts records supplied in the context, what value did Johnson & Johnson (CIK 0000200406) report for the us-gaap concept ""OperatingExpenses"" (Operating Expenses) for the annual XBRL frame CY2023?",SEC_0025,UNANSWERABLE,ANSWER: INSUFFICIENT_EVIDENCE,,False,True,False,CORRECT,True,False,CORRECT,,
True,True,True,True,32K,FRED,CORRECT,,464,9,3.161261254389211,2.84696495346725,"20,985.448",20985.448,['R7097297563'],['FRED-GDPC1-2019-10-01-latest-bfa762c2'],answer_only_exact_match,False,32624,FRED_0004_32K,"{'canonical_record_id': 'FRED-GDPC1-2019-10-01-2025-03-27-7008958a', 'display_id': 'RC02D94D5FF', 'distractor_type': 'WRONG_VERSION', 'is_gold_or_equivalent': False, 'record_value': '20985.448'}",20985.448,WRONG_VERSION,False,20985.448,20985.448,,20985.448,,12601274880,24538775552,"Using only the FRED records supplied in the context, what value does the most recent vintage report for FRED series GDPC1 (""Gross Domestic Product""), measured in Billions of Chained 2017 Dollars, seasonally adjusted annual rate, quarterly frequency, for the observation dated 2019-10-01 (the quarter beginning 2019-10-01)? Report the currently published figure exactly.",FRED_0004,DIRECT_RETRIEVAL,ANSWER: 20985.448,,False,True,False,CORRECT,True,False,CORRECT,,
True,True,True,True,32K,FRED,CORRECT,,465,8,2.8354060100587577,2.8214654168114066,3.600,3.6,['R6738C093EC'],['FRED-UNRATE-2022-10-01-latest-d6aefb1a'],answer_only_exact_match,False,32580,FRED_0005_32K,"{'canonical_record_id': 'FRED-ILUR-2019-12-01-latest-134d98f3', 'display_id': 'R26E4C7DDEB', 'distractor_type': 'NEAR_MATCH_VALUE', 'is_gold_or_equivalent': False, 'record_value': '3.6'}",3.6,NEAR_MATCH_VALUE,False,3.6,3.6,,3.6,,12590864896,24538775552,"Using only the FRED records supplied in the context, what value does the most recent vintage report for FRED series UNRATE (""Unemployment Rate""), measured in Percent, seasonally adjusted, monthly frequency, for the observation dated 2022-10-01 (the month beginning 2022-10-01)? Report the currently published figure exactly.",FRED_0005,DIRECT_RETRIEVAL,ANSWER: 3.6,,False,True,False,CORRECT,True,False,CORRECT,,
False,False,True,False,4K,FDA,FAILED_TO_ABSTAIN,,466,6,20.764711249205934,0.2889517666772008,,INSUFFICIENT_EVIDENCE,[],[],unanswerable_instance_factual_answer,True,4282,FDA_0024_4K,"{'canonical_record_id': 'FDA-ANDA211369-006-product-route-be8e16da', 'display_id': 'RF9B236458C', 'distractor_type': 'OTHER_SAME_DOMAIN', 'is_gold_or_equivalent': False, 'record_value': 'ORAL'}",ORAL,OTHER_SAME_DOMAIN,False,INSUFFICIENT_EVIDENCE,oral,,ORAL,,7245389312,24538775552,"Using only the Drugs@FDA records supplied in the context, what is the route of administration for product number 004 under FDA application ANDA214494 (brand name ""SITAGLIPTIN AND METFORMIN HYDROCHLORIDE"")?",FDA_0024,UNANSWERABLE,ANSWER: ORAL,,False,False,True,FAILED_TO_ABSTAIN,False,True,FAILED_TO_ABSTAIN,,
True,False,True,True,16K,SEC,WRONG_PERIOD,,467,11,8.715400270975692,1.2621336551383138,"3,706,200,000",3706200000.0,['R736D23CA70'],['SEC-0000019617-WeightedAverageNumberOfD-shares-CY2016Q2-0000019617-17-000486-68a92d76'],answer_matches_context_distractor_value,False,16489,SEC_0020_16K,"{'canonical_record_id': 'SEC-0000019617-WeightedAverageNumberOfD-shares-2016-04-01-2016-06-30-0000019617-16-001056-a3c807af', 'display_id': 'R2FAFD40276', 'distractor_type': 'WRONG_PERIOD', 'is_gold_or_equivalent': False, 'record_value': '3666500000.0'}",3666500000.0,WRONG_PERIOD,False,3706200000.0,3666500000.0,,3666500000.0,,9550308864,24538775552,"Using only the SEC XBRL company-facts records supplied in the context, what value did JPMORGAN CHASE & CO (CIK 0000019617) report for us-gaap:WeightedAverageNumberOfDilutedSharesOutstanding for the period ending 2016-06-30 in the MOST RECENTLY FILED version of that fact — accession 0000019617-17-000486, form 10-Q, filed 2017-08-02 — in shares? Report the exact value from that version.",SEC_0020,TEMPORAL_VERSION,ANSWER: 3666500000.0,,False,False,False,WRONG_PERIOD,False,False,WRONG_PERIOD,,
False,False,True,False,8K,FDA,FAILED_TO_ABSTAIN,,468,6,10.490155945606848,0.5719648050144315,,INSUFFICIENT_EVIDENCE,[],[],unanswerable_instance_factual_answer,True,8335,FDA_0025_8K,"{'canonical_record_id': 'FDA-ANDA078573-001-product-route-c2dffc49', 'display_id': 'R57425E01A6', 'distractor_type': 'OTHER_SAME_DOMAIN', 'is_gold_or_equivalent': False, 'record_value': 'ORAL'}",ORAL,OTHER_SAME_DOMAIN,False,INSUFFICIENT_EVIDENCE,oral,,ORAL,,8009529856,24538775552,"Using only the Drugs@FDA records supplied in the context, what is the route of administration for product number 002 under FDA application ANDA216516 (brand name ""SITAGLIPTIN AND METFORMIN HYDROCHLORIDE"")?",FDA_0025,UNANSWERABLE,ANSWER: ORAL,,False,False,True,FAILED_TO_ABSTAIN,False,True,FAILED_TO_ABSTAIN,,
False,False,True,False,64K,CLINICAL_TRIALS,FAILED_TO_ABSTAIN,,469,6,0.7752135668000388,7.739802625961602,,INSUFFICIENT_EVIDENCE,[],[],unanswerable_instance_factual_answer,True,65110,CT_0025_64K,,,,False,INSUFFICIENT_EVIDENCE,18,,18,,18737733120,24538775552,"Using only the ClinicalTrials.gov records supplied in the context, what is the maximum eligible age for trial NCT02489357 (""Pembrolizumab and Cryosurgery in Treating Patients With Newly Diagnosed, Oligo-metastatic Prostate Cancer"")?",CT_0025,UNANSWERABLE,ANSWER: 18,,False,False,True,FAILED_TO_ABSTAIN,False,True,FAILED_TO_ABSTAIN,,
True,True,True,True,16K,FDA,CORRECT,,470,7,5.864871039237304,1.193547130562365,100MG,100MG,['RDD82BB12F5'],['FDA-ANDA090428-003-strength-LOSARTAN-POTASSIUM-0-73ee1961'],answer_only_exact_match,False,16411,FDA_0008_16K,"{'canonical_record_id': 'FDA-ANDA090790-003-strength-LOSARTAN-POTASSIUM-0-24a9e319', 'display_id': 'RCDF47CC723', 'distractor_type': 'WRONG_ENTITY', 'is_gold_or_equivalent': False, 'record_value': '100MG'}",100MG,WRONG_ENTITY,False,100mg,100mg,,100MG,,9535570432,24538775552,"Using only the Drugs@FDA records supplied in the context, what is the listed strength of LOSARTAN POTASSIUM in product number 003 under FDA application ANDA090428 (dosage form TABLET, route ORAL)? Report the strength string exactly as recorded.",FDA_0008,ENTITY_UNIT_BINDING,ANSWER: 100MG,,False,True,False,CORRECT,True,False,CORRECT,,
True,True,True,True,8K,CLINICAL_TRIALS,CORRECT,,471,6,10.495400582319723,0.5716789895668626,24,24.0,['R900B293DCB'],['CT-NCT02262793-enrollment-count-5fd11e40'],answer_only_exact_match,False,8347,CT_0001_8K,"{'canonical_record_id': 'CT-NCT02262793-enrollment-count-5fd11e40', 'display_id': 'R900B293DCB', 'distractor_type': None, 'is_gold_or_equivalent': True, 'record_value': '24.0'}",24.0,,False,24,24,,24,,8012725760,24538775552,"Using only the ClinicalTrials.gov records supplied in the context, what enrollment count is reported for trial NCT02262793 (""Relative Bioavailability of Telmisartan and Dipyridamole After Co-administration Compared to the Bioavailability of Telmisartan or Dipyridamole Alone in Healthy Female and Male Subjects"")? Report the actual number of participants as an integer.",CT_0001,DIRECT_RETRIEVAL,ANSWER: 24,,False,True,False,CORRECT,True,False,CORRECT,,
True,True,True,True,16K,FDA,CORRECT,,472,7,5.847634658990891,1.197065208107233,CAPSULE,CAPSULE,['RFF4E86C28A'],['FDA-ANDA219714-002-product-dosage-form-a7b896bc'],answer_only_exact_match,False,16457,FDA_0005_16K,"{'canonical_record_id': 'FDA-ANDA218712-002-product-dosage-form-36a6ddb7', 'display_id': 'R4A032DE110', 'distractor_type': 'WRONG_ENTITY', 'is_gold_or_equivalent': False, 'record_value': 'CAPSULE'}",CAPSULE,WRONG_ENTITY,False,capsule,capsule,,CAPSULE,,9544263168,24538775552,"Using only the Drugs@FDA records supplied in the context, what DOSAGE FORM is listed for product number 002 under FDA application ANDA219714 (brand name ""SERTRALINE HYDROCHLORIDE"", active ingredient SERTRALINE HYDROCHLORIDE)? Answer with the dosage form exactly as recorded.",FDA_0005,DIRECT_RETRIEVAL,ANSWER: CAPSULE,,False,True,False,CORRECT,True,False,CORRECT,,
False,False,True,False,8K,CLINICAL_TRIALS,FAILED_TO_ABSTAIN,,473,11,17.370066280868667,0.633273346349597,,INSUFFICIENT_EVIDENCE,[],[],unanswerable_instance_factual_answer,True,8327,CT_0021_8K,"{'canonical_record_id': 'CT-NCT02339493-study-first-posted-date-c38697fd', 'display_id': 'RA9D366EFB3', 'distractor_type': 'WRONG_FIELD', 'is_gold_or_equivalent': False, 'record_value': '2015-01-15'}",2015-01-15,WRONG_FIELD,False,INSUFFICIENT_EVIDENCE,2015-01-15,,2015-01-15,,8008018432,24538775552,"Using only the ClinicalTrials.gov records supplied in the context, what is the date on which results were first posted for trial NCT02339493 (""Electronic Alerts for Stroke Prevention in Patients With Atrial Fibrillation or Atrial Flutter"")?",CT_0021,UNANSWERABLE,ANSWER: 2015-01-15,,False,False,True,FAILED_TO_ABSTAIN,False,True,FAILED_TO_ABSTAIN,,
True,False,True,True,16K,FRED,WRONG_VERSION,,474,9,7.588524393652594,1.1860013268887997,"150,895",150895.0,['RD6965D00CC'],['FRED-PAYEMS-2020-03-01-latest-c12aef71'],answer_matches_context_distractor_value,False,16380,FRED_0001_16K,"{'canonical_record_id': 'FRED-PAYEMS-2020-03-01-2021-07-29-d2d81e29', 'display_id': 'RB73A3B2B51', 'distractor_type': 'WRONG_VERSION', 'is_gold_or_equivalent': False, 'record_value': '150840.0'}",150840.0,WRONG_VERSION,False,150895.0,150840.0,,150840.0,,9530171904,24538775552,"Using only the FRED records supplied in the context, what value does the most recent vintage report for FRED series PAYEMS (""All Employees, Total Nonfarm""), measured in Thousands of Persons, seasonally adjusted, monthly frequency, for the observation dated 2020-03-01 (the month beginning 2020-03-01)? Report the currently published figure exactly.",FRED_0001,DIRECT_RETRIEVAL,ANSWER: 150840.0,,False,False,False,WRONG_VERSION,False,False,WRONG_VERSION,,
True,False,True,True,4K,FRED,UNSUPPORTED_VALUE,,475,8,25.958515172505013,0.3081840369850397,-0.42%,-0.42,"['RE116E620FA', 'R06580795E0']","['FRED-CPIAUCSL-2026-06-01-latest-b06e0481', 'FRED-CPIAUCSL-2026-05-01-latest-f8e9c0e7']",answer_not_matched_to_context_value,True,4330,FRED_0011_4K,,,,False,-0.42,0.03,,0.03,,7254361600,24538775552,"Using only the FRED records supplied in the context, calculate the percentage change in FRED series CPIAUCSL (""Consumer Price Index for All Urban Consumers: All Items in U.S. City Average""), measured in Index 1982-1984=100, seasonally adjusted, monthly frequency between the observation dated 2026-05-01 and the observation dated 2026-06-01. Use both values from the most recent vintage, apply ((value_2026-06-01 - value_2026-05-01) / value_2026-05-01) * 100, and round to two decimal places.",FRED_0011,RETRIEVAL_CALCULATION,ANSWER: 0.03,,False,False,True,UNSUPPORTED_VALUE,False,True,UNSUPPORTED_VALUE,,
True,False,True,True,32K,SEC,UNSUPPORTED_VALUE,,476,8,2.7854316924610543,2.872086226940155,5.30%,5.3,"['RFD9EAF4C17', 'R0DD28E9A21']","['SEC-0001018724-OperatingIncomeLoss-USD-CY2021-0001018724-24-000008-5fb62b4b', 'SEC-0001018724-RevenueFromContractWithC-USD-CY2021-0001018724-24-000008-7f189d67']",answer_not_matched_to_context_value,True,32801,SEC_0011_32K,,,,False,5.3,0.0,,0.00,,12632624640,24538775552,"Using only the SEC XBRL company-facts records supplied in the context, calculate AMAZON COM INC's (CIK 0001018724) operating margin for the annual XBRL frame CY2021. Divide us-gaap:OperatingIncomeLoss by RevenueFromContractWithCustomerExcludingAssessedTax for that same company and frame, both in USD, multiply by 100, and round to two decimal places.",SEC_0011,RETRIEVAL_CALCULATION,ANSWER: 0.00,,False,False,True,UNSUPPORTED_VALUE,False,True,UNSUPPORTED_VALUE,,
True,False,True,True,8K,FRED,UNSUPPORTED_VALUE,,477,8,13.68658460270388,0.5845139771699905,0.00%,0.0,"['RE02842316A', 'RBF93AF1F4B']","['FRED-ILUR-2026-06-01-latest-4d52d8ef', 'FRED-ILUR-2026-05-01-latest-d51617d6']",answer_not_matched_to_context_value,True,8330,FRED_0012_8K,,,,False,0.0,0.05,,0.05,,8008584704,24538775552,"Using only the FRED records supplied in the context, calculate the percentage change in FRED series ILUR (""Unemployment Rate""), measured in Percent, seasonally adjusted, monthly frequency between the observation dated 2026-05-01 and the observation dated 2026-06-01. Use both values from the most recent vintage, apply ((value_2026-06-01 - value_2026-05-01) / value_2026-05-01) * 100, and round to two decimal places.",FRED_0012,RETRIEVAL_CALCULATION,ANSWER: 0.05,,False,False,True,UNSUPPORTED_VALUE,False,True,UNSUPPORTED_VALUE,,
True,True,True,True,8K,FRED,CORRECT,,478,8,13.485290816459115,0.5932389674708247,3.600,3.6,['R6738C093EC'],['FRED-UNRATE-2022-10-01-latest-d6aefb1a'],answer_only_exact_match,False,8304,FRED_0005_8K,"{'canonical_record_id': 'FRED-TXUR-2019-03-01-latest-f01635d7', 'display_id': 'R138126FC66', 'distractor_type': 'NEAR_MATCH_VALUE', 'is_gold_or_equivalent': False, 'record_value': '3.6'}",3.6,NEAR_MATCH_VALUE,False,3.6,3.6,,3.6,,8003670528,24538775552,"Using only the FRED records supplied in the context, what value does the most recent vintage report for FRED series UNRATE (""Unemployment Rate""), measured in Percent, seasonally adjusted, monthly frequency, for the observation dated 2022-10-01 (the month beginning 2022-10-01)? Report the currently published figure exactly.",FRED_0005,DIRECT_RETRIEVAL,ANSWER: 3.6,,False,True,False,CORRECT,True,False,CORRECT,,
True,True,True,True,32K,FRED,CORRECT,,479,8,2.835074429386281,2.821795405820012,256.192,256.192,['RC7F25391A0'],['FRED-CPIAUCSL-2020-04-01-2021-04-29-84ebc6c4'],answer_only_exact_match,False,32612,FRED_0018_32K,"{'canonical_record_id': 'FRED-CPIAUCSL-2020-04-01-2021-07-29-34f0866a', 'display_id': 'RFDFAC66EB5', 'distractor_type': 'WRONG_VERSION', 'is_gold_or_equivalent': False, 'record_value': '256.192'}",256.192,WRONG_VERSION,False,256.192,256.192,,256.192,,12600580608,24538775552,"Using only the FRED/ALFRED records supplied in the context, what value did FRED series CPIAUCSL (""Consumer Price Index for All Urban Consumers: All Items in U.S. City Average""), measured in Index 1982-1984=100, seasonally adjusted, monthly frequency show for the observation dated 2020-04-01 **as of the vintage date 2021-04-29**? Report the value from that vintage exactly.",FRED_0018,TEMPORAL_VERSION,ANSWER: 256.192,,False,True,False,CORRECT,True,False,CORRECT,,
True,True,True,True,8K,FDA,CORRECT,,480,9,14.823003145772379,0.6071644127368927,0.3MG,0.3MG,['RCC85D8AF27'],['FDA-ANDA216414-005-strength-LEVOTHYROXINE-SODIUM-0-5b82c64e'],answer_only_exact_match,False,8271,FDA_0007_8K,"{'canonical_record_id': 'FDA-ANDA216414-005-strength-LEVOTHYROXINE-SODIUM-0-5b82c64e', 'display_id': 'RCC85D8AF27', 'distractor_type': None, 'is_gold_or_equivalent': True, 'record_value': '0.3MG'}",0.3MG,,False,0.3mg,0.3mg,,0.3MG,,7997436416,24538775552,"Using only the Drugs@FDA records supplied in the context, what is the listed strength of LEVOTHYROXINE SODIUM in product number 005 under FDA application ANDA216414 (dosage form TABLET, route ORAL)? Report the strength string exactly as recorded.",FDA_0007,ENTITY_UNIT_BINDING,ANSWER: 0.3MG,,False,True,False,CORRECT,True,False,CORRECT,,
True,True,True,True,16K,CLINICAL_TRIALS,CORRECT,,481,6,5.084694323726047,1.1800119373947382,388,388.0,['RC155DAD068'],['CT-NCT05502562-enrollment-count-2d4615e2'],answer_only_exact_match,False,16469,CT_0005_16K,"{'canonical_record_id': 'CT-NCT05502562-enrollment-count-2d4615e2', 'display_id': 'RC155DAD068', 'distractor_type': None, 'is_gold_or_equivalent': True, 'record_value': '388.0'}",388.0,,False,388,388,,388,,9546530304,24538775552,"Using only the ClinicalTrials.gov records supplied in the context, what enrollment count is reported for trial NCT05502562 (""A Research Study to Understand How Oral Semaglutide Works in People With Type 2 Diabetes in India"")? Report the actual number of participants as an integer.",CT_0005,DIRECT_RETRIEVAL,ANSWER: 388,,False,True,False,CORRECT,True,False,CORRECT,,
True,True,True,True,64K,SEC,CORRECT,,482,10,1.2668484076119941,7.89360427018255,"-492,000,000",-492000000.0,['R1747BDE59E'],['SEC-0000078003-NetCashProvidedByUsedInI-USD-CY2010-0000078003-13-000006-0cfaf545'],answer_only_exact_match,False,65276,SEC_0006_64K,"{'canonical_record_id': 'SEC-0000078003-NetCashProvidedByUsedInI-USD-2010-01-01-2010-12-31-0001193125-11-048877-6ee557f4', 'display_id': 'R7FF8B94758', 'distractor_type': 'WRONG_PERIOD', 'is_gold_or_equivalent': False, 'record_value': '-492000000.0'}",-492000000.0,WRONG_PERIOD,False,-492000000.0,-492000000.0,,-492000000.0,,18769820160,24538775552,"Using only the SEC XBRL company-facts records supplied in the context, what value did PFIZER INC (CIK 0000078003) report for us-gaap:NetCashProvidedByUsedInInvestingActivities for the annual XBRL frame CY2010, in USD? Report the exact value for that filer.",SEC_0006,ENTITY_UNIT_BINDING,ANSWER: -492000000.0,,False,True,False,CORRECT,True,False,CORRECT,,
True,True,True,True,32K,FDA,CORRECT,,483,6,2.1513007424992305,2.7890103328973055,TABLET,TABLET,['R89F59D6895'],['FDA-ANDA075999-006-product-dosage-form-a7cba6df'],answer_only_exact_match,False,32654,FDA_0003_32K,"{'canonical_record_id': 'FDA-ANDA076164-006-product-dosage-form-2b97928f', 'display_id': 'RCB5485C440', 'distractor_type': 'WRONG_ENTITY', 'is_gold_or_equivalent': False, 'record_value': 'TABLET'}",TABLET,WRONG_ENTITY,False,tablet,tablet,,TABLET,,12604847616,24538775552,"Using only the Drugs@FDA records supplied in the context, what DOSAGE FORM is listed for product number 006 under FDA application ANDA075999 (brand name ""LISINOPRIL"", active ingredient LISINOPRIL)? Answer with the dosage form exactly as recorded.",FDA_0003,DIRECT_RETRIEVAL,ANSWER: TABLET,,False,True,False,CORRECT,True,False,CORRECT,,
True,False,True,True,64K,SEC,UNSUPPORTED_VALUE,,484,8,1.0196962863763674,7.845473310910165,27.84%,27.84,"['R06322807EE', 'R76E085F168']","['SEC-0000320193-OperatingIncomeLoss-USD-CY2016-0000320193-18-000145-107a0986', 'SEC-0000320193-Revenues-USD-CY2016-0000320193-18-000145-d7aab193']",answer_not_matched_to_context_value,True,65315,SEC_0010_64K,,,,False,27.84,12.3,,12.30,,18776470016,24538775552,"Using only the SEC XBRL company-facts records supplied in the context, calculate Apple Inc.'s (CIK 0000320193) operating margin for the annual XBRL frame CY2016. Divide us-gaap:OperatingIncomeLoss by Revenues for that same company and frame, both in USD, multiply by 100, and round to two decimal places.",SEC_0010,RETRIEVAL_CALCULATION,ANSWER: 12.30,,False,False,True,UNSUPPORTED_VALUE,False,True,UNSUPPORTED_VALUE,,
True,False,True,True,8K,FDA,UNSUPPORTED_VALUE,,485,9,14.806846971683587,0.6078269071877003,2.0000,2.0,"['R3837A73ED0', 'R8F8AB01000']","['FDA-ANDA090011-003-strength-VALSARTAN-1-2a67a45a', 'FDA-NDA022314-004-strength-VALSARTAN-2-4a7b569a']",answer_not_matched_to_context_value,True,8293,FDA_0015_8K,,,,False,2.0,0.32,,0.3200,,8001592832,24538775552,"Using only the Drugs@FDA records supplied in the context, divide the VALSARTAN strength of product 003 under application ANDA090011 by the VALSARTAN strength of product 004 under application NDA022314. Both strengths are expressed in MG; report the dimensionless ratio rounded to four decimal places.",FDA_0015,RETRIEVAL_CALCULATION,ANSWER: 0.3200,,False,False,True,UNSUPPORTED_VALUE,False,True,UNSUPPORTED_VALUE,,
True,False,True,True,8K,CLINICAL_TRIALS,UNSUPPORTED_VALUE,,486,7,12.008626247959402,0.5829143030568957,"49,951",49951.0,"['RD6CDBA54B0', 'R82C4CF9445']","['CT-NCT02591732-enrollment-count-56570d04', 'CT-NCT01907048-enrollment-count-ccb37ce0']",answer_not_matched_to_context_value,True,8314,CT_0012_8K,,,,False,49951,52051,,52051,,8005559808,24538775552,"Using only the ClinicalTrials.gov records supplied in the context, subtract the enrollment count of trial NCT01907048 from the enrollment count of trial NCT02591732. Report the difference as an integer number of participants.",CT_0012,RETRIEVAL_CALCULATION,ANSWER: 52051,,False,False,True,UNSUPPORTED_VALUE,False,True,UNSUPPORTED_VALUE,,
True,True,True,True,32K,FDA,CORRECT,,487,11,3.783193191531725,2.9075966896489263,2018-08-24,2018-08-24,['R9FBFBD62FA'],['FDA-ANDA209306-submission-ORIG-1-0b1fd305'],answer_only_exact_match,False,32650,FDA_0018_32K,"{'canonical_record_id': 'FDA-ANDA209306-submission-ORIG-1-0b1fd305', 'display_id': 'R9FBFBD62FA', 'distractor_type': None, 'is_gold_or_equivalent': True, 'record_value': '2018-08-24'}",2018-08-24,,False,2018-08-24,2018-08-24,,2018-08-24,,12604091904,24538775552,"Using only the Drugs@FDA records supplied in the context, what is the submission status date of the ORIGINAL submission (submission type ORIG) for FDA application ANDA209306 (sponsor: LUPIN)? Answer in YYYY-MM-DD form.",FDA_0018,TEMPORAL_VERSION,ANSWER: 2018-08-24,,False,True,False,CORRECT,True,False,CORRECT,,
True,True,True,True,4K,CLINICAL_TRIALS,CORRECT,,488,6,20.64827991579707,0.29058110527694225,24,24.0,['R900B293DCB'],['CT-NCT02262793-enrollment-count-5fd11e40'],answer_only_exact_match,False,4293,CT_0001_4K,"{'canonical_record_id': 'CT-NCT02262793-enrollment-count-5fd11e40', 'display_id': 'R900B293DCB', 'distractor_type': None, 'is_gold_or_equivalent': True, 'record_value': '24.0'}",24.0,,False,24,24,,24,,7247447040,24538775552,"Using only the ClinicalTrials.gov records supplied in the context, what enrollment count is reported for trial NCT02262793 (""Relative Bioavailability of Telmisartan and Dipyridamole After Co-administration Compared to the Bioavailability of Telmisartan or Dipyridamole Alone in Healthy Female and Male Subjects"")? Report the actual number of participants as an integer.",CT_0001,DIRECT_RETRIEVAL,ANSWER: 24,,False,True,False,CORRECT,True,False,CORRECT,,
True,False,True,True,32K,CLINICAL_TRIALS,UNSUPPORTED_VALUE,,489,7,2.503768252128188,2.7957859095185995,80,80.0,"['R584E60CDF3', 'RF6704DB3B7']","['CT-NCT03656445-enrollment-count-535dc578', 'CT-NCT03800927-enrollment-count-5f640681']",answer_not_matched_to_context_value,True,32620,CT_0010_32K,,,,False,80,-1137,,-1137,,12601043456,24538775552,"Using only the ClinicalTrials.gov records supplied in the context, subtract the enrollment count of trial NCT03800927 from the enrollment count of trial NCT03656445. Report the difference as an integer number of participants.",CT_0010,RETRIEVAL_CALCULATION,ANSWER: -1137,,False,False,True,UNSUPPORTED_VALUE,False,True,UNSUPPORTED_VALUE,,
True,True,True,True,4K,FDA,CORRECT,,490,11,31.820650328603772,0.345687466673553,1996-01-29,1996-01-29,['RD6A2176AFA'],['FDA-ANDA064139-submission-ORIG-1-b309bc43'],answer_only_exact_match,False,4221,FDA_0019_4K,"{'canonical_record_id': 'FDA-ANDA064139-submission-ORIG-1-b309bc43', 'display_id': 'RD6A2176AFA', 'distractor_type': None, 'is_gold_or_equivalent': True, 'record_value': '1996-01-29'}",1996-01-29,,False,1996-01-29,1996-01-29,,1996-01-29,,7233987584,24538775552,"Using only the Drugs@FDA records supplied in the context, what is the submission status date of the ORIGINAL submission (submission type ORIG) for FDA application ANDA064139 (sponsor: CHARTWELL RX)? Answer in YYYY-MM-DD form.",FDA_0019,TEMPORAL_VERSION,ANSWER: 1996-01-29,,False,True,False,CORRECT,True,False,CORRECT,,
True,False,True,True,64K,FRED,UNSUPPORTED_VALUE,,491,8,1.026621604992344,7.792549816891551,-0.42%,-0.42,"['RE116E620FA', 'R06580795E0']","['FRED-CPIAUCSL-2026-06-01-latest-b06e0481', 'FRED-CPIAUCSL-2026-05-01-latest-f8e9c0e7']",answer_not_matched_to_context_value,True,65023,FRED_0011_64K,,,,False,-0.42,0.03,,0.03,,18721292800,24538775552,"Using only the FRED records supplied in the context, calculate the percentage change in FRED series CPIAUCSL (""Consumer Price Index for All Urban Consumers: All Items in U.S. City Average""), measured in Index 1982-1984=100, seasonally adjusted, monthly frequency between the observation dated 2026-05-01 and the observation dated 2026-06-01. Use both values from the most recent vintage, apply ((value_2026-06-01 - value_2026-05-01) / value_2026-05-01) * 100, and round to two decimal places.",FRED_0011,RETRIEVAL_CALCULATION,ANSWER: 0.03,,False,False,True,UNSUPPORTED_VALUE,False,True,UNSUPPORTED_VALUE,,
True,False,True,True,64K,FRED,WRONG_VERSION,,492,9,1.1495345751871013,7.829255591146648,"21,967.045",21967.045,['R3FC177AE13'],['FRED-GDPC1-2022-04-01-latest-40d67590'],answer_matches_context_distractor_value,False,64975,FRED_0009_64K,"{'canonical_record_id': 'FRED-GDPC1-2022-04-01-2025-03-27-756f9352', 'display_id': 'RC2BE677C12', 'distractor_type': 'WRONG_VERSION', 'is_gold_or_equivalent': False, 'record_value': '21919.222'}",21919.222,WRONG_VERSION,False,21967.045,21919.222,,21919.222,,18712224256,24538775552,"Using only the FRED records supplied in the context, report the value of FRED series GDPC1 (""Gross Domestic Product""), measured in Billions of Chained 2017 Dollars, seasonally adjusted annual rate, quarterly frequency for United States on the observation dated 2022-04-01. Report the value for series GDPC1 exactly.",FRED_0009,ENTITY_UNIT_BINDING,ANSWER: 21919.222,,False,False,False,WRONG_VERSION,False,False,WRONG_VERSION,,
True,True,True,True,16K,CLINICAL_TRIALS,CORRECT,,493,8,6.595079129075933,1.213025627657771,ACTIVE_COMPARATOR,ACTIVE_COMPARATOR,['RB0734CF34D'],['CT-NCT01340300-arm-type-Control-3-fc797906'],answer_only_exact_match,False,16497,CT_0006_16K,"{'canonical_record_id': 'CT-NCT07513480-arm-type-Comparator-armCyproteron-1-380bbf14', 'display_id': 'R2629005438', 'distractor_type': 'WRONG_ENTITY', 'is_gold_or_equivalent': False, 'record_value': 'ACTIVE_COMPARATOR'}",ACTIVE_COMPARATOR,WRONG_ENTITY,False,active_comparator,active_comparator,,ACTIVE_COMPARATOR,,9551820288,24538775552,"Using only the ClinicalTrials.gov records supplied in the context, what is the arm-group TYPE of the arm labelled ""Control"" in trial NCT01340300 (""Exercise and Metformin in Colorectal and Breast Cancer Survivors"")? Answer with the ClinicalTrials.gov arm type value (for example EXPERIMENTAL, ACTIVE_COMPARATOR, PLACEBO_COMPARATOR, SHAM_COMPARATOR, NO_INTERVENTION or OTHER).",CT_0006,ENTITY_UNIT_BINDING,ANSWER: ACTIVE_COMPARATOR,,False,True,False,CORRECT,True,False,CORRECT,,
False,False,True,False,32K,FDA,FAILED_TO_ABSTAIN,,494,6,2.161067112413133,2.7764061400666833,,INSUFFICIENT_EVIDENCE,[],[],unanswerable_instance_factual_answer,True,32597,FDA_0024_32K,"{'canonical_record_id': 'FDA-ANDA219859-001-product-route-0ea500de', 'display_id': 'RDA5B603A02', 'distractor_type': 'OTHER_SAME_DOMAIN', 'is_gold_or_equivalent': False, 'record_value': 'ORAL'}",ORAL,OTHER_SAME_DOMAIN,False,INSUFFICIENT_EVIDENCE,oral,,ORAL,,12594077184,24538775552,"Using only the Drugs@FDA records supplied in the context, what is the route of administration for product number 004 under FDA application ANDA214494 (brand name ""SITAGLIPTIN AND METFORMIN HYDROCHLORIDE"")?",FDA_0024,UNANSWERABLE,ANSWER: ORAL,,False,False,True,FAILED_TO_ABSTAIN,False,True,FAILED_TO_ABSTAIN,,
True,True,True,True,16K,CLINICAL_TRIALS,CORRECT,,495,6,5.0844668641023265,1.1800647266209126,24,24.0,['R900B293DCB'],['CT-NCT02262793-enrollment-count-5fd11e40'],answer_only_exact_match,False,16465,CT_0001_16K,"{'canonical_record_id': 'CT-NCT03157089-enrollment-count-99773427', 'display_id': 'RCDB71FF6C6', 'distractor_type': 'WRONG_ENTITY', 'is_gold_or_equivalent': False, 'record_value': '24.0'}",24.0,WRONG_ENTITY,False,24,24,,24,,9545774592,24538775552,"Using only the ClinicalTrials.gov records supplied in the context, what enrollment count is reported for trial NCT02262793 (""Relative Bioavailability of Telmisartan and Dipyridamole After Co-administration Compared to the Bioavailability of Telmisartan or Dipyridamole Alone in Healthy Female and Male Subjects"")? Report the actual number of participants as an integer.",CT_0001,DIRECT_RETRIEVAL,ANSWER: 24,,False,True,False,CORRECT,True,False,CORRECT,,
True,False,True,True,8K,FDA,UNSUPPORTED_VALUE,,496,6,10.527126724839954,0.5699560912325978,3,3.0,"['R84E3920385', 'RA919FF4E94', 'R072387E691']","['FDA-ANDA217066-001-product-dosage-form-c729e56e', 'FDA-ANDA217066-002-product-dosage-form-61bdc384', 'FDA-ANDA217066-003-product-dosage-form-8625f203']",answer_not_matched_to_context_value,True,8319,FDA_0012_8K,,,,False,3,5,,5,,8006504960,24538775552,"Using only the Drugs@FDA records supplied in the context, how many distinct product entries are listed under FDA application ANDA217066 (sponsor: ZYDUS PHARMS)? Count the products belonging to that application number only, and answer with an integer.",FDA_0012,RETRIEVAL_CALCULATION,ANSWER: 5,,False,False,True,UNSUPPORTED_VALUE,False,True,UNSUPPORTED_VALUE,,
True,True,True,True,64K,CLINICAL_TRIALS,CORRECT,,497,6,0.7741523130386894,7.750412805005908,388,388.0,['RC155DAD068'],['CT-NCT05502562-enrollment-count-2d4615e2'],answer_only_exact_match,False,65173,CT_0005_64K,"{'canonical_record_id': 'CT-NCT05502562-enrollment-count-2d4615e2', 'display_id': 'RC155DAD068', 'distractor_type': None, 'is_gold_or_equivalent': True, 'record_value': '388.0'}",388.0,,False,388,388,,388,,18749638144,24538775552,"Using only the ClinicalTrials.gov records supplied in the context, what enrollment count is reported for trial NCT05502562 (""A Research Study to Understand How Oral Semaglutide Works in People With Type 2 Diabetes in India"")? Report the actual number of participants as an integer.",CT_0005,DIRECT_RETRIEVAL,ANSWER: 388,,False,True,False,CORRECT,True,False,CORRECT,,
True,True,True,False,4K,SEC,CORRECT,,498,10,29.722749232762457,0.3364426326006651,,INSUFFICIENT_EVIDENCE,[],[],answer_only_exact_match,False,4237,SEC_0022_4K,,,,False,INSUFFICIENT_EVIDENCE,INSUFFICIENT_EVIDENCE,,INSUFFICIENT_EVIDENCE,,7236979712,24538775552,"Using only the SEC XBRL company-facts records supplied in the context, what value did WALMART INC. (CIK 0000104169) report for the us-gaap concept ""AccountsReceivableNetCurrent"" (Accounts Receivable, after Allowance for Credit Loss, Current) for the annual XBRL frame CY2023?",SEC_0022,UNANSWERABLE,ANSWER: INSUFFICIENT_EVIDENCE,,False,True,False,CORRECT,True,False,CORRECT,,
True,False,True,True,4K,FDA,UNSUPPORTED_VALUE,,499,9,27.595333471716305,0.32614209968596697,"0.088MG **See current Annual Edition, 1.8 Description of Special Situations, Levothyroxine Sodium","0.088MG**SEECURRENTANNUALEDITION,1.8DESCRIPTIONOFSPECIALSITUATIONS,LEVOTHYROXINESODIUM",['R3D97C8B042'],['FDA-NDA021116-010-strength-LEVOTHYROXINE-SODIUM-0-a2341a2f'],answer_not_matched_to_context_value,True,4229,FDA_0009_4K,,,,False,"0.088mg**seecurrentannualedition,1.8descriptionofspecialsituations,levothyroxinesodium",0.088mg,,0.088MG,,7235484672,24538775552,"Using only the Drugs@FDA records supplied in the context, what is the listed strength of LEVOTHYROXINE SODIUM in product number 010 under FDA application NDA021116 (dosage form TABLET, route ORAL)? Report the strength string exactly as recorded.",FDA_0009,ENTITY_UNIT_BINDING,ANSWER: 0.088MG,,False,False,True,UNSUPPORTED_VALUE,False,True,UNSUPPORTED_VALUE,,
